:020000040802F0
:1000000000000824196F03083167030833670308E9
:100010003B6703083D6703083F67030800000000D3
:10002000000000000000000000000000E1F70308ED
:10003000416703080000000081F80308E5F80308A1
:10004000696F0308696F0308696F0308696F030824
:10005000696F0308696F0308436703084D67030866
:100060005767030861670308696F0308696F03082E
:10007000696F0308696F0308696F0308696F0308F4
:10008000696F0308696F0308696F0308696F0308E4
:10009000696F0308696F0308696F03086B670308DA
:1000A000696F0308696F0308696F0308696F0308C4
:1000B000696F0308696F0308696F0308696F0308B4
:1000C000696F0308696F0308696F0308696F0308A4
:1000D000696F0308756703080D69030881690308E0
:1000E000F5690308696F030800000000696F0308E1
:1000F000696F0308696F0308696F0308696F030874
:10010000696F0308696F0308696F0308696F030863
:10011000696F0308696F0308696F0308696F030853
:10012000696F0308696F0308696F0308696F030843
:10013000696F0308696F0308696F0308696F030833
:1001400000000000000000000000000000000000AF
:10015000696F0308696F0308696F0308696F030813
:10016000696F0308696F0308696F0308696F030803
:10017000696F0308696F0308696F0308696F0308F3
:10018000696F0308696F0308696F0308696F0308E3
:10019000696F0308696F0308696F0308696F0308D3
:1001A000696F0308696F0308696F0308696F0308C3
:1001B000696F0308696F0308696F0308696F0308B3
:1001C000696F0308696F0308696F0308696F0308A3
:1001D000696F0308696F0308696F0308696F030893
:1001E000696F0308696F0308696F0308696F030883
:1001F000696F0308696F0308696F0308696F030873
:10020000696F0308696F0308696F0308696F030862
:10021000696F0308696F0308016A0308696F0308BF
:10022000696F0308696F0308696F03080000000025
:10023000696F0308696F030800000000696F030815
:10024000696F0308696F0308696F0308696F030822
:10025000696F0308696F0308696F0308696F030812
:10026000696F0308696F0308696F0308696F030802
:10027000696F0308696F0308696F030800000000D5
:10028000696F0308696F0308696F030800000000C5
:0802900000000000696F030883
:1002A00010B5054C237833B9044B13B10448AFF3B0
:1002B00000800123237010BD980700240000000077
:1002C00078DA040808B5034B1BB103490348AFF3C0
:1002D000008008BD000000009C07002478DA0408B4
:1002E00010F8012B11F8013B012A28BF9A42F7D0E0
:1002F000D01A70470000000000000000000000005D
:1003000001F0FF01102A2BDB10F0070F08D010F8C6
:10031000013B013A8B422DD010F0070F42B3F6D1CA
:10032000F0B441EA012141EA014122F007047FF0E3
:1003300000070023F0E80256083C85EA010586EA3A
:10034000010685FA47F5A3FA87F586FA47F6A5FA76
:1003500087F68EB9EED1F0BC01F0FF0102F0070282
:1003600032B110F8013B013A83EA010313B1F8D12D
:100370000020704701387047002D06BF354603380E
:10038000073815F0010F07D1013015F4807F02BF47
:10039000013015F4C03F0130F0BC0138704700BF98
:1003A000034613F8012B002AFBD1181A01387047B5
:1003B00081F0004102E000BF83F0004330B54FEA16
:1003C00041044FEA430594EA050F08BF90EA020F83
:1003D0001FBF54EA000C55EA020C7FEA645C7FEA16
:1003E000655C00F0E2804FEA5454D4EB5555B8BF39
:1003F0006D420CDD2C4480EA020281EA030382EAAA
:10040000000083EA010180EA020281EA0303362D3B
:1004100088BF30BD11F0004F4FEA01314FF4801C0E
:100420004CEA113102D0404261EB410113F0004F20
:100430004FEA03334CEA133302D0524263EB4303D7
:1004400094EA050F00F0A780A4F10104D5F1200E75
:100450000DDB02FA0EFC22FA05F2801841F10001D0
:1004600003FA0EF2801843FA05F359410EE0A5F1A4
:1004700020050EF1200E012A03FA0EFC28BF4CF0D5
:10048000020C43FA05F3C01851EBE37101F000458B
:1004900007D54FF0000EDCF1000C7EEB00006EEB98
:1004A0000101B1F5801F1BD3B1F5001F0CD3490822
:1004B0005FEA30004FEA3C0C04F101044FEA445279
:1004C00012F5800F80F09A80BCF1004F08BF5FEA00
:1004D000500C50F1000041EB045141EA050130BDE0
:1004E0005FEA4C0C404141EB0101013C28BFB1F5F2
:1004F000801FE9D291F0000F04BF01460020B1FA3D
:1005000081F308BF2033A3F10B03B3F120020CDA0F
:100510000C3208DD02F1140CC2F10C0201FA0CF0ED
:1005200021FA02F10CE002F11402D8BFC2F1200C52
:1005300001FA02F120FA0CFCDCBF41EA0C01904008
:10054000E41AA2BF01EB0451294330BD6FEA040451
:100550001F3C1CDA0C340EDC04F11404C4F120023C
:1005600020FA04F001FA02F340EA030021FA04F34E
:1005700045EA030130BDC4F10C04C4F1200220FAA5
:1005800002F001FA04F340EA0300294630BD21FAE3
:1005900004F0294630BD94F0000F83F4801306BFA9
:1005A00081F480110134013D4EE77FEA645C18BF9D
:1005B0007FEA655C29D094EA050F08BF90EA020F34
:1005C00005D054EA000C04BF1946104630BD91EA2C
:1005D000030F1EBF0021002030BD5FEA545C05D12F
:1005E0004000494128BF41F0004130BD14F580046E
:1005F0003CBF01F5801130BD01F0004545F0FE41E2
:1006000041F470014FF0000030BD7FEA645C1ABF16
:10061000194610467FEA655C1CBF0B46024650EA4D
:10062000013406BF52EA033591EA030F41F4002179
:1006300030BD00BF90F0000F04BF0021704730B5FF
:100640004FF4806404F132044FF000054FF00001D4
:1006500050E700BF90F0000F04BF0021704730B595
:100660004FF4806404F1320410F0004548BF40426A
:100670004FF000013EE700BF42004FEAE2014FEABF
:1006800031014FEA02701FBF12F07F4393F07F4F9A
:1006900081F06051704732F07F4208BF704793F09D
:1006A0007F4F04BF41F40021704730B54FF46074B0
:1006B00001F0004521F000411CE700BF50EA0102B3
:1006C00008BF704730B54FF000050AE050EA01025C
:1006D00008BF704730B511F0004502D5404261EBCC
:1006E00041014FF4806404F132045FEA915C3FF40D
:1006F000D8AE4FF003025FEADC0C18BF03325FEAAA
:10070000DC0C18BF033202EBDC02C2F1200300FA5A
:1007100003FC20FA02F001FA03FE40EA0E0021FA7F
:1007200002F11444BDE600BF7BB972B90029BEBF17
:1007300000204FF0004106E008BF00281CBF6FF00A
:1007400000414FF0FF3000F00BBAADF1080C6DE93D
:1007500004CE002909DB002B1ADB00F085F8DDF858
:1007600004E0DDE9022304B07047404261EB41013F
:10077000002B1BDB00F078F8DDF804E0DDE9022354
:1007800004B0404261EB4101524263EB43037047C6
:10079000524263EB430300F067F8DDF804E0DDE963
:1007A000022304B0404261EB41017047524263EBC7
:1007B000430300F059F8DDF804E0DDE9022304B05A
:1007C000524263EB4303704753B94AB9002908BF4B
:1007D00000281CBF4FF0FF314FF0FF3000F0C0B9D0
:1007E000ADF1080C6DE904CE00F03EF8DDF804E050
:1007F000DDE9022304B0704708B502460B4643EC1E
:10080000172BB5EEC07BF1EE10FA03D4BDE808401B
:1008100000F00AB8B1EE477B51EC170B00F004F87A
:10082000404261EB410108BD9FED0B6B41EC170BA2
:100830009FED0B5B27EE066BBCEEC66BB8EE464B2E
:10084000A4EE457BFCEEC77B16EE101A17EE900A5D
:10085000704700BFAFF30080000000000000F03DD3
:10086000000000000000F0412DE9F047089D8E4691
:1008700004468846002B4AD18A42174662D9B2FA0A
:1008800082F64EB1C6F1200301FA06F820FA03F30E
:10089000B74043EA0808B4404FEA174E1FFA87FCF6
:1008A000B8FBFEF1230C0EFB118843EA084301FB61
:1008B0000CF29A4209D9FB1801F1FF3080F0EA806E
:1008C0009A4240F2E78002393B449A1AA3B2B2FB43
:1008D000FEF00EFB102243EA024300FB0CFC9C4599
:1008E00009D9FB1800F1FF3280F0D6809C4540F218
:1008F000D3803B44023840EA0140A3EB0C030021C3
:100900001DB1F3400022C5E90032BDE8F0878B42FB
:1009100005D90DB1C5E9000100210846F5E7B3FA94
:1009200083F1002946D1734502D3824200F205814A
:10093000841A6EEB030201209046002DE5D0C5E934
:100940000048E2E7002A00F09080B2FA82F6002E1A
:1009500040F0A4808A1A030C4FEA174E80B2BCB252
:100960000121B2FBFEFC0EFB1C2243EA024304FB06
:100970000CF29A4207D9FB180CF1FF3802D29A42C6
:1009800000F2E080C4469B1AB3FBFEF20EFB12336A
:1009900040EA034302FB04F49C4207D9FB1802F12E
:1009A000FF3002D29C4200F2CA8002461B1B42EA80
:1009B0000C40A5E7C1F120068B4022FA06F71F4341
:1009C0000EFA01F420FA06F32EFA06FE4FEA174952
:1009D000234300FA01F81FFA87FCBEFBF9F01C0C58
:1009E00009FB10EE44EA0E4400FB0CFEA64502FA99
:1009F00001F209D93C1900F1FF3A80F09C80A6452C
:100A000040F2998002383C44A4EB0E041FFA83FEA6
:100A1000B4FBF9F309FB13444EEA044403FB0CFC5A
:100A2000A44508D93C1903F1FF3E80F08280A4451B
:100A30007FD9023B3C4443EA0040A4EB0C04A0FBFA
:100A400002EC64457346E14662D35FD05DB1B8EB1A
:100A5000030264EB090404FA06F622FA01F31E43CA
:100A6000CC40C5E9006400214FE7B1FBF2FC010C6A
:100A700041EA0E4180B240EA01423B4638463C46DC
:100A8000B846BE462026B1FBF7F1A2EB080241EAC8
:100A90000C4166E7014618E710462CE7C6F1200234
:100AA0002EFA02F3B740B14020FA02F24FEA174E95
:100AB0000A43B3FBFEF8BCB20EFB1833110C41EA3B
:100AC000034108FB04F9B04089454FEA104380B266
:100AD0003ED9791808F1FF3C01D289451FD8A1EB16
:100AE0000901B1FBFEF909FB04F80EFB191192B2E2
:100AF00042EA0142424529D2BA1809F1FF31C4D273
:100B00004245C2D2A9F102013A44BEE7F0459DD266
:100B1000BEEB02036CEB070C0138E14696E7A7EB4E
:100B200009094944A8F1020CB1FBFEF909FB04F8DC
:100B3000DBE773467FE7504666E70846FDE63B4441
:100B4000023A33E7ACF1020C3B441CE749469CE710
:100B5000A1EB0901C446B1FBFEF909FB04F8C4E7A7
:100B6000704700BF00B585B0002301930293039343
:100B70001848194A02604FF4403242608360C360F3
:100B800004220261037543750122826102770262C9
:100B900043628362C3620363436380F838204FF487
:100BA0008061C1634FF4A07101644364826417F0F3
:100BB00015F848B90023019301A9064817F03AF93E
:100BC00028B905B05DF804FB13F04CFBF2E713F015
:100BD00049FBF6E728F800240020024000B589B060
:100BE00000230193029303930493059306930793C1
:100BF0000A4B0193062302930423039340F2FF72EE
:100C0000049205930DEB0301054816F013FB10B990
:100C100009B05DF804FB13F025FBF9E70800900C20
:100C200028F8002400B589B00023019302930393B0
:100C300004930593069307930A4B019306230293AB
:100C40000423039340F2FF72049205930DEB03011A
:100C5000054816F0EFFA10B909B05DF804FB13F07F
:100C600001FBF9E72000F01428F8002400B589B052
:100C70000023019302930393049305930693079330
:100C80000A4B0193062302930423039340F2FF725D
:100C9000049205930DEB0301054816F0CBFA10B949
:100CA00009B05DF804FB13F0DDFAF9E78000501D90
:100CB00028F8002400B589B0002301930293039320
:100CC00004930593069307930A4B0193062302931B
:100CD0000423039340F2FF72049205930DEB03018A
:100CE000054816F0A7FA10B909B05DF804FB13F037
:100CF000B9FAF9E71000C01028F8002400B589B04F
:100D0000002301930293039304930593069307939F
:100D10000A4B0193062302930423039340F2FF72CC
:100D2000049205930DEB0301054816F083FA10B900
:100D300009B05DF804FB13F095FAF9E70000844B65
:100D400028F8002400B589B000230193029303938F
:100D500004930593069307930A4B0193062302938A
:100D60000423039340F2FF72049205930DEB0301F9
:100D7000054816F05FFA10B909B05DF804FB13F0EE
:100D800071FAF9E70000B84F28F8002400EBC00220
:100D9000424B03EBC20393F86831012B3AD000EBCE
:100DA000C0023E4B03EBC20393ED5C6AD3ED5B6A7A
:100DB00076EE665AB5EEC00AF1EE10FA6ADDF3EE91
:100DC0000E7A85EEA77A27EE007A36EE877A00EB68
:100DD000C002324B03EBC20393ED5E5AC5EE857A37
:100DE00067EE877A93ED5D7A77EE877AB4EEE76AFD
:100DF000F1EE10FA01D4B0EE676AF4EEC66AF1EED5
:100E000010FA01DCF0EE466A254B03EB8003C3EDDC
:100E1000006A7047214B03EBC20393ED5C6AD3ED8C
:100E20005B6A76EE665AF1EE007AB4EEE70AF1EE0E
:100E300010FA2CDD30EE670ADFED1A7A65EEA77A3C
:100E400067EE807A76EEA77A00EBC002134B03EBD5
:100E5000C20393ED5E5A85EE857A67EE277A93EDAD
:100E60005D7A77EE877AB4EEE76AF1EE10FA01D494
:100E7000B0EE676AF4EEC66AF1EE10FA01DCF0EE4D
:100E8000466A074B03EB8003C3ED006A70479FED92
:100E9000060AD1E79FED040A91E700BF6033002402
:100EA000B40700240000803D0000000082B00191E2
:100EB00000EBC001824B03EBC10393F86831012BB7
:100EC00003D0022B78D002B070477D4900EBC003FD
:100ED00001EBC303B3F87CC107EE90CAF8EE676A72
:100EE000B3F87EC107EE10CAB8EE477AB3F880C1F6
:100EF00006EE10CAB8EE466AB3F882C107EE90CA91
:100F0000F8EE675A93ED615AD3ED624A93ED634A66
:100F1000D3ED643ADDED017AF8EEE77AF4EEC77AC4
:100F2000F1EE10FA0EDD77EEC77A35EE645A67EE11
:100F3000857A76EEC76A87EEA67A77EE247AC2EDD6
:100F4000007AC0E7F4EEC67AF1EE10FA13DDF4EEA3
:100F5000C77AF1EE10FA0ED877EEC67A74EEC44A6C
:100F600067EEA47A37EE467AC7EE876A76EE847A21
:100F7000C2ED007AA7E7F4EEE57AF1EE10FA13DDA0
:100F8000F4EEC67AF1EE10FA0ED877EEE57A34EE8A
:100F9000634A67EE847A36EE656A87EE867A77EE84
:100FA000237AC2ED007A8EE7F4EEE57AF1EE10FADC
:100FB00089D80023136086E7414900EBC00301EBA9
:100FC000C303B3F894C107EE90CAF8EE675AB3F8BA
:100FD00096C107EE90CAF8EE676AB3F898C107EEBB
:100FE00010CAB8EE477AB3F89AC107EE90CAB8EEC5
:100FF000676AD3ED673A93ED684A93ED695AD3ED8A
:101000006A4ADDED017AF8EEE77AF4EEC77AF1EE9E
:1010100010FA0ED577EEC67A35EE645A67EE857A09
:1010200037EE467AC7EE876A76EEA47AC2ED007A8A
:1010300049E7F4EEC77AF1EE10FA13DDF4EEE67A42
:10104000F1EE10FA0ED577EEC77A34EE454A67EE28
:10105000847A76EEC76A87EEA67A77EE057AC2EDD5
:10106000007A30E7F4EEC77AF1EE10FA0EDD77EE93
:10107000E67A73EEC43A67EEA37A75EEE65A87EE27
:10108000A57A77EE047AC2ED007A1CE7F4EE477A8F
:10109000F1EE10FA02D182ED005A14E7F4EE667A0E
:1010A000F1EE10FA02D182ED004A0CE7F4EE657A17
:1010B000F1EE10FA7FF407AFC2ED003A03E700BF8C
:1010C0006033002438B50C46124D284616F0E2FB7A
:1010D0004FF47A71284616F011F8284616F0A6F853
:1010E0000D4B43F824000D4D05EB840281B22046E0
:1010F000FFF7DCFE95ED037AF0EE047AB4EEE77AC2
:10110000F1EE10FA01D50022EA60024816F094FCD4
:1011100038BD00BF28F80024F4070024DC070024B1
:1011200038B505460C46052906D8DFE801F0030A64
:101130000D101316FFF7E2FD21462846FFF7C2FF08
:1011400038BDFFF7FFFDF7E7FFF748FDF4E7FFF7CE
:101150008DFDF1E7FFF7AEFDEEE7FFF763FDEBE78F
:1011600070B541F288301CF037FD4FF49672A549F6
:10117000A5481CF03BFC70E04FF496701CF02CFD71
:10118000A24EA34D06F1300EB446BCE80F00286015
:101190006960AA60EB6066461035F445F4D103CE71
:1011A000286069603288B3782A81AB72012298493D
:1011B00010460EF08BFB09E0954D9649284627F026
:1011C0006BF80122294610460EF080FB0134924B49
:1011D0001B79A34235D904EB4402904B03EBC203C5
:1011E000DA7C002AE8D104EB44028C4B03EBC20307
:1011F0005B78002BEAD1834E4FF496720021304683
:1012000027F05EF904EB4403844D05EBC305294642
:10121000A6F2351013F0C9FC4FF4FA6101201DF05D
:1012200053FF0028A8D064201CF0D6FC2946A6F263
:10123000351014F037FD7A4BD3F8DC021CF0CCFCEF
:10124000C4E7784B1B78012B10D04FF47A701CF058
:10125000C3FC4FF4FA701CF0BFFC734B00221A6001
:10126000724B1B78042B6FD10024B0E7704B5B6886
:10127000A3B1674D6F4C0FCC28606960AA60EB602A
:1012800007CC28616961AA612288A378AA83AB7719
:101290000122294610460EF019FBD6E70021614ACB
:1012A00011705E4C84F8D13B614B1A7A84F8D22BD2
:1012B0001A7884F8D32BDA68A4F8D42B1A7CA4F813
:1012C000D62B5869D4F8D82B10805A7884F8E22BA2
:1012D0009B7884F8D03B4B4D4FF49672284627F00C
:1012E000EFF804F53D61A5F2351013F05EFC4FF404
:1012F000FA6101201DF0E8FE70B164201CF06CFC66
:1013000004F53D61A5F2351014F0CCFC444BD3F844
:10131000DC021CF061FCACE7474D3D4C05F1300CA4
:101320002E460FCE20606160A260E3603546103427
:101330006645F5D107CD20606160A2600122344985
:1013400010460EF0C3FA94E74FF4FA6101201DF045
:10135000BBFE00283FF47DAF32201CF03DFC374B34
:101360001B78DBB2012B39D0354B1B78012B00F0F9
:101370003E81344B1B78DBB2012B00F03881324BBD
:101380001B78002B00F0B0821E4C2046FFF708F8B7
:101390000146204612F054FA2C4B1A88002A40F0DD
:1013A0009282294B00221A70294B93F90030002BAE
:1013B00006DD013B5BB2264A1370002B00F08A82E7
:1013C000104C4FF496752A460021204627F078F8F5
:1013D0002A4621460C481CF009FB29E1184B1C78D1
:1013E000002CC1D10021154B197040F2DC52194874
:1013F00027F066F84BE0174A174902200EF070FB01
:1014000058E000BFD1F90024ACF60024A0DB0408AA
:1014100008080024DCDB0408E827002484FD0024FD
:101420006033002400760424F01400249CF8002487
:101430002818002454DC040818DC0408D7D1002440
:10144000DAD10024D6D10024D5D100248CE50024A3
:101450008703002434090024100F0024AC4D2846D3
:10146000FEF79EFF4FF0FF3382B22946A9481CF0D9
:101470001FF90023A84A1370A84A536001F070FEB8
:10148000A74B1B78002B2ED0C8201CF0A5FB012CED
:1014900000F2CE8040F2DC52A2499E481CF0A6FA2F
:1014A000002840F088809A4A9E4902200EF018FBDE
:1014B0000028A0D1994B5B68032BE1D1974BDB68E7
:1014C000022BDDD1924B954A127C0021022007F0BD
:1014D00055FB0028C2D08E4B904A127C002102207E
:1014E00007F04CFBBAE78A4D2846FEF759FF4FF04C
:1014F000FF3382B2294687481CF0DAF8864B1B7806
:10150000012BC1D1854B5B68022BBDD1844B1B786D
:10151000002BB9D14FF4FA701CF05EFB7F4BDB68F7
:10152000022B1BD07A4B7D4A127C0021022007F04F
:1015300025FB002837D14FF4FA701CF04DFB744D99
:101540002846FEF72DFF4FF0FF3382B2294671483F
:101550001CF0AEF8704B00221A7095E72B466F4ACC
:10156000127C0021022007F009FBA0B9684D284633
:10157000FEF716FF4FF0FF3382B2294665481CF094
:1015800097F8654B00221A7012F0F2FD42F21070CB
:101590001CF022FB78E72B46604A127C00210220D7
:1015A00007F0ECFAE2E75A4B5C4A127C0021022079
:1015B00007F0E4FABFE75C4B00221A70C8201CF069
:1015C0000BFB5A4B1B78012B7FF461AF574B00226A
:1015D0001A704F4D2846FEF7E3FE4FF0FF3382B2FC
:1015E00029464C481CF064F80134E4B24FE7484CFB
:1015F00040F2DC520021204626F062FF22464C4990
:1016000001200EF06DFAB8B9454B1B78022B19D0AA
:10161000032B00F0E180464C4FF496752A460021DA
:10162000204626F04DFF2A4621463A481CF0DEF9B6
:1016300032201CF0D1FA0CE622463D4901200EF082
:101640004FFAE1E73B4B1B78012B2FD03A4B1B782D
:10165000012B43D0394B1B78012B47D0384B1B78DB
:10166000012B4BD0374B1B78012B79D0364B1B7895
:10167000012B7DD0354B1B78012B00F08680344B3D
:101680001B78012B00F08E80324B1B78012B00F071
:101690009680314B1B78012B0ED12F4B00221A70F4
:1016A00002221146104611F0FFFA05E00021214BFD
:1016B0001970022011F03CF8154C2046FEF770FE20
:1016C0004FF0FF3382B2214612481BF0F1FF234B4B
:1016D0001B78002B9FD003F067FD9CE7164B002280
:1016E0001A700121022011F023F8E5E7134B0022C4
:1016F0001A700121022011F077F9DDE7104B00226A
:101700001A7001221146022011F0CEFAD4E700BF70
:1017100034090024ACF600249C8700248887002428
:1017200080E50024100F0024D7D10024D8D1002454
:10173000D1F9002457E5002456E5002455E500249E
:1017400054E5002453E5002445E5002444E5002445
:1017500043E5002442E5002452E5002451E500243D
:10176000634B00221A700221084611F03DF9A3E7ED
:10177000604B00221A7001245F4B1C7003F084FC44
:101780002146022011F0ACF996E75C4B00221A705A
:10179000594B01221A7003F077FC0221084611F020
:1017A0009FF989E7564B00221A70534B01221A7099
:1017B00003F06AFC0321022011F092F97CE7514BFF
:1017C00000221A704C4B01221A7003F05DFC0421B8
:1017D000022011F085F96FE74B4B1B78012B26D0C7
:1017E0004A4B1A785ABB4A4B1A78002A3BD1494BCC
:1017F0001B78012B40D0484B1B78012B43D0474B23
:101800001B78012B47D0464B1B78012B4BD0454B07
:101810001B78012B4FD0444B1B78012B17D1424B27
:1018200000221A700221084611F01AFC0FE0022172
:10183000084610F07DFF344B00221A7007E0013A91
:101840000021022011F0C8FD304B00221A70374CE5
:101850002046FEF7A5FD4FF0FF3382B22146344803
:101860001BF026FFD7E6013A0121022011F0B4FD5A
:10187000274B00221A70EAE70021264B197002203C
:1018800011F014F8E3E7244B00221A700121022022
:1018900011F00CF8DBE7214B00221A7002210846F8
:1018A00011F004F8D3E71E4B00221A700121022028
:1018B00011F0D6FBCBE71B4B00221A70032102204C
:1018C00010F0F4FFC3E741F288331A4918481BF0BF
:1018D000EFFE69E5C8201CF07FF9174B00221A7053
:1018E000164BFF221A706BE5002014F029FA9FE6D0
:1018F00053E5002445E50024D9D1002444E5002423
:1019000043E5002442E5002450E500244FE500248F
:101910004EE500244DE500244CE500244BE5002471
:101920004AE5002449E5002448E500243409002460
:10193000ACF6002490E50024D5D1002487030024D0
:1019400010B51B481B4B03604FF4E1334360002389
:101950008360C36003610C2242618361C3610362DF
:10196000436283621BF071FFB0B9002110481CF084
:10197000ABF8A0B900210E481CF0CBF890B90C4888
:101980001CF083F888B90A4C642120461BF0A8FAA1
:1019900020461BF0B1FA10BD12F064FCE5E712F02E
:1019A00061FCE7E712F05EFCE9E712F05BFCEAE7B6
:1019B000ACF600240010014010B588B00DF1040C05
:1019C000074C0FCCACE80F0094E807008CE8070048
:1019D000002101A81CF0CDF8024B186008B010BD22
:1019E00090DA0408EC1400240422002304E010F828
:1019F00002C06344DBB201329142F8DCD843C0B28A
:101A000070470000F0B5ADF2FC5D254B93F8DC3576
:101A1000013BDBB2FD2B03D9214B072283F8DC25E8
:101A20001F4C4FF4BC652A46214606A826F059FFF4
:101A300094F8D43594F8D52594F8D615B4F8D8058B
:101A400094F8DA7594F8DCC5164ECDF814C00497F6
:101A50000390029101920093D4F8D03594F8DB25DD
:101A60001149304626F018FC0122314610460DF08F
:101A70002DFF294606A8FFF7B7FF8DF81900ADF82E
:101A80001A500022294606A805F0A8FE642015F089
:101A9000ADFA064B00221A700DF2FC5DF0BD00BFDE
:101AA00060330024080800248CDC04082803012487
:101AB000F0B589B00446C04D00224FF4BC61284601
:101AC00005F006FF2D78AB2D12D1BB4B5E884FF68B
:101AD000FF739E420CD0B6F5BC6F80F09280B64882
:101AE00047783146FFF780FF874279D100230DE028
:101AF000B24EB14B5B882A46B149304626F0CCFB4A
:101B00000122314610460DF0E1FE0123012C08BFF1
:101B100043F00103002B40F08F80AA4B1B78002B71
:101B200040F08882A448C3680133C360A649763078
:101B3000FEF7D6FB002840F0BB829F4B93F89C3306
:101B4000012B06D99C4B002283F89C239F4B01223A
:101B50001A70994B93F85131012B06D9964B0022FC
:101B600083F85121994B01221A70934B93F850310D
:101B7000032B06D9904B002283F85021934B01226E
:101B80001A708D4B93F85231172B06D98A4B0522C8
:101B900083F852218D4B01221A70874B93F85331F1
:101BA0003C2B06D9844B1E2283F85321874B0122FC
:101BB0001A70814B93F8DC35013BDBB2FD2B06D963
:101BC0007D4B072283F8DC25804B01221A707F4B66
:101BD0001B78002B00F02E827D4B0A221A6029E22E
:101BE000764F4FF4BC63009333462A467949384612
:101BF00026F052FB0122394610460DF067FE012304
:101C000084E76D4847784FF4BC61FFF7EDFE8742EB
:101C100001D100237AE7694F4FF4BC630093334648
:101C20002A466D49384626F037FB012239461046D0
:101C30000DF04CFE012369E75F4CAB2323704FF49A
:101C4000BC612046FFF7D0FE60704FF4BC63638038
:101C50000022E2600A232361012323755F4903C93F
:101C6000E061218458490868C4F876008888897939
:101C7000A4F87A0084F87C1059490868C4F83A003E
:101C80008888E08703C9A065A4F85C10A36122716D
:101C9000032161712321E1710F21A17102212172C0
:101CA0005049C4F8981050490868C4F8B6004F4924
:101CB00003C9C4F8D400A4F8D81084F85121052130
:101CC00084F852111E2084F8530184F85021C4F87E
:101CD0003831C4F83C3134A7D7E90067C4E950670C
:101CE00033A7D7E90067C4E952670820C4F8580150
:101CF0001620C4F85C01C4F8601184F8CC324EE0C0
:101D0000551C2D4C02EBC20304EBC303C3F8645112
:101D10000021C3F86C114FF08340C3F87001C3F881
:101D20007411C3F87801012083F868014FF48B60C7
:101D3000A3F8820143F2E840A3F8800147F6F75088
:101D4000A3F87E014FF2C770A3F87C01C3F890118D
:101D50004FF08140C3F88C012548C3F8880125481D
:101D6000C3F8840140F26640A3F89A0141F24600AC
:101D7000A3F8980148F2E400A3F896014FF6236017
:101D8000A3F89401C3F8A8114FF07F51C3F8A41130
:101D90001949C3F8A011194AC3F89C21EAB2022AD2
:101DA000AED9032279E000BF86032159C00C374029
:101DB000F5F3A622152052406033002408080024C1
:101DC00060DD0408DAD10024FCDD040828030124C6
:101DD00070040024A0DD0408CCDD0408F4DD040850
:101DE00004DE040878797A000CDE040810DE0408AA
:101DF000000020410000A041000070410000F041BF
:101E0000551CB14C02EBC20304EBC303C3F864518D
:101E10000021C3F86C11AD48C3F87001C3F8741108
:101E2000C3F87801022683F868614FF48B66A3F843
:101E3000826143F2E846A3F8806147F6F756A3F8BB
:101E40007E614FF2C776A3F87C61C3F890114FF022
:101E50008146C3F88C619E4EC3F888619D4EC3F8DD
:101E6000846140F26646A3F89A6141F24606A3F8FF
:101E7000986148F2E406A3F896614FF62366A3F84A
:101E80009461C3F8A8114FF07F51C3F8A41192498F
:101E9000C3F8A011C3F89C01EAB2042AB0D98A4D54
:101EA000012785F8D07285F8D172032385F8D232E4
:101EB0004FF41653C5F8D432002485F8D842642371
:101EC000C5F8DC3285F8E07285F8E14285F8E24237
:101ED000824B05F5397C0FCBACE807002CF8023BB0
:101EE0001B0C8CF8003040F25C73C5F8983385F811
:101EF0009C437B4B93E80300C5F8F802A5F8FC125D
:101F0000090C85F8FE1293E80300C5F80C03A5F848
:101F10001013090C85F8121305F56173714A07CA8D
:101F200083E80700704B05F5487693E8070003C681
:101F3000327003CBC5F85203C5F856131B7885F8E9
:101F40005A336A4BC5F8A0330523C5F8C03385F86A
:101F5000C4730223C5F8C83385F8CC43C5F8D04311
:101F600085F8D433234606E0574A1A44002182F804
:101F7000D5130133DBB2222BF6D95D4C1E22002192
:101F8000204626F09DFA0223236216236362002373
:101F90001CE04D4903EB830201EB82020020C2F8F2
:101FA000200402F224440020206002F58564514D93
:101FB000256002F22C42504C146003EB830201EBCB
:101FC000820101F5866108600133DBB2012BE0D9A3
:101FD000002212E002EB82013B4B0B44012183F80B
:101FE0006015002083F86105642483F8624583F856
:101FF000630583F864150A44D2B2152AEAD9324B34
:102000003E4AC3F8D025082183F8D415002283F86E
:10201000D525012083F8D605A3F8D815162183F815
:10202000DA1583F8DB25072183F8DC1583F81624FD
:10203000FFF7E8FC244C94F8D43594F8D52594F8AF
:10204000D615B4F8D80594F8DA652D4D04F1760765
:10205000069705960490039102920193D4F8D03527
:10206000009394F8DB35274A4FF49671284626F002
:10207000DDF80122294610460DF028FCD4F8D025C1
:10208000214B1A6094F8D425204B1A7094F8D5256A
:102090001F4B1A7094F8D6251E4B1A70B4F8D82529
:1020A0001D4B1A8094F8DA251C4B1A7009B0F0BD4C
:1020B0001B4B1C4A106818609188927999809A711C
:1020C000194B01221A7038E5603300240000F041FA
:1020D000000020410000A0410000704118DE04080B
:1020E00028DE040830DE04083CDE04087777770039
:1020F00058370024CDCCCC3D0000604064CE8F33F7
:102100000808002448DE040894F8002492F800240B
:1021100091F8002490F800248EF800248CF8002414
:10212000D6330024FCDD04082803012410B5E4B0F4
:102130004FF4C67422460A4901A826F0D2FB214674
:1021400001A8FFF751FC8DF80500ADF806404FF4EB
:102150004042214601A805F041FB64B010BD00BF1C
:10216000D0310024F0B583B00446934D4FF4404283
:102170004FF4C671284605F0ABFB2D78AB2D11D17D
:102180008D4B5E884FF6FF739E420BD0B6F5C67F2F
:102190003CD2894847783146FFF726FC874224D154
:1021A00000230DE0854E844B5B882A4684493046E7
:1021B00026F072F80122314610460DF087FB01230C
:1021C000012C08BF43F00103002B00F0F2807A4C91
:1021D000AB2323704FF4C6712046FFF705FC6070F7
:1021E0004FF4C673638000217BE0744F4FF4C673D5
:1021F000009333462A467349384626F04DF80122AB
:10220000394610460DF062FB0123D9E76A4847784A
:102210004FF4C671FFF7E8FB874201D10023CFE7F7
:10222000664F4FF4C673009333462A4666493846D4
:1022300026F032F80122394610460DF047FB012303
:10224000BEE701EBC102614B03EBC203D3F864416B
:10225000594800EBC2025460D3F86C41D460D3F803
:1022600070411461D3F874415461D3F8784194619A
:1022700093F868411472B3F882415484B3F88041F2
:102280001484B3F87E41D483B3F87C419483D3F8AB
:1022900090411463D3F88C41D462D3F8884194629E
:1022A000D3F884415462B3F89A415487B3F8984103
:1022B0001487B3F89641D486B3F894419486D3F842
:1022C000A8419464D3F8A4415464D3F8A0411464A1
:1022D000D3F89C3101EBC10200EBC200C3630131B2
:1022E000C9B20429ADD93A4C1E220021204626F05D
:1022F000E7F8384D0FCD0FC495E80F0007C42380D1
:10230000FFF714FF03B0F0BD01EBC1022A4B03EB52
:10231000C2031C7A2D4800EBC20282F868415C8C33
:10232000A2F882411C8CA2F88041DC8BA2F87E418D
:102330009C8BA2F87C411C6BC2F89041DC6AC2F80D
:102340008C419C6AC2F888415C6AC2F884415C8F07
:10235000A2F89A411C8FA2F89841DC8EA2F896410F
:102360009C8EA2F894419C6CC2F8A8415C6CC2F8A7
:10237000A4411C6CC2F8A041DB6B01EBC10200EB75
:10238000C200C0F89C310131C9B20429BCD9114C3A
:102390001E220021204626F093F8A4460C4C0FCCB8
:1023A000ACE80F0094E80F00ACE80700ACF8003090
:1023B000A8E70021E9E700BFD03100240808002485
:1023C000FCDE040848DF04088CDF040860330024C6
:1023D0003C3300245837002410B5084C4FF40271E8
:1023E0002046FFF701FB60704FF4027161804FF4EB
:1023F0000052204605F0F2F910BD00BFC82F00249E
:10240000F0B583B00646424C4FF400524FF40271CF
:10241000204605F05DFA2478AB2C11D13C4B5D8849
:102420004FF6FF739D420BD0B5F5027F40D238487E
:1024300047782946FFF7D8FA874228D1002310E0D1
:10244000344F3C46344D0FCD0FC40FCD0FC40FCDCC
:102450000FC42B6823700122394610460DF036FA5E
:102460000123012E08BF43F00103002B4ED0284C5E
:10247000AB2323704FF402712046FFF7B5FA60706A
:102480004FF4027363801023636000223AE0214F0F
:102490004FF4027300932B4622462049384625F01C
:1024A000FBFE0122394610460DF010FA0123D8E751
:1024B000174847784FF40271FFF796FA874201D127
:1024C0000023CEE7134F4FF4027300932B462246AE
:1024D0001349384625F0E0FE0122394610460DF03A
:1024E000F5F90123BDE711460132D2B2084C01EBE8
:1024F000410304EB43035A72002018729872D87299
:1025000018735873532AEED9FFF766FF03B0F0BD76
:10251000C82F0024F4140024CCDF040800E00408D1
:102520004CE0040810B5074C08212046FFF75CFA80
:102530006070082161804FF46042204605F04EF93A
:1025400010BD00BF08170024F0B583B00546414C0C
:102550004FF460420821204605F0BAF92478AB2CEC
:1025600010D13C4B5E884FF6FF739E420AD0072E77
:1025700053D8384847783146FFF736FA87423CD17E
:10258000002214E0344EB446344C0FCCACE80F00BB
:102590000FCCACE80F0094E80F00ACE807008CF813
:1025A00000300122314610460DF090F901222949F0
:1025B0004B6801334B60012D08BF42F00102002A35
:1025C00044D0AB220A70264AD2684A60214B5A682E
:1025D00007EE902AF8EE677A224BC3ED007A224C80
:1025E0002249204625F058FE0122214610460DF0D2
:1025F0006DF9FFF797FF03B0F0BD174F0823009365
:10260000334622461A49384625F046FE012239460D
:1026100010460DF05BF90122C9E70E484778082102
:10262000FFF7E2F9874201D10022C0E70A4F0823F1
:102630000093334622460F49384625F02DFE0122ED
:10264000394610460DF042F90122B0E7044AD36042
:10265000BCE700BF08170024F414002494E0040829
:1026600060330024081C04240808002450E10408F6
:10267000C4E004080CE1040810B5ADF5FC6D4FF49E
:10268000FC6422460A49684626F02BF92146684632
:10269000FFF7AAF98DF80100ADF802404FF480422F
:1026A0002146684605F09AF80DF5FC6D10BD00BF97
:1026B000E8270024F0B583B00646464C4FF480422C
:1026C0004FF4FC61204605F003F92478AB2C11D1BE
:1026D000404B5D884FF6FF739D420BD0B5F5FC6F04
:1026E00045D23C4847782946FFF77EF987422DD1ED
:1026F000002312E0384F3C46384D0FCD0FC40FCDAC
:102700000FC40FCD0FC495E80F0007C4237001223A
:10271000394610460DF0DAF80123012E08BF43F0C8
:102720000103002B53D02B4CAB2323704FF4FC61DF
:102730002046FFF759F960704FF4FC636380002274
:1027400022716271A2601123E3603CE0224F4FF4DA
:10275000FC6300932B4622462149384625F09CFD18
:102760000122394610460DF0B1F80123D5E719488A
:1027700047784FF4FC61FFF737F9874201D1002316
:10278000CBE7154F4FF4FC6300932B4622461549C7
:10279000384625F081FD0122394610460DF096F8A5
:1027A0000123BAE710460132D2B20A4C00EB800393
:1027B00004EB83039A7400211974597459611976D2
:1027C000D96183F82010632AECD9FFF755FF03B0D5
:1027D000F0BD00BFE8270024F414002464E10408DD
:1027E000A4E10408F8E1040810B5ADF6A87D40F6B0
:1027F000A47422460A4901A826F073F8214601A8CC
:10280000FFF7F2F88DF80500ADF806404FF4C0422E
:10281000214601A804F0E2FF0DF6A87D10BD00BF1F
:1028200044180024F0B583B00446474D4FF4C0422D
:1028300040F6A471284605F04BF82D78AB2D12D147
:10284000414B5E884FF6FF739E420CD040F6A37357
:102850009E4245D83C4847783146FFF7C5F8874245
:102860002DD1002317E0394DAC46394E0FCEACE8E0
:102870000F000FCEACE80F000FCEACE80F0096E8CB
:102880000F00ACE807008CF8003001222946104602
:102890000DF01CF80123012C08BF43F00103002BAD
:1028A0003BD0294BAB221A700023B3F57A7F32D28A
:1028B000254A02EB8302002151600133F5E7234FE3
:1028C00040F6A473009333462A462249384625F041
:1028D000E3FC0122394610460CF0F8FF0123DAE749
:1028E0001948477840F6A471FFF77EF8874201D176
:1028F0000023D0E7154F40F6A473009333462A46D1
:102900001549384625F0C8FC0122394610460CF01E
:10291000DDFF0123BFE7FFF767FF00230EE003F5AC
:102920002F70094A02EB830251680C4A02EB8002C5
:1029300011600B4A02EB830211600133B3F5967FFD
:10294000EDD303B0F0BD00BF44180024F4140024FC
:102950004CE204088CE20408E0E204087411042448
:10296000C40C042410B584B00A4B6C460FCB84E829
:102970000F0010212046FFF737F88DF801001021D5
:10298000ADF802104FF45042204604F027FF04B087
:1029900010BD00BF10170024F0B583B00446424DAF
:1029A0004FF450421021284604F092FF2D78AB2DB1
:1029B00010D13D4B5E884FF6FF739E420AD00F2E1A
:1029C00043D8394847783146FFF70EF887422CD173
:1029D00000230DE0354E344B5B882A46344930469F
:1029E00025F05AFC0122314610460CF06FFF0123FE
:1029F000012C08BF43F00103002B3FD12A4B5A683A
:102A00002C49C1F820249B68C1F834342A490A6053
:102A10002A4A1360244AD389527B02FB03F3284AD3
:102A200013600023536003B0F0BD204F10230093C8
:102A300033462A462349384625F02EFC01223946E2
:102A400010460CF043FF0123D2E7174847781021C6
:102A5000FEF7CAFF874201D10023C9E7134F1023B5
:102A6000009333462A461849384625F015FC0122C2
:102A7000394610460CF02AFF0123B9E70A4CAB2374
:102A8000237010212046FEF7AFFF60701023638093
:102A900000236360A3602373012363734CF25033FC
:102AA000E381FFF75FFFB5E7101700240808002453
:102AB00034E3040860330024043A0024003A00247C
:102AC000D8390024A0DD0408CCDD040830B583B07B
:102AD000D64AD74B03F67811D2ED047AF8EE677A2E
:102AE000C1ED007A03F67411D2ED067AF8EEE77ABA
:102AF000C1ED007A03F51A61D2ED4E7AF8EEE77A6D
:102B0000C1ED007A03F6A411D2ED4F7AF8EEE77A20
:102B1000C1ED007A517907EE901A03F52061F8EEC5
:102B2000677AC1ED007AD17907EE901A03F6082191
:102B3000F8EE677AC1ED007A117A07EE901A03F683
:102B40008811F8EE677AC1ED007A917907EE901A54
:102B500003F60421F8EE677AC1ED007A92F8DC15ED
:102B600007EE901A03F51761F8EE677AC1ED007A67
:102B700092ED507BB7EEC77B03F5256181ED007ABE
:102B800092ED527BB7EEC77B03F6542181ED007ABC
:102B900003F67C11D2ED577AF8EEE77AC1ED007AB0
:102BA00003F51861D2ED567AF8EEE77AC1ED007AB6
:102BB00003F68411D2ED587AF8EEE77AC1ED007A87
:102BC00092F8CC2207EE902A03F6E423F8EE677A17
:102BD000C3ED007A002033E000EBC002D30093493C
:102BE000194491F8683107EE903A00EB800202F642
:102BF000ED0C8F4B03EB8C0CF8EE677ACCED007A82
:102C000002F6EE0CD1F8744103EB8C0CCCF80040CA
:102C100002F6EF0CD1F8784103EB8C0CCCF80040B5
:102C200002F50F6CD1F86C4103EB8C0CCCF8004032
:102C300002F6F102D1F8701103EB82031960013042
:102C40000428C9D9794D95F8D13207EE903A784CDD
:102C500004F61823F8EE677AC3ED007A04F6F81349
:102C6000D5EDB57AF8EE677AC3ED007A04F628233D
:102C7000D5EDB77AF8EEE77AC3ED007A05F539734A
:102C8000009301A9684609F0A0FC9DF8043007EE06
:102C9000903A04F6AC13F8EE677AC3ED007A9DF82B
:102CA000053007EE903A04F51B63F8EE677AC3ED42
:102CB000007A9DF8063007EE903A04F6B413F8EE69
:102CC000677AC3ED007A9DF8073007EE903A04F674
:102CD000B813F8EE677AC3ED007A04F6BC13D5EDAD
:102CE000E67AF8EEE77AC3ED007A95F89C3307EEC2
:102CF000903A04F52B63F8EE677AC3ED007A95F805
:102D0000513107EE903A04F6B823F8EE677AC3ED36
:102D1000007A95F8523107EE903A04F6BC23F8EEAB
:102D2000677AC3ED007A95F8533107EE903A04F5CF
:102D30002C63F8EE677AC3ED007A04F6C82300220C
:102D40001A6095F8503107EE903A04F6CC23F8EE6D
:102D5000677AC3ED007A04F52363D5EDF07AF8EED7
:102D6000E77AC3ED007A95F8D43307EE903A04F68B
:102D7000A814F8EE677AC4ED007A00203FE000EB7B
:102D8000400253002B4919440B7A07EE903A00EBAE
:102D9000800202F2CD5C264B03EB8C0CF8EE677AD6
:102DA000CCED007A8C7A07EE904A02F2CE5C03EB0F
:102DB0008C0CF8EE677ACCED007ACC7A07EE904A6C
:102DC00002F2CF5C03EB8C0CF8EE677ACCED007A64
:102DD0000C7B07EE904A02F5BA6C03EB8C0CF8EE14
:102DE000677ACCED007A497B07EE901A02F2D15255
:102DF00003EB8203F8EE677AC3ED007A01305328C3
:102E0000BDD90D4A137907EE903A094B03F68C11A0
:102E1000F8EE677AC1ED007AD2ED037A03F69413E7
:102E2000F8EE677AC3ED007A002052E060330024A8
:102E300074110424C82F0024E827002400EB80022A
:102E400093008A49194400EB4002530003F2997C35
:102E5000874A02EB8C0CD1ED057AF8EEE77ACCEDDF
:102E6000007A0C7E07EE904A03F29A7C02EB8C0CFF
:102E7000F8EE677ACCED007A03F29B7C02EB8C0CC7
:102E8000D1ED077AF8EEE77ACCED007A4C7C07EECC
:102E9000904A03F29C7C02EB8C0CF8EE677ACCED46
:102EA000007A91F8204007EE904A03F29D7C02EBF5
:102EB0008C0CF8EE677ACCED007A097C07EE901A5C
:102EC00003F29E7302EB8302F8EE677AC2ED007A9A
:102ED00001303128B2D9002238E002EB8203990098
:102EE000644B0B4402EB820041F2FE04044460494F
:102EF00001EB8404D3F8205407EE905AF8EE677A79
:102F0000C4ED007A41F2FF04044403F224452D6825
:102F100001EB8404256000F5885403F585652D6870
:102F200001EB8404256041F20114044403F22C45B2
:102F30002D6801EB8404256041F20214044403F57A
:102F40008663186801EB840318600132012AC4D932
:102F50004FF0000C47E00CEB8C01464A0A4492F813
:102F6000603507EE903A41F24E100844404B03EBB7
:102F70008000F8EE677AC0ED007A92F8610507EEFE
:102F8000900A41F24F10084403EB8000F8EE677A94
:102F9000C0ED007A92F8620507EE900A41F25010F7
:102FA000084403EB8000F8EE677AC0ED007A92F8EF
:102FB000630507EE900A41F25110084403EB8000CC
:102FC000F8EE677AC0ED007A92F8642507EE902A51
:102FD00041F252120A4403EB8203F8EE677AC3ED22
:102FE000007A0CF1010CBCF1130FB4D900231CE0E2
:102FF000214AD25C07EE902A03F6FC011C4A02EB40
:10300000C101F8EE677AC1ED007A1C4931F813105E
:1030100007EE901A41F2F91101EB430102EB810234
:10302000F8EE677AC2ED007A01330E2BE0D9144A2C
:10303000137B07EE903A0E4B03F52D61F8EE677A9D
:10304000C1ED007A517B07EE901A03F6D421F8EE19
:10305000677AC1ED007AD28907EE902A03F6D82369
:10306000F8EE677AC3ED007A03B030BDE82700249C
:103070007411042460330024C43900244C39002422
:103080001017002410B5ADF51E6D40F6DC14224675
:103090000A4901A825F025FC214601A8FEF7A4FC59
:1030A0008DF80500ADF806404FF4E022214601A856
:1030B00004F094FB0DF51E6D10BD00BFC49A0524ED
:1030C00070B50546234C4FF4E02240F6DC11204653
:1030D00004F0FEFB2378AB2B06D162884FF6FF731A
:1030E0009A4201D0002314E01B4EB4461B4C0FCC77
:1030F000ACE80F000FCCACE80F000FCCACE80F0031
:1031000023688CF800300122314610460CF0DEFBBB
:103110000123012D08BF43F00103CBB10D4AAB23BE
:103120001370002353609360D360136153610AE00E
:10313000084A991D02EB8101002008601A44002111
:1031400082F8E8170133B3F5FA7FF1D3FFF79AFF5E
:1031500070BD00BFC49A0524F414002474E304086D
:1031600010B5BAB0E4242246094901A825F0B9FBFC
:10317000214601A8FEF738FC8DF80500ADF80640A1
:103180004FF43042214601A804F028FB3AB010BDAC
:103190002017002438B5234C4FF43042E421204658
:1031A00004F096FB2378AB2B04D162884FF6FF73B3
:1031B0009A421BD11C4DAC461C4C0FCCACE80F0006
:1031C0000FCCACE80F0094E80F00ACE807008CF8D7
:1031D00000300122294610460CF078FB114CE42205
:1031E0000021204625F06CF9AB2323700D4BB3F87A
:1031F00072204FF6FF739A4202D0FFF7B1FF38BD3D
:10320000084B002283F87020A3F87220A3F87420E2
:1032100083F87C209A67C3F88020C3F8882083F85D
:103220008420EAE720170024F4140024A8E304080B
:103230002DE9F0432DED048BADF2044D064609EE69
:10324000101A144608EE103A0CF080F980B30546C7
:103250000027B8EE499BB0EE490BB24928460CF066
:1032600001F970B307EE904AB8EE679BB0EE490BD8
:10327000AD4928460CF0F6F870B3B8EE488BB0EEC6
:10328000480BAA4928460CF0EDF880B3013C0B2C02
:1032900000F2AC83DFE814F036009400DB01490350
:1032A0004E048505E8051F06C706FC0668070509E4
:1032B0000CF04CF9054608B10027CAE74FF0FF377C
:1032C000C7E7B0EE490B974928460CF0CBF8002829
:1032D000C8D16FF00107C5E7B0EE490B9249284607
:1032E0000CF0C0F80028C8D16FF00107C5E7B0EEB8
:1032F000480B8E4928460CF0B5F80028C6D16FF06F
:103300000107C3E78A4B93ED060AB8EEC00B894963
:1033100028460CF0A7F838B3874A884928460CF0AD
:10332000D5F800282ED0864A864928460CF0CEF8DB
:10333000002831D0844A854928460CF0C7F8002877
:1033400034D0834A834928460CF0C0F8002840F066
:103350004D837F4A7F4928460CF0B8F8002840F09A
:1033600045836FF0010741E3714B93ED060AB8EE18
:10337000C00B704928460CF075F80028CCD16FF0CE
:103380000107C9E76C4A6D4928460CF09FF80028F0
:10339000C9D16FF00107C6E7694A6A4928460CF0AF
:1033A00095F80028C6D16FF00107C3E7664A674960
:1033B00028460CF08BF80028C3D16FF00107C0E756
:1033C0005B4B93ED060AB8EEC00B5A4928460CF049
:1033D00049F8002879D0564B93ED4E0AB8EEC00B51
:1033E0005D4928460CF03EF800287DD0504B93ED07
:1033F0004F0AB8EEC00B594928460CF033F80028A4
:1034000000F08180564A574928460CF05FF80028A2
:1034100000F0BC80544A554928460CF057F8002863
:1034200000F0BF80524A534928460CF04FF800285C
:1034300000F0C2803E4B93F8513100EE103AB8EEE6
:10344000400B4D4928460CF00DF8002800F0BF80D5
:10345000374B93F8523100EE103AB8EE400B474923
:1034600028460BF0FFFF002800F0C280304B93F895
:10347000533100EE103AB8EE400B414928460BF0AC
:10348000F1FF002800F0C580294B93ED500B3D491A
:1034900028460BF0E7FF002800F0CC80244B93ED8A
:1034A000520B394928460BF0DDFF002840F09E8280
:1034B0001F4B93ED520B344928460BF0D3FF0028E5
:1034C00040F094826FF0010790E2194B93ED060AE9
:1034D000B8EEC00B174928460BF0C4FF00287FF454
:1034E0007AAF6FF0010776E7114B93ED4E0AB8EE15
:1034F000C00B194928460BF0B5FF00287FF476AFC2
:103500006FF0010772E70A4B93ED4F0AB8EEC00B5C
:10351000124928460BF0A6FF00287FF473AF6FF026
:1035200001076FE7D8E30408DCE30408E8E30408D4
:1035300060330024F0E304087C330024F8E304083B
:103540009A33002404E40408B833002410E4040887
:10355000FCDD04081CE4040828E4040834E404083E
:10356000F833002440E40408163400244CE4040832
:103570003434002458E4040864E4040874E40408BF
:1035800084E4040898E40408A4E40408924A9349F3
:1035900028460BF09BFF00287FF43CAF6FF001073B
:1035A00038E78F4A8F4928460BF090FF00287FF4B8
:1035B00039AF6FF0010735E78B4A8C4928460BF08D
:1035C00085FF00287FF436AF6FF0010732E7884BA4
:1035D00093F8513100EE103AB8EE400B8549284679
:1035E0000BF040FF00287FF433AF6FF001072FE7A7
:1035F0007F4B93F8523100EE103AB8EE400B7E4903
:1036000028460BF02FFF00287FF430AF6FF0010742
:103610002CE7774B93F8533100EE103AB8EE400B9D
:10362000764928460BF01EFF00287FF42DAF6FF07F
:10363000010729E76E4B93ED500B714928460BF0BB
:1036400011FF00287FF42AAF6FF0010726E7684BCF
:1036500093ED560AB8EEC00B6A4928460BF002FFFC
:10366000D8B1634B93ED570AB8EEC00B66492846B4
:103670000BF0F8FEF8B15E4B93ED580AB8EEC00BB4
:10368000624928460BF0EEFE18B3614928460BF05C
:1036900043FF814658B30024CBE0554B93ED560AC7
:1036A000B8EEC00B574928460BF0DCFE0028D8D1F5
:1036B0006FF00107D5E74E4B93ED570AB8EEC00BFC
:1036C000514928460BF0CEFE0028D4D16FF00107F7
:1036D000D1E7474B93ED580AB8EEC00B4B4928464B
:1036E0000BF0C0FE0028D0D16FF00107CDE74849AC
:1036F00028460BF011FF002840F078816FF0030797
:1037000074E10BF023FF8046002840F09B804FF0CF
:10371000FF3797E004EBC402354B03EBC20393ED94
:10372000590AB8EEC00B3B4940460BF09BFE0028FF
:1037300040F098806FF0010794E004EBC4022C4B3A
:1037400003EBC20393F8683100EE103AB8EE400B79
:10375000314940460BF086FE002840F095806FF01E
:10376000010791E004EBC402214B03EBC20393ED8C
:103770005B0AB7EEC00A294940460BF073FE0028E9
:1037800040F092806FF001078EE004EBC402184B0A
:1037900003EBC20393ED5C0AB7EEC00A2049404632
:1037A0000BF060FE002840F08F806FF001078BE087
:1037B00004EBC4020E4B03EBC20393ED5D0AB7EEBC
:1037C000C00A184940460BF04DFE002840F08C809E
:1037D0006FF0010788E000BFF833002440E40408DC
:1037E000163400244CE404083434002458E404085B
:1037F0006033002464E4040874E4040884E40408E6
:1038000098E40408B0E40408B8E40408C0E4040838
:10381000C8E40408CCE40408D0E40408D8E40408AC
:10382000E0E40408E8E40408414648460BF0D4FD0F
:103830000134042C00F3DA800BF088FE8046002867
:103840003FF45FAF04EBC402AC4B03EBC20393ED58
:10385000590AB8EEC00BAA4940460BF003FE0028F7
:103860003FF458AF04EBC402A44B03EBC20393F83C
:10387000683100EE103AB8EE400BA24940460BF01A
:10388000F1FD00283FF459AF04EBC4029B4B03EB5E
:10389000C20393ED5B0AB7EEC00A9B4940460BF0AA
:1038A000E1FD00283FF45EAF04EBC402934B03EB51
:1038B000C20393ED5C0AB7EEC00A944940460BF090
:1038C000D1FD00283FF461AF04EBC4028B4B03EB46
:1038D000C20393ED5D0AB7EEC00A8D4940460BF076
:1038E000C1FD00283FF464AF04EBC402834B03EB3B
:1038F000C20393ED5E0AB7EEC00A864940460BF05C
:10390000B1FD002890D104EBC4027C4B03EBC20351
:1039100093ED5E0AB7EEC00A7E4940460BF0A2FD69
:10392000002881D16FF001077EE70BF00FFE0446FF
:10393000002865D000270BF009FE002869D00BF0A5
:1039400005FE00286CD00BF001FE00286FD06B4BF9
:1039500093F8D03200EE103AB8EE400B6E49204694
:103960000BF080FD002869D0644B93F8D13200EE53
:10397000103AB8EE400B694920460BF073FD002861
:103980006CD05E4B93F8D23200EE103AB8EE400B9A
:10399000634920460BF066FD00286FD0574B93F823
:1039A000D83200EE103AB8EE400B5E4920460BF0DC
:1039B00059FD002872D0514B93EDB50AB8EE400B7B
:1039C000594920460BF04EFD002878D04B4B93ED23
:1039D000B70AB8EEC00B554920460BF043FD00284E
:1039E0007CD02246524928460BF0FAFC002E00F00B
:1039F000498738460DF2044DBDEC048BBDE8F083D9
:103A00000BF0A4FD044608B1002794E74FF0FF3700
:103A100091E70BF09BFD002891D14FF0FF378EE727
:103A20000BF094FD00288ED14FF0FF378BE70BF0A1
:103A30008DFD00288BD14FF0FF3788E72F4B93F88F
:103A4000D03200EE103AB8EE400B334920460BF06E
:103A500009FD002888D16FF0010785E7274B93F80F
:103A6000D13200EE103AB8EE400B2C4920460BF054
:103A7000F9FC002885D16FF0010782E71F4B93F80E
:103A8000D23200EE103AB8EE400B254920460BF03A
:103A9000E9FC002882D16FF001077FE7174B93F80C
:103AA000D83200EE103AB8EE400B1E4920460BF01B
:103AB000D9FC00287FF47FAF6FF001077BE70F4B45
:103AC00093EDB50AB8EE400B174920460BF0CAFC3F
:103AD00000287FF47BAF6FF0010777E7074B93ED8A
:103AE000B70AB8EEC00B114920460BF0BBFC00280A
:103AF0007FF477AF6FF0010773E700BF60330024F6
:103B0000CCE40408D0E40408D8E40408E0E40408A1
:103B1000E8E40408F0E40408F8E4040800E5040814
:103B20000CE5040814E504081CE5040828E504086D
:103B300034E50408B64B93F8E03200EE103AB8EEE4
:103B4000400BB44928460BF08DFC002800F08B8018
:103B5000AF4B93F8E13200EE103AB8EE400BAE49AD
:103B600028460BF07FFC002800F08E80AB4AAC4961
:103B700028460BF0ABFC002800F09780A44B93F88C
:103B8000E23200EE103AB8EE400BA64928460BF0A0
:103B900069FC002800F09480A34AA44928460BF051
:103BA00095FC002800F09D80994B93EDE60AB8EE55
:103BB000C00B9F4928460BF055FC002800F09C8064
:103BC0009C4A9D4928460BF081FC002800F0A38008
:103BD0009A4A9B4928460BF079FC002800F0A68001
:103BE000984A994928460BF071FC002800F0A980FA
:103BF000964A974928460BF069FC002800F0AC80F3
:103C0000944A954928460BF061FC002800F0AF80EB
:103C10007F4B93EDF00AB8EEC00B904928460BF0AD
:103C200021FC002800F0AE80794B93F89C3300EE25
:103C3000103AB8EE400B8A4928460BF013FC0028D6
:103C40007FF4D4AE724B93F89C3300EE103AB8EE8A
:103C5000400B834928460BF005FC00287FF4C6AED4
:103C60006FF00107C2E66A4B93F8E03200EE103ABB
:103C7000B8EE400B674928460BF0F4FB00287FF4B0
:103C800067AF6FF0010763E7614B93F8E13200EE35
:103C9000103AB8EE400B604928460BF0E3FB0028D1
:103CA0007FF464AF6FF0010760E75C4A5C49284627
:103CB0000BF00CFC00287FF461AF6FF001075DE7AB
:103CC000534B93F8E23200EE103AB8EE400B5549F0
:103CD00028460BF0C7FB00287FF45EAF6FF00107AA
:103CE0005AE7514A514928460BF0F0FB00287FF46F
:103CF0005BAF6FF0010757E7454B93EDE60AB8EE6F
:103D0000C00B4B4928460BF0ADFB00287FF458AFA1
:103D10006FF0010754E7474A474928460BF0D6FBA6
:103D200000287FF455AF6FF0010751E7434A44493B
:103D300028460BF0CBFB00287FF452AF6FF0010751
:103D40004EE7404A404928460BF0C0FB00287FF46C
:103D50004FAF6FF001074BE73C4A3D4928460BF057
:103D6000B5FB00287FF44CAF6FF0010748E7394AF4
:103D7000394928460BF0AAFB00287FF449AF6FF0C1
:103D8000010745E7224B93EDF00AB8EEC00B33492B
:103D900028460BF067FB00287FF446AF6FF0010761
:103DA00042E71B4B93F8C43300EE103AB8EE400BD9
:103DB000184928460BF056FBD0B1154B93EDF20A8B
:103DC000B8EEC00B274928460BF04CFB00287FF4C7
:103DD0000DAE0F4B93EDF20AB8EEC00B2149284609
:103DE0000BF040FB00287FF401AE6FF00107FDE50A
:103DF000074B93F8C43300EE103AB8EE400B054978
:103E000028460BF02FFB0028D7D16FF00107D4E72D
:103E100060330024F8E404083CE50408003700247B
:103E20004CE5040800E504084436002450E5040885
:103E300060E50408E436002470E5040858360024E0
:103E400080E504086C36002490E5040880360024E0
:103E500098E50408B2360024A8E50408B8E504088B
:103E6000C8E5040828E50408B14B93F8CC3300EE0C
:103E7000103AB8EE400BAF4928460BF0F3FAD0B138
:103E8000AB4B93EDF40AB8EEC00BAB4928460BF0F0
:103E9000E9FA00287FF4AAADA54B93EDF40AB8EE39
:103EA000C00BA54928460BF0DDFA00287FF49EAD33
:103EB0006FF001079AE59E4B93F8CC3300EE103A71
:103EC000B8EE400B9B4928460BF0CCFA0028D7D11E
:103ED0006FF00107D4E7994B9B7800EE103AB8EEEB
:103EE000400B974928460BF0BDFA00284ED0934B63
:103EF0005B7800EE103AB8EE400B924928460BF082
:103F0000B1FA002851D08D4BDB7803F5FA6300EE4F
:103F1000103AB8EEC00B8C4928460BF0A3FA0028E3
:103F200052D08A4B1B7800EE103AB8EE400B88490D
:103F300028460BF097FA002857D0844B5B7800EEA8
:103F4000103AB8EE400B834928460BF08BFA002854
:103F50005AD07E4B9B7800EE103AB8EE400B7E496B
:103F600028460BF07FFA00287FF440AD774B9B7812
:103F700000EE103AB8EE400B774928460BF072FA83
:103F800000287FF433AD6FF001072FE56B4B9B7872
:103F900000EE103AB8EE400B694928460BF062FA81
:103FA0000028A4D16FF00107A1E7644B5B7800EE15
:103FB000103AB8EE400B634928460BF053FA00283C
:103FC000A1D16FF001079EE75C4BDB7803F5FA6344
:103FD00000EE103AB8EEC00B5B4928460BF042FAEF
:103FE00000289ED16FF001079BE7584B1B7800EE2D
:103FF000103AB8EE400B564928460BF033FA002829
:104000009BD16FF0010798E7504B5B7800EE103AB8
:10401000B8EE400B4F4928460BF024FA002898D1FF
:104020006FF0010795E7424B1B7D00EE103AB8EEAA
:10403000400B404928460BF015FAD0B13C4B93EDAC
:10404000040AB8EE400B454928460BF00BFA00284D
:104050007FF4CCAC364B93ED040AB8EE400B3F49ED
:1040600028460BF0FFF900287FF4C0AC6FF0010781
:10407000BCE42F4B1B7D00EE103AB8EE400B2D49EF
:1040800028460BF0EFF90028D8D16FF00107D5E7EB
:10409000274B93F8D43300EE103AB8EE400B30497A
:1040A00028460BF0DFF908B1002315E0204B93F808
:1040B000D43300EE103AB8EE400B294928460BF0F5
:1040C000D1F90028F0D16FF00107EDE7012A0FD0F8
:1040D00030220DF8032001330B2B0DD8144A1A445B
:1040E00092F8D523002AF1D130220DF80320F2E70F
:1040F00031220DF80320EEE70C2303E030220DF807
:10410000032001331F2BF9D96A46164928460BF0C4
:10411000DDF900287FF46AAC6A46124928460BF0A4
:10412000D5F900287FF462AC6FF001075EE400BFB0
:1041300060330024F8E40408DCE50408F48E00246D
:10414000E4E50408E8E50408ECE50408E08E002452
:1041500064E60408F0E50408F4E50408F8E504085A
:1041600000E6040808E604087B4B93ED010AB8EE6C
:10417000C00B7A4928460BF075F948B3764B5A685C
:1041800012F0070F34D01346002A2FDBDB10013367
:1041900007EE903AB8EEE70B714928460BF062F94A
:1041A00088B3704B93ED000AB8EEC00B6E492846F9
:1041B0000BF058F900284AD06C4928460BF0ACF9AE
:1041C0008146002851D0674B1C68013CE400DEE0CA
:1041D000614B93ED010AB8EEC00B604928460BF025
:1041E00041F90028CAD16FF00107C7E7D31DCDE719
:1041F0001346002A05DBDB1000EE103AB8EEC00BC8
:10420000CAE7D31DF7E7544B5A6812F0070F13D0D3
:104210001346002A0EDBDB10013307EE903AB8EEAE
:10422000E70B4F4928460BF01DF90028B9D16FF074
:104230000107B6E7D31DEEE71346002A05DBDB10C6
:1042400000EE103AB8EEC00BEBE7D31DF7E7454B95
:1042500093ED000AB8EEC00B434928460BF002F973
:104260000028A9D16FF00107A6E7404928460BF0C6
:1042700053F981460028A6D16FF00307A3E70BF09E
:1042800065F9002840F094804FF0FF3790E004EB90
:104290004402314B03EB42035B7A00EE103AB8EE76
:1042A000400B334940460BF0DDF8002840F0918088
:1042B0006FF001078DE004EB4402274B03EB420350
:1042C0001B7A00EE103AB8EE400B2A4940460BF03C
:1042D000C9F8002840F08E806FF001078AE004EBF7
:1042E00044021D4B03EB42039B7A00EE103AB8EEFA
:1042F000400B214940460BF0B5F8002840F08B8078
:104300006FF0010787E004EB4402134B03EB420319
:10431000DB7A00EE103AB8EE400B184940460BF03D
:10432000A1F8002840F088806FF0010784E004EBDA
:104330004402094B03EB42031B7B00EE103AB8EE3C
:10434000400B0F4940460BF08DF8002840F0858067
:104350006FF0010781E000BFC82F002410E60408B9
:104360001CE604083CE5002428E6040838E60408B6
:1043700044E60408F8E404084CE6040854E604089B
:1043800060E60408414648460BF026F80134BE4B6F
:104390005A68BE4B1B68DB009342A8BF1346A3427A
:1043A0007FF724AB0BF0D2F8804600283FF467AFCC
:1043B00004EB4402B44B03EB42035B7A00EE103A89
:1043C000B8EE400BB24940460BF04CF800283FF4E1
:1043D0005EAF04EB4402AC4B03EB42031B7A00EEEE
:1043E000103AB8EE400BAB4940460BF03BF80028C2
:1043F0003FF461AF04EB4402A34B03EB42039B7A0F
:1044000000EE103AB8EE400BA34940460BF02AF8F4
:1044100000283FF464AF04EB44029B4B03EB4203E0
:10442000DB7A00EE103AB8EE400B9C4940460BF0A8
:1044300019F800283FF467AF04EB4402924B03EBFA
:1044400042031B7B00EE103AB8EE400B9449404605
:104450000BF008F800283FF46AAF04EB44028A4BE3
:1044600003EB42035B7B00EE103AB8EE400B8D4944
:1044700040460AF0F7FF002884D104EB4402824B47
:1044800003EB42035B7B00EE103AB8EE400B85492C
:1044900040460AF0E7FF00287FF474AF6FF0010791
:1044A00070E7814B1B7900EE103AB8EE400B7F4964
:1044B00028460AF0D7FF00283ED07B4B93ED020A36
:1044C000B8EEC00B7A4928460AF0CCFF002842D04B
:1044D000754B5B7900EE103AB8EE400B75492846F3
:1044E0000AF0C0FF002844D06F4B1B7913F0070F70
:1044F0004ED0DB08013307EE903AB8EEE70B6E4979
:1045000028460AF0AFFF002848D0604B93ED000A20
:10451000B8EEC00B694928460AF0A4FF002857D01E
:10452000674928460AF0F8FF814600285ED0574BBD
:104530001C68013CE4000AE15B4B1B7900EE103A79
:10454000B8EE400B594928460AF08CFF0028B4D138
:104550006FF00107B1E7544B93ED020AB8EEC00BC0
:10456000534928460AF07EFF0028B1D16FF00107B9
:10457000AEE74D4B5B7900EE103AB8EE400B4D497B
:1045800028460AF06FFF0028AED16FF00107ABE7B5
:10459000DB0800EE103AB8EEC00BB0E7424B1B79D7
:1045A00013F0070F0ED0DB08013307EE903AB8EE98
:1045B000E70B414928460AF055FF0028A5D16FF0C6
:1045C0000107A2E7DB0800EE103AB8EEC00BF0E7F7
:1045D0002E4B93ED000AB8EEC00B384928460AF07E
:1045E00041FF00289CD16FF0010799E73449284624
:1045F0000AF092FF8146002899D16FF0030796E7F1
:104600000AF0A4FF8046002840F0B2804FF0FF3748
:10461000AEE004EB8402244B03EB82039B7C00EEB0
:10462000103AB8EE400B274940460AF01BFF00281D
:1046300040F0AF806FF00107ABE004EB84021A4B4F
:1046400003EB820393ED050AB8EEC00B1E4940460A
:104650000AF008FF002840F0AC806FF00107A8E0E6
:1046600004EB8402104B03EB82031B7E00EE103A36
:10467000B8EE400B154940460AF0F4FE002840F021
:10468000A9806FF00107A5E0C82F00243CE50024B5
:1046900044E60408F8E404084CE6040854E6040878
:1046A00060E6040868E60408E827002470E60408C9
:1046B0007CE6040888E604081CE6040828E60408EA
:1046C00094E60408A0E60408A8E60408B8E604088E
:1046D00004EB84027A4B03EB820393ED070AB8EEF6
:1046E000C00B784940460AF0BDFE002840F08280A9
:1046F0006FF001077EE004EB8402714B03EB820351
:1047000093F8203000EE103AB8EE400B6E49404668
:104710000AF0A8FE00287FD16FF001077CE004EBCF
:104720008402674B03EB82031B7C00EE103AB8EE69
:10473000400B664940460AF095FE00287DD16FF097
:1047400001077AE0414648460AF046FE01345C4BD8
:104750001B795F4A1268D2009342A8BF1346A34256
:104760007FF744A90AF0F2FE804600283FF448AFE4
:1047700004EB8402524B03EB82039B7C00EE103A65
:10478000B8EE400B534940460AF06CFE00283FF457
:1047900040AF04EB84024A4B03EB820393ED050A1E
:1047A000B8EEC00B4C4940460AF05CFE00283FF4CE
:1047B00044AF04EB8402424B03EB82031B7E00EE0A
:1047C000103AB8EE400B454940460AF04BFE00282F
:1047D0003FF446AF04EB8402394B03EB820393EDC5
:1047E000070AB8EEC00B374940460AF03BFE0028E6
:1047F0003FF46EAF04EB8402314B03EB820393F87A
:10480000203000EE103AB8EE400B2F4940460AF037
:1048100029FE00283FF46FAF04EB8402284B03EB22
:1048200082031B7C00EE103AB8EE400B274940464D
:104830000AF018FE00283FF472AF04EB8402204B0C
:1048400003EB82035B7C00EE103AB8EE400B244988
:1048500040460AF007FE00287FF474AF04EB8402A0
:10486000174B03EB82035B7C00EE103AB8EE400B73
:104870001B4940460AF0F6FD00287FF463AF6FF055
:1048800001075FE74FF4806422460021684623F069
:1048900017FE00232246694628460AF051FD08B952
:1048A0006FF002076946DDF8340424F012F8002D99
:1048B0003FF49FA828460AF02DF8FFF79AB800BFEA
:1048C000E8270024C0E60408CCE60408D4E604087F
:1048D0003CE50024A0E60408A8E60408B8E60408BD
:1048E000E0E604080000000030B585B04FF47A70AF
:1048F00019F072F980E00021012002F031FEC24877
:1049000002F0F8FD0021022002F02AFEBF4802F06A
:10491000F1FD0921012002F023FEBD4B93F9333054
:1049200000EE103A0020B8EEC00A02F02BFE09217A
:10493000022002F015FEB74B5B781BB1B64802F0BF
:10494000D9FD59E0B54B1B781BB1B54802F0D2FD3B
:1049500052E0B44802F0CEFD4EE00021012002F00A
:10496000FFFDB14802F0C6FD0021022002F0F8FD73
:10497000AE4802F0BFFD0621012002F0F1FDAC4B74
:10498000D3ED047AF5EE407AF1EE10FA25D0A94B7A
:1049900093ED046AB7EEC66A9FED937B37EE467BD4
:1049A0009FED936B27EE067B9FED935B87EE056B88
:1049B0009FED937B37EE467BB7EEC70BDFED9E7A1C
:1049C000B4EEE70AF1EE10FA36DCB5EEC00AF1EE0D
:1049D00010FA04D59FED990A01E09FED980A002096
:1049E00002F0D0FD0621022002F0BAFD0220914B18
:1049F00093ED030A02F0C6FD914B1B78002BFBD10F
:104A00004FF47A7019F0E8F802F07EFD8D4B1B78B8
:104A1000062BF1D801A252F823F000BFF748020894
:104A20005B4902083F4A0208A34A0208E94A020811
:104A30002F4B02087B4B02089FED7F0ACFE7002136
:104A4000012002F08DFD804802F054FD002102207B
:104A500002F086FD7D4802F04DFD7D4BD3ED007ADE
:104A6000FCEEE77A17EE903A98B260F30F04002359
:104A700006E0302103F110026A4402F80C1C0133F5
:104A8000072B07DC9A1D40FA02F212F0010FF0D05A
:104A90003121EFE700238DF80C3001A802F02AFD48
:104AA000AAE70021012002F05BFD6A4802F022FD26
:104AB0000021022002F054FD674802F01BFD08218E
:104AC000012002F04DFD0320644B93ED000A02F03B
:104AD00059FD0821022002F043FD0220604B93EDB6
:104AE000000A02F04FFD87E70021012002F038FDA7
:104AF0005C4802F0FFFC0021022002F031FD5A4820
:104B000002F0F8FC0821012002F02AFD0320574B97
:104B100093ED000A02F036FD0821022002F020FD8C
:104B20000220534B93ED000A02F02CFD64E70021B4
:104B3000012002F015FD4F4802F0DCFC00210220AC
:104B400002F00EFD4C4802F0D5FC0721012002F0D6
:104B500007FD4A4D05F6F423022093ED000A02F00A
:104B600011FD0721022002F0FBFC05F6F8250220CA
:104B700095ED000A02F006FD3EE7414B93F8DB3568
:104B80001BB9304B00221A7036E70021012002F0D9
:104B9000E7FC3C4802F0AEFC0021022002F0E0FC01
:104BA000394802F0A7FC0B21012002F0D9FC374B59
:104BB000B3F9003000EE103A0020B8EEC00A02F05F
:104BC000E1FC0B21022002F0CBFC314B1B78134A95
:104BD0001278304901A823F05FFB01A802F08AFC9B
:104BE0000AE700BFAFF300803333333333332C4055
:104BF00000000000000054409A9999999999054045
:104C00000000000000005940ECE60408F8E6040843
:104C100024C10024988A002404E70408C5870024DE
:104C2000B8FF04080CE7040814E704081CE70408AC
:104C3000143A0024DC0700240000C84200000000F1
:104C4000DAD10024506A002424E7040834E7040879
:104C5000A41C04243CE7040848E704089037002417
:104C6000941C042454E7040860E70408A4370024D3
:104C7000981C04246CE7040874E7040874110424E5
:104C8000603300247CE7040888E70408628F00246E
:104C9000648F002494E7040810B588B00DF1040C6B
:104CA000074C0FCCACE80F0094E807008CE8070035
:104CB000002101A818F05DFF024B186008B010BD7C
:104CC000ACDA0408343A002408B50138132810D8A7
:104CD000DFE800F00A10161C222930373E454C53FD
:104CE0005A61686F757B828901220821414813F05F
:104CF00024FF08BD012210213E4813F01EFFF8E7F3
:104D0000012220213B4813F018FFF2E70122402145
:104D1000384813F012FFECE701224FF48041354888
:104D200013F00BFFE5E700224FF40041314813F088
:104D300004FFDEE701224FF480512F4813F0FDFEFF
:104D4000D7E700224FF400512B4813F0F6FED0E7CE
:104D500001224FF48041284813F0EFFEC9E70022FA
:104D60004FF40041244813F0E8FEC2E701224FF45B
:104D70008071224813F0E1FEBBE700224FF400717E
:104D80001E4813F0DAFEB4E701224FF480611B489D
:104D900013F0D3FEADE700224FF48041174813F023
:104DA000CCFEA6E701224FF40041144813F0C5FEE3
:104DB0009FE700224021124813F0BFFE99E701222D
:104DC00080210F4813F0B9FE93E700224FF4807161
:104DD0000B4813F0B2FE8CE701224FF40071084833
:104DE00013F0ABFE85E700224FF48071054813F005
:104DF000A4FE7EE70010025800040258000C02587E
:104E0000000802580000025808B50138132810D8CD
:104E1000DFE800F00A10161C222930373E454C53BB
:104E20005A61686F757B828900220821414813F01E
:104E300084FE08BD002210213E4813F07EFEF8E7F4
:104E4000002220213B4813F078FEF2E700224021A7
:104E5000384813F072FEECE700224FF480413548E9
:104E600013F06BFEE5E700224FF40041314813F0E8
:104E700064FEDEE700224FF480512F4813F05DFE00
:104E8000D7E700224FF400512B4813F056FED0E72D
:104E900000224FF48041284813F04FFEC9E700225A
:104EA0004FF40041244813F048FEC2E700224FF4BB
:104EB0008071224813F041FEBBE700224FF40071DD
:104EC0001E4813F03AFEB4E700224FF480611B48FD
:104ED00013F033FEADE700224FF48041174813F082
:104EE0002CFEA6E700224FF40041144813F025FEE3
:104EF0009FE700224021124813F01FFE99E700228D
:104F000080210F4813F019FE93E700224FF48071BF
:104F10000B4813F012FE8CE700224FF40071084892
:104F200013F00BFE85E700224FF48071054813F063
:104F300004FE7EE70010025800040258000C0258DC
:104F4000000802580000025808B50138132810D88C
:104F5000DFE800F00A10161C222930373E454C537A
:104F60005A61686F757B828900220821414813F0DD
:104F7000E4FD08BD002210213E4813F0DEFDF8E7F5
:104F8000002220213B4813F0D8FDF2E70022402107
:104F9000384813F0D2FDECE700224FF48041354849
:104FA00013F0CBFDE5E701224FF40041314813F047
:104FB000C4FDDEE700224FF480512F4813F0BDFD01
:104FC000D7E701224FF400512B4813F0B6FDD0E78C
:104FD00000224FF48041284813F0AFFDC9E70122B9
:104FE0004FF40041244813F0A8FDC2E700224FF41B
:104FF0008071224813F0A1FDBBE701224FF400713C
:105000001E4813F09AFDB4E700224FF480611B485C
:1050100013F093FDADE701224FF48041174813F0E0
:105020008CFDA6E700224FF40041144813F085FDE3
:105030009FE701224021124813F07FFD99E70022EB
:1050400080210F4813F079FD93E701224FF480711E
:105050000B4813F072FD8CE700224FF400710848F2
:1050600013F06BFD85E701224FF48071054813F0C2
:1050700064FD7EE70010025800040258000C02583C
:10508000000802580000025808B5414B1B78012B5C
:1050900003D1404B1B78002B35D002213E4813F042
:1050A00045FD002860D03D4B4FF07E521A6008212C
:1050B000394813F03BFD00285AD0384B4FF07E5250
:1050C0005A604FF48061364813F030FD002853D009
:1050D000324B4FF07E529A604FF40061304813F02B
:1050E00025FD00284CD02D4B4FF07E52DA604FF456
:1050F00080512B4813F01AFD002845D0274B4FF064
:105100007E521A6108BD0121234813F00FFDD8B16A
:10511000244B01221A7004211F4813F007FDB8B177
:10512000204B01225A7002211B4813F0FFFC98B15A
:105130001C4B01229A700821174813F0F7FC78B134
:10514000184B0122DA70DDE7164B00221A70E2E7F5
:10515000144B00225A70E6E7124B00229A70EAE7DD
:10516000104B0022DA70CDE70C4B00221A609EE74C
:105170000A4B00225A60A4E7084B00229A60ABE772
:10518000064B0022DA60B2E7044B00221A61B9E74D
:10519000DAD10024D9D1002400000258143A0024A6
:1051A000001002580C3A0024F0B597B0C04B1D789F
:1051B00015B9C04B1B79D3B9BE4B1B79002B00F03E
:1051C000B981BD4B1B78012B00F0B48117B0F0BD45
:1051D0002046FFF779FD0134E4B2042CF8D94FF4EE
:1051E000FA6018F0F9FCFFF74FFF2B460AE00124A4
:1051F000F3E7B24AD15C03F158026A4402F81C1C7E
:105200000133DBB2032BF4D9012404E02046FFF77D
:10521000FBFD0134E4B2042CF8D94FF4FA6018F025
:10522000DBFCFFF731FF2B4608E0A44AD15C03F119
:1052300058026A4402F8381C0133DBB2032BF4D95C
:10524000052404E02046FFF73FFD0134E4B20C2CB6
:10525000F8D94FF4FA6018F0BFFCFFF715FF974B31
:105260001A788DF840208DF841205A788DF8422028
:105270008DF843209A788DF844208DF84520DB780E
:105280008DF846308DF84730052404E02046FFF7BE
:10529000BBFD0134E4B20C2CF8D94FF4FA6018F0DD
:1052A0009BFCFFF7F1FE854B1A788DF824208DF8D2
:1052B00025205A788DF826208DF827209A788DF8A9
:1052C00028208DF82920DB788DF82A308DF82B30B6
:1052D000052404E02046FFF737FE0134E4B20C2C2D
:1052E000F8D94FF4FA6018F077FCFFF7CDFE734B56
:1052F0001A788DF808208DF809205A788DF80A2040
:105300008DF80B209A788DF80C208DF80D20DB7825
:105310008DF80E308DF80F30052404E02046FFF79D
:1053200073FD0134E4B20C2CF8D94FF47A7018F004
:1053300053FC0D2404E02046FFF7C6FC0134E4B220
:10534000142CF8D94FF4FA6018F046FCFFF79CFED5
:105350005A4B1A788DF848208DF849205A788DF8E4
:105360004A208DF84B209A788DF84C208DF84D20EE
:10537000DB788DF84E308DF84F300D2404E0204658
:10538000FFF742FD0134E4B2142CF8D94FF4FA606F
:1053900018F022FCFFF778FE484B1A788DF82C2085
:1053A0008DF82D205A788DF82E208DF82F209A78A0
:1053B0008DF830208DF83120DB788DF832308DF883
:1053C00033300D2404E02046FFF7BEFD0134E4B283
:1053D000142CF8D94FF4FA6018F0FEFBFFF754FED6
:1053E000364B1A788DF810208DF811205A788DF8E8
:1053F00012208DF813209A788DF814208DF815203E
:10540000DB788DF816308DF817300D2404E0204637
:10541000FFF7FAFC0134E4B2142CF8D94FF47A7097
:1054200018F0DAFB264F01221146384613F085FBAF
:105430004FF4FA6018F0D0FBFFF726FE1F4E3478C9
:105440008DF8504000220121384613F076FB4FF4CE
:10545000FA6018F0C1FBFFF717FE96F800C08DF850
:1054600034C02B4604E0174A0121D1540B44DBB26F
:10547000032BF8D906E000221349CA541149CA5433
:105480000135EDB2032D21D82B4605F158026A44AF
:1054900012F81C2C002AEED105F158026A4412F8C9
:1054A000382C012AE7D1084A01215155E8E700BF0D
:1054B000D9D100246033002451E500240C3A0024A3
:1054C00000040258B0D10024B8D10024042304E021
:1054D0003C49002088540133DBB2132B19D81A46FB
:1054E00003F15801694411F81C1C0029F0D103F1A3
:1054F0005801694411F8381C0129E9D103F1580118
:10550000694411F8541C0029E2D12E490120C854E5
:10551000E1E714B9BCF1010F08D02A4B00221A753B
:105520000123294A1370294A137045E6254B0122AD
:105530001A75F5E7264B00221A701DE0012211466C
:10554000244813F0FAFA01221146234813F0F5FA21
:1055500001F0DAFF0021012002F002F81F4801F0FB
:10556000C9FF0021022001F0FBFF1D4801F0C2FF2E
:105570004FF47A7018F030FB0221164813F0D6FA77
:105580000028DBD000220121124813F0D6FA0022B5
:105590000121114813F0D1FA01F0B6FF00210120DA
:1055A00001F0DEFF0D4801F0A5FF0021022001F00F
:1055B000D7FF0C4801F09EFF4FF47A7018F00CFBF7
:1055C000DAE700BFB8D10024D9D100245AE500247D
:1055D00051E5002400100258000C02589CE7040812
:1055E000C4E70408B0E704082DE9F04105460E467B
:1055F00017469846069C036D00226169206998470A
:10560000AD6C2369424639463046A8476369034476
:105610006361BDE8F0812DE9F04105460E4617466D
:105620009846069C036D0022616920699847ED6CDD
:105630002369424639463046A8476369034463619B
:10564000BDE8F08112B9416110467047012A04D1CA
:1056500043690B4443610020704710B5064C07496D
:10566000204622F019FE0122214610460AF02EF9AA
:105670004FF0FF3010BD00BF08080024E0E7040829
:105680002DE9F04182B05569002D46DB07460E46F4
:1056900014465168B5FBF1F89368434514D0B3F153
:1056A000FF3F21D16168002208FB01F12046FFF78E
:1056B000C9FF00946368012221683046FFF794FF18
:1056C0006368E360C4F808806268B5FBF2F302FB2C
:1056D00013532268D7540022691C2046FFF7B2FFFB
:1056E000002002B0BDE8F081002203FB01F120465A
:1056F000FFF7A8FF0094E368012221683046FFF716
:105700008AFFB36D002BCDD0642005FB00F0F26D55
:1057100090FBF2F0C0B29847C4E74FF0FF30E0E7EB
:10572000F0B583B04D69002D29DB06460C4649686B
:10573000B5FBF1F7A368BB4211D16268B5FBF2F388
:1057400002FB1353E26893421CD22268D65C00220B
:10575000691C2046FFF776FF304603B0F0BD0022FB
:1057600007FB01F12046FFF76DFF009463680122FB
:1057700021683046FFF738FFE060A760DDE74FF0B3
:10578000FF30EAE74FF0FF30E7E72DE9F843054641
:10579000894616461F469DF820800EE001224FF0F4
:1057A000FF314846FFF74EFFBDE8F8833A462946E9
:1057B000FFF766FFB8F1000F29D131462846FFF701
:1057C000AFFFB0F1FF3FE9D0A728EFD1314628461F
:1057D000FFF7A6FF0446B0F1FF3F1ED0A72823D055
:1057E000A0F1A203042B2CD93A462946A720FFF7A3
:1057F00047FF3A4629462046FFF742FFB8F1000F1F
:10580000DBD0012202214846FFF71CFFD5E7012229
:1058100011464846FFF716FFCFE701224FF0FF3150
:105820004846FFF70FFFBFE73A462946FFF728FF34
:10583000B8F1000FC1D0012211464846FFF702FF20
:10584000BBE701226FF001013046FFF7FBFEABE73B
:10585000F0B583B005460C464E694968B6FBF1F7D2
:1058600001FB1766A368BB4202D0B3F1FF3F13D11F
:105870006168002207FB01F12046FFF7E3FE009478
:105880003346012221682846FFF7C5FEAB6D0BB1F8
:105890006420984703B0F0BD002203FB01F12046CD
:1058A000FFF7D0FE0094E368012221682846FFF745
:1058B000B2FEDDE770B505460E46FFF731FFC3B215
:1058C000FB2B1DD90446FC2B1DD0FD2B23D0FE2B1A
:1058D0002CD131462846FFF723FF040631462846DF
:1058E000FFF71EFF04EB004431462846FFF718FF80
:1058F00004EB002431462846FFF712FF204470BD18
:1059000018460130FBE731462846FFF709FF50FAF9
:1059100084F00130F3E731462846FFF701FF040227
:1059200031462846FFF7FCFE2044E8E7074DC3B2A6
:10593000A3220749284622F0AFFC0122294610463F
:1059400009F0C4FF4FF0FF30D9E700BF080800247A
:1059500020E804087AB908B543688B4203D369B1DB
:10596000016010460BE001220549104609F0AEFF28
:105970004FF0FF3003E04FF0FF307047084608BD9E
:105980004CE8040838B50D4614461A6811195B68CE
:10599000994200D99C1A15FB04F189B201F098FFD5
:1059A00008B1002038BD012018F016F905FB04F0FD
:1059B000F8E700002DE9F04107460E4614461D4663
:1059C0001A6811195B68994200D99C1A06FB04F306
:1059D000B3F5805F0AD0B3F5805F18D300240120AF
:1059E00018F0FAF806FB04F0BDE8F0814FF480519E
:1059F000384601F0F3FE0028F1D10A2018F0ECF847
:105A00002A684FF48051384601F0E8FEE7E70122AA
:105A10000F49104609F05AFF2868C0F30B039BB1E9
:105A200016FB04F81FFA88F82A684146384611F038
:105A300091F90028D3D00A2018F0CEF82A68414600
:105A4000384611F087F9CAE7012111F06BF9E7E751
:105A50005CE8040884B070B582B006AC84E80F003E
:105A60001E9D1F9C209A4FF0FF3308930E931493B2
:105A70002B680B9323681193136817930A9510945E
:105A800016921C9B002B35D01B9B002B32D0022280
:105A9000002128461A9B984728461B9B9847024698
:105AA0001D90944E9449304622F0F6FB0122314677
:105AB000104609F00BFF0022114628461A9B984712
:105AC0000222002120461A9B984720461B9B98479C
:105AD0001D9A02441D928949304622F0DDFB0122C5
:105AE0003146104609F0F2FE0022114620461A9B6C
:105AF000984776E000231C9373E00CA906A8FFF7F3
:105B00000FFEB0F1FF3F00F0D980C0F2DE80A62882
:105B100000F3DB80A228C0F2D880A238042800F26B
:105B2000D480DFE800F07703A16E56000CA906A828
:105B3000FFF7C0FE0546B0F1FF3F0FD00024AC4296
:105B40004FDA06A90846FFF7EBFDB0F1FF3F22DB75
:105B500012AA06A9FFF794FD0134F0E7654C684DE1
:105B60000FCD20606160A260E3602868206101229F
:105B70002146104609F0AAFE179B0093119B0B9A31
:105B80006049204622F088FB01222146104609F098
:105B90009DFE012018E0574C02465B49204622F04A
:105BA0007BFB01222146104609F090FE179B0093D3
:105BB000119B0B9A5349204622F06EFB012221468D
:105BC000104609F083FE012002B0BDE8704004B029
:105BD00070470123009312AB0CAA06A90846FFF7F1
:105BE000D4FD0CA906A8FFF79BFDB0F1FF3F7BD0C9
:105BF000A72882D001224FF0FF310CA8FFF722FD29
:105C0000E7E70023009312AB0CAA06A90846FFF7AA
:105C1000BCFDE6E70CA906A8FFF74CFEB0F1FF3F7C
:105C200005D00122414206A8FFF70CFDD9E7314C0F
:105C3000364D0FCD20606160A260E360286820616E
:105C400001222146104609F041FE179B0093119B4B
:105C50000B9A2C49204622F01FFB012221461046B8
:105C600009F034FE0120AFE70CA906A8FFF722FED9
:105C70000146B0F1FF3F04D0012206A8FFF7E2FC85
:105C8000AFE71C4C224D0FCD20606160A260E36045
:105C90002868206101222146104609F017FE179B53
:105CA0000093119B0B9A1749204622F0F5FA012226
:105CB0002146104609F00AFE012085E701224FF037
:105CC000FF3106A8FFF7BEFC8BE701226FF0010150
:105CD0000CA8FFF7B7FC0123009312AB0CAA06A98E
:105CE0000846FFF752FD7CE712A906A8FFF7B0FDB2
:105CF000002069E70808002484E80408A0E80408F4
:105D0000BCE80408D0E8040800E904082CE9040809
:105D100040E9040838B505460024AC421AD20E4AC0
:105D200022444FF480510D4801F0D2FD0028F4D1F7
:105D3000012017F051FF04F54E224FF4805107481F
:105D400001F04CFD0028E8D1012017F045FF04F5D3
:105D50008054E2E7012038BD0050EB00384A0024AF
:105D600010B51B481B4B03604FF4E1334360002325
:105D70008360C36003610C2242618361C36103627B
:105D80004362836217F061FDB0B90021104817F03B
:105D90009BFEA0B900210E4817F0BBFE90B90C483D
:105DA00017F073FE88B90A4C0A21204617F098F8BC
:105DB000204617F0A1F810BD0EF054FAE5E70EF0FA
:105DC00051FAE7E70EF04EFAE9E70EF04BFAEAE790
:105DD00018F600240044004010B588B00DF1040C02
:105DE000074C0FCCACE80F0094E807008CE80700E4
:105DF000002101A817F0BDFE024B186008B010BDCD
:105E0000C8DA0408406A002410B58CB241F2883325
:105E100022460146024817F04BFC204610BD00BF49
:105E200018F6002470B582B004460E4615465C2272
:105E30008DF8072063B985B93CB1EEB92046FAF771
:105E4000AFFA01462046FFF7DFFFFDB902B070BD93
:105E500001211148FFF7D8FFEDE701210F48FFF7B7
:105E6000D3FFE9E701210DF10700FFF7CDFF012185
:105E70002046FFF7C9FF01342378002BE5D0222B01
:105E800018BF2C2BEED05C2BF1D1EBE7012103489E
:105E9000FFF7BAFFDAE700BF54E9040858E904083D
:105EA00030B585B00C46154600231A4601A909F005
:105EB00079FB55B974B901A8FAF772FA014601A83D
:105EC000FFF7A2FF5CB905B030BD01210648FFF71E
:105ED0009BFFEFE701210548FFF796FFEBE7012164
:105EE0000248FFF791FFEEE754E9040858E9040877
:105EF00010B50C460138CC2800F2E684DFE810F03B
:105F0000CD00E000040112012401E404E404E404EF
:105F1000360248025A029E02B002C202D402F602BF
:105F2000080336029E02E404E404E404E404E40406
:105F3000E404E404E404E404E404E404E404E40421
:105F4000E404E404E404E404E404E404E404E40411
:105F5000E404E404E404E404E404E404E404E40401
:105F6000E404E404E404E404E404E404E404E404F1
:105F7000E404E404E404E404E404E404E404E404E1
:105F8000E404E404E404E404E4045A016C01900130
:105F90007E014801E404E404E404E404E404E404C9
:105FA000E404E404E404E404E404E404E404E404B1
:105FB0003601E404E404E404E404E404E404E40452
:105FC000E404E404E404E404EE01E404E404E4048A
:105FD000E4040002D801E404A201B401C601E4040F
:105FE0001202E404E404E404E404E404E404E40445
:105FF000E404E404E404E404E404E404E404E40461
:10600000E404E404E404E404E404E404E404E40450
:10601000E404E404E404E404E404E4042402E40402
:10602000E404E404E404E404E404E404E404E40430
:10603000E404E404E404E404E404E404E404E40420
:10604000E404E404E404E404E404E404E404E40410
:10605000E404E404E404E404E404E404E404E40400
:10606000E404E404E404E404E404E404E404E404F0
:10607000E404E404E4041A033B036F035D038603B2
:10608000AF03C103D80301045E04E40478048A0466
:10609000C0049C04AE04F200D2040221CE48FFF7F3
:1060A000B3FE0921CD48FFF7AFFE0221CC48FFF730
:1060B000ABFE00210846FFF7A7FE002000F005BC5C
:1060C0000221C548FFF7A0FE0721C648FFF79CFE46
:1060D0000221C348FFF798FE00210846FFF794FE0F
:1060E0000020F2E30221BC48FFF78EFE0821BE48E3
:1060F000FFF78AFE0221BA48FFF786FE0021084614
:10610000FFF782FE0020E0E30221B348FFF77CFEA8
:106110000221B348FFF778FE00210846FFF774FE1E
:106120000020D2E30221AC48FFF76EFE0221AF4807
:10613000FFF76AFE0221AA48FFF766FE0021084623
:10614000FFF762FE0020C0E30221A348FFF75CFED8
:106150000221A748FFF758FE0221A148FFF754FE8D
:1061600000210846FFF750FE0020AEE302219A48C6
:10617000FFF74AFE07219F48FFF746FE0221984895
:10618000FFF742FE00210846FFF73EFE00209CE399
:1061900002219148FFF738FE07219748FFF734FEA8
:1061A00002218F48FFF730FE00210846FFF72CFE42
:1061B00000208AE302218848FFF726FE05218F4848
:1061C000FFF722FE02218648FFF71EFE0021084647
:1061D000FFF71AFE002078E302217F48FFF714FE44
:1061E00005218748FFF710FE02217D48FFF70CFECE
:1061F00000210846FFF708FE002066E302217648EA
:10620000FFF702FE05217F48FFF7FEFD02217448DB
:10621000FFF7FAFD00210846FFF7F6FD002054E3E2
:1062200002216D48FFF7F0FD05217748FFF7ECFDEF
:1062300002216B48FFF7E8FD00210846FFF7E4FD67
:10624000002042E302216448FFF7DEFD07216F488A
:10625000FFF7DAFD02216248FFF7D6FD002108466C
:10626000FFF7D2FD002030E302215B48FFF7CCFDB1
:1062700006216748FFF7C8FD02215948FFF7C4FD12
:1062800000210846FFF7C0FD00201EE3022152480E
:10629000FFF7BAFD07215F48FFF7B6FD022150481E
:1062A000FFF7B2FD00210846FFF7AEFD00200CE32A
:1062B00002214948FFF7A8FD06215748FFF7A4FD32
:1062C00001215648FFF7A0FD02214548FFF79CFD3C
:1062D00000210846FFF798FD0020F6E202213E4823
:1062E000FFF792FD06214E48FFF78EFD02213C4844
:1062F000FFF78AFD00210846FFF786FD0020E4E253
:1063000002213548FFF780FD04214648FFF77CFD58
:1063100002213348FFF778FD00210846FFF774FD9E
:106320000020D2E202212C48FFF76EFD05213E48F5
:10633000FFF76AFD02212A48FFF766FD00210846A3
:10634000FFF762FD0020C0E202212348FFF75CFD59
:1063500008213648FFF758FD02212148FFF754FD78
:1063600000210846FFF750FD0020AEE202211A4846
:10637000FFF74AFD0A212E48FFF746FD0221184883
:10638000FFF742FD00210846FFF73EFD00209CE29A
:1063900002211148FFF738FD0A212648FFF734FD96
:1063A00002210F48FFF730FD00210846FFF72CFDC2
:1063B00000208AE202210848FFF726FD07211E4837
:1063C000FFF722FD02210648FFF71EFD00210846C7
:1063D000FFF71AFD002078E25CE9040860E9040890
:1063E0006CE9040870E9040878E9040884E9040801
:1063F00088E904088CE9040894E904089CE9040885
:10640000A4E90408ACE90408B4E90408BCE90408F8
:10641000C4E90408CCE90408D4E90408DCE9040868
:10642000E0E90408E8E90408F0E90408F8E90408E8
:1064300004EA040810EA04081CEA04080221CB4814
:10644000FFF7E2FC0821CA48FFF7DEFC0221C94839
:10645000FFF7DAFC00210846FFF7D6FC002034E203
:106460000221C248FFF7D0FC0821C348FFF7CCFC4B
:106470000221C048FFF7C8FC00210846FFF7C4FC12
:10648000002022E20221B948FFF7BEFC0721BB48E9
:10649000FFF7BAFC0221B748FFF7B6FC0021084617
:1064A000FFF7B2FC002010E20221B048FFF7ACFC7D
:1064B0000921B348FFF7A8FC00221146B14B187818
:1064C000FFF7EEFC0521B048FFF79EFC01231A46BA
:1064D0001946AE48FFF7A6FC0221A648FFF794FC38
:1064E00000210846FFF790FC0020EEE102219F48C2
:1064F000FFF78AFC0A21A648FFF786FC02219D4887
:10650000FFF782FC00210846FFF77EFC0020DCE15B
:1065100002219648FFF778FC19219E48FFF774FC8A
:1065200002219448FFF770FC00210846FFF76CFC3D
:106530000020CAE102218D48FFF766FC132196482E
:10654000FFF762FC012200212078FFF7A9FC01225D
:1065500000212079FFF7A4FC012200216079FFF7D8
:106560009FFC02218348FFF74FFC00210846FFF7FC
:106570004BFC0020A9E102217C48FFF745FC0921E2
:106580008648FFF741FC002211462078FFF788FC7F
:1065900001231A460021A068FFF744FC01220021D4
:1065A000A089FFF77DFC02217248FFF72DFC002136
:1065B0000846FFF729FC002087E102216B48FFF71E
:1065C00023FC09217648FFF71FFC02216948FFF7E9
:1065D0001BFC00210846FFF717FC002075E1022193
:1065E0006248FFF711FC0A216E48FFF70DFC0022FC
:1065F00011462078FFF754FC02215E48FFF704FCA7
:1066000000210846FFF700FC00205EE10221574808
:10661000FFF7FAFB09216448FFF7F6FB0022114659
:106620002078FFF73DFC01231A4600216069FFF73F
:10663000F9FB01231A460021E069FFF7F3FB012370
:106640001A460021A069FFF7EDFB02214948FFF738
:10665000DBFB00210846FFF7D7FB002035E10221D4
:106660004248FFF7D1FB09215048FFF7CDFB02213B
:106670004048FFF7C9FB00210846FFF7C5FB002093
:1066800023E102213948FFF7BFFB09214848FFF702
:10669000BBFB002211462078FFF702FC022135489F
:1066A000FFF7B2FB00210846FFF7AEFB00200CE12C
:1066B00002212E48FFF7A8FB08213E48FFF7A4FB64
:1066C000002211462078FFF7EBFB01220021B4F8ED
:1066D0004000FFF7E5FB01231A460021E06AFFF7BF
:1066E000A1FB0122002194F82800FFF7D9FB022129
:1066F0002048FFF789FB00210846FFF785FB0020B3
:10670000E3E002211948FFF77FFB0A212A48FFF73F
:106710007BFB002211462078FFF7C2FB01220021FB
:10672000B4F84000FFF7BCFB0122002194F83000D0
:10673000FFF7B6FB0122002194F83100FFF7B0FB10
:1067400001231A460021606BFFF76CFB0122002138
:10675000E06BFFF7A5FB02210648FFF755FB002180
:106760000846FFF751FB0020AFE000BF5CE90408DA
:1067700024EA04086CE9040830EA04083CEA040846
:1067800044EA04083203002450EA040814030024F5
:1067900058EA040864EA040880EA040894EA040851
:1067A000A0EA0408ACEA0408B8EA0408C4EA040849
:1067B000D0EA0408DCEA0408E8EA0408434A13685B
:1067C00001331360424A136801331360C96BA06B35
:1067D000FFF71AFB3F4A13680133136002213E485A
:1067E000FFF712FB00210846FFF70EFB00206CE0CC
:1067F00002213A48FFF708FB06213948FFF704FB5E
:1068000002213548FFF700FB00210846FFF7FCFA9C
:1068100000205AE002213148FFF7F6FA07213148FB
:10682000FFF7F2FA02212C48FFF7EEFA00210846A2
:10683000FFF7EAFA002048E002212848FFF7E4FACF
:106840000A212948FFF7E0FA02212348FFF7DCFA82
:1068500000210846FFF7D8FA002036E002211F4841
:10686000FFF7D2FA10212148FFF7CEFA02211A4889
:10687000FFF7CAFA00210846FFF7C6FA002024E015
:1068800002211648FFF7C0FA08211948FFF7BCFAA1
:1068900002211148FFF7B8FA00210846FFF7B4FAC1
:1068A000002012E002210D48FFF7AEFA0C2111483A
:1068B000FFF7AAFA02210848FFF7A6FA00210846C6
:1068C000FFF7A2FA002000E0022010BD2C8F002468
:1068D000288F0024248F00246CE904085CE9040854
:1068E000F4EA0408FCEA040804EB040810EB0408CA
:1068F00024EB040830EB040838B52149214B186813
:1069000017F002FD10B90024204638BD1E4B10229E
:106910001A8047F230511D4B186817F0F5FC30B360
:106920001B4D01242C8000212046FFF7E1FA43F69D
:10693000982017F051F9022028800021FFF7D8FA9B
:1069400043F6982017F048F900231A4619460F48D5
:10695000006817F0FFFA00210D4B19800A4B1980CF
:106960000B460A460748006817F0F4FACCE7002304
:106970001A4619460548006817F0ECFA0024EAE7C1
:10698000804F1200386A0024508F00243C6A002493
:10699000446A002410B53949394B186817F0B4FC23
:1069A00008B9002010BD374B0F221A804FF47A71BE
:1069B000354B186817F0A8FC58B90021334B1980E3
:1069C000304B19800B460A462D48006817F0C2FA72
:1069D000E7E74FF4FA6017F0FFF82C4C48202080CE
:1069E0000021FFF785FA4FF47A7017F0F5F8492087
:1069F00020800021FFF77CFA4FF4FA7017F0ECF8D2
:106A0000462020800021FFF773FA4FF4FA7017F048
:106A1000E3F8472020800021FFF76AFA4FF4FA706C
:106A200017F0DAF8112020800021FFF761FA4FF407
:106A3000FA6017F0D1F8164B1B783BB100231A46C9
:106A400019461148006817F085FAB6E71120208032
:106A50000021FFF74DFA4FF4FA6017F0BDF80C4B28
:106A60001B78002BEAD1112020800021FFF740FA8B
:106A70004FF4FA6017F0B0F8E0E700BF804F120063
:106A8000386A0024508F00243C6A0024446A0024A1
:106A9000458F002410B5A649A64B186817F034FCA2
:106AA00008B9002010BDA44B03221A804FF47A715C
:106AB000A24B186817F028FC48B900219E4B19809A
:106AC0000B460A469B48006817F044FAE9E79C4BDE
:106AD00011221A7004209B4B18800021FFF708FA3E
:106AE00041F28831954B186817F00EFC50B1944B69
:106AF0001B78954A1278934201D0934A1370924BB7
:106B00001B78FBB1904B11221A70904B00221A7027
:106B10008F4B00221A708F4B00221A708E4B00226E
:106B20001A708E4B412283F84420052283F82220DC
:106B30000021844B19800B460A468048006817F0F4
:106B400009FABAE70021864B197065207D4B188041
:106B5000FFF7CEF94FF47A71784B186817F0D4FB31
:106B60000028D2D041F2883017F036F814243CB116
:106B70007B4B1B7823B9013C322017F02DF8F6E748
:106B8000774B1B78714A1278934201D06F4A137089
:106B90006E4B1B78012BB8D16A206A4B18800021FC
:106BA000FFF7A6F94FF47A71644B186817F0ACFB45
:106BB0000028ADD000216B4B19706F20614B1880FD
:106BC000FFF796F940F6B8315C4B186817F09CFB5C
:106BD00000289DD014243CB1624B1B7823B9013CA2
:106BE000322016F0F9FFF6E75E4B1B78584A127810
:106BF000934201D0564A13700C20524B188000214A
:106C0000FFF776F94FF47A714C4B186817F07CFB5C
:106C1000002880D00D204B4B18800021FFF768F929
:106C200042F21071454B186817F06EFB00283FF4D4
:106C300072AF00214C4B19700E20424B1880FFF7A9
:106C400057F94FF47A713D4B186817F05DFB002837
:106C50003FF461AF142444B1434B1B78012B04D0A3
:106C6000013C322016F0B8FFF5E73F4B1B78394A5C
:106C70001278934201D0374A1370364B1B78012BA0
:106C80007FF44CAF09202F4B18800021FFF730F91B
:106C900042F21071294B186817F036FB00283FF4B8
:106CA0003DAF4FF47A7016F097FF0F20254B1880F8
:106CB0000021FFF71DF942F21071204B186817F000
:106CC00023FB00283FF42AAF4FF4FA6016F084FF4C
:106CD0000A201C4B18800021FFF70AF942F21071BC
:106CE000164B186817F010FB00283FF417AF4FF44D
:106CF0007A7016F071FF00211C4B19700B20114B9C
:106D00001880FFF7F5F84FF47A710C4B186817F0FC
:106D1000FBFA00283FF402AF14244CB3134B1B784A
:106D2000012B25D0013C322016F056FFF5E700BFBD
:106D3000804F1200386A0024508F00243C6A0024DF
:106D400033030024446A002434030024618F0024A8
:106D50005F8F00245D8F00245B8F00245C6A002419
:106D6000608F00245E8F00245C8F00245A8F0024E3
:106D70000C4B1B780C4A1278934201D00A4A1370CC
:106D8000094B1B78012B7FF4D3AE1020074B1880E2
:106D90000021FFF7ADF84FF47A71054B186817F032
:106DA000B3FAC5E65A8F00245B8F0024446A00249E
:106DB0003C6A002410B58B498B4B186817F0A4FA75
:106DC00008B9002010BD894B04221A804FF47A7153
:106DD000874B186817F098FA00283CD14FF47A7165
:106DE000834B186817F090FA58B1824B1B78824A8F
:106DF0001278934201D0804A13707F4B1B78002B8E
:106E000033D07D4B11221A707C4B00221A707C4BC0
:106E100000221A707B4B00221A707B4B00221A70E2
:106E20007A4B412283F84420052283F82220002453
:106E3000774B1C802346224621466D48006817F098
:106E400089F86A4B1C802346224621466648006822
:106E500017F080F8B5E7674B11221A7003206C4BCE
:106E600018800021FFF744F8B8E70021694B19703A
:106E70006520674B1880FFF73BF84FF47A715C4B45
:106E8000186817F041FA0028C1D014243CB1614BB6
:106E90001B7823B9013C322016F09EFEF6E75D4BCD
:106EA0001B78564A1278934201D0544A1370534BC0
:106EB0001B78012BABD16A20554B18800021FFF7BE
:106EC00017F84FF47A714A4B186817F01DFA00282A
:106ED0009DD00021504B19706F204D4B1880FFF74B
:106EE00007F84FF47A71424B186817F00DFA002832
:106EF00090D0142403E0013C322016F06DFE1CB14A
:106F0000454B1B78002BF6D0434B1B783C4A12783C
:106F1000934201D03A4A1370394B1B78052B18BFA6
:106F2000012B7FF477AF00213C4B19700E20384BBA
:106F30001880FEF7DDFF4FF47A712D4B186817F0BB
:106F4000E3F900283FF466AF142403E0013C32204B
:106F500016F042FE1CB1314B1B78012BF6D12F4BA2
:106F60001B78284A1278934201D0264A1370254B89
:106F70001B78012B7FF451AF0021294B19700B2096
:106F8000234B1880FEF7B4FF4FF47A71184B186842
:106F900017F0BAF900283FF44AAF142444B1204B4B
:106FA0001B78012B04D0013C322016F015FEF5E7CA
:106FB0001B4B1B78144A1278934201D0124A13706B
:106FC000114B1B78012B7FF432AF1020104B18802F
:106FD0000021FEF78DFF4FF47A71054B186817F00A
:106FE00093F924E7804F1200386A0024508F002460
:106FF0003C6A00243303002434030024618F0024FE
:107000005F8F00245D8F00245B8F00245C6A002466
:10701000446A0024608F00245E8F00245C8F00246B
:107020005A8F002400B58BB04FF496629A499B4862
:1070300016F0DCFC03220021012016F067FF984BBC
:10704000186000231A46194616F084FF0322002117
:10705000012016F05BFF934B186000231A46194677
:1070600016F078FF904B1B7813B1FFF793FCB8E054
:10707000FFF742FCF9E741F2883016F0ADFDB0E0D1
:10708000894B1B78002B40F0BB80FFF735FC0028B4
:1070900000F0B6800024854B1C70854B1C60FFF708
:1070A00079FC844B1C70844B1C70844B052283F844
:1070B000222001228249104608F008FCA0E0FFF7D8
:1070C000E9FC804B78221A60794A1368591C1160D8
:1070D000322B40F29D80754B01221A7098E0794B5B
:1070E00000221A60FFF766FE774B1B7F53B9764B81
:1070F0001B6B53B30EF0CAFE734B1B7F023BDBB21C
:10710000012B27D9704B93ED037A93ED046A6F4CF2
:10711000B7EEC66A8DED046BB7EEC77A8DED027BD4
:10712000634B1B6801936A4BB3F900300093624BC9
:107130001B78604A12786749204621F0ADF8012299
:107140002146104608F0C2FB6AE00FF049FF5E4B93
:107150001863CFE707A80EF061FF07A80EF0D6FF6F
:1071600004F00AFB5C4B01221A70CBE75B4B1B78E7
:10717000012B72D05A4B03F516625A49097807EE73
:10718000901AF8EE677AC2ED007A03F66412564957
:10719000097807EE901AF8EE677AC2ED007A03F6E6
:1071A00068124449097807EE901AF8EE677AC2ED42
:1071B000007A03F66C124049097807EE901AF8EE4F
:1071C000677AC2ED007A03F69C13414AB2F90020B7
:1071D00007EE902AF8EEE77AC3ED007A642016F005
:1071E000FBFC424B93F8DB35002B3FF444AF354AB0
:1071F0001368013313602D4B1B78012B3FF440AF14
:107200002D4B1B78002B3FF45AAF294B00221A60FC
:10721000374B1B7823B92B4B1B68772B3FF65FAF9F
:10722000344B9A78344BA3FB0213D11A03EB51036E
:107230009B08C3EBC303D21A12F0FF0F96D12F4B5A
:107240001B88002B92D1204B00221A771A6301224F
:107250002B49104608F03AFB88E72A49114B186879
:1072600017F052F8002885D0274B17221A8047F2D2
:1072700030510B4B186817F047F8002846D1002111
:10728000214B1980154B19700B460A4605480068BA
:1072900016F060FE6EE700BFF8C8002418F6002460
:1072A0003C6A0024386A0024DAD10024476A0024AA
:1072B000486A00245F8F00245B8F00245C6A0024EE
:1072C00040EB04084C6A00249802012408080024BA
:1072D000628F002458EB0408466A002447E5002426
:1072E0007411042434030024618F002460330024CB
:1072F00084870024F48E002425499224E08E002403
:1073000094EB0408804F1200508F002441F2883023
:1073100016F062FC0021CD20FEF7EAFD4FF4FA6082
:1073200016F05AFC00222021184811F006FC41F208
:10733000883016F051FC164C112323700320154B96
:1073400018800021FEF7D4FD2378134A1278934267
:1073500001D0114A1370104B1B789BB10F4B0122C7
:107360001A7001222021094811F0E7FB4FF47A70CE
:1073700016F032FC00231A4619460948006816F038
:10738000E9FD7CE7054B00221A70EAE70004025889
:1073900033030024446A00243403002446E5002417
:1073A0003C6A002408B501221146034811F0C5FBD0
:1073B000024B01221A7008BD00100258516A0024C5
:1073C00008B500220121034811F0B7FB024B00224F
:1073D0001A7008BD00100258516A002400B583B02D
:1073E000FFF7EEFF064B009300231A4646F2A81162
:1073F000044817F0DBFF044B186003B05DF804FB92
:107400000D740208B4EB0408546A002408B5FFF7B1
:10741000D7FF08BD10B582B0FFF7C4FF184B18683E
:1074200018F06DF9E8B9164B1C6817F0E9FA024636
:10743000002300930121204617F0D4FF114B1B7845
:107440006BB9114A13780133DBB213700F4A92F80B
:10745000DB257AB1062B02D90B4B00221A7002B041
:1074600010BD00220092134603210548006817F062
:10747000B9FFD8E7052BF2D9034B00221A70EEE7CB
:10748000546A0024DAD10024506A002460330024B6
:1074900010B584B000238DF80C308DF80D004FF43A
:1074A000FA730093022303AA7821054811F016FD10
:1074B000044605200FF09AFD204604B010BD00BF21
:1074C000B0F7002400B585B040238DF80C308DF85E
:1074D0000D004FF4FA730093022303AA78210448A5
:1074E00011F0FCFC05200FF081FD05B05DF804FBF8
:1074F000B0F7002410B5044602E00134FFF7E2FFC4
:1075000020780028F9D110BD08B50120FFF7C0FF91
:1075100002200FF06BFD08BD08B53820FFF7B8FF5B
:10752000C0B90E4B01221A7002200FF05FFD0C2033
:10753000FFF7AEFF02200FF059FD0120FFF7A8FF73
:1075400002200FF053FD0620FFF7A2FF02200FF0EC
:107550004DFD08BD014B00221A70E5E7ACD10024B7
:1075600008B5012804D0022807D081F0800001E08E
:1075700081F08000FFF78CFF08BDA1F14000C0B290
:10758000F8E7000000B587B002460023029303939A
:1075900004930593B7EEC00A8DED000B044902A8D1
:1075A00020F07AFE02A8FFF7A5FF07B05DF804FB04
:1075B000C4EB040800B58FB038220021684620F0E3
:1075C0007FFF4FF440730693062300934FF0FF3282
:1075D0006946044811F0F4FE10B90FB05DF804FBE1
:1075E0000120FAE764F7002410B590B0382200219A
:1075F00002A820F065FF00238DF807304FF4407398
:107600000893052302934FF040730B9301230C93CF
:10761000084C4FF0FF3202A9204611F0D1FE4FF086
:10762000FF320DF10701204611F082FF9DF807009F
:1076300010B010BD64F7002408B5FFF7D5FF10F0B7
:10764000010000D108BD0320FCE708B502E00120DD
:107650000FF0CCFCFFF7F0FF0328F8D008BD0000C6
:1076600030B58FB00446FFF7F0FFFFF7A3FF0546E4
:1076700010B128460FB030BD38220021684620F0F6
:107680001FFF4FF440730693202300934FF4406391
:1076900007934FF40053039301944FF0FF32694670
:1076A000044811F08DFE054608B10125E1E7FFF71A
:1076B000CCFFDEE764F70024F0B58FB0B1F5807F32
:1076C00033D807460C461646FFF7BFFFFFF772FF99
:1076D000054658BB38220021684620F0F1FE4FF4E1
:1076E00040730693022300934FF4406307934FF4D3
:1076F0000053039301964FF0407309930A944FF09F
:10770000FF3269460B4811F05BFE08B101250DE020
:107710004FF0FF323946074811F0A1FE054608B187
:10772000012503E0FFF791FF00E0022528460FB096
:10773000F0BD00BF64F7002410B58EB004463822B7
:107740000021684620F0BCFE4FF440730693AF233F
:1077500000934FF04073099303230A934FF0FF32D5
:107760006946084811F02CFE10B101200EB010BD82
:107770004FF0FF322146034811F0DAFE0028F5D021
:107780000120F3E764F7002410B5A8B038220021E7
:107790001AA820F095FE4FF48073209335231A9396
:1077A0004FF0FF321AA90B4811F00AFE0DF1040C3C
:1077B000094C0FCCACE80F0094E80700ACE80300DC
:1077C0008CF80020012201A9104608F07FF828B0AB
:1077D00010BD00BF64F70024CCEB04082DE9F8438A
:1077E0008046894614460F468E18154601E005F579
:1077F0000055B54208D22046FFF732FF0346002865
:10780000F5D01846BDE8F883E3B2C3F58073994517
:1078100005D31F4603E04FF48077A642F1D92246F4
:1078200039464046FFF748FF03460028E9D13C446B
:10783000B84404F58072B242EDD9371BEDE7000081
:1078400010B59CB0FFF7A0FF0A200FF0CFFB1BA8DC
:10785000FFF772FF38BB9DF86E3000939DF86D30D6
:107860009DF86C20164902A820F016FD012202A9FD
:10787000104608F02BF89DF86C30C22B03D19DF810
:107880006D30202B16D001220E49104608F01EF84C
:1078900001220D49104608F019F8FFF78BFE044647
:1078A00020461CB010BD044601220849104608F0CD
:1078B0000DF8F5E79DF86E30192BE4D1E8E700BF2D
:1078C00004EC040820EC040848EC0408E8EB040885
:1078D00070B58EB006460C46154638220021684623
:1078E00020F0EEFD4FF440730693EC2300934FF429
:1078F000406307934FF44053039301954FF0407357
:1079000009930A94062305934FF0FF32694608480D
:1079100011F056FD10B101200EB070BD4FF0FF32D6
:107920003146034811F004FE0028F5D00120F3E7AA
:1079300064F7002408B50120044B1870044B0022A2
:107940001A700246034907F0C1FF08BD586A0024B7
:107950008487002468EC0408F0B5BBB00446C82254
:10796000002108A820F0ACFD0023039304930593A5
:10797000069307936F49204620F0EBFD48B105467A
:1079800009352221284620F0B2FD10B1461B132EE6
:107990003BD96949204620F0DCFD044640B108345B
:1079A0002221204620F0A3FD10B1051BC72D44D98C
:1079B0009DF80C30002B00F09E809DF82030002BAD
:1079C00000F099805D4903A8F8F78AFC00284CD0A4
:1079D0009DF82230312B7ED09DF82330302B7AD089
:1079E0009DF82630362B76D09DF82730362B72D076
:1079F0000023062B6FD8524AB02101FB0322527E8E
:107A0000002A4DD00133DBB2F3E73246294603A802
:107A100020F08CFD06F1E8030DEB0306002306F8C9
:107A2000DC3C484D03AA4849284620F035FC012299
:107A30002946104607F04AFFABE72A46214608A828
:107A400020F074FD05F1E8030DEB0305002305F8B4
:107A5000C83C3C4C08AA3D49204620F01DFC0122B0
:107A60002146104607F032FFA2E70124384B1C7074
:107A7000384E314608A801F05DF908A8F8F790FCE7
:107A8000354D20FA04F23146284620F02AFF08A896
:107A9000F8F786FCE040A5F82D01304B1C702AE079
:107AA000274F01FB03F43D1901236B7600262E7648
:107AB00003A9284620F00DFF04F11803D8199622D7
:107AC00008A9023020F032FD254B1B786B74AE7490
:107AD0000FF086FA6861224C08AA217803A802F008
:107AE00097FC2378013323709DF82230302B04D08B
:107AF0001C4B00221A703BB0F0BD9DF82330332B95
:107B0000F6D1104C184B1A7A1849204620F0C4FBC5
:107B100001222146104607F0D9FE154B1C6816F0CD
:107B20006FFF0246002300930121204617F05AFC04
:107B3000DEE700BF80EC04089CEC040827C10024A9
:107B4000A47E0024080800248CEC0408A8EC040897
:107B50003C8F0024C0BE002445FC0024586A002449
:107B6000B78E00248487002460330024B8EC040816
:107B70009C7E002410B588B00DF1040C074C0FCC8E
:107B8000ACE80F0094E807008CE80700002101A88A
:107B900015F0EFFF024B186008B010BDE4DA0408DE
:107BA000987E002400B583B00D4B99790D4B03FBF3
:107BB00001F10D4BA3FB01310C4B009300231A463E
:107BC00089090B4817F0F2FB0A4B186010B103B09B
:107BD0005DF804FB01220849104607F077FEF6E73E
:107BE0006033002440420F00D34D62103579020803
:107BF000D8EC0408A07E0024E4EC040800B583B0AF
:107C00000D4B197A0D4B03FB01F10D4BA3FB013119
:107C10000C4B009300231A4689090B4817F0C6FB4A
:107C20000A4B186010B103B05DF804FB012208494B
:107C3000104607F04BFEF6E76033002440420F0089
:107C4000D34D62103579020804ED04089C7E0024AF
:107C50001CED040810B41D4B0021197078225A80C5
:107C6000197101225A711A4898601A48008898813F
:107C700006209873D8731A745A74174C5C61174CA9
:107C80009C61174CDC6183F8200083F821000520FB
:107C900083F8220083F8230083F8242083F825202A
:107CA00083F828200F4ADA62A3F84010032283F8F1
:107CB000422083F84310042283F8442003F58053C4
:107CC00083F838145DF8044B704700BF5C6A0024E9
:107CD000780200247402002410020024AC01002465
:107CE00048010024E400002490F84430032B01D024
:107CF00000207047012070472DE9F84304460E46E6
:107D000017461D469DF820909DF82480B9F1020F7A
:107D100001D94FF00009B8F1010F01D94FF0000867
:107D200035493648006816F0EFFA18B9002528469C
:107D3000BDE8F883324B07221A804FF47A71314B39
:107D4000186816F0E1FAA0B9002500242E4B1C801B
:107D50002346224621462B48006816F0FBF8284BA4
:107D60001C802346224621462448006816F0F2F87B
:107D7000DDE7C420244B188084F8309084F83180EB
:107D80006663E563032384F84230B4F8403001337E
:107D9000A4F840302146FEF7ABF84FF47A71194B46
:107DA000186816F0B1FA08B90025CEE70A2015F0D8
:107DB00013FFC520144B1880A763E5632146FEF727
:107DC00097F84FF47A710F4B186816F09DFA08B9BE
:107DD0000025BAE7642545B194F84230032B04D15D
:107DE000013D322015F0F8FEF5E794F842300BB172
:107DF0000025AAE70125A8E7804F1200386A002471
:107E0000508F00243C6A0024446A002470B5054663
:107E100029492A4B186816F077FA08B9012070BD75
:107E2000274B0A221A804FF47A71264B186816F0F5
:107E30006BFA18BB244E0024348023462246214688
:107E40002048006816F086F80623AB7385F82030CA
:107E50001B4B1C802346224621461848006816F01A
:107E600079F81A4CB6F900201949204620F014FA86
:107E700001222146104607F029FDCFE7C220124B10
:107E800018802946FEF734F84FF47A710D4B1868C4
:107E900016F03AFA0028CDD04FF47A71094B1868E1
:107EA00016F032FA0028C5D000231A4619460548B4
:107EB000006816F04FF8BDE7804F1200386A0024C2
:107EC000508F00243C6A0024446A002408080024DF
:107ED00048ED0408F0B583B00446B14B1B78002B85
:107EE0003FD0B049B04820F0F4FCB04B1A68B04B1A
:107EF0001A80B04E64220021304620F0E1FAAE4DE7
:107F0000AB690093D5F83C31D5F83821AB49304600
:107F100020F0C2F9AA49304620F0DBFC05F53E719D
:107F2000A84820F0D6FC05F54371A74820F0D1FC05
:107F30002046FFF76BFFA549A54B186816F0E4F93A
:107F4000002847D10025A34C2A46A349204620F00B
:107F5000A3F901222146104607F0B8FC284603B0D9
:107F6000F0BD9E4D2946904820F0B3FCD5F8B420D2
:107F7000A5F539758E4B1A80642200218D4820F0BA
:107F80009FFAAB69012B20DD0093D5F83C31D5F881
:107F900038218A49874820F07FF9914D2946894840
:107FA00020F097FC05F11401874820F092FC894EDF
:107FB000804BA5F114028B49304620F06DF9012267
:107FC0003146104607F082FCB2E78749794820F035
:107FD00080FCE2E7854B05221A804FF47A71844BCE
:107FE000186816F091F950B9002500217F4B1980CF
:107FF0000B460A467648006815F0ACFFA3E7BC20A4
:108000007C4B188000232371012363712146FDF707
:108010006FFF4FF47A71764B186816F075F90028E7
:1080200055D141F28831724B186816F06DF900286D
:1080300000F0398194F90E30002B55D0BD206D4BE6
:108040001880594BA3605A4B1B88A3810623E37306
:108050002146FDF74DFF41F28831654B186816F057
:1080600053F9002800F0078194F90E30002B43D11A
:1080700094F90E20002A40F0DC80C0205D4B18806F
:108080004C4B63614F4BA3614F4BE361062384F874
:108090002130032384F842302146FDF729FF4FF4B5
:1080A0007A71534B186816F02FF9002800F0A88059
:1080B0003C25A5B394F82130062B30D194F84230FA
:1080C000032B2CD1013D322015F086FDF1E7BE20B7
:1080D000484B1880012363742146FDF709FF4FF4D4
:1080E000FA6015F079FD9CE700231A4619464048CE
:1080F000006815F02FFFAEE7142545B194F90F3055
:10810000062B04D1013D322015F066FDF5E794F908
:108110000F3094F90E209342AAD0A373A8E794F8E5
:108120004230012B16D094F8422072BB94F82120E3
:10813000062A1FD084F82020002A00F08980254DCF
:108140002D49284620F0A8F801222946104607F0BC
:10815000BDFB7AE06425002DE5D094F82130062B94
:10816000E1D194F84230012BDDD1013D322015F0F0
:1081700033FDF0E7174D2049284620F08DF8012205
:108180002946104607F0A2FB5FE0124D1B49284626
:1081900020F082F801222946104607F097FB54E0B0
:1081A000DAD1002468030024780200246403002448
:1081B00074020024100200246033002464ED0408DB
:1081C00044030024AC01002448010024804F120025
:1081D000386A002408080024F4EE04084436002419
:1081E0005836002478ED040838C20024508F00244B
:1081F0003C6A0024446A0024ACED0408F0ED040855
:10820000314E324D06F1300C37460FCF2860696091
:10821000AA60EB603E4610356745F5D103CE286075
:10822000696033882B8101222849104607F04EFBF4
:1082300009E0264D2649284620F02EF8012229463D
:10824000104607F043FB0623A373062384F820306F
:108250000021204B19800B460A461F48006815F084
:1082600079FE94F90E30062B2BD094F82030062B93
:1082700025D00125B9E6194F144E07F1300C3D46C3
:108280000FCD30607160B260F3602F4610366545E7
:10829000F5D128683060AB88B38001220B491046C5
:1082A00007F014FBCFE7094D43220D49284620F083
:1082B00018FB01222946104607F008FBC3E70025FA
:1082C00093E6002591E600BF1CEE04080808002490
:1082D00058EE0408446A00243C6A002478EE04083E
:1082E000B0EE040838B504462A492B4B186816F03E
:1082F0000BF8F8B90024294B1C802346224621465E
:108300002748006815F026FE264B1C80234622468F
:1083100021462148006815F01DFE234D22462349C1
:1083200028461FF0B9FF01222946104607F0CEFA71
:10833000204638BD1B4B06221A804FF47A71184B29
:10834000186815F0E1FF0028D4D0C120134B188025
:10835000052384F823302146FDF7CAFD4FF47A71D6
:108360000F4B186815F0D0FF0028C3D0642545B125
:1083700094F82330052B04D1013D322015F02CFC5C
:10838000F5E794F8233094F822209342B2D084F891
:108390002230AFE7804F1200386A0024446A00247C
:1083A0003C6A0024508F0024080800241CEF0408B5
:1083B00070B504460E4615463B493C4B186815F00F
:1083C000A3FF68B900253A4C2A463A4920461FF0D7
:1083D00063FF01222146104607F078FA284670BD57
:1083E000354B08221A804FF47A71344B186815F017
:1083F0008BFFA0B900250024314B1C802346224668
:1084000021462E48006815F0A5FD2B4B1C80234605
:10841000224621462548006815F09CFDD3E7C3207D
:10842000274B188084F82850E662B4F840300133B6
:10843000A4F84030032384F842302146FDF758FD6C
:108440004FF47A711D4B186815F05EFF78B1642502
:1084500045B194F84230032B04D1013D322015F090
:10846000BBFBF5E794F84230E3B10025C3E7154DB7
:108470000F4C05F1300C2E460FCE20606160A260DB
:10848000E360354610346645F5D107CD2060616064
:10849000A2602B78237301220549104607F016FAD3
:1084A0000025A8E70125A6E7804F1200386A0024BE
:1084B000080800247CEF0408508F00243C6A002444
:1084C000446A00243CEF040870B582B0764B1B6808
:1084D00053B1754B00221A600323012B60D0032B8C
:1084E00000F0898002B070BD704B1B78C3B9704B2F
:1084F0001B78002B3FD16F4B1B78002BF2D06E4BBB
:108500001B78002BEED0012009F046FF6B4B1B7847
:10851000C82202FB03F36A4AD35C9BB30123DCE766
:10852000624B00221A70674B197801200AF000F89C
:10853000654C2046F7F734FF0346002201920122E2
:108540000092224661496248FFF7D6FB614D624CBA
:1085500005F13006AC46BCE80F0020606160A26007
:10856000E36065461034B445F4D101225A491046FF
:1085700007F0ACF9B6E74E4B00221A7001200AF062
:1085800089F8D5E700224B4B1A704B4B1A700092BA
:10859000134603215148006816F024FF01239CE78D
:1085A000494C2046F7F7FCFE0346002201920122C7
:1085B000009222464A494648FFF79EFB494D464CE9
:1085C00005F12006AC46BCE80F0020606160A260A7
:1085D000E36065461034B445F4D107CD2060616096
:1085E000A2602A88AB78A281A37301223A4910467F
:1085F00007F06CF976E7344C2046F7F7D1FE0346D6
:10860000002201920092224630493148FFF774FB64
:10861000354B1B78012B13D02E4E2F4D06F1300C0D
:1086200034460FCC28606960AA60EB60264610359E
:108630006445F5D101222849104607F047F951E772
:108640002A4B5B68022BE7D1294B1B78002BE3D127
:10865000284B1B68254A127C0021084600F08EFA40
:10866000C8B9194D2846F7F79BFE0346002401942C
:1086700000942A4615491648FFF73EFB1A4B1C701A
:108680001A4BDB68022BC7D10BF072FD42F210705F
:1086900015F0A2FAC0E7174B1B68144A127C0021A0
:1086A000084600F06BFADCE7A08700245BE50024B5
:1086B0005DE500245CE50024586A002474830024EE
:1086C000E08F002441E500247C830024A0EF04080F
:1086D0005C6A0024B4EF040808080024A07E00248B
:1086E000E4EF0408F8EF04089C870024888700243E
:1086F00080E500247883002408B51949194B1868CF
:1087000015F002FE00B908BD174B0F221A804FF476
:108710007A71164B186815F0F7FD58B90021144B03
:108720001980114B19800B460A460E48006815F057
:1087300011FCE8E7642015F04FFACC200C4B1880B0
:108740000021FDF7D5FB4FF47A7015F045FA0023B0
:108750001A4619460548006815F0FCFBDEE700BF25
:10876000804F1200386A0024508F00243C6A002495
:10877000446A0024F0B583B040F6B83015F02CFA06
:10878000814B824A1A60FFF765FAFFF70BFAFFF791
:1087900035FA00220092134603217D48006816F046
:1087A00021FEDBE041F2883015F016FA794B93F8A0
:1087B000DB35002BF6D0784B00221A60774A13681D
:1087C00001331360764A136801331360754A1368E6
:1087D00001331360744A136801331360734B1B78C1
:1087E000012B2BD0724B1B78012B40F0C1807148BC
:1087F000FFF77AFA00283AD06F4B93F83834022BFF
:1088000075D0FFF761FE654B1B68772B00F29080F7
:10881000684B93F84430032B40F0AA80674B1B78D9
:10882000002B40F0A58001220421654810F085F955
:10883000FFF762FF642015F0CFF999E05B4D00234C
:108840002B705C4C2046FFF7E1FA262384F8443075
:10885000052384F822305B4C2A785B4920461FF0C0
:108860001BFD01222146104607F030F8BAE75148B7
:10887000FFF730FB78B9554A1368591C11600A2B71
:1088800005D9534B01221A70504B00221A60434BFA
:1088900078221A606CE04F4C642632460021204654
:1088A0001FF00EFE4C4F3A464C4920461FF0F4FC98
:1088B000404D012221462846FFF77AFD304615F04B
:1088C0008BF9012246492846FFF772FD304615F024
:1088D00083F93A46434920461FF0DEFC0122214637
:1088E0002846FFF765FD394B00221A60CFE73E4A64
:1088F0001368013313600F223C493D481FF004FE0A
:1089000090B9224A3B4907F0EBF838B93A4B0122BB
:108910001A60294B002283F8382472E71B4A354934
:10892000002007F0DDF8F1E73248FFF715F8F0E72F
:108930001A4B00221A601F48FFF7D4FC68E7002298
:1089400004211F4810F0F9F8642015F045F92B4B6D
:1089500000221A700CE03C2015F03EF9274B1B78E2
:10896000DBB2012B7FF422AF144B1B78002BE6D136
:10897000234B1B68012BEED10B4B1B68782BEAD9DC
:108980001F4B00221A60E6E7788300247C830024D2
:108990009C7E002460330024808700247C87002490
:1089A000748700246887002484E50024596A002421
:1089B0005B8F00245C6A00245C7A0024586A0024DF
:1089C000000C02580808002428F0040878870024C6
:1089D000476A0024E400002427C1002448F004086A
:1089E00058F0040878F00408648700248CF0040828
:1089F000A16A00240C6B0024A08700248487002433
:108A000088E500242DE9F04182B005460E4601922A
:108A10001F4606F09BFD044650B14FF0000856B1CA
:108A2000002D3ED0022D70D0404602B0BDE8F0814E
:108A30004FF0FF38F3E707EE906AB8EE670B424954
:108A4000204606F00FFDC8B1404B93ED010AB8EE89
:108A5000C00B3F49204606F005FD90B13B4B9B689B
:108A600093B9DDED017AB8EE670B3A49204606F07E
:108A7000F9FC0028D4D16FF00108D1E76FF00108AC
:108A8000E2E76FF00108E9E707EE903AB8EEE70B8E
:108A90003149204606F0E6FC0028E2D16FF00108DB
:108AA000DFE72E4DD5ED4E7AB8EEE70B2C49204688
:108AB00006F0D8FCD5ED4F7AB8EEE70B29492046F1
:108AC00006F0D0FC95ED060AB8EEC00B264920460C
:108AD00006F0C8FC254D4FF47A7632460021284630
:108AE0001FF0EEFC002332462946204606F028FC03
:108AF00018B11F4B01221A6001E06FF00208002C30
:108B000092D0204605F006FF8EE71A4D4FF4AF666F
:108B10003246002128461FF0D3FC00233246294666
:108B2000204606F00DFC08B96FF0020811493846DE
:108B30001FF0CFFE104B01221A60002C3FF474AFDF
:108B4000204605F0E7FE6FE7D8E304088887002495
:108B5000DCE30408B8F00408ACF004086033002437
:108B6000BCF00408C8F00408D4F004087C83002496
:108B7000A087002478E90024A48700242DE9F0418F
:108B800004460D461F4606F0E1FC064648B14FF08C
:108B90000008012D08D944B3022C5AD04046BDE844
:108BA000F0814FF0FF38F4E707EE905AB8EE670B0C
:108BB0003749304606F056FC88B1B0EE080B35490F
:108BC000304606F04FFC68B1B7EE000B3249304634
:108BD00006F048FC0028DED16FF00108DBE76FF0FB
:108BE0000108EAE76FF00108EEE72C4CD4ED4E7A6D
:108BF000B8EEE70B2A49304606F034FCD4ED4F7A44
:108C0000B8EEE70B2749304606F02CFC94ED060A37
:108C1000B8EEC00B2449304606F024FC234C4FF438
:108C2000AF652A46002120461FF04AFC00232A4651
:108C30002146304606F084FB08B96FF002081B4954
:108C400038461FF046FE002EA8D0304605F062FEE2
:108C5000A4E7164C4FF4AF652A46002120461FF0CA
:108C60002FFC00232A462146304606F069FB08B94E
:108C70006FF002080D4938461FF02BFE0C4B012205
:108C80001A70002E8AD0304605F044FE86E700BFF9
:108C9000D8E30408DCE30408B8F0040860330024D7
:108CA000BCF00408C8F00408D4F0040878E90024F3
:108CB000D8D100242DE9F04782B007468846914676
:108CC0000025ADF804502C462E4606E09DF80430F1
:108CD0002B44DDB2013446F10006444576F1000331
:108CE0000ED209EB040A5246012101A8FEF7F0FD5D
:108CF0000028EBD05246012101A8FEF7E9FDE5E787
:108D0000ED43EDB2094C2A46094920461FF0C4FA4A
:108D100001222146104606F0D9FDBD4203D00120B4
:108D200002B0BDE8F0870020FAE700BF0808002481
:108D3000DCF004082DE9F84307468946F7F730FBD5
:108D400010F001041DD0012020E0385D06F098FCF1
:108D50000501EDB204E0385D06F092FC0501EDB2CC
:108D60000134B44211D2002CEFD014F0010FF2D034
:108D7000385D06F085FC284309F8080008F1010871
:108D8000EEE70646A0460025EBE70020BDE8F883A5
:108D90002DE9F84305460C4617460026A64B1E60F3
:108DA000A6490A685A60886898604968D960022AAA
:108DB00011D0089B002B00F08B82A14B1B68002B6D
:108DC00000F08682032C00F28782DFE814F0D600E0
:108DD0005B01BE0122029A4B1E60012C7ED024DC76
:108DE000002C40F079824FF42B22964B1968964B59
:108DF0001878FFF75FFF0446012014F0EDFE012C08
:108E00005BD001238C4A1374904A8E4909689160A3
:108E10008D49096811618E4A13708E4A1370FAF7F2
:108E200031F90A2014F0D8FE56E2A31E022B00F2FC
:108E30005382894B1E68894B1F78022C7FD0032CEC
:108E400000F08480DFF834924A4631463846FFF716
:108E500031FF01287DD0002840F03E82804B196808
:108E6000804B9960784A12785A71734B01201874BC
:108E7000022C7ED07B4B7848006898677748007852
:108E800083F87C007848007883F870007748008881
:108E9000A3F8720076480088A3F87400C3F888101D
:108EA00083F88420654A5268023AC3F88020684BF0
:108EB00001221A70FAF754F90EE24FF42B22614B9B
:108EC0001968614B1878FFF7F5FE012840F004821D
:108ED00000235F4A1370584A1374FDE14FF4442293
:108EE000644B1968584B1878FFF7E4FE04460120DC
:108EF00014F072FE012C11D001234F4A1374534A0F
:108F00005C490968D16050490968516150490B704A
:108F100059490B705360FAF7B5F8DDE14FF444227C
:108F2000544B1968484B1878FFF7C4FE012840F0ED
:108F3000D3810023464A13703F4A1374CCE1484B57
:108F40001E68414B1F784FF44E297DE7DFF83091C2
:108F50007AE714F041FE4A4631463846FFF7AAFE4A
:108F600001287FF478AF0023394A1370324A137412
:108F700071E75A683B4B1A7199E7002F57D0012FC0
:108F800027D00898F7F70CFA400816F0F3FD0446CE
:108F90000898F7F705FA4208002120461FF090FADA
:108FA00021460898FFF7C6FE58B90DBB0898F7F799
:108FB000F7F907F1AA021203C0F34F012046FEF7AA
:108FC0000DFC16B91C4B01221A74204616F054FEF3
:108FD00082E119214FF42B200DF0A4FE0646002853
:108FE000CFD019214FF42B200DF09CFE0646C8E788
:108FF00007F257577F023A464FF4007120460DF0B2
:10900000A9FE06460A2014F0E7FD002EDAD03A4603
:109010004FF4007120460DF09DFE07460A2014F023
:10902000DBFD002FCED0044B00221A74CDE7024B9B
:1090300001221A7450E100BF88870024F0EE00245A
:109040007CE5002474E5002478E50024C49A052416
:109050009C870024C162042460E500245EE50024AE
:109060006CE500242017002468E5002466E5002450
:1090700064E5002470E50024C06204240050E90087
:109080000050C900002F5CD0012F23D00898F7F7BB
:1090900087F9400816F06EFD04460898F7F780F946
:1090A0004208002120461FF00BFA21460898FFF7DE
:1090B00041FE58B9DDB90898F7F772F907F1C30214
:1090C0001203C0F34F012046FEF788FB204616F03E
:1090D000D3FD01E105214FF444200DF023FE0028CB
:1090E000D4D005214FF444200DF01CFECEE70898A3
:1090F000F7F756F907F21F677F023A46C0F34F01B0
:1091000020460DF027FE80460A2014F065FDB8F1D8
:10911000000F03D1794B01221A74D7E70898F7F7AB
:109120003FF93A46C0F34F0120460DF013FE0746C3
:109130000A2014F051FD002FECD0704B00221A745D
:10914000C4E76E4B01221A74C6E0002F5DD06DB1EA
:10915000012F03D07B1E13F0070F07D107F26F64B6
:109160006402012120460DF0DDFD18BB0898F7F7D9
:1091700017F9400816F0FEFC04460898F7F710F9B6
:109180004208002120461FF09BF921460898FFF76E
:10919000D1FD58B99DB90898F7F702F907F1CD024A
:1091A0001203C0F34F012046FEF718FB204616F0CD
:1091B00063FD91E0012120460DF0B4FDD6E707F2F2
:1091C0006F677F023A464FF4007120460DF0C2FDF2
:1091D00080464FF4FA7014F0FFFCB8F1000F03D191
:1091E000464B01221A74E1E73A464FF400712046DB
:1091F0000DF0B0FD07464FF4FA7014F0EDFC002FAF
:10920000EED03E4B00221A74D0E73C4B01221A7478
:1092100062E03B1E18BF0123002D18BF0023002B66
:1092200052D0012F03D07B1E13F0070F08D146F256
:10923000A7433B445C02012120460DF073FDB8B901
:109240000898F7F7ADF8400816F094FC0446089823
:10925000F7F7A6F84208002120461FF031F9214611
:109260000898FFF767FD40B1204616F005FD33E092
:10927000012120460DF056FDE2E746F2A7433B44AC
:109280005F023A464FF4007120460DF063FD8046C0
:109290004FF4FA7014F0A0FCB8F1000F03D1174B93
:1092A00001221A74E0E73A464FF4007120460DF0AF
:1092B00051FD07464FF4FA7014F08EFC002FEED0EB
:1092C0000E4B00221A74CFE70C4B00221A7403E0F5
:1092D00017B90A4B01221A74099B084A127C002113
:1092E0002846FFF78FFB08B9BDE8F883099B034ABE
:1092F000127C00212846FFF785FBF5E788870024CC
:10930000F8B57D4B93F870308B4240F0EA800C4604
:10931000174606F01BF90546002800F0E58006F028
:10932000F1F8064638B3754B05221A6004225A60DC
:10933000B1EE040B7249284606F094F808B36F4B5F
:1093400093ED010AB8EEC00B6E49284606F08AF884
:10935000E8B107EE904AB8EEE70B6B49284606F0F5
:1093600081F8D0B1694B1B78EBB1023300EE103AB3
:10937000B8EEC00B19E0284605F0CCFA6FF00100FA
:109380009CE0284605F0C6FA6FF0010096E02846FA
:1093900005F0C0FA6FF0010090E0284605F0BAFA37
:1093A0006FF001008AE09FED520B5949284606F004
:1093B00059F800283BD0574A5749284606F086F806
:1093C00000283AD0514B5B7800EE103AB8EE400BD3
:1093D0005249284606F046F8A8B34C4B5B8800EE8D
:1093E000103AB8EE400B4E49284606F03BF880B3E1
:1093F000464B9B8800EE103AB8EE400B4949284690
:1094000006F030F858B30024474B1B78A34232D9FA
:1094100004EB4400454B03EBC00006F03DF8014669
:10942000304605F0D9FF00B30134E4B2ECE728463A
:1094300005F070FA6FF0010040E0284605F06AFA86
:109440006FF001003AE0284605F064FA6FF0010081
:1094500034E0284605F05EFA6FF001002EE0284661
:1094600005F058FA6FF0010028E0284605F052FA9E
:109470006FF0010022E032462D49284605F0B0FF8A
:10948000E8B12C4A2C49284606F020F8E8B12B4CCC
:109490004FF4AF663246002120461FF011F800233A
:1094A00032462146284605F04BFFA0B123493846F5
:1094B0001FF00FFA284605F02DFA0020F8BD2846C7
:1094C00005F028FA6FF00100F8E7284605F022FAC7
:1094D0006FF00100F2E7284605F01CFA6FF001007A
:1094E000ECE76FF00100E9E76FF00100E6E700BF8D
:1094F00000000000000000002017002488870024DE
:10950000D8E30408DCE30408F8F00408988A00248F
:1095100004F1040827C1002410F1040818F104081C
:1095200024F1040830F10408C5870024C88700240A
:1095300040F10408D63300244CF1040878E90024F3
:1095400008B50F4B1B78A3B90E4B5A790E4B1B78FD
:109550009A4209D901330C4A13700C4B5B7843B91A
:109560000B4B01221A7004E00023074A1370094ACA
:10957000137001220849104606F0A8F908BD00BF83
:10958000B48E002460330024B58E0024988A002411
:109590005AE50024C587002454F1040808B5184B87
:1095A00093F8DB35C3B1174B5B78012B09D0154B12
:1095B000012283F85F2101221349104606F086F943
:1095C00008BD104BB3F85431032BF0D90D4B0022DA
:1095D0005A70A3F85421EEE70A4B5B881BB1094A85
:1095E0009288934205D00023064A5370074A1370AD
:1095F000E1E7044B04225A70012283F85F21DAE785
:1096000060330024988A002468F10408C587002488
:1096100000B583B00D4BD9790D4B03FB01F10D4B18
:10962000A3FB01310C4B009300231A4689090B4818
:1096300015F0BCFE0A4B186010B103B05DF804FBD6
:1096400001220849104606F041F9F6E7603300248C
:1096500040420F00D34D6210419502087CF104088E
:10966000B487002488F1040800B583B0134B93F845
:10967000DC154FF47A7202FB01F193F8DB3513B974
:10968000C1EB011189004FF47A7303FB01F10C4B1C
:10969000A3FB01310B4B009300231A4689090A48AA
:1096A00015F084FE094B186010B103B05DF804FB9F
:1096B00001220749104606F009F9F6E76033002455
:1096C000D34D62109D950208A8F10408B0870024CC
:1096D000B4F1040810B588B00DF1040C074C0FCCA0
:1096E000ACE80F0094E807008CE80700002101A80F
:1096F00014F03FFA024B186008B010BD00DB0408FC
:10970000B887002410B51B481B4B03604FF4E133AE
:10971000436000238360C36003610C224261836164
:10972000C36103624362836214F08FF8B0B9002111
:10973000104814F0C9F9A0B900210E4814F0E9F955
:1097400090B90C4814F0A1F988B90A4C0A212046B6
:1097500013F0C6FB204613F0CFFB10BD0AF082FDCC
:10976000E5E70AF07FFDE7E70AF07CFDE9E70AF0AC
:1097700079FDEAE784F500240048004010B58CB27A
:1097800041F2883322460146024813F091FF2046F9
:1097900010BD00BF84F50024F0B597B00C46192821
:1097A00027D8DFE810F01A00280026003500420014
:1097B00053006400750086002600260026009700EE
:1097C0002600A800B900CA00DB00EC00FD0028015B
:1097D000530164017C01C70107020221C048FFF761
:1097E000CDFF0221BF48FFF7C9FF00210846FFF760
:1097F000C5FF17B0F0BD0321BB48FFF7BFFF022133
:10980000B848FFF7BBFF00210846FFF7B7FFF0E7B6
:109810000321B648FFF7B2FF0221B248FFF7AEFFBF
:1098200000210846FFF7AAFFE3E70221AC48FFF753
:10983000A5FF0521AE48FFF7A1FF0221A948FFF7C8
:109840009DFF00210846FFF799FFD2E70221A448B7
:10985000FFF794FF0621A748FFF790FF0221A148D8
:10986000FFF78CFF00210846FFF788FFC1E70221C0
:109870009B48FFF783FF0A219F48FFF77FFF0221E4
:109880009848FFF77BFF00210846FFF777FFB0E716
:1098900002219348FFF772FF07219848FFF76EFFF8
:1098A00002219048FFF76AFF00210846FFF766FF94
:1098B0009FE702218A48FFF761FF07219048FFF7E1
:1098C0005DFF02218748FFF759FF00210846FFF797
:1098D00055FF8EE702218248FFF750FF0821894893
:1098E000FFF74CFF02217F48FFF748FF00210846A1
:1098F000FFF744FF7DE702217948FFF73FFF06218C
:109900008148FFF73BFF02217648FFF737FF002130
:109910000846FFF733FF6CE702217148FFF72EFF7F
:1099200007217A48FFF72AFF02216E48FFF726FF3A
:1099300000210846FFF722FF5BE702216848FFF796
:109940001DFF06217248FFF719FF02216548FFF746
:1099500015FF00210846FFF711FF4AE70221604882
:10996000FFF70CFF06216B48FFF708FF02215D4857
:10997000FFF704FF00210846FFF700FF39E7022147
:109980005748FFF7FBFE06216348FFF7F7FE022169
:109990005448FFF7F3FE00210846FFF7EFFE28E7E3
:1099A0000BAB5E4A92E8030083E8030000230D93AB
:1099B000ADF83830BCB121460BA81EF089FD02215C
:1099C0004748FFF7DBFE0BA8F6F7EAFC01460BA8B9
:1099D000FFF7D4FE02214348FFF7D0FE00210846DE
:1099E000FFF7CCFE05E70BAC2046F6F7D9FC4C4B55
:1099F0001B882352E3E74B4B93E803000B90ADF831
:109A000030100025CDF83250CDF83650CDF83A5010
:109A1000CDF83E50CDF84250CDF8465021460BA827
:109A20001EF056FD02212E48FFF7A8FE0BA8F6F700
:109A3000B7FC01460BA8FFF7A1FE02212948FFF75A
:109A40009DFE29462846FFF799FED2E602212448CA
:109A5000FFF794FE06213448FFF790FE02212148CB
:109A6000FFF78CFE00210846FFF788FEC1E60221C1
:109A70001B48FFF783FE07212C48FFF77FFE204697
:109A8000F6F78EFC01462046FFF778FE02211548C6
:109A9000FFF774FE00210846FFF770FEA9E6244B8D
:109AA0000BAD93E8030085E8030002210C48FFF7A3
:109AB00065FE2846F6F774FC01462846FFF75EFE71
:109AC0002046F6F76DFC01462046FFF757FE0221BF
:109AD0000448FFF753FE00210846FFF74FFE88E6D3
:109AE0005CE904086CE90408D4F10408D8F104081E
:109AF000DCF10408E4F10408ECF10408F8F10408CE
:109B000000F2040808F2040814F204081CF2040825
:109B100024F204082CF2040834F204081CDB0408C4
:109B2000F8DD04082CDB04083CF2040844F20408C5
:109B300054F204086C46284D0FCD0FC40FCD0FC44E
:109B400095E8070003C42270244F02213846FFF72E
:109B500015FE6846F6F724FC01466846FFF70EFE40
:109B60001F4E02213046FFF709FE00210846FFF78D
:109B700005FE64200DF03AFA0BAC1A4D0FCD0FC460
:109B80000FCD0FC495E8070003C4227002213846A8
:109B9000FFF7F4FD0BA8F6F703FC01460BA8FFF74F
:109BA000EDFD02213046FFF7E9FD00210846FFF7F1
:109BB000E5FD1EE602210948FFF7E0FD06210A48FF
:109BC000FFF7DCFD02210648FFF7D8FD002108461B
:109BD000FFF7D4FD0DE600BF5CF204085CE9040861
:109BE0006CE9040888F204084CF2040838B504460D
:109BF0001149124B186814F087FB10B9002528464C
:109C000038BD16200E4B18802146FFF7C5FD0024F5
:109C10000C4B1C70322013F0DFFF0134E4B2094B0F
:109C20001D780DB9272CF5D900231A46194603488B
:109C3000006814F08FF9E2E7804F1200BC8700241F
:109C4000B88E0024B38E002408B50C490C4B18685C
:109C500014F05AFB00B908BD12200A4B18800021ED
:109C6000FFF79AFD642013F0B7FF00231A46194648
:109C70000348006814F06EF9EDE700BF804F120052
:109C8000BC870024B88E002470B59EB0284C1325E4
:109C9000258000212846FFF77FFD642013F09CFFFC
:109CA000112020800021FFF777FD642013F094FF3E
:109CB000142323801F4A92F8D53592F8D615B2F8AE
:109CC000D80592F8DA65039602900191009392F814
:109CD000D435D2F8D025184905A81EF0DDFA05A91B
:109CE0002078FFF759FD642013F076FF19202080BB
:109CF0000021FFF751FD642013F06EFF1820208033
:109D00000E49FFF749FD642013F066FF17202080FD
:109D10000B49FFF741FD642013F05EFF25800949E0
:109D20002846FFF739FD642013F056FF1EB070BDC2
:109D3000B88E002460330024B4F20408F8DD04086F
:109D4000DCE90408C8F20408234AD2F8D0352349D4
:109D5000A1FB03139B0992F8D405082812D0092807
:109D600003D007281BD0002070471D4A934223D000
:109D700002F5AA72934221D002F2472293421FD0E9
:109D800000207047164A93421CD002F5AA729342F3
:109D90001AD002F24722934218D000207047104A8E
:109DA000934218D002F5AA72934211D002F24722D0
:109DB00093420FD000207047012070470220704767
:109DC0000320704704207047052070470620704725
:109DD000082070470920704760330024D34D62107B
:109DE00026330D0010B53749374B186814F08CFA3C
:109DF00008B9002010BD354C00224FF48051204698
:109E00000EF09BFEC82013F0E7FE01224FF48051B4
:109E100020460EF092FE4FF47A7013F0DDFE02231E
:109E20002B4A13702B4C237000202B4B18800146BB
:109E3000FFF7B2FC4FF4FA7013F0CEFE2378012B3B
:109E40001BD00223224A1370224C23700020224B85
:109E500018800146FFF7A0FC4FF47A7013F0BCFEA7
:109E60002378012B1AD000211B4B19800B460A4680
:109E70001548006814F06EF8BBE7154B1B78012BF2
:109E8000DFD10021124B19700120134B1880FFF70E
:109E900083FC4FF4FA7013F09FFED2E70C4B1B7853
:109EA000022BE0D104200C4B18800021FFF774FC3A
:109EB000642013F091FEFFF7E7FEFFF745FF074B25
:109EC0001870D0E7804F1200BC87002400080258A9
:109ED000598F0024588F0024B88E0024B68E002499
:109EE00010B50DF07DF804461D4B1B788BB91D4B4A
:109EF0001B68C31A1C4A934200D810BD01221146A8
:109F00001A480EF01AFE164B01221A70154B1C60EF
:109F1000F3E7012B11D0134B1B68C31A4EF65F22D7
:109F20009342EAD90022012110480EF006FE0C4BA4
:109F300000221A700B4B1C60DFE70A4B1B68C31A28
:109F400047F22F529342D8D9054B02221A700120B2
:109F5000074B18700246074905F0B8FCCDE700BF73
:109F600078F500247CF500243FD10C000004025851
:109F70005AE50024D0F2040808B50022064B1A70F6
:109F8000064B1A70064B1A70064B1A7001210648D0
:109F90000EF0D3FD08BD00BFFA8B0024FB8B00241C
:109FA000FC8B0024F88B0024000C025808B5194BD8
:109FB0001870194B00221A700138032821D8DFE8E5
:109FC00000F0020B12190223144A1370144A137082
:109FD000144B00221A7008BD104B08221A70104B47
:109FE00002221A70F4E70D4B02221A700C4B032266
:109FF0001A70EDE7094B14221A70094B00221A70EF
:10A00000E6E70022054B1A70012107480EF095FD86
:10A01000DEE700BFFA8B0024F88B0024FB8B0024C2
:10A02000F98B0024FC8B0024000C025808B51B4B54
:10A030001B78EBB11A4B1B78D3B11A4B1B7833B199
:10A04000194A1278934214D8174B00221A70174BF2
:10A050001B7893B90122114615480EF06EFD134B83
:10A0600001221A700E4A1378013BDBB213706BB1F8
:10A0700008BD01320C4B1A70FAE7002201210C488E
:10A080000EF05BFD094B00221A70EBE70022034B38
:10A090001A70012106480EF050FDE9E7FA8B002402
:10A0A000FB8B0024F98B0024F88B0024FC8B00240C
:10A0B000000C025808B50120FFF778FF08BD00002A
:10A0C00038B504461B491C4B186814F01DF910B92B
:10A0D0000025284638BDFFF7EDFF184D13202880D6
:10A0E0000021FFF759FB962013F076FD16202880FB
:10A0F0002146FFF751FB0024114B1C70322013F056
:10A100006BFD0134E4B20E4B1D780DB9272CF5D947
:10A110000A4C132020800B49FFF73EFB962013F0DA
:10A120005BFD002121800B460A460348006813F0BE
:10A1300011FFCEE7804F1200BC870024B88E0024A8
:10A14000B38E0024C8F2040808B50B48FFF7B8FF27
:10A1500028B1C822002108481EF0B2F908BD6420C9
:10A1600013F03AFD0448FFF7ABFF0028F1D1034B91
:10A17000012283F83D20ECE75CC0002424C10024C8
:10A1800008B50220FFF712FF08BD000038B52C4BC0
:10A190001B78012B46D0022B4BD02A4C2046F6F7D9
:10A1A000FFF802460519284B03CBA05069601B78C5
:10A1B0002B72264D022204F10801284605F00EFB01
:10A1C000012204F10C01681D05F008FB022204F1D4
:10A1D0000E01A81D05F002FB012204F1120105F594
:10A1E000AE7005F0FBFA042204F1140105F5AB7022
:10A1F00005F0F4FA043C202120460AF0A1FBA5F862
:10A200005A01022204F1200105F5AD7005F0E6FACD
:10A21000302384F82430372384F82530002384F851
:10A22000263038BD0A4B0B4A1068186012791A7133
:10A23000B3E7074B084A1068186012791A71ACE747
:10A24000988A002460C00024F4F204089A8A00244A
:10A250005CC00024E4F20408ECF20408F8B52E4DCA
:10A260002E4C01222946204605F0B8FAAE1C304695
:10A27000F6F796F802468719294B03CBB050796060
:10A280001B783B72022205F10801E01E05F0A6FAD8
:10A29000012205F10C01601E05F0A0FA14F8073C3C
:10A2A000012B2ED01F48828881791F4B01FB02327F
:10A2B0000A30FDF70DFB1B4E1C4DB279294606F105
:10A2C0000A0005F08BFAB479640004F10E070E3D24
:10A2D00007F0FE0128460AF033FBA6F85C010222D3
:10A2E000E91906F5AE7005F079FA04F1120204F1ED
:10A2F00013033021A95414343822EA5400232B5577
:10A30000F8BDE01F82888179094B01FB02320A30D7
:10A31000FDF7DEFACFE700BF5CC000249F8A00246F
:10A32000F4F20408988A00240050E9006AC000246E
:10A330000050C90038B50C4C0C4920461EF0C9FA33
:10A340000B4D012204F11001284605F047FA0222C4
:10A3500004F11201E81E05F041FA3023A3753923F8
:10A36000E3750023237638BD008C002427C1002428
:10A370009F8A002470B582B0214C224D01222146D3
:10A38000284605F02BFAA61C3046F6F709F80246D7
:10A3900000EB060C1C4B03CBB050CCF804101B7820
:10A3A0008CF80830022204F10A01E81E05F016FAC2
:10A3B000164E012204F10E01304605F00FFA042278
:10A3C00004F11001301F05F009FA182120460AF0A7
:10A3D000B7FAA5F85501022204F1180105F255104B
:10A3E00005F0FCF90B238DF80730012204F11C0164
:10A3F0000DF1070005F0F2F90023A37702B070BD5C
:10A400005CC000249F8A0024F4F204089C170024F6
:10A4100030B5A9B0044615460A461E4901A81DF0EC
:10A420003BFF8222294602A81EF080F8214602A89E
:10A430001EF04EF801A902A81EF04AF802A8F5F78E
:10A44000AFFFC3B25A1C00F1A0010DEB0100302197
:10A4500000F8981C023328A951FA82F2322102F83E
:10A46000981C28AA52FA83F3002203F8982C02A819
:10A47000FFF726FE08B129B030BD642013F0ACFB15
:10A4800002A8FFF71DFE0028F5D1034B012283F837
:10A490003D20F0E700F3040824C100242DE9F8432F
:10A4A0000CF09EFD054600240CE03F4BB02202FB61
:10A4B000043300225A7601223C49104605F006FA80
:10A4C0000134E4B2062C2FD8374BB02202FB043300
:10A4D0005B7E002BF4D0344B02FB04331B7E002B3D
:10A4E000EED1314B02FB04335B69EB1AB3F5FA6F23
:10A4F000E6D92D4B02FB04339A7C2D4B5B799A42B3
:10A50000D3D2B02304FB03F3274A9E1818331A440E
:10A510000232717C3046FFF77BFFB37C0133B374AA
:10A520000CF05EFD7061CBE7224B5C7844B3BDE874
:10A53000F883670004EB4402DFF88890DFF88C8032
:10A5400009EBC2021C4940461DF0A6FE012241460D
:10A55000104605F0BBF92744FF00002309F8073037
:10A56000164B1A78013AD2B21A70154940461DF0BE
:10A5700093FE01224146104605F0A8F90134E4B2E9
:10A580001D2CD4D804EB44030E4A12F83330002BB0
:10A59000F4D004EB44020B4B03EBC2035B69EB1AF0
:10A5A000094A9342EAD9C4E7A47E002408F30408C8
:10A5B00060330024988A00242CF30408C587002403
:10A5C00050F30408C887002480EE360008080024F1
:10A5D00030B587B0594C5A4B07CB20606160A26000
:10A5E0001A889B78A281A373564DAB7800EE103A7F
:10A5F000B8EE400A0BF034FC8DED050A042202A9E6
:10A6000005A805F0EBF802A920461DF061FF6B7864
:10A6100000EE103AB8EE400A0BF022FC8DED050A70
:10A62000042202A905A805F0D9F802A920461DF0C8
:10A630004FFFEB7803F5FA6300EE103AB8EEC00A6C
:10A640000BF00EFC8DED050A042202A905A805F009
:10A65000C5F802A920461DF03BFF3B4D2B7800EECC
:10A66000103AB8EE400A0BF0FBFB8DED050A042210
:10A6700002A905A805F0B2F802A920461DF028FF9E
:10A680006B7800EE103AB8EE400A0BF0E9FB8DED66
:10A69000050A042202A905A805F0A0F802A920468F
:10A6A0001DF016FFAB7800EE103AB8EE400A0BF042
:10A6B000D7FB8DED050A042202A905A805F08EF846
:10A6C00002A920461DF004FF2046F5F769FEC1B23D
:10A6D00020460AF035F9ADF80600022202A90DF174
:10A6E000060005F07BF802A920461DF0F1FE204689
:10A6F000F5F756FE02460519144B03CBA0506960CE
:10A700001B782B722046F5F74BFEC5B2104B1A781A
:10A71000511C19700F4920441DF0BEFDAA1CD2B275
:10A72000EB1CDBB23021A1540435EDB23622E254E9
:10A7300000236355FFF708FD07B030BD5CC000245F
:10A7400074F30408F48E0024E08E0024F4F204086C
:10A75000B78E002400F3040838B502210C480EF02F
:10A76000E5F904460CF03CFC0A4B1B78A34206D0EA
:10A770000546094B1B68C31A322B00D914B1054B8F
:10A780001C7038BDFCF746FE034B1D60F7E700BFA9
:10A7900000100258DC020024A887002410B41B4BD0
:10A7A000B3F872201A4BA3FB021359090B4664201D
:10A7B00000FB1122174C2078C0EB0010810089B2F9
:10A7C0006078014489B2C3EB0313980080B210FA99
:10A7D00082F39BB203F11E0292B2B2F5B46F09D2BA
:10A7E000994234BF00200120914288BF00205DF8CB
:10A7F000044B7047A3F2825080B281428CBF00208C
:10A800000120994228BF40F00100F0E72017002402
:10A810001F85EB51E08E00242DE9F043A1B04FF0ED
:10A82000000841F2883013F0D7F9FFF7A5FB40F29A
:10A830000D22A849A84813F0D9F803224146012067
:10A8400013F064FBA54B186043464246414613F0A3
:10A8500081FB03224146012013F058FBA04B1860F6
:10A8600043464246414613F075FB1BF0F1F90A20BE
:10A8700013F0B2F917200DF00BFC9A4B1B78012B4B
:10A8800001D0002317E0FCF73FFE41460120FCF712
:10A8900067FE9548FCF72EFE41460220FCF760FE5D
:10A8A0009248FCF727FEECE720AA02EB8302002186
:10A8B00042F8141C0133042BF6DDFFF793FAFEF780
:10A8C000A7FE0024009423462246032188480068FE
:10A8D00014F088FDFEF7C8FE0094234622460321AB
:10A8E0008448006814F07EFD7E4B1B7833B9002746
:10A8F0003C2600F017BE642013F06EF97E4B1B78E7
:10A90000002BF8D0F3E77D4C01232370FFF79CF96F
:10A91000642013F061F9237833B994F83D30012BAA
:10A9200002D0002600F00BBE75496D4B186813F07D
:10A93000EBFC10B9002600F002BE00266F4B83F836
:10A940003D60704C32464FF4805120460EF0F5F8D1
:10A95000642013F041F901224FF4805120460EF09B
:10A96000ECF8642013F038F9FFF78EF9FFF7ECF9F3
:10A97000654B1870654B1E80334632463146584849
:10A98000006813F0E7FA00F0DABD614B93F8DB35AD
:10A990008BB1604B00221A7001200BF0D1F95E4B95
:10A9A00093F8AA33032B09D101235C4A13705C4A44
:10A9B000137000F0C9BDFFF7E3FBEAE7594C2378B9
:10A9C00003EB4302C3EBC205DFF88091564909EB64
:10A9D00005001DF07EFF05F1100101224944534896
:10A9E00004F0FCFE237803EB4302C3EBC202914464
:10A9F000302289F81220342289F81320002289F8A5
:10AA000014200133DBB22370092B40F29D852270A4
:10AA100000F09ABD0022464B1A70464B1A70009205
:10AA2000134603213248006814F0DCFCFFF7A8FB52
:10AA300000F093BD404B00221A70FFF7A1FB00F01D
:10AA400091BD3E4B5B78002B40F09185334B00224B
:10AA50001A701AF0F7FD234B93F80080B8F1010F3C
:10AA60002FD02B4B93F8DB35002B71D12F4B1A785D
:10AA7000511C1970324D294619A81DF00DFC0122F8
:10AA800029461AA81DF008FC2E4D19A928461DF0CC
:10AA90001FFD1AA928461DF01BFD0025244B1D7023
:10AAA000134B1F6813F0ACFF024600952B460121A3
:10AAB000384614F097FCFFF747FBA046042700F048
:10AAC00056BDFFF741FB204B01221A70042700F00E
:10AAD0004EBD00BF3CF3002484F50024C087002451
:10AAE000BC870024DAD100249CE7040884F304081E
:10AAF000B4870024B087002458E5002424C1002432
:10AB0000804F120000080258B68E0024B88E002430
:10AB1000603300243C8F00249CF800245AE5002474
:10AB2000F8020024658F002427C10024B78E00247A
:10AB3000B48E0024B58E0024B28E0024988A00249E
:10AB400000F304085CC00024C4870024008C0024A7
:10AB50009A4F97F800809A49C8209A4B00FB08301A
:10AB60001DF0B7FE984B1A88984B03F80820002573
:10AB7000974B03F80850974B1D704FF00108964B08
:10AB800083F80080954BD3F8009013F039FF02460C
:10AB900000952B464146484614F024FC3B7843443C
:10ABA000DBB23B703B2B00D93D70844B1A788C4B49
:10ABB0001B789A4203D0A046042700F0D8BC894BEA
:10ABC00001221A70A046042700F0D1BC0CF008FA4C
:10ABD000854B1B68C01A40F6B833984240F2D184C6
:10ABE000FFF768FA1320814B18800021FEF7D4FD8F
:10ABF000C82012F0F1FF40E0642012F0EDFF7C4B22
:10AC0000187800EB4003C0EBC3007A4B1844FEF702
:10AC1000EDFF00283BD1642012F0DEFF744B187862
:10AC200000EB4003C0EBC300724B1844FEF7DEFF9D
:10AC300020B1714B002283F83D2028E06E4B0122A9
:10AC400083F83D206C4B93F83D3013B96B4B0022D9
:10AC50001A70654B00221A601320644B18806849F3
:10AC6000FEF79AFD322012F0B7FF00F08ABC604B6D
:10AC70001A78644B1B789A42E4D05D4B1B7803EB47
:10AC80004302C3EBC2035B4AD35C002BB4D1584AE6
:10AC9000107800EB4003C0EBC30356490024CC54AA
:10ACA0000130C0B210701D28E1D91470DFE7564D95
:10ACB000002485F85F41554BD3F8009013F0A0FEB7
:10ACC0000246009423460121484614F08BFB6B7822
:10ACD000013B032B00F26682DFE813F0040055000D
:10ACE000A8000F014A4B93F8DB358BB3494BD3F8DF
:10ACF0008020454C227093F87020E271B3F87420E4
:10AD0000228193F8842084F85E21D3F88820C4F847
:10AD100058219A6F534252FA83F39B0963800025AE
:10AD2000A5804023A371FFF731FAB4F85431013301
:10AD3000A4F854314FF43472294637481DF0C0FB53
:10AD4000364B1D70364B1D70FFF7FEF900F02EBC20
:10AD50004FF47A7012F040FF194C324920461DF032
:10AD6000B8FD012204F110012F4804F037FD0A2339
:10AD70008DF86830012204F112011AA804F02EFDAA
:10AD800000232375E0E7224B93F8DB35002B00F01E
:10AD90000D84FFF763FAFFF7D7F91B4A9388013355
:10ADA0009BB2938052889342C0F00084164B0422D9
:10ADB0005A700022A3F85421F8E300BF668F0024E4
:10ADC0005CC00024E08F0024628F0024A48F002444
:10ADD000688F0024F80200245CE50024A07E002493
:10ADE00074830024586A0024408F0024B88E002405
:10ADF000FD8B0024008C002424C10024448F0024F7
:10AE0000C8F20408658F0024988A0024B0870024C3
:10AE10006033002420170024C8870024648F002496
:10AE2000C587002427C100249F8A0024B44B1B78C7
:10AE3000012B40F0BB83B34B1B78002B3FD1B04BB1
:10AE40009B8813F03F0F01D0012B16D1AC4A9279A9
:10AE500003FB02F2012B44D0AB4C144401212046E9
:10AE60000BF060FFA94D2246A94928461DF014FAAF
:10AE700001222946104604F029FDA14BB3F85431B4
:10AE8000FF2B40F293839E4B9C88043C9A7902FBF3
:10AE900004F41B78012B26D001229C49104604F0B3
:10AEA00015FD9C4D22464FF4807128460BF052FF51
:10AEB000B5F84A31A3F58073A5F84A3176E34FF42B
:10AEC0007A7012F089FE8F4C2046FFF7F9F84FF4A4
:10AED0007A7012F081FE2046FFF7F2F8002323700B
:10AEE000ADE7894CBAE704F5490404F5A0442246CD
:10AEF000894986481DF0D0F9CEE7884B93F8DB35B9
:10AF0000002B3DD07E4BB3F85441FCB1844B1A78F2
:10AF1000844B1B789A4201D2012C26D9002400943C
:10AF20002346224603218048006814F05BFA7F4BD9
:10AF3000A3F87240F8F714F9642012F04DFE704B3C
:10AF40001B78012B51D009F013F92FE3744D2A78A7
:10AF5000744B1A704FF43472002175481DF0B0FA2A
:10AF600000232B70734A1370D0E7FFF703FAFFF743
:10AF7000EBF8634AB2F854310133A2F8543115E3C7
:10AF80004FF47A7012F028FE6B4C6C4920461DF08D
:10AF9000A0FC6B4D012204F11001284604F01EFCB8
:10AFA0000A238DF86830012204F112011AA804F076
:10AFB00015FC00232375FFF7C7F815F8073C012B94
:10AFC00040F0F482594B504A996F93F87C00FDF79A
:10AFD00071FE50B101225B49104604F077FC6420F9
:10AFE00012F0FAFD09F0C4F8E0E20024564900E04E
:10AFF00001310B7863B1A3F13002D2B2092AF7D83C
:10B0000004EB840403EB44039BB2303B9CB2EFE7B8
:10B010003E4D22464D4928461DF03EF90122294663
:10B02000104604F053FC364B1B89A34202D13F4B20
:10B030009B6853B901224649104604F047FC64203E
:10B0400012F0CAFD09F094F8B0E203F54E23414A2C
:10B050005360364B996F2C4B0B443F494B60284B48
:10B06000D3F858013D4B03443D4843603D4C169096
:10B0700015911492502204F1100168461DF031FC24
:10B0800094E80F00FAF7E6FC002840F085800122E2
:10B090003549104604F01AFC194B304AD3F85811C0
:10B0A00093F85E01FDF706FE00286FD101222F49BB
:10B0B000104604F00BFC124BD3F85801FAF72AFEA5
:10B0C00000285DD00E4B4FF44E22D3F8581193F860
:10B0D0005E01FDF7EFFD00284CD1094AD2F8581166
:10B0E000124B996092F85E215A7102221A71F8F798
:10B0F00037F801221E49104604F0E8FB9FE700BF25
:10B10000988A0024008C00240050C90008080024FC
:10B1100098F30408A28A0024C4F3040860330024CE
:10B12000C5870024AC870024B087002420170024A2
:10B13000C8870024648F00245CC0002427C1002439
:10B140009F8A0024E8F30408D63300240CF4040892
:10B1500044F50408F0020024E80200240050EB004B
:10B16000E00200248400002424F4040854F40408B9
:10B1700078F404080122AD49104604F0A7FB5EE70D
:10B180000122AB49104604F0A1FB58E70122A9496E
:10B19000104604F09BFB52E70122A749104604F039
:10B1A00095FB4CE70122A549104604F08FFB0022D5
:10B1B000A34B5A70009213460321A248006814F072
:10B1C00011F9F3E1A04B93F8DB35002B00F0EE8191
:10B1D000FFF7E4FA002800F0E981994B012083F899
:10B1E0005F0158700246994904F070FBDEE1FFF7F9
:10B1F000EFF9974B00221A70DDE14FF00008E3E110
:10B20000F9F7D2FF934B9A78934BA3FB0213DB0819
:10B21000C3EB0313D21A12F0FF0F02D18F4B01229E
:10B220001A70642012F0D8FCFBE18D4A1368013BD0
:10B230001360002B40F0FE818A4B00221A704FF4FD
:10B240007A71894B186813F05FF8012805D0012343
:10B25000844A1370824A1360ECE1F6F7D3FB0023B3
:10B260001A4619468048006812F074FEE2E17F4AEF
:10B270001368013B1360002B40F0E1817C4B0022FE
:10B280001A704FF47A71784B186813F03DF8012862
:10B2900005D00123764A1370744A1360CFE1F7F7A3
:10B2A00061FB00231A4619466F48006812F052FEEF
:10B2B000C5E1704A1368013B1360002B40F0C48164
:10B2C0006D4B00221A704FF47A71674B186813F0B7
:10B2D0001BF8012805D00123674A1370654A1360E3
:10B2E000B2E1F6F723FF00231A4619465E480068CC
:10B2F00012F030FEA8E1614A1368013B1360002B95
:10B3000040F0A7815E4B00221A704FF47A71564BC1
:10B31000186812F0F9FF012805D00123584A13706C
:10B32000564A136095E1F7F757F800231A46194675
:10B330004D48006812F00EFE8BE1524A1368013B43
:10B340001360002B40F08A814F4B00221A704FF49B
:10B350007A71454B186812F0D7FF012805D00123F8
:10B36000494A1370474A136078E1F7F785F90023DB
:10B370001A4619463C48006812F0ECFD6EE1434A5B
:10B380001368013B1360002B40F06D81404B00229D
:10B390001A704FF47A71344B186812F0B5FF012817
:10B3A00005D001233A4A1370384A13605BE13948EB
:10B3B00016F0BEFD00231A4619462B48006812F00D
:10B3C000C9FD50E1344B00221A604FF47A71264BCC
:10B3D000186812F099FF012804D02F4B40F22B126D
:10B3E0001A6046E10023B3F5967F0BDA03F52F715F
:10B3F0002A4A02EB81021168294A02EB830251605A
:10B400000133F0E7F7F7F0F9264B1A68264B5A603C
:10B41000264A12689A60F7F7A5FA00231A461946D9
:10B420001148006812F096FD23E100BFA0F4040863
:10B43000CCF40408FCF4040820F5040884F504089E
:10B44000988A0024B0870024603300249CF5040807
:10B45000466A0024E08E0024898888885AE5002402
:10B46000700400242803012474F500241C03012423
:10B47000240301246C04002427030124680400240D
:10B4800026030124640400242503012474040024F9
:10B4900029030124B8F504082003012474110424AD
:10B4A00044180024043A002410170024003A002411
:10B4B00004EBC402734B03EBC203214693F868010B
:10B4C000F5F72EFEA500704B03EB8403204693EDA9
:10B4D000000AF5F75BFC6D4B2B44D3ED007A05F1C8
:10B4E00080030DEB030515ED057A77EE877A45EDC0
:10B4F000057A0134042CDBDD00230CE020AA02EBEA
:10B50000830151F8140C624A02EB8302106000229E
:10B5100041F8142C0133042BF0DDFEF787FD3720B2
:10B5200012F05AFB721C40F6B8339E423FF6EBA96C
:10B53000584B93F83D30012B3FF4E5A91646564B86
:10B540001B78012B3FF421AA544B1B782BB14D4B98
:10B5500093F8DB35002B3FF45DAA514B1B78012B90
:10B560003FF468AA4F4B1C78012C3FF46AAA4E4B5B
:10B570001B78002B7FF434AB4C4B1B68002B7FF403
:10B5800025AB4B4B93F85F31002B7FF490AB494BCD
:10B59000B3F8723053B1464B5B783BB9464B1A68EF
:10B5A000464B1340B3F5807F3FF40CAE444B1B7801
:10B5B000002B7FF41CAE3FB1013FFFB2B8F1010F89
:10B5C0003FF41BAE4FF00108FEF768FF3D4B03F55B
:10B5D00016623D49097807EE901AF8EE677AC2EDD7
:10B5E000007A2C4A92F9331007EE901A03F668118C
:10B5F000F8EEE77AC1ED007A127807EE902A03F6AA
:10B600009C13F8EE677AC3ED007A304B00221A6083
:10B610002F4A1368013313602E4B1B78012B3FF424
:10B62000EFADF9F731FDFFF797F82B4B1B78012BA6
:10B630003FF4FBAD294B1B78012B3FF418AE284B90
:10B640001B78012B3FF435AE264B1B78012B3FF4C2
:10B6500052AE254B1B78012B3FF46FAE234B1B786A
:10B66000012B3FF48CAE1A4B1B68B3F5167F3FF4E9
:10B67000A9AE00241E4B1C6000F07EF8FEF730FCE3
:10B6800038E700BF60330024DC070024B40700243F
:10B69000C807002424C100243C8F0024B48E002459
:10B6A000B28E00245AE50024448F0024408F0024E9
:10B6B000988A002420170024E08E00240001FF0057
:10B6C000466A002474110424588F0024083A002488
:10B6D00020030124DAD100242803012424030124B7
:10B6E000270301242603012425030124290301241F
:10B6F000F007002400B58BB02822002168461CF01A
:10B70000DFFE1B4B1B49196000225A607F209860A6
:10B71000FF20D8601A619A61DA615A61CB6813F030
:10B72000100F1AD000238DF800308DF801308DF8FD
:10B730000230019303930493059306930793012228
:10B740008DF820204FF4807309936946084810F063
:10B7500017FC50B90BB05DF804FB054810F0FCFA7B
:10B760000028DFD008F07EFDDCE708F07BFDF1E784
:10B7700040F700240040005870B582B0104C114EC4
:10B7800000222146304610F0C9FC0F4D0022294608
:10B79000304610F0E9FCEB7803F5FA6300936B7820
:10B7A000AA780A490A481CF077FDA37800936378C9
:10B7B0002278084908481CF06FFD02B070BD00BF38
:10B7C000E08E002440F70024F48E0024CCF5040819
:10B7D0004CF50024E0F5040860F5002470B58446BB
:10B7E00003684268C2EB021203EB820E83684FF4D7
:10B7F000616202FB03EE4FEAEE71C368013B02692E
:10B80000724850F822000344012A1CDDDCF81420A1
:10B8100012F0030F17D16E4C84FB0204D017C0EB5B
:10B820006410642404FB102060B902F26C72684C4E
:10B8300084FB0204D017C0EBE4104FF4C87404FB7F
:10B84000102000B90133CCF81C30DCF8140042F2AF
:10B850001072024444F62064A24200F2B3804628EB
:10B8600058DC452840F38180D817DA1840EB0004F3
:10B87000D21840EB0405280140EA12701401A41A02
:10B8800060EB05052A0142EA14722001001B62EBFD
:10B890000502D20142EA5062C0011EEB000041EBFA
:10B8A000020104334B4C84FB03241C44DA17C2EB23
:10B8B000A402C2EBC2029A1ACCF81820002A7DDB3F
:10B8C00070BD40F26D14234401329042CCDD12F081
:10B8D000030FF6D13E4D85FB0245D417C4EB65142A
:10B8E000642505FB14247CB902F26C75384E86FB86
:10B8F0000546EC17C4EBE6144FF4C87606FB145467
:10B900002CB140F26D14DEE74FF4B774DBE74FF46F
:10B91000B774D8E74622D8E740F26D141B1B013AF2
:10B92000904224DA12F0030FF6D1294D85FB02452F
:10B93000D417C4EB6514642505FB14247CB902F20A
:10B940006C75234E86FB0546EC17C4EBE6144FF4EA
:10B95000C87606FB14542CB140F26D14DEE74FF4A8
:10B96000B774DBE74FF4B774D8E74522D8E712F095
:10B97000030F19D1164C84FB0204D017C0EB6410DE
:10B98000642404FB102098B902F26C72104C84FB02
:10B990000204D017C0EBE4104FF4C87404FB10206D
:10B9A00048B140F26D1201E040F26D129B1A5BE764
:10B9B0004FF4B772FAE74FF4B772F7E70732CCF8F3
:10B9C00018207DE74FF0FF30014679E7EC060508C7
:10B9D0001F85EB5193244992054BA3FB0023DB0801
:10B9E00003EB8302A0EB420000EB0310C0B27047F0
:10B9F000CDCCCCCC00F00F03000900EB800003EBB2
:10BA00004000C0B27047000084B010B586B008ACEA
:10BA100084E80F002D4C01226946204610F07EFB81
:10BA2000012205A9204610F09FFB9DF80000FFF7BA
:10BA3000E1FF0A909DF80100FFF7DCFF09909DF8F7
:10BA40000200FFF7D7FF08909DF81400FFF7D2FF20
:10BA500001380E909DF81500FFF7CCFF01380C90CF
:10BA60009DF81600FFF7C6FF0B909DF81700FFF733
:10BA7000C1FF64300D90164C0DF1200CBCE80F0096
:10BA80000FC4BCE80F000FC4DCF80030236008A826
:10BA9000FFF7A4FE0F4C206061604A0142EAD062C9
:10BAA00043011B1A62EB0102920042EA93729B006F
:10BAB0001B1841EB0201C90041EA5371DB0023600E
:10BAC000616006B0BDE8104004B0704740F7002444
:10BAD000BC8E00240003002470B4574D2A6000215E
:10BAE000564B1970564B1970564BA3FB02646409F0
:10BAF0002646C4EB0414A2EB840404602E60A3FB6E
:10BB000006235B091C46C3EB0313A6EB83034360C8
:10BB10002C604D4BA3FB04231B091A4603EB430384
:10BB2000A4EBC30383602A60484C2260484BA3FB0C
:10BB30000253D51A03EB55039B08C3EBC303D31A77
:10BB4000444DEB5C8361A2F2D9222260424B196022
:10BB500006E0A3F26D133D490B6001323E4B1A60C3
:10BB60003A4B1B68B3F5B77F09D93B4A126812F00C
:10BB7000030FEED1A3F5B77334490B60EDE729D07D
:10BB8000354A136803F2B4731360436113F0030F73
:10BB900007D1324AA2FB03125209642101FB12327F
:10BBA00042B92E4AA2FB0312D2094FF4C87101FB1D
:10BBB0001232E2B92A4B1D225A70214B01221A700F
:10BBC0000023284A1380214A1168274A1160274A16
:10BBD000137018E0204A126812F0030FD0D0A3F2BD
:10BBE0006D131A490B6001321B4B1A60C8E71C4BDE
:10BBF0001C225A70E4E71A4CE45C2244194C22805F
:10BC000001331A4A1370194B1B780B2B03D8154AB2
:10BC100012889142EFD80361013B114AD45C114A6A
:10BC200013881B1B9BB21380C91AC9B2104B197021
:10BC3000C16070BC704700BF048F00240B8F0024CC
:10BC40000A8F002489888888ABAAAAAAFC8E0024BF
:10BC5000254992241C070508008F00241F85EB51FD
:10BC600008030024088F0024F88E00240C8F002481
:10BC70000D8F002484B0F0B587B00CAC84E80F00C1
:10BC8000304BD3E900232046FFF726FF9DF838000C
:10BC9000FFF7A2FE8DF804009DF83400FFF79CFE2C
:10BCA0008DF805009DF83000FFF796FE8DF8060030
:10BCB000002704970597129DE8B2FFF78DFE8DF8D7
:10BCC0000000109EF0B2FFF787FE8DF801009DF88E
:10BCD0003C00FFF781FE8DF80200119C1A4B83FB9C
:10BCE0000423E017C0EB6310642303FB1040C0B2D1
:10BCF000FFF772FE8DF80300A4F26C741194013EFC
:10BD00001096013D12951497012201A90F4810F0D9
:10BD100081F880B9012269460C4810F0DFF868B953
:10BD200043F2F2220121094810F03CFA07B0BDE8C5
:10BD3000F04004B0704708F095FAEBE708F092FA8B
:10BD4000EEE700BF000300241F85EB5140F70024FD
:10BD50000C4B93F85131012B0FD00B4B00221A7072
:10BD6000084B93F8521193F85331C3EB03139A0025
:10BD70004FF4616000FB01207047034B01221A70F1
:10BD8000EEE700BF60330024BA8E002400000000FC
:10BD90009FED057B20EE070B9FED057B80EE070BEB
:10BDA000704700BFAFF300806E861BF0F921094099
:10BDB00000000000008066409FED057B20EE070B31
:10BDC0009FED057B80EE070B704700BFAFF300804F
:10BDD00000000000008066406E861BF0F9210940DB
:10BDE00003E032EE417B30EE070BB4EEC10BF1EE17
:10BDF00010FAF6D403E032EE417B30EE470BB4EE9E
:10BE0000C20BF1EE10FAF6DA7047000000000000F5
:10BE100070B52DED0E8B06460025012401E01F357F
:10BE20000134B34B5878FFF7E5FDA04233DD631EC4
:10BE30000B2BF5D801A252F823F000BF1FBE020859
:10BE400081BE02081FBE02087DBE020871BE020844
:10BE50007DBE020871BE020879BE02086DBE0208EE
:10BE600079BE02086DBE020875BE02081F35D7E70D
:10BE70001F35D5E71E35D3E71E35D1E71E35CFE791
:10BE80009B4BD878FFF7B6FD10F0030F01D11D359D
:10BE9000C6E71C35C4E7964B9878FFF7ABFD43190E
:10BEA00008EE103A934B93ED526BB2EE0E7B86EE9A
:10BEB00007CB002E40F0D680B8EEC88BB1EE087BE1
:10BEC00037EE4C7BB3EE085B87EE056B38EE068BE6
:10BED0009FED6B7B9FED6C9B18EE079BB0EE490BC3
:10BEE000FFF756FFB7EEC00B1FF0DEFAB0EE40AA28
:10BEF00039EE090BFFF74CFFB7EEC00B1FF0D4FA79
:10BF0000B7EECAAA9FED626B0AEE069BB7EEC00AB7
:10BF10009FED617B00EE079B9FED61DB9FED62BBB8
:10BF2000B0EE4D2BB0EE4B1B9FED610B39EE000BCD
:10BF3000FFF756FFB0EE40ABFFF72AFFB7EEC09B0E
:10BF4000B0EE490A1FF058FAB7EEC00A9FED5A7BCF
:10BF500020EE070B1FF020F8FFF72EFFB0EE4D2B61
:10BF6000B0EE4B1BFFF73CFF9FED555B8AEE056B78
:10BF7000B7EEC66BBDEEC66AB8EEC66AB7EEC66A65
:10BF800080EE057BB7EEC77BBDEEC77AB8EEC77A09
:10BF9000B7EEC77A27EE057B16EE057B37EE000B72
:10BFA000B2EE0E7B80EE07DBB0EE490A1FF07CFAA2
:10BFB000B7EEC09A9FED447B29EE079BB7EEC90B05
:10BFC0001FF0E6F91FF034FBB7EEC0BA9FED400B4F
:10BFD000FFF7DEFE1FF0DCF8B0EE40AB454B93ED13
:10BFE000500BFFF7D5FEB0EE40EB1FF025F900EE49
:10BFF00049ABB0EE4E0B1FF0CBF820EE0BBB8AEE38
:10C000000B0BB7EEC00B1FF097F9B7EEC00AFFF7A6
:10C01000D3FE1EB99FED227B37EE400BB2EE0E6BC6
:10C0200080EE067B3DEE07DB9FED2B7B08EE47DBCA
:10C030009FED2B0B3DEE400BB3EE082B9FED1A1B33
:10C0400030EE4C0BFFF7CCFE9FED277B20EE070B6D
:10C05000FDEEC07B17EE900A00EBC0008000BDEC47
:10C060000E8B70BDB8EEC88BB3EE027B37EE4C7B07
:10C07000B3EE085B87EE056B38EE068B28E700BF52
:10C08000D200DE02098AEF3F1D5A643BDF4F0A40AF
:10C090000E2DB29DEFA7FE3F7B14AE47E17A943F91
:10C0A000000000000080764000000000000000005A
:10C0B000A01A2FDD24AA7140CC0BB08F4E5DED3F4E
:10C0C00000000000008056404B766C04E275D93FBA
:10C0D0000000000000A05640352905DD5ED2B03FCB
:10C0E000B0726891ED7C1A400000000000005940D9
:10C0F000F48E00246033002430B583B00022002386
:10C10000CDE90023FFF724FE0446C5173C4B1B78FE
:10C11000002B63D00020FFF77BFE001B65EB45037F
:10C120000090019368461CF02BFA8268354981FB28
:10C130000231D317C3EBA10303EB4303A2EBC30309
:10C14000314A02F6982107EE903AF8EEE77AC1ED0F
:10C15000007A02F69C23D0ED017AF8EEE77AC3ED7F
:10C16000007AD0ED007A02F52A62F8EEE77AC2EDA5
:10C17000007A234B1B78002B39D00120FFF748FEB3
:10C18000001B65EB45050090019568461CF0F8F929
:10C1900082681C4981FB0231D317C3EBA10303EB77
:10C1A0004303A2EBC303184A02F6A42107EE903A18
:10C1B000F8EEE77AC1ED007A02F6A823D0ED017A15
:10C1C000F8EEE77AC3ED007AD0ED007A02F6AC2201
:10C1D000F8EEE77AC2ED007A03B030BD0020FFF739
:10C1E00017FE001945F10003009001939AE7012022
:10C1F000FFF70EFE001945F1000500900195C4E718
:10C20000BA8E0024ABAAAA2A7411042410B588B0EF
:10C210000DF1040C074C0FCCACE80F0094E80700BC
:10C220008CE80700002101A811F0A3FC024B186064
:10C2300008B010BD4CDB0408388F002408B507F0A7
:10C2400023FC08BDF8B506460F469DF81850022D90
:10C250001BD9234949682348A0FB054000F0FE0C88
:10C260000CEB500CA5EB0C0C1CF0FF0C10D1D41AED
:10C27000A14209D019D2621A39443046FFF7DEFFD5
:10C2800005BB174B00221A60F8BD15490968E2E7A3
:10C29000BCF1010F04D0BCF1020F04D00024E7E789
:10C2A000A2EB5204E4E71446E2E7521A394430465E
:10C2B000FFF7C4FF002CE3D0224639463046FFF793
:10C2C000BDFFDDE7032D04D0022D06D9044B5C60D1
:10C2D000DAE7034B00225A60D6E7014B1C60D3E734
:10C2E0001C8F0024ABAAAAAA0346407920BB0022D7
:10C2F0001A71197011F0800F0DD001F0E002C02A00
:10C300000DD001F0F002E02A0CD001F0F801F02984
:10C310000BD0022070475A7101221A717047012216
:10C320005A7104E002225A7101E003225A715A79CB
:10C3300001321A710820704701F0C002802A01D032
:10C34000022070470138C0B258711A79121A013AA6
:10C35000995400B970470820FCE710B4844602687D
:10C360001378202B17D01378222B16D013782C2B70
:10C3700015D01378222B14D013782F2B13D01378C9
:10C380003A2B12D013782B2B11D013782D2B10D0E1
:10C390000024002016E00132E5E70132E6E7013231
:10C3A000E7E70132E8E70132E9E70132EAE7013283
:10C3B000EBE701320124ECE700EB8000303B03EBBC
:10C3C000400001321378A3F13001C9B20929F3D931
:10C3D000222B06D0CCF8002004B140425DF8044B7B
:10C3E00070470132F6E7000010B503681A78202A7A
:10C3F00017D01A78222A16D01A782C2A15D01A7833
:10C40000222A14D01A782F2A13D01A783A2A12D056
:10C410001A782B2A11D01A782D2A10D00024002245
:10C4200016E00133E5E70133E6E70133E7E70133DF
:10C43000E8E70133E9E70133EAE70133EBE70133EA
:10C440000124ECE702EB8202303901EB42020133B6
:10C450001978A1F1300C5FFA8CFCBCF1090FF1D90D
:10C4600004B1524207EE902AB8EEE70A01330022E7
:10C47000944609E002EB8202303901EB42020133BB
:10C480000CF1010C5FFA8CFC1978A1F1300E5FFA07
:10C490008EFEBEF1090FEDD90CF1FF3CBCF1050F8A
:10C4A0000ED8DFE80CF003111C27323D07EE902A6E
:10C4B000F8EEE77AF2EE046A87EEA67A30EE070A23
:10C4C000222938D0036010BD07EE902AF8EEE77AF3
:10C4D000DFED1A6A87EEA67A30EE070AF0E707EE7C
:10C4E000902AF8EEE77ADFED166A87EEA67A30EE4C
:10C4F000070AE5E707EE902AF8EEE77ADFED116A22
:10C5000087EEA67A30EE070ADAE707EE902AF8EE11
:10C51000E77ADFED0D6A87EEA67A30EE070ACFE7FD
:10C5200007EE902AF8EEE77ADFED086A87EEA67A42
:10C5300030EE070AC4E70133C4E700BF0000C84279
:10C5400000007A4400401C460050C3470024744950
:10C5500030B505682C782C2C0AD02C78222C09D0E8
:10C560002C783A2C08D002B1013A4FF0000C1AE0B6
:10C570000135F2E70135F3E70135F4E795F801E01D
:10C58000BEF10D0F18BFBEF12C0F02D0BEF10A0F85
:10C590000ED1013509B100230B700560012030BDBB
:10C5A000002BF7D001352C78002CF3D0222CE5D0CD
:10C5B0000A2C18BF0D2CECD00029F3D09445EFD2F3
:10C5C00001F8014B0CF1010CECE730B583B00446E7
:10C5D0000D46036801931A782C2A12D0019B1A7811
:10C5E000222A11D0019B1B78303BDBB2092B0ED9DC
:10C5F000019B1A78222A24D0019B2360012003B0DA
:10C6000030BD01330193E9E701330193EAE701A863
:10C61000FFF7A3FE2870019B0133019301A8FFF7E8
:10C620009CFE6870019B0133019301A8FFF795FE02
:10C63000A870019B0133019301A8FFF78EFEE870FB
:10C64000D6E701330193D7E700B583B001900378B3
:10C650002B2B09D059B901A8FFF77FFE064B1870A4
:10C66000012003B05DF804FB07300190F2E701A858
:10C67000FFF773FEEFE700BF5E8F002400B583B0C5
:10C68000019003782B2B08D001A8FFF766FE044B1E
:10C690001880012003B05DF804FB06300190F3E739
:10C6A000628F002410B5044603782B2B1ED0052280
:10C6B000184920461BF028FFD0B109221649204610
:10C6C0001BF022FFE8B115492046F3F709FED0B16F
:10C6D0000722134920461BF017FFB0B1072211496A
:10C6E00020461BF011FF90B9042302E00734DEE777
:10C6F00001230D4A12789A4201D00B4A137001208F
:10C7000010BD0223F5E70023F3E70323F1E702233B
:10C71000EFE700BFF8F50408F4F5040800F6040894
:10C7200010F6040818F60408608F002400B583B0E2
:10C73000019003782B2B08D001A8FFF70EFE044BC5
:10C740001870012003B05DF804FB08300190F3E796
:10C750005C8F002400B583B0019003782B2B09D0A7
:10C7600059B901A8FFF7F9FD064B1870012003B075
:10C770005DF804FB07300190F2E701A8FFF7EDFD3B
:10C78000EFE700BF5A8F002400B585B00190037811
:10C790002B2B15D0B9B903A901A8FFF716FF9DF8F7
:10C7A0000C200B4B1A709DF80D205A709DF80E202E
:10C7B0009A709DF80F20DA70012005B05DF804FB37
:10C7C0000A300190E6E701A8FFF7C7FDE3E700BFE5
:10C7D000548F002430B583B001900C4603782B2B86
:10C7E00007D001A8FFF7B9FD05462CB9012003B019
:10C7F00030BD0A300190F4E701A8FFF7AEFDEDB2BD
:10C80000034B41F23C4202FB0533D873EEE700BF15
:10C810005C6A002410B582B0019003782B2B10D0F5
:10C8200001A8FFF79AFD044601A8FFF796FDE4B2C0
:10C83000054B41F23C4202FB04335874012002B024
:10C8400010BD0B300190EBE75C6A002430B583B07B
:10C8500001900D4603782B2B1AD001A8FFF77DFD20
:10C8600004460DB301A8FFF778FDE4B2174D41F27D
:10C870003C4303FB045585F8420001A8FFF76DFD1A
:10C88000C0B285F8210030B9032285F8442019E0B0
:10C890000A300190E1E720300C4B41F23C4202FBB0
:10C8A000043383F844000DE001A8FFF756FDE4B21D
:10C8B000C0B2064B41F23C4202FB043383F8230032
:10C8C00083F84400012003B030BD00BF5C6A00243F
:10C8D00010B582B0019003782B2B11D001A8FFF77F
:10C8E0003CFD044601A8FFF738FDE4B2064B41F2D7
:10C8F0003C4202FB043383F82500012002B010BD46
:10C900000A300190EAE700BF5C6A002430B583B0CA
:10C91000019003782B2B12D001A8FFF71EFDC4B2A3
:10C920000E4B41F23C4202FB0433B3F8405001A8E5
:10C93000FFF713FD854205D0012003B030BD09305B
:10C940000190E9E701A8FFF708FD044B41F23C42E2
:10C9500002FB043383F84200EEE700BF5C6A002468
:10C9600030B583B0019003782B2B12D001A8FFF7CC
:10C97000F4FCC4B20E4B41F23C4202FB0433B3F868
:10C98000405001A8FFF7E9FC854205D0012003B023
:10C9900030BD09300190E9E701A8FFF7DEFC044B48
:10C9A00041F23C4202FB043383F84200EEE700BF51
:10C9B0005C6A002430B583B0019003782B2B12D031
:10C9C00001A8FFF7CAFCC4B2134B41F23C4202FB80
:10C9D0000433B3F8405001A8FFF7BFFC854205D0EF
:10C9E000012003B030BD0B300190E9E701A8FFF74B
:10C9F000B4FCC0B2084B41F23C4202FB043383F862
:10CA000042000028ECD1054A136801331360044B3F
:10CA100000221A60E4E700BF5C6A002470870024EB
:10CA20006C87002410B582B0019003782B2B15D0B1
:10CA300001A8FFF792FC044601A8FFF78EFCE4B2C0
:10CA4000C3B2084A41F23C4101FB042282F8433060
:10CA5000103382F84430012002B010BD0A3001903A
:10CA6000E6E700BF5C6A002470B582B001900378ED
:10CA70002B2B2AD001A8FFF770FCC4B201A8FFF746
:10CA80006CFC41F23C4604FB06F606F14001104DF9
:10CA9000294401236422053101A8FFF759FD01A8AB
:10CAA000FFF75BFC3544C5F8AC0041F28733984290
:10CAB00008D841F238420121A954064B1C70064B9C
:10CAC00000221A60012002B070BD0A300190D1E747
:10CAD0005C6A0024488F00244C8F002410B582B07B
:10CAE000019003782B2B12D001A8FFF736FC0446E7
:10CAF00001A8FFF732FC3030E4B2064B41F23C4271
:10CB000002FB043383F84400012002B010BD0A3058
:10CB10000190E9E75C6A002408B505491BF019FD9E
:10CB200018B10120034B187008BD0020FCE700BFBE
:10CB300020F60408348F002410B582B001900378E9
:10CB40002B2B00F09180019A13785178303B03EB46
:10CB5000830301EB4303303B504C2370911C019144
:10CB60009378D178303B03EB830301EB4303303BF5
:10CB70006370111D019113795179303B03EB8303ED
:10CB800001EB4303303BA370931D0193D01D019033
:10CB9000D179137A303901EB810101EB8101303B0E
:10CBA00003EB83035B0003EB8103DBB2517A0B449D
:10CBB000303BE3700A32019201A8FFF715FC84EDC7
:10CBC000030A01A8FFF710FC84ED040A01A8FFF78F
:10CBD0000BFC84ED050A01A8FFF706FC84ED060AAC
:10CBE00001A8FFF7BAFB207701A8FFF7FDFB84ED52
:10CBF000080A01A8FFF7F8FB84ED090A01A8FFF76E
:10CC0000F3FB84ED0A0A019B591C01915A7899782B
:10CC1000303A02EB820201EB4202303A2271D91C17
:10CC20000191DA781979303A02EB820201EB420283
:10CC3000303A6271591D01915A79303A02EB820201
:10CC40009979303901EB4202A2600733019301A8C0
:10CC5000FFF783FB84F82C00237F023BDBB2012B20
:10CC600005D9012002B010BD0A3001906BE7D4ED68
:10CC7000037AB7EEE76A0A4A82ED506B094B03F577
:10CC80002560C0ED007AD4ED047AB7EEE76A82ED54
:10CC9000526B03F65423C3ED007AE2E798020124B5
:10CCA000603300247411042400B583B0019003782C
:10CCB0002B2B09D001A8FFF750FB054B83F82D0063
:10CCC000012003B05DF804FB07300190F2E700BFDC
:10CCD0009802012400B583B001900378412B08D05D
:10CCE00001A8FFF73AFB044B1870012003B05DF870
:10CCF00004FB07300190F3E724C1002438B508494C
:10CD00001BF027FC50B1851D00F108042046F3F705
:10CD100047FB421C214628461BF0B8FB38BD00BF2C
:10CD200028F6040810B582B001900378412B13D087
:10CD30000B4C002323606360A360E36023616361A5
:10CD400001231822214601A8FFF702FC2046FFF725
:10CD5000D5FF012002B010BD06300190E8E700BF0A
:10CD600027C1002400B583B001900378412B10D077
:10CD7000094900230B604B608B60CB600B614B61FA
:10CD80000123182201A8FFF7E3FB012003B05DF89F
:10CD900004FB07300190EBE73FC1002470B582B07F
:10CDA00001900378412B09D001A8FFF7D6FAC0B251
:10CDB000174B187028B9012002B070BD08300190DF
:10CDC000F2E7144CC8263246002120461BF078FBBF
:10CDD000114DCE22002128461BF072FB0123324662
:10CDE000214601A8FFF7B4FB29462046FBF7A2FF26
:10CDF0002046F3F7D5FA094E4208294630461BF083
:10CE000070FD2046F3F7CCFA4008A6F82D01D2E7D2
:10CE100058C0002490BF0024C0BE002445FC00245C
:10CE200010B582B001900378412B1FD001A8FFF705
:10CE300094FA104C206401A8FFF78FFA84F844009C
:10CE400001A8FFF78AFA84F8450001A8FFF785FAE0
:10CE500084F8460001A8FFF780FA84F8470001A88B
:10CE6000FFF77BFA84F8480002B010BD073001904C
:10CE7000DCE700BF24C1002470B586B00146102253
:10CE800001A81BF053FB00248DF81440FF2603E09B
:10CE9000FF2E1CD00134E4B21D2C1AD804EB44033D
:10CEA000204A12F83330002BF2D004EB440001A9E1
:10CEB00002EBC000F3F714FA0028EBD10AF090F867
:10CEC00004EB4405174B03EBC503586102E026460B
:10CED000E0E7FF24FF2C01D006B070BD750006EB23
:10CEE0004600104C01A904EBC0001BF0F2FC0AF054
:10CEF00077F8354404EBC50460610B4B1A780132B6
:10CF0000D2B21A7009490B7801330B70084C0949E9
:10CF100020461BF0C1F901222146104602F0D6FC42
:10CF2000DAE700BFC8870024C5870024648F002487
:10CF30000808002430F604082DE9F047C8B004467C
:10CF4000D0F8F851022D16D0042D1AD0092D21D079
:10CF500025782B2D27D02B2D2FD05A492046F3F79B
:10CF6000BFF9002833D058492046F3F7B9F9002813
:10CF700078D101252CE0028840F60D239A42E3D1B6
:10CF80006DE052492046F3F7ABF90028DED10126C7
:10CF900000251FE04E492046F3F7A2F90028D7D11B
:10CFA0000126002516E00A224A4920461BF0ACFA69
:10CFB0000028D0D1002601250CE00A22464920464F
:10CFC0001BF0A2FA0028C8D10026012502E00125A5
:10CFD000ADB200262378412B46D023784F2B66D064
:10CFE00023782B2B00F08C80218845F2414291421E
:10CFF00000F0E385532B00F01D86384BB3F9007029
:10D00000A7F146039BB2492F18BF012B40F21D86A2
:10D01000482F00F01A86202F00F051862F4BB3F9CD
:10D020000030652B00F05D86DA1E92B2012A40F2D4
:10D030006286002D0CBF324646F001027AB1112BF8
:10D0400000F06486012B00F06F86022B00F07A86D8
:10D0500000231A4619462248006810F07BFF48B0AA
:10D06000BDE8F0870025B3E702221E4920461BF0E9
:10D070004BFA0028B1D101231B4A13701B4A1370CD
:10D080000E221B4920461BF03FFA20B9194B012202
:10D0900083F83D20A1E70D22174920461BF034FA02
:10D0A00000289AD1134B012283F83D2095E70222F4
:10D0B000124920461BF028FA002891D10A4B012280
:10D0C0001A708DE778F6040880F604084CF6040818
:10D0D00054F6040860F604086CF60408446A002458
:10D0E0003C6A00245CE90408588F0024598F00240E
:10D0F00088F6040824C1002498F60408B8FF040840
:10D100000422B54920461BF0FFF9002800F0CF802B
:10D110000522B24920461BF0F7F9002800F0CB8029
:10D120000522AF4920461BF0EFF9002800F0C88027
:10D130000622AC4920461BF0E7F9002800F0C58024
:10D140000822A94920461BF0DFF9002800F0C18021
:10D150000622A64920461BF0D7F9002800F0BD8022
:10D160000822A34920461BF0CFF9002800F0BA801E
:10D170000822A04920461BF0C7F9002800F0B7801C
:10D1800009229D4920461BF0BFF9002800F0BA8013
:10D1900008229A4920461BF0B7F9002800F0B68013
:10D1A0000822974920461BF0AFF9002800F0B9800B
:10D1B0000722944920461BF0A7F9002800F0B5800B
:10D1C0000722914920461BF09FF9002800F0B1800A
:10D1D00009228E4920461BF097F9002800F0AD8007
:10D1E00008228B4920461BF08FF9002800F0A98007
:10D1F0000822884920461BF087F9002800F0A58006
:10D200000822854920461BF07FF9002800F0A18004
:10D210000622824920461BF077F9002800F09D8005
:10D2200008227F4920461BF06FF9002800F0998002
:10D2300005227C4920461BF067F9002800F0958004
:10D240000A22794920461BF05FF9002800F09180FE
:10D250000B22764920461BF057F900287FF4DEAEFA
:10D26000039404F10B03039303A8FFF776F8704FC0
:10D2700087F8330003A8FFF770F887F8340001231C
:10D28000FA2209A903A8FFF763F96A4909A81BF064
:10D2900060F930B109A8F3F783F8804687B2132FFD
:10D2A0006FD801222146104602F010FBB6E6204658
:10D2B000FFF7E4F9B2E601212046FFF7C5F9ADE634
:10D2C00001212046FFF7EEF9A8E62046FFF72EFAE7
:10D2D000A4E62046FFF72AFAA0E601212046FFF740
:10D2E00039FA9BE601212046FFF74EFA96E6524BAB
:10D2F000B3F90010BD2914BF002101212046FFF71A
:10D3000069FA8BE62046FFF785FA87E64A4BB3F9C0
:10D310000010C02914BF002101212046FFF796FA12
:10D320007CE62046FFF7D4FA78E62046FFF7EEFACF
:10D3300074E62046FFF714FB70E62046FFF73AFB41
:10D340006CE62046FFF76EFB68E62046FFF78CFB95
:10D3500064E62046FFF7C2FB60E62046FFF7DCFBF1
:10D360005CE62046FFF7E8FB58E62046FFF79CFC0A
:10D3700054E60120314B18700246214602F0A6FA0D
:10D380004CE6B81E012202A909AB184402F04AFA81
:10D390002B4B93F8DB15002900F095819DF80830A0
:10D3A000013B092B3FF63AAE01A252F823F000BF31
:10D3B00045D402081DD002081DD0020867D6020815
:10D3C00045D402081DD002081DD002081DD0020855
:10D3D00009D6020897D50208E8E90408A8F6040867
:10D3E000B0F60408B8F60408C0F60408CCF6040841
:10D3F000D4F60408E0F60408ECF60408F8F604088D
:10D4000004F7040810F7040818F7040820F70408C4
:10D410002CF7040838F7040844F7040850F7040808
:10D4200058F7040864F704086CF7040878F7040850
:10D4300024C1002428F60408446A0024B38E002482
:10D44000603300240124B34B1C70B34B1C70B34BEE
:10D45000D3F8008011F0D4FA02460023009321464D
:10D46000404611F0BFFF039B23440393DFF8FC9277
:10D4700099F80040A7F10408424609A9C820A84B22
:10D4800000FB04301BF052F8A64B93F93310A64A68
:10D49000115593F83420A54B1A55631CDBB289F85B
:10D4A00000303B2B02D9002289F80020A0480378E5
:10D4B000172103FB01F1DFF884C201EB0C02143FDA
:10D4C0000DF1240E0EEB07045EF807A0D4F80490CB
:10D4D000D4F808E0E7684CF801A0C2F80490C2F85C
:10D4E00008E0D760218A1182302191743321D174F0
:10D4F0000133DBB20370002111751D2B00D90170BF
:10D500008B4B1A788B4B1B789A421CD009F068FD24
:10D51000894B1860864B1B78013B012217208749F5
:10D5200000FB0311104602F0D1F901228449104694
:10D5300002F0CCF9012204A909AB03EB080002F0C8
:10D5400071F9002305E07F4B01221A70DEE70133F9
:10D55000DBB2062B1BD819467B4AB02000FB032206
:10D56000527E002AF3D0784A00FB0322507C9DF8BB
:10D5700010209042EBD1744BB02202FB013301200A
:10D58000187600225A760246704902F09FF920462A
:10D59000FFF772FC42E5012204A90DA802F042F94E
:10D5A0006B4BDA799DF810309A427FF437AD09A8B9
:10D5B000FFF762FC664B5B78012B0FD0644B5B7806
:10D5C0000B2B7FF42BAD01226249104602F07EF94D
:10D5D000012209A9104602F079F91FE55C4BB3F866
:10D5E0005431012B05D95A4B0022A3F854210222B1
:10D5F0005A7001225849104602F068F9012209A91F
:10D60000104602F063F9D9E7022204A90DF13600B1
:10D6100002F008F901225149104602F057F901229F
:10D6200009A9104602F052F9494B9B88BDF8102019
:10D63000934209D8464B5B889A427FF4EFAC444B47
:10D64000012283F85F21E9E4414B9A80022159705D
:10D65000434C444920461AF01FFE01222146104641
:10D6600002F034F9DAE4012204A90DA802F0DAF894
:10D67000002403E0062C20D00134E4B2062C3FF64F
:10D68000CDAC314BB02101FB04335B7E002BF1D0DC
:10D690002D4B01FB0433597C9DF810309942E9D1A0
:10D6A000294BB02101FB04330120187600225A7661
:10D6B0000246264902F00AF9B0E401222A4910463E
:10D6C00002F004F9D8E7142F02D9F9B21439C9B21B
:10D6D000002304930593069307938DF820301022BE
:10D6E00009AB19440DEB02001AF020FF012221467C
:10D6F000104602F0EBF89DF80840A31F052B00F23E
:10D700000582DFE813F0E4013500BD0003020302E7
:10D71000770100BF5CE50024B28E0024A07E0024C7
:10D72000E08F002424C10024A48F0024688F0024EB
:10D73000658F0024FD8B0024408F0024008C002482
:10D740006CE90408448F0024A47E002484F70408B4
:10D75000988A0024B0F7040898F70408CCF7040866
:10D7600008080024E0F7040800F80408668F002485
:10D77000AC4C4FF4B072002120461AF0A1FEB81F45
:10D78000022204F5AE7109AB184402F04BF8B4F86C
:10D790005C41B91FC9B209A807F0D2F884424ED142
:10D7A0009DF82430442B51D09E4B1B78002B3FF426
:10D7B00035AC9D4C022221460CA802F033F8012220
:10D7C000611D0DA802F02EF80222A11D0DF13600F8
:10D7D00002F028F8012204F5AE710DF13A0002F0D2
:10D7E00021F8042204F5AB710FA802F01BF834F8FD
:10D7F0000229238994F85E118C4F01910093E379FB
:10D800008B4938461AF048FD01223946104602F08D
:10D810005DF86388002B3FF401AC824BDB79002B71
:10D820003FF4FCAB7F4B93F85E31002B3FF4F6AB3B
:10D830007C4B01225A7083F85F21FFF7EFBB012276
:10D840007C49104602F042F8FFF7E8BB9DF825300E
:10D85000452BA9D19DF82630332B09D0312BA3D1EC
:10D860009DF82730312B9FD16E4B02221A709BE717
:10D870009DF82720312AF1D16A4B01221A7093E7D3
:10D880006D4B00221A7001220DF1090109A801F067
:10D89000C9FF644BDA799DF809309A421CD0012205
:10D8A0006649104602F012F8FCF744FD5D4B012278
:10D8B00083F85F215B4AB2F854315C4C0093937952
:10D8C00092885F4920461AF0E7FC01222146104663
:10D8D00001F0FCFFFFF7A2BB02220DF10A010BA829
:10D8E00001F0A0FF514CBDF80A20564920461AF01D
:10D8F000D3FC01222146104601F0E8FF494B1B787A
:10D90000022B10D0474B5B78032B13D0012B1FD079
:10D91000444B9A88BDF80A309A4228D0414B0122E4
:10D9200083F85F21C6E73F4B03225A70BDF80A20F7
:10D930009A80F3E73B4B9A88BDF80A309A42E7D2C7
:10D9400001224149104601F0C1FFFCF7F3FCDFE77B
:10D95000344B03225A70BDF80A30002BD8D0012274
:10D960003A49104601F0B2FFFCF7E4FCD0E72D4B3A
:10D970005B78032BD2D1364C012221460CA801F052
:10D9800051FFB81F022204F5AB7109AB184401F036
:10D9900049FFB4F85641B91FC9B209A806F0D0FF33
:10D9A000844207D001222349104601F08FFFFCF783
:10D9B000C1FCB3E71B4AB2F8543192799918B1F51A
:10D9C000A57F11D20833174C191902310DF132001D
:10D9D00001F028FFB4F85431A2791344A4F854316B
:10D9E000A3880133A38099E701221A49104601F068
:10D9F0006DFF93E7B81F184C0222214609AB18446B
:10DA000001F010FF2488B91FC9B209A806F098FFD9
:10DA1000844225D001221149104601F057FFFFF73B
:10DA2000FDBA00BF988A00249A8A002408080024BE
:10DA300034F8040824F80408008C0024BCF8040816
:10DA4000E8F804085CF8040870F8040894F804087E
:10DA50009E8A0024A4F80408F48B00240CF904081E
:10DA600001220DF1090109A801F0DCFE02220DF1ED
:10DA70000A010DF12E0001F0D5FEB94BDA799DF8BF
:10DA800009309A421BD1B64B9A88BDF80A309A42A7
:10DA900017D1B44C002384F87C30A367012204F131
:10DAA0007C010DF1320001F0BDFE042204F1780189
:10DAB0000DA801F0B7FEAA4B04225A7001E0FCF752
:10DAC00039FCA74B012283F85F21FFF7A7BAA64BC9
:10DAD00001221A7008F58A736B44002203F8FC2CAB
:10DAE000A24F394609A8FBF725F909A8F2F758FC17
:10DAF0009F4C4208394620461AF0F3FE09A8F2F777
:10DB00004FFC4308A4F82D31FFF788BA994904A8BF
:10DB1000F2F7E6FB00287FF481AA032C27D0022C21
:10DB20007FF47CAA0122904B1A70381F924909ABEE
:10DB3000184401F077FE07F586736B44002203F862
:10DB4000FC2C8A4F394609A8FBF7F4F809A8F2F72C
:10DB500027FC874C4208394620461AF0C2FE09A825
:10DB6000F2F71EFC4308A4F82D31FFF757BA012342
:10DB7000824A1370824A13700022824B1A700092FC
:10DB8000134603218048006811F02CFC78B17F4CCB
:10DB90007F4B1B78794A12787E4920461AF07CFB2D
:10DBA00001222146104601F091FEFFF737BA01220B
:10DBB0007949104601F08AFEE9E7A2782B2A7FF422
:10DBC00019AA0822754920461AF09EFCF0B10722D6
:10DBD000734920461AF098FCE8B1062271492046A4
:10DBE0001AF092FCE0B107226F4920461AF08CFC33
:10DBF000D8B107226D4920461AF086FC00287FF430
:10DC00000DAA2046FFF70CF9FFF708BA2046FFF7E8
:10DC1000C5F8FFF703BA2046FFF7A4F8FFF7FEB9EF
:10DC20002046FFF77FF8FFF7F9B92046FFF752F8D3
:10DC3000FFF7F4B909225E4920461AF065FC002876
:10DC40007FF4DBA90126FFF7E9B9B5FA85F35B0993
:10DC5000002E7FF4E0A9002B3FF4DDA903225549F3
:10DC600020461AF051FC00283FF4D5A90994463FFC
:10DC7000032F3FF6D3A9DFE807F0020A1A120123A7
:10DC800064224D4909A8FEF763FCFFF7C7B90123D9
:10DC900064224A4909A8FEF75BFCFFF7BFB90123DC
:10DCA0006422474909A8FEF753FCFFF7B7B90123DF
:10DCB0006422444909A8FEF74BFCFFF7AFB9B5FA57
:10DCC00085F35B09002E7FF4A9A9002B3FF4A6A9D8
:10DCD0000994012364223B4909A8FEF739FCFFF7A8
:10DCE0009DB90A2D02D00126FFF79EB9364A0021C0
:10DCF0001170FFF799B926B1344A00211170FFF76E
:10DD000098B9324A11211170FFF793B926B1304A00
:10DD100001211170FFF796B9002D3FF493A92C4A09
:10DD200001211170FFF78EB926B12A4A0121117025
:10DD3000FFF78BB9002D3FF488A9264A0021117006
:10DD4000FFF783B926B1244B01221A70FFF780B97F
:10DD5000002D3FF47DA9204B00221A70FFF778B9FF
:10DD6000988A0024201700243C8F0024C0BE002481
:10DD700045FC002427C10024B78E0024B48E002463
:10DD8000C5870024F8020024B48700240808002472
:10DD9000B58E00244CF9040834F9040860F904082D
:10DDA0006CF9040874F904087CF9040884F904087F
:10DDB0008CF9040898F9040870C10024D4C1002427
:10DDC00038C200249CC20024608F00243303002446
:10DDD000458F0024478F0024468F00242DE9F0470B
:10DDE00007460E461546ADE0904B1B78D3B1904BDD
:10DDF00041F23C4101FB0233D3F8AC308D49096854
:10DE00008B4220D3481C8B4B1860894B41F23C4C11
:10DE10000CFB0233194481F8B0400344002283F81C
:10DE2000B0208AE00A200FF0D7FE0022814B1A6052
:10DE3000814B19787E4B41F23C4000FB013341F2AB
:10DE400038415A5479E00A200FF0C6FE794B00227F
:10DE50001A60794B1A78764B41F23C4101FB023350
:10DE600041F238420221995467E0744A0123137148
:10DE700000235371002B52D1704A92F804C0BCF1B8
:10DE8000010F40F0B080C5EBC5126D4B03EB820370
:10DE9000D3F8F821B2F5FA7F0AD2501CC5EBC511B0
:10DEA000674B03EB8103C3F8F8019C5400221A541A
:10DEB000C5EBC513624A02EB83080822614940465C
:10DEC0001AF022FB002876D1222C5DD05E4B1B7805
:10DED000032B5ED05D4B1B780A2B2ED15C4B1B783D
:10DEE0003E2B2AD1202C28D15A4BB3F90030C42B19
:10DEF00023D100231A4619465748006810F02AF823
:10DF0000564A13680133136017E021464B48FEF769
:10DF1000EBF903460228ADD1484A00215171082B84
:10DF20000BD0474AC5EBC51302EB83030021C3F8AE
:10DF3000F811C5EBC5139B00D154454B1978434AE2
:10DF400011701C70002E6DD017F8014B013E3A4B3A
:10DF50001A78374B41F23C4101FB023341F2384120
:10DF60005B5C012B3FF440AFA4F12003DBB20D2C2E
:10DF700018BF5E2B7FF679AF0A2C3FF476AF14F012
:10DF8000800FC2D10223C7E72F4A137801331370E1
:10DF90009CE74046FEF768FD00222B4B1A7028498B
:10DFA000C5EBC51301EB8303C3F8F821C5EBC5131B
:10DFB0009B00CA548EE70A2C8CD14FEAC518C5EBDA
:10DFC000C51ADFF87C9009EB8A0A5046FEF7B4FFC9
:10DFD0000022CAF8F821A8EB05039B0009F80320EA
:10DFE00078E70133DBB29C45A7D9C5EBC511144ACC
:10DFF00002EB8102D2F8F821B2F5FA7FF1D202F1F8
:10E00000010E0F49C5EBC51001EB8000C0F8F8E127
:10E01000DFF8288018F8038000F80280002200F85A
:10E020000E20DEE70020BDE8F08700BF5B8F0024F4
:10E030005C6A00244C8F0024488F0024148F002435
:10E04000ACCD002438F70408108F00240F8F002473
:10E050000E8F0024446A00243C6A0024308F002480
:10E0600070B505460E4600E08CB1284605F0ACFDC3
:10E0700004460028F8D0284605F08AFD324621469D
:10E08000FFF7ACFE2146284605F0C4FDECE770BD65
:10E0900008B541F270700FF09FFD03E001210B48BD
:10E0A000FFF7DEFF42F21071012011F00DF8002899
:10E0B000F8D0074B00221A60064B93F8DB35002B93
:10E0C000ECD011460448FFF7CBFFE7E720F300242C
:10E0D000A8CD002460330024DCC80024002918BF28
:10E0E000002826D000B586468C4688420BD10020F9
:10E0F0001DE001F120000FE0984217D1D9B10EF1D7
:10E10000010E0CF1010C9EF800100C4B5B5C03F04F
:10E110000303012BEDD008469CF80030074AD25C7F
:10E1200002F00302012AE7D12033E5E7C01A5DF8C7
:10E1300004FB012070470020F9E700BFD10D05085E
:10E140002E2070478446002210460BE0A1F14103C7
:10E15000DBB2052B12D80B18A3F13700022A00D826
:10E1600000010132032A12D81CF80210A1F1300379
:10E17000DBB2092BEAD808443038EFE7A1F161039C
:10E18000DBB2052B04D80B18A3F15700E6E7704764
:10E1900000207047F8B50B1A052B61DD06460F46C7
:10E1A00015460230FFF7CEFF0446A0F55C43B3F5F9
:10E1B000806F57D3A0F55843B3F5806F1CD2B31DC1
:10E1C000FF1A052F50DDB3795C2B4FD1F379752BF6
:10E1D0004ED106F10800FFF7B5FFA0F55C43B3F59B
:10E1E000806F47D2254B03EA8423C0F30900034321
:10E1F00003F580340C2002E07F280CD90620B4F50A
:10E20000006F0ED3B4F5803F0ED3B4F5881F33D220
:10E21000F027042602E0062000270126731EDBB249
:10E220000EE0C0270226F9E7E0270326F6E704F010
:10E230003F012A6841F08001D154A409013BDBB2BF
:10E24000002BF4D1012E06D92B6827431F702B68B1
:10E2500033442B6005E02B6804F07F041C70F6E764
:10E260000020F8BD0020FCE70020FAE70020F8E7D6
:10E270000020F6E70020F4E70020F2E700FC0F00A2
:10E280002DE9F04182B080460E460F688B685D1C18
:10E290003D4400220192F818FB5C222B43D12C460E
:10E2A000944600E00134E11B726891420BD223785E
:10E2B000222B08D05C2BF5D10134E31B934232D2E0
:10E2C0000CF1010CEEE791422DD22378222B2AD1BA
:10E2D000201AA0EB0C00336901309847074610B3B1
:10E2E000019030E0631B002B1ADD6B78752B17D87B
:10E2F0005C2B11D35C3B192B12D8DFE803F04C11D7
:10E30000111111111D1111113011111111111111D2
:10E31000371111113E114553222B3CD02F2B3AD0EF
:10E32000736938469847002D54D03368ED1AB560AC
:10E33000002002B0BDE8F081019B5A1C0192082226
:10E340001A7002231D44A54235D22B785C2BC9D00C
:10E35000019B5A1C019215F8012B1A70F3E7019BDF
:10E360005A1C01920C221A700223EBE7019B5A1CE3
:10E3700001920A221A700223E4E7019B5A1C0192BF
:10E380000D221A700223DDE7019B5A1C019209221B
:10E390001A700223D6E7019B5A1C01926A781A7000
:10E3A0000223CFE701AA21462846FFF7F3FE0346E2
:10E3B0000028C7D1B4E7019B00221A701023C8F8C7
:10E3C0000C30C8F810703368E41AB4600134B460DB
:10E3D0000120AEE70020ACE70246D8B110B40468D3
:10E3E000B4B183684068834202D30AE0013393608A
:10E3F0009368984202D9E15C2029F7D99368984242
:10E4000003D010465DF8044B7047013B9360F8E77A
:10E410002246F6E7704750B1806801E00139006894
:10E420000B1E18BF012310B1002BF7D170477047A6
:10E43000016048607047002818BF002913D038B524
:10E440000C460546814210D083683BB1586870B1D4
:10E45000FFF7EEFFAB685C60012038BD816049606A
:10E460000B600120F9E7002070470020F5E701204C
:10E47000F3E7704750B138B50546006828B1AC687D
:10E480002044F1F78DFF0444AC6038BD704770B58F
:10E49000064670B10D46F1F783FF441C2B682046F9
:10E4A0009847054618B1224631461AF01AFA28460E
:10E4B00070BD0546FBE7002918BF00282FD02DE9C5
:10E4C000F04114461E4605460B46904214BF0022FA
:10E4D000012234B32ABB069ABAB10846FFF7C9FF36
:10E4E0008046E76847F40077E36813F4007F03D1C0
:10E4F000206A08B173689847C4F82080E760214615
:10E500002846FFF798FFBDE8F08131461846FFF72F
:10E51000BEFF804638B1E76827F40077E4E70020C3
:10E5200070470020EFE70698EDE770B50546002834
:10E5300046D0066836B3436813B18268934241D926
:10E54000002941DBAA68114401318B420AD22B69B0
:10E55000002B3BD1B1F1804F08D3002904DB6FF0D1
:10E56000004404E016440DE000260BE04C002B6A4A
:10E570008BB1214630469847064628B16C602E6024
:10E58000AB681E44304670BDEB692868984700238D
:10E590006B602B60F6E7AB6920469847064640B1B2
:10E5A000AA68013229681AF09CF9EB692868984733
:10E5B000E4E7EB692868984700236B602B60E1E78C
:10E5C0000646DFE70026DDE70026DBE70026D9E781
:10E5D00010B5036828209847044618B12822002166
:10E5E00019F06EFF204610BD38B5044678B10068BA
:10E5F00078B1A5687DB92B1D6268934207D20322CA
:10E600000649284419F080FF08B90335A560204663
:10E6100038BD0446FBE70024F9E700BFB0F9040861
:10E6200070B592B005460C4600231193FFF788FDA4
:10E63000002C5ED02368002B5DD000232AE0652AE1
:10E6400022D048336B44002203F8442C01AE11A9B8
:10E65000304618F0EDFD119BB3424ED085ED060B10
:10E660009FED277BB4EEC70BF1EE10FA31DB6FF0B4
:10E6700000426A610822EA60A26801A95B1A1A4492
:10E68000A260012012B070BD03F14801694401F895
:10E69000442C01333E2BD4D8A2681A4461688A42C4
:10E6A000CFD221688A5C452AC9D82B2AC9D3A2F1C6
:10E6B0002B06F6B20121B140154E0E40002EE3D1DB
:10E6C00011F0080FBDD003F148026A4402F8440C6F
:10E6D000DFE79FED0D7BB4EEC70BF1EE10FA03D828
:10E6E0004FF000426A61C5E7BDEEC00B85ED050A3B
:10E6F000C0E70020C6E70020C4E70020C2E700BF53
:10E700000000C0FFFFFFDF41000000000000E0C18B
:10E71000E57F0004002900F09480F8B5054608461E
:10E7200015B12A46002614E00321FFF7FEFE00285B
:10E7300000F08980464A1188927801808270012019
:10E740007EE05C2B03D01F2B02D8053600E001369B
:10E750000132137863B1222BF3D8082BF3D3A3F142
:10E760000804E4B23B49E14011F0010FEFD1EAE7C0
:10E77000521B9419E11CFFF7D8FE0746002864D00D
:10E7800026B10646222306F8013B30E0222600F897
:10E79000016B224629461AF0A4F8631CFE54023489
:10E7A00000233B5501204BE030465C2300F8013B41
:10E7B0002A78222A15D8082A36D3A2F108031A2B60
:10E7C00032D8DFE803F0222E2831252B31313131C8
:10E7D0003131313131313131313131313131313129
:10E7E0001F005C2A20D15C2373700135461C2B78F6
:10E7F000FBB1222B18BF1F2BD6D95C2BD4D0337082
:10E800003046F2E722237370EFE762237370ECE780
:10E8100066237370E9E76E237370E6E77223737003
:10E82000E3E774237370E0E70B4919F035FD701DC1
:10E83000DBE7631C2222FA54023400233B550120FB
:10E84000F8BD002070470020FAE70020F8E700BF7D
:10E85000B4F9040837000004B8F9040808B50069E1
:10E86000FFF758FF08BD38B5002918BF00281AD097
:10E870000D4684680AB90AE024687CB1216A69B14E
:10E880002846F1F72DFD0028F6D107E024682CB1C9
:10E89000216A2846FFF722FC0028F7D12CB1236A11
:10E8A0002BB1204638BD0024FBE70024F9E7002403
:10E8B000F7E700000346A0B1124A1349116002684D
:10E8C0000AB110490A600F4A104951605B6803B1F0
:10E8D00053600C4B00229A601A680B4B9A4208D086
:10E8E0007047084B084A1A60084A5A60084A9A60FA
:10E8F0007047044B5A68054B9A42F1D1014B044AC8
:10E900009A60EDE738030024D1640408E164040848
:10E910004D66040838B5044616E0E36813F4807FBA
:10E9200004D1206910B10F4B5B689847E36813F47A
:10E93000007F04D1206A10B10A4B5B689847094BED
:10E940005B68204698472C4654B12568E36813F469
:10E95000807FE2D1A0680028DFD0FFF7DBFFDCE793
:10E9600038BD00BF38030024CB68B3F57A7F80F050
:10E970008B802DE9F04106460C460133CB6000291F
:10E9800000F084808B684A68934280F081800A6836
:10E99000D25C7B2A02D00020BDE8F08101338B607D
:10E9A0000846FFF719FDA3686268934203D2226804
:10E9B000D35C7D2B59D0A3686268934204D2013B9B
:10E9C000A36000252F4634E0013BA3600020E3E76D
:10E9D0000746A3680133A3602046FFF7FDFC2146EC
:10E9E0002846FFF74DFC002839D02046FFF7F4FCFD
:10E9F0002B692B6200232B61A368626893422ED29D
:10EA00002268D25C3A2A2AD10133A3602046FFF75C
:10EA1000E3FC2146284600F03FF800B32046FFF70C
:10EA2000DBFCA3686268934211D22268D35C2C2B72
:10EA30000DD1A84604F11000FFF7CAFD054670B1DC
:10EA4000002FC5D0C8F80000C0F80480C1E7A36853
:10EA50006268934203D22268D35C7D2B07D0CFB18A
:10EA60003846FFF757FF002096E700252F46E3685A
:10EA7000013BE36007B17D604023F360B760A368AA
:10EA80000133A360012087E700207047002083E75F
:10EA9000002081E700207FE700296BD02DE9F843B3
:10EAA00080460D460F68002F66D08C6804F104097B
:10EAB0004E68B14505D804223249381919F024FDB1
:10EAC00058B3631D9E4205D305222F49381919F00A
:10EAD0001BFD50B3B14505D804222C49381919F053
:10EAE00013FD48B3B44202D23B5D222B2ED0B44278
:10EAF00007D23A5DA2F13003DBB22D2A18BF092BF1
:10EB000029D9B44202D23B5D5B2B29D0B44235D225
:10EB10003B5D7B2B29D0002031E00423C8F80C306A
:10EB2000AB680433AB60012029E00120C8F80C0079
:10EB3000AA680532AA6022E00223C8F80C3001203E
:10EB4000C8F81400AA680432AA6018E029464046B2
:10EB5000FFF796FB13E029464046FFF761FD0EE004
:10EB60002946404600F014F809E029464046FFF7E0
:10EB7000FBFE04E000207047002000E00020BDE81C
:10EB8000F88300BFC0F90408C8F90408D0F90408E4
:10EB9000CB68B3F57A7F6DD22DE9F04106460C467D
:10EBA0000133CB600A688B68D25C5B2A02D00020FC
:10EBB000BDE8F08101338B600846FFF70DFC84B19E
:10EBC000A3686268934203D22268D35C5D2B42D073
:10EBD000A3686268934204D2013BA36000252F46DC
:10EBE0001CE0A368013BA3600020E1E70746A3689F
:10EBF0000133A3602046FFF7EFFB21462846FFF7CD
:10EC00004BFF10B32046FFF7E7FBACB1A368626887
:10EC1000934211D22268D35C2C2B0DD1A84604F16B
:10EC20001000FFF7D5FC054678B1002FDED0C8F8FC
:10EC30000000C0F80480DAE73CB1A3686268934240
:10EC400003D22268D35C5D2B07D0AFB13846FFF703
:10EC500061FE0020ACE700252F46E368013BE3603E
:10EC600007B17D602023F360B760A3680133A36020
:10EC700001209DE700207047002099E7013900231B
:10EC800007E0C25C10F801C000F803C04254013331
:10EC900001398B42F5DB704770B5154600241BE047
:10ECA000012220E022442B4CA4FB026C2CF0030632
:10ECB00006EB9C06921B821A61F100004FF0CC31EA
:10ECC00002FB01F104FB0011A2FB042421445208C1
:10ECD00042EAC1704908744650EA010230D000226D
:10ECE00010EB010CDCD294441A4EA6FB0C2E2EF035
:10ECF000030202EB9E02ACEB020CB0EB0C0C61F1D8
:10ED0000000E4FF0CC3202FB0CF206FB0E22ACFBE5
:10ED100006C632444FEA5C0C4CEAC27C0CEB8C0C0D
:10ED2000A0EB4C0C04F1010E0CF1300C05F804C002
:10ED300000244218B6D30124B4E730222A55013406
:10ED40009C42FADB21462846FFF798FF00232B550B
:10ED5000204670BDCDCCCCCC03E04B1C425CC254F1
:10ED600001390029F9D14B1C425CC25470470000A4
:10ED7000F0B52DED028B89B00D4690ED068B51EC70
:10ED8000180BF1F751FD07460E460023019302933D
:10ED90000393049305930693ADF81C30FFF7D0F965
:10EDA000002D00F0AE800446B4EE488BF1EE10FA70
:10EDB00008D6B0EEC87B9FED566BB4EE467BF1EE05
:10EDC00010FA0EDD564B93E8030001908DF8081001
:10EDD00004200646192877D9002009B0BDEC028B23
:10EDE000F0BDB5EE408BF1EE10FA06D130238DF870
:10EDF000043001A8F1F7D4FAEBE738463146F1F7D1
:10EE00005DFC41EC170B37EE487BB5EE407BF1EE35
:10EE100010FA12D0B5EEC08BF1EE10FA14D49FEDBB
:10EE20003E7BB4EEC78BF1EE10FA46D553EC182BAF
:10EE30003C4901A819F030FADBE7002301AA384663
:10EE40003146FFF729FFD4E7B1EE487B51EC170BB1
:10EE5000F1F7EAFC07460E46F1F730FC41EC170BE0
:10EE600037EE087BB5EE407BF1EE10FA0DD09FED4A
:10EE70002A7BB4EEC78BF1EE10FA17DD53EC182B9A
:10EE8000284901A819F008FAB3E7002301AA384677
:10EE90003146FFF701FF01A8F1F782FA014601A808
:10EEA000FFF75AFF2D238DF80430A2E753EC182BFF
:10EEB0001D4901A819F0F0F99BE753EC182B1A49EA
:10EEC00001A819F0E9F994E7411C2846FFF72DFB4A
:10EED0000146C0B1002302E02E22CA5401339E42F3
:10EEE00008D903F120026A4412F81C2CA242F3D084
:10EEF000CA54F3E70022CA54AB681E44AE60012036
:10EF00006BE7002069E7002067E700BFAFF30080F0
:10EF1000FFFFFFFFFFFFEF7F000000000000E04366
:10EF2000C0F90408D8F90408E0F9040870B500290C
:10EF300018BF002869D005460E46047B202C16DC3D
:10EF4000002C65D0631E1F2B64D8DFE803F0354129
:10EF500063286363634E63636363636363526363E2
:10EF60006363636363636363636363636356402CD8
:10EF700047D0802C11D10069002853D0F1F710FA46
:10EF8000441C21463046FFF7D0FA00284CD02246D8
:10EF9000296919F0A6FC012438E0002436E0052197
:10EFA0003046FFF7C2FA0346B0B3204A1068186033
:10EFB00012791A71012429E006213046FFF7B5FACB
:10EFC000034658B31A4A1068186092889A801DE068
:10EFD00005213046FFF7A9FA034608B3154A106821
:10EFE000186012791A71012410E0FFF7C1FE04467F
:10EFF0000CE0FFF733FC044608E000F01DF804467F
:10F0000004E000F06DF8044600E00024204670BDE6
:10F010000024FBE70024F9E70024F7E70024F5E7E4
:10F020000024F3E70024F1E70024EFE7C0F9040827
:10F03000C8F90408D0F9040870B58568002946D0DD
:10F040000C4601212046FFF770FA002842D05B22CF
:10F050000270A3680133A360E3680133E36007E053
:10F06000012616E000221A70A3683344A3602D68BD
:10F07000FDB121462846FFF759FF034640B320461D
:10F08000FFF7F8F92B68002BF1D06369002BE7D06C
:10F090000226711C2046FFF748FAE8B103462C21EE
:10F0A00003F8011B61690029DCD0831C2021417019
:10F0B000D8E702212046FFF738FA78B15D220270C6
:10F0C00000224270E368013BE360012300E000237B
:10F0D000184670BD0023FBE70023F9E70023F7E79C
:10F0E00070B58568002900F0A3800C464B69A3B178
:10F0F0000226711C2046FFF718FA002800F09B80BA
:10F100007B230370E3680133E36063690BB10A2377
:10F110004370A3683344A36022E00126E9E7E16875
:10F120002046FFF702FA0346002800F086800022FE
:10F1300003E0092103F8011B0132E1689142F8D88C
:10F14000A3681944A16010E001261CE0002637E006
:10F15000002339E000221A70A3683344A3602D68AD
:10F16000002D44D06369002BD9D12146286AFFF7CE
:10F17000D1FA034600285CD02046FFF77BF963698B
:10F18000002BE1D0022631462046FFF7CEF90028B9
:10F1900055D03A22027062690AB109224270A3680E
:10F1A0003344A36021462846FFF7C0FE03460028EB
:10F1B0003FD02046FFF75EF96369002BC6D00126D9
:10F1C0002B68002BC4D001231E44711C2046FFF77E
:10F1D000ACF90346A8B32A6812B12C2203F8012B1C
:10F1E0006269002AB6D00A2203F8012BB2E76369EC
:10F1F0008BB1E16801312046FFF797F9034610B360
:10F2000062699AB97D221A7000225A70E368013B44
:10F21000E36001230DE00221EDE7092203F8012B51
:10F220000131E268013A8A42F7D8EBE70021F8E7BA
:10F230000023184670BD0023FBE70023F9E70023F5
:10F24000F7E70023F5E70023F3E70000F0B58BB004
:10F2500015461E46002403940494059406940794CE
:10F26000089409942A4B1C605C600446002918BF6E
:10F27000002817D1002C49D0019400230293059A4D
:10F28000049B9A423DD2029215B1029B23442B600B
:10F290001F4B01AA92E8030083E8030000273846C9
:10F2A0000BB0F0BD039004911A4B93E807000AAF2E
:10F2B00007E907001846FFF78BF907460028D9D061
:10F2C00003A8FFF791F9FFF787F801463846FFF7E3
:10F2D000E3FB90B136B9002DE1D0039B059A1344AE
:10F2E0002B60DCE703A8FFF777F8059B049A9342AD
:10F2F00003D2039AD35C002BEDD03846FFF70AFB0C
:10F30000B8E7002BC0D0013B0293BDE72746C6E714
:10F31000A4D100243803002470B5044648B10D463A
:10F320001646F1F73DF833462A46411C2046FFF7C2
:10F330008DFF70BD08B500221146FFF7EDFF08BD37
:10F34000F0B58BB006460D4614461F462422002118
:10F3500001A819F0B5F8B5FA85FC4FEA5C1C5CEA27
:10F36000D47C02D000200BB0F0BD019502940123A3
:10F3700005930697054B93E807000AAB03E90700DE
:10F3800001A93046FFF7D2FDEDE700BF38030024A6
:10F3900038B18368002001E001301B68002BFBD1ED
:10F3A000704700207047002903DB08B5FFF733F8EA
:10F3B00008BD0020704708B50022FFF754FA08BDC9
:10F3C00008B50122FFF74FFA08BD08B5FFF7F3FFB4
:10F3D000003818BF012008BD08B5FFF72CF808BD9C
:10F3E00000B583B000230093024BFFF764F803B02D
:10F3F0005DF804FB3803002408B52DED028BB0EE58
:10F40000408B1748FFF7E4F8034668B10822C26052
:10F4100080ED068B9FED0E7BB4EEC78BF1EE10FAFC
:10F4200006DB6FF0004242611846BDEC028B08BD5E
:10F430009FED097BB4EEC78BF1EE10FA03D84FF0C5
:10F4400000424261F0E7BDEEC88B80ED058AEBE734
:10F450000000C0FFFFFFDF41000000000000E0C12E
:10F460003803002470B582B005460E46FFF7C4FF8E
:10F47000044600230093074B024631462846FFF717
:10F480001AF810B1204602B070BD2046FFF742FACC
:10F490000024F7E73803002438B504460A48FFF78C
:10F4A00097F8054640B11023C36007492046FEF790
:10F4B000EEFF0446286108B1284638BD2846FFF70C
:10F4C00029FA2546F8E700BF3803002470B582B05A
:10F4D00005460E461046FFF7DFFF04460023009363
:10F4E000074B024631462846FEF7E5FF10B120469D
:10F4F00002B070BD2046FFF70DFA0024F7E700BF09
:10F500003803002408B50348FFF762F808B1202348
:10F51000C36008BD3803002470B582B005460E46AE
:10F52000FFF7F0FF044600230093074B02463146E5
:10F530002846FEF7C0FF10B1204602B070BD20463D
:10F54000FFF7E8F90024F7E73803002408B503487B
:10F55000FFF73EF808B14023C36008BD380300241C
:10F5600028B1007B102814BF002001207047002024
:10F57000704728B1007B202814BF0020012070476D
:10F580000020704728B1007B402814BF00200120D4
:10F59000704700207047002361F3070360F30F23D7
:10F5A00098B2704730B530240C7058B3044692B905
:10F5B000944624E0373001F80C0024090CF1010CCA
:10F5C0005FFA8CFC04B304F00F000928F2D8303045
:10F5D00001F80C00F1E74FF0000CF3E71C48A0FB2A
:10F5E00004E0C008864600EB8000A4EB4000303009
:10F5F00001F80C0074460CF1010C5FFA8CFC002C35
:10F60000ECD101E04FF0010C2AB901EB0C0500230D
:10F6100001F80C3011E09C45F7D2302201F80C20A3
:10F620000CF1010C5FFA8CFCF5E7121A013A885CC8
:10F63000CC5C8C54C8540133DBB2184662460CF1E2
:10F64000010EB3EB6E0FF0DB00232B70084630BDCC
:10F65000CDCCCCCCF8B507460D461646002406E0C6
:10F660003A5D064905EB440018F016FE0134B44239
:10F67000F6DB002305F81430F8BD00BF00F30408E2
:10F6800003463038C0B209280AD9A3F14102D2B2E8
:10F69000052A06D9A3F16102D2B2052A04D9FF20B6
:10F6A0007047373BD8B27047573BD8B2704710B558
:10F6B0000446002001E093B1013004EB000C235C10
:10F6C0005BB10A461378002BF5D09CF800E0734537
:10F6D000F1D10CF1010C0132F4E74FF0FF3010BD15
:10F6E00010B50124294B1C704FF496722849294803
:10F6F0000EF07CF940F6B83007F078FC264B1C7011
:10F7000008E0DBB9254B1B780A2B21D8224B1B784C
:10F71000012B1DD140F2DC5007F068FC1F4A137822
:10F72000013313701E4B1B68002BEAD11D4A12795E
:10F73000002AE6D1184B01221A70E3E71A4A136037
:10F74000184A1371F2F75EF9134B00221A70D9E7C9
:10F7500000230E4A1370154A1370114B1B6813B91E
:10F76000104B1B794BB10F4B1A790F4B1A600123C9
:10F770000F4A13700F4A137010BD00230D4A137007
:10F780000B4A13700C4A1370F6E700BFD4D1002463
:10F79000D1F90024ACF6002486030024E8D100242B
:10F7A000E4D1002460330024E0D10024D7D1002428
:10F7B000D3D10024DAD10024D2D100248446002001
:10F7C000034607E000EB80001CF80320303A02EB10
:10F7D000400001338B42F5DB704700000023934269
:10F7E0001AD230B510F803C04FEA1C154FEA430E89
:10F7F0000B4C655D01F813500CF00F0C0EF1010E6F
:10F8000014F80C4001F80E400133DBB29342E9D307
:10F81000002301F8123030BD002301F81230704788
:10F8200024070508002393424ED230B51EE0A4F110
:10F83000610C5FFA8CFCBCF1050F03D8573C5FFAF2
:10F8400084FE2CE04FF0000E29E0A5F16104E4B243
:10F85000052C35D8A5F157045FFA84FC4CEA0E1C40
:10F8600001F803C00133DBB293422CD24FEA430CC0
:10F8700010F813400CF1010C10F80C50A4F1300EEC
:10F880005FFA8EFEBEF1090F09D9A4F1410C5FFAAF
:10F890008CFCBCF1050FCAD8373C5FFA84FEA5F199
:10F8A000300C5FFA8CFCBCF1090FD7D9A5F14104EB
:10F8B000E4B2052CC9D8A5F1370C5FFA8CFCCDE772
:10F8C0004FF0000CCAE730BD70470000012800D09F
:10F8D000704710B50C460C4B1B7843B90B4B1B788B
:10F8E0002BB90B4B1B7813B90A4B1B7803B110BD16
:10F8F0000846F0F755FD4FF47A7382B22146064868
:10F900000DF0D6FEF3E700BFD7D10024DAD10024F2
:10F91000D6D10024D5D10024ACF60024034B0360DB
:10F92000034B0B6080231360704700BF94E40024F6
:10F9300094E20024034B0360034B0B604FF480639D
:10F9400013607047ECE10024ECD1002400BE704746
:10F95000F0B52DED028B83B006460D4608EE102A59
:10F960000193FFF7F3FD0446002849D0002707EE76
:10F97000905AB8EE670B51492046FFF773FD0028F7
:10F9800041D0B8EE480B4E492046FFF76BFD0028EA
:10F990003CD0002D3DD0012D58D09DF8283000EEF0
:10F9A000103AB8EE400B47492046FFF75BFD0028B0
:10F9B00059D0002E5AD0022E7AD1434D4FF4AF6663
:10F9C00032460021284618F07BFD002332462946A6
:10F9D0002046FFF7B5FC08B96FF002073A490B98CB
:10F9E00018F077FF394B01221A6014B12046FEF758
:10F9F00091FF4FF4AF620021334818F061FD57E0EA
:10FA00004FF0FF37B3E76FF00107BAE76FF0010778
:10FA1000BFE7DDED017AB8EE670B2D492046FFF711
:10FA200021FD80B12B4B9B68002BB6D007EE903A9E
:10FA3000B8EEE70B28492046FFF714FD0028ACD1AB
:10FA40006FF00107A9E76FF00107EBE7DDED017A41
:10FA5000B8EE670B21492046FFF704FD00289CD132
:10FA60006FF0010799E76FF00107A2E7164D4FF419
:10FA7000AF6632460021284618F022FD00233246A8
:10FA800029462046FFF75CFC08B96FF002070E49D3
:10FA90000B9818F01EFF0D4B01221A6014B120467E
:10FAA000FEF738FF4FF4AF620021074818F008FD59
:10FAB000384603B0BDEC028BF0BD00BFD8E30408AC
:10FAC000DCE30408B8F0040878E90024A4870024E3
:10FAD00004F1040888870024ACF00408E8E3040873
:10FAE0002DE9F04F9FB0064615460846FFF722FC69
:10FAF000044688B19349FFF763FC4269D3B2924947
:10FB00000B70052B02F2EE81DFE813F00C00ED0024
:10FB1000110C180E3211BA11FEF7FCFE4FF0FF3B2C
:10FB200002F038BA894B01221A600023884A136018
:10FB3000884A136053609360D360136153618649B0
:10FB40002046FFF742FC002856D184492046FFF7A3
:10FB50003CFC00285BD182492046FFF736FC002898
:10FB60005DD180492046FFF730FC00285FD17E49F7
:10FB70002046FFF72AFC002861D17C492046FFF788
:10FB800024FC002872D17A492046FFF71EFC002889
:10FB900074D178492046FFF718FC002876D17649C1
:10FBA0002046FFF712FC002878D174492046FFF761
:10FBB0000CFC00287AD172492046FFF706FC002889
:10FBC0007CD170492046FFF700FC00287ED06D49AB
:10FBD0002046FFF7F5FB07693846F0F7E1FB0346DF
:10FBE0005C49019500978A6849683046F9F7D0F872
:10FBF0004FF0000B02F0E3B857492046FFF7E0FB57
:10FC00004269544B1A60604B01221A609DE75349C8
:10FC10002046FFF7D5FB42694E4B5A609BE750499F
:10FC20002046FFF7CDFB42694A4B9A6099E74D4960
:10FC30002046FFF7C5FB4269464BDA6097E74A4921
:10FC40002046FFF7BDFB4269424B5A615B6813B91E
:10FC50004E4B1A6091E7012B05D0023B022B8CD84A
:10FC60004B4B1A6089E74B4B1A6086E73F492046A9
:10FC7000FFF7A6FB4269484B1A6084E73C492046DF
:10FC8000FFF79EFB4269454B1A7082E739492046CF
:10FC9000FFF796FB4269424B1A8080E736492046BF
:10FCA000FFF78EFB42693F4B1A807EE733492046BF
:10FCB000FFF786FB42693C4B1A607CE730492046DF
:10FCC000FFF77EFB4269394B1A707AE701950025F0
:10FCD00000952B462A461F4949683046F9F758F8DF
:10FCE000AB4602F06CB81C492046FFF76EFBC0B96A
:10FCF0002F492046FFF769FBD8B92E4B1A78531EBF
:10FD00000B2B01F20383DFE813F057008C009A01FC
:10FD1000E402CF033605A8050B06FE0680072A0875
:10FD20007B090D492046FFF74BFB4269214B1A70B6
:10FD3000DEE71F492046FFF743FB42691D4B5A701F
:10FD4000DBE700BFD8E3040880E5002488E5002451
:10FD500084E50024F0EE0024DCE3040804F1040848
:10FD6000ACF00408E4F90408F0F90408FCF904080C
:10FD7000F8F0040800FA04080CFA040814FA04085D
:10FD800020FA04082CFA04087CE5002474E5002419
:10FD90006CE5002470E5002478E5002468E5002483
:10FDA00066E5002464E5002460E500245EE50024A7
:10FDB000E8E3040804180024A94B5B78022B1BD04D
:10FDC000A849A94818F068FA0122A8491046FFF787
:10FDD0007DFDA74B1B78012B01F0A382A54B1B785F
:10FDE000012B01F09E82A44B1B78012B01F099821C
:10FDF0004FF0000B01F0E3BF99498978019500911C
:10FE000001210020F3F714FA0028E2D0944A9378F5
:10FE1000019500935378127801210020F3F708FA36
:10FE2000D7E78F4B5B78012B0CD0022B00F0F180D1
:10FE30008C498D4818F030FA01228C491046FFF7A2
:10FE400045FDC6E78D492046FFF7BFFA00286ED171
:10FE50008B492046FFF7B9FA002875D18949204619
:10FE6000FFF7B3FA00287CD187492046FFF7ADFAA7
:10FE7000002840F0838085492046FFF7A6FA002835
:10FE800040F0868082492046FFF79FFA002840F024
:10FE90008B8080492046FFF798FA002840F08C803C
:10FEA0007D492046FFF791FA002840F08E807B497B
:10FEB0002046FFF78AFA002840F0908078492046D3
:10FEC000FFF783FA002840F0928076492046FFF73A
:10FED0007CFA002840F094800121674B1970724B26
:10FEE00005221A605E4A917001950091537812784C
:10FEF0000020FFF72DFD00283FF46BAF584A9378A0
:10FF0000019500935378127801210020FFF720FD1E
:10FF100000283FF45EAF524B5A786449524818F0BB
:10FF2000BBF9012251491046FFF7D0FC51E7534974
:10FF30002046FFF745FA5E4B002203F8982F01692F
:10FF4000184618F0C6FC83E74D492046FFF738FAFB
:10FF5000574B002203F8B62F0169184618F0B9FC78
:10FF60007CE748492046FFF72BFA514B002203F863
:10FF7000D42F0169184618F0ACFC75E742492046B9
:10FF8000FFF71EFAD0E90601494BC3E9500172E7B9
:10FF90003E492046FFF714FAD0E90601444BC3E975
:10FFA0005201FCF7A9F86DE739492046FFF708FA36
:10FFB00042693F4B9A616CE736492046FFF700FAE9
:10FFC00042693B4BC3F838216AE733492046FFF7C3
:10FFD000F7F94269364BC3F83C2168E72F492046C0
:10FFE000FFF7EEF94269324B83F8522166E72C495C
:10FFF0002046FFF7E5F942692D4B83F8532164E76A
:020000040803EF
:1000000028492046FFF7DCF94269294B83F8512142
:1000100062E7134989780195009101210020F3F7E7
:1000200007F900283FF4D5AE0D4A93780195009367
:100030005378127801210020F3F7FAF8C9E6084B4B
:100040005B78012B36D0022B00F02D810549064844
:1000500018F022F9012205491046FFF737FCB8E6EF
:100060000418002438FA04084CE800240808002486
:1000700025030124260301242803012440E4040865
:100080004CE4040858E4040898E40408A4E40408D0
:10009000F0E3040828E4040834E4040874E40408E1
:1000A00084E4040864E404087004002464FA040886
:1000B00060330024A9492046FFF787F900283CD186
:1000C000A7492046FFF781F900283FD1A5492046DE
:1000D000FFF77BF9002842D1A3492046FFF775F9C5
:1000E000002845D10121A14B1970A14B05221A60AE
:1000F000A04A917001950091537812780020FFF783
:1001000027FC00283FF465AE9A4A93780195009346
:100110005378127801210020FFF71AFC00283FF4E1
:1001200058AE944B5A789449944818F0B5F8012287
:1001300093491046FFF7CAFB4BE688492046FFF774
:100140003FF942698F4BC3F85821B9E784492046EB
:10015000FFF736F942698B4BC3F85C21B6E781495A
:100160002046FFF72DF94269864BC3F86021B3E7BB
:100170007D492046FFF724F907460028B2D0FFF753
:1001800007F9024680497D4818F086F801227C492B
:100190001046FFF79BFBBF684FF000084CE07B491F
:1001A0003846FFF70DF9416908EBC802754B03EBC0
:1001B000C203C3F8641148E075493846FFF700F9F7
:1001C000017D08EBC8026F4B03EBC20383F8681193
:1001D00041E070493846FFF7F3F890ED067BB7EE43
:1001E000C77B08EBC802674B03EBC20383ED5B7A66
:1001F00037E069493846FFF7E3F890ED067BB7EE44
:10020000C77B08EBC8025F4B03EBC20383ED5C7A4C
:100210002DE062493846FFF7D3F890ED067BB7EE44
:10022000C77B08EBC802574B03EBC20383ED5D7A33
:1002300023E008F101083F68002F3FF453AF534912
:100240003846FFF7C2F80028A9D151493846FFF7D0
:10025000BCF80028B0D14F493846FFF7B6F800285F
:10026000B7D14D493846FFF7B0F80028C1D14B4906
:100270003846FFF7AAF80028CBD149493846FFF79E
:10028000A4F80028D5D046493846FFF799F890EDF4
:10029000067BB7EEC77B08EBC8023A4B03EBC20301
:1002A00083ED5E7AC5E73349897801950091012194
:1002B0000020F2F7BDFF00283FF48BAD2D4A937864
:1002C000019500935378127801210020F2F7B0FFD6
:1002D0007FE5284B5B78012B0CD0022B00F0CE8001
:1002E0003049264817F0D8FF012225491046FFF76C
:1002F000EDFA6EE52C492046FFF767F8002855D146
:1003000001271A4B1F701A4B05221A6005F0E2FCF8
:10031000184A977001950097537812783946002053
:10032000FFF716FB00283FF454AD124A937801956D
:1003300000935378127839460020FFF709FB002814
:100340003FF447AD0B4B5A780B490C4817F0A4FF0C
:100350003A460B493846FFF7B9FA3AE5B0E40408E3
:10036000B8E40408C0E40408C8E40408280301242D
:10037000700400240418002464FA04084CE80024E3
:1003800008080024603300248CFA0408CCE4040834
:10039000D0E40408D8E40408E0E40408E8E404082D
:1003A000F0E4040838FA040834E50408AC492046AF
:1003B000FFF706F807460028A2D0AA49FFF705F87C
:1003C00020BBA9493846FFF700F840BBA74938468B
:1003D000FEF7FBFF60BBA6493846FEF7F6FF002894
:1003E0002FD1A4493846FEF7F0FF002832D1A249A8
:1003F0003846FEF7EAFF002882D09F493846FEF7CC
:10040000DFFF42699D4BC3F8DC2279E79549384606
:10041000FEF7D6FF027D994B83F8D022D1E79249AF
:100420003846FEF7CDFF027D944B83F8D122CDE70D
:100430008E493846FEF7C4FF027D904B83F8D222E6
:10044000C9E78B493846FEF7BBFF42698B4B83F8FF
:10045000D822C6E787493846FEF7B2FF4369A3F5BD
:100460009661874A914205D9844B4FF41652C3F8DE
:10047000D422BCE7814AC2F8D432B8E781498978EE
:100480000195009101210020F2F7D2FE00283FF4EF
:10049000A0AC7C4A9378019500935378127801219F
:1004A0000020F2F7C5FE94E4764B5B78012B0CD06C
:1004B000022B00F049817449744817F0EDFE0122C7
:1004C00073491046FFF702FA83E466492046FEF7B7
:1004D0007CFF00287FD16F492046FEF776FF002879
:1004E00040F082806C492046FEF76FFF002840F004
:1004F00084805D492046FEF768FF002840F0868032
:1005000066492046FEF761FF002840F08880644974
:100510002046FEF75AFF002840F08D8061492046B2
:10052000FEF753FF002840F092805F492046FEF717
:100530004CFF002840F0D2805C492046FEF745FF82
:10054000002840F0D4805A492046FEF73EFF00289C
:1005500040F0D68057492046FEF737FF002840F08C
:10056000D88055492046FEF730FF002840F0DA8059
:1005700052492046FEF729FF002840F0DC80012187
:100580004F4B19704F4B05221A603E4A91700195EE
:100590000091537812780020FFF7DAF900283FF431
:1005A00018AC384A9378019500935378127801215A
:1005B0000020FFF7CDF900283FF40BAC314B5A78FF
:1005C0004149324817F068FE012231491046FFF7D1
:1005D0007DF9FFF7FEBB23492046FEF7F1FE027DC1
:1005E000264B83F8E02276E72A492046FEF7E8FE0C
:1005F000027D224B83F8E12274E727492046FEF76B
:10060000DFFE0169314818F064F972E716492046A7
:10061000FEF7D6FE027D194B83F8E22270E71F49F0
:100620002046FEF7CDFE0169294818F052F9294B02
:1006300001221A706BE71A492046FEF7C1FE426993
:100640000E4BC3F89823234B01221A7066E7154915
:100650002046FEF7B5FE01691F4818F03AF964E735
:1006600034E50408F8E4040800E504080CE504088F
:1006700014E504081CE5040828E504086033002498
:1006800050E303000418002438FA04084CE800245E
:10069000080800243CE504084CE5040850E504087B
:1006A00060E5040870E5040880E5040890E50408A6
:1006B00098E50408A8E50408B8E50408C8E50408B6
:1006C000280301247004002464FA0408003700247D
:1006D00044360024596A0024E4360024994920460F
:1006E000FEF76EFE0169984818F0F3F824E7974981
:1006F0002046FEF765FE0169954818F0EAF822E702
:1007000094492046FEF75CFE0169934818F0E1F831
:1007100020E792492046FEF753FE0169904818F001
:10072000D8F81EE78F492046FEF74AFE42698E4BF5
:10073000C3F8C0231CE78D492046FEF741FE4269FD
:10074000894B83F89C231AE78949897801950091A0
:1007500001210020F2F76CFD00283FF43AAB844AF7
:100760009378019500935378127801210020F2F7D5
:100770005FFDFFF72EBB7E4B5B78012B0CD0022B6D
:1007800054D07C497C4817F087FD01227B491046F4
:10079000FFF79CF8FFF71DBB79492046FEF715FED1
:1007A000002831D177492046FEF70FFE002834D1CA
:1007B0000121754B1970754B05221A606C4A9170B6
:1007C00001950091537812780020FFF7C1F80028B6
:1007D0003FF4FFAA664A9378019500935378127804
:1007E00001210020FFF7B4F800283FF4F2AA604B83
:1007F0005A786749604817F04FFD01225F4910465B
:10080000FFF764F8FFF7E5BA5D492046FEF7D8FD2B
:10081000027D554B83F8C423C4E75A492046FEF7AE
:10082000CFFD4269504BC3F8C823C1E750498978CE
:100830000195009101210020F2F7FAFC00283FF415
:10084000C8AA4B4A937801950093537812780121F6
:100850000020F2F7EDFCFFF7BCBA454B5B78012BAB
:100860000CD0022B45D04349434817F015FD012217
:1008700042491046FFF72AF8FFF7ABBA4049204635
:10088000FEF7A3FD00282BD101213F4B19703F4BF0
:1008900005221A60364A91700195009153781278BA
:1008A0000020FFF755F800283FF493AA304A9378C8
:1008B000019500935378127801210020FFF748F842
:1008C00000283FF486AA2A4B5A7831492A4817F063
:1008D000E3FC012229491046FEF7F8FFFFF779BA39
:1008E00027492046FEF76CFD027D1F4B83F8CC2381
:1008F000CAE71F4989780195009101210020F2F78C
:1009000097FC00283FF465AA194A93780195009353
:100910005378127801210020F2F78AFCFFF759BAC8
:10092000134B5B78012B35D0022B00F0D580114999
:10093000114817F0B1FC012210491046FEF7C6FF1E
:10094000FFF747BA80E504085836002490E504080C
:100950006C36002498E5040880360024A8E50408D5
:10096000B2360024B8E5040860330024C8E5040862
:100970000418002438FA04084CE80024080800246D
:10098000F8E4040828E5040828030124700400247E
:1009900064FA0408A6492046FEF717FD00286BD12B
:1009A000A4492046FEF711FD00286DD1A24920463A
:1009B000FEF70BFD00286FD1A0492046FEF705FD8C
:1009C000002871D19E492046FEF7FFFC002873D114
:1009D0009C492046FEF7F9FC002875D19A4B1A78FD
:1009E0000E925A780D929A780C925A79013A109296
:1009F0001A790F929B68A3F26C7311930CA8FAF703
:100A0000EDFE924BC3E900016F460DF1640CBCE8AA
:100A10000F000FC7DCF800303B6015AB0FCBFBF7C6
:100A200029F98B4F4FF0010887F80280FBF764FB30
:100A3000BB78019500937B783A7841460020FEF719
:100A400087FF00283FF4C5A9BB78019500937B7808
:100A50003A7841460020FEF77BFF00283FF4B9A911
:100A60007A787C497C4817F017FC42467B4940461F
:100A7000FEF72CFFFFF7ADB96D492046FEF7A0FC4D
:100A8000027D714B1A718BE76A492046FEF798FC8C
:100A9000027D6D4B5A7189E767492046FEF790FC4D
:100AA0004269694B9A6087E764492046FEF788FCF3
:100AB000027D654B1A7085E761492046FEF780FC90
:100AC000027D614B5A7083E75E492046FEF778FC51
:100AD000027D5D4B9A7081E75D49897801950091AF
:100AE00001210020F2F7A4FB00283FF472A9584A24
:100AF0009378019500935378127801210020F2F742
:100B000097FBFFF766B9524B5B78012B0CD0022B99
:100B100064D05349504817F0BFFB01224F4910469B
:100B2000FEF7D4FEFFF755B94E492046FEF74DFCBF
:100B3000002831D14C492046FEF747FC002833D12C
:100B400001214A4B19704A4B05221A60404A9170A4
:100B500001950091537812780020FEF7F9FE0028E5
:100B60003FF437A93A4A9378019500935378127865
:100B700001210020FEF7ECFE00283FF42AA9344BA7
:100B80005A783449344817F087FB0122334910461C
:100B9000FEF79CFEFFF71DB932492046FEF710FC18
:100BA000027D344B1A75C5E72F492046FEF708FC35
:100BB0004369782B18BF3C2B0DDDB42B0BD0F02BE9
:100BC00009D0B3F5B47F06D0B3F5347F03D0294BF9
:100BD0000A221A61B4E7274A1361B1E71C498978F0
:100BE0000195009101210020F2F722FB00283FF43B
:100BF000F0A8174A93780195009353781278012151
:100C00000020F2F715FBFFF7E4B8114B5B78012BDE
:100C100032D0022B00F08C8011490F4817F03CFBBA
:100C200001220E491046FEF751FEFFF7D2B800BF71
:100C3000E4E50408E8E50408ECE5040864E60408D3
:100C4000F0E50408F4E5040808EF0024000300249C
:100C50000418002464FA04084CE80024080800245E
:100C600038FA0408F8E40408F8E504082803012425
:100C700070040024603300249D492046FEF7A5FB44
:100C8000002831D19B492046FEF79FFB002834D134
:100C90000121994B1970994B05221A60984A91705D
:100CA00001950091537812780020FEF751FE00283C
:100CB0003FF48FA8924A9378019500935378127865
:100CC00001210020FEF744FE00283FF482A88C4B4F
:100CD0005A788C498C4817F0DFFA01228B4910466C
:100CE000FEF7F4FDFFF775B881492046FEF768FB73
:100CF000027D874B83F8D423C4E77E492046FEF764
:100D00005FFB0146002305E0814A1A44002082F877
:100D1000D50301330B2BBBD80A69D25C302AF3D040
:100D2000312AF6D17A4A1A44012082F8D503F0E735
:100D3000734989780195009101210020F2F778FA32
:100D400000283FF446A86E4A9378019500935378A3
:100D5000127801210020F2F76BFAFFF73AB8684BDE
:100D60005B78012B0DD0022B00F024816949664885
:100D700017F092FA012265491046FEF7A7FDFFF72A
:100D800028B865492046FEF720FBB0B9634B1B79B4
:100D9000532B1AD8614803EB430200EB42020021B7
:100DA000117251729172D172117303EB430200EB15
:100DB000420041730133DBB2EAE757492046FEF7B0
:100DC000FFFA4269554B5A60E0E755492046FEF765
:100DD000FCFA002831D153492046FEF7F6FA0028E4
:100DE00031D10121504B1970504B05221A60444AF1
:100DF000917001950091537812780020FEF7A8FDBC
:100E000000283EF4E6AF3E4A93780195009353786C
:100E1000127801210020FEF79BFD00283EF4D9AF97
:100E2000374B5A783749384817F036FA0122374994
:100E30001046FEF74BFDFEF7CCBF39492046FEF7C2
:100E4000BFFA4769C7E737492046FEF7B9FA814636
:100E50000028C6D0013F4FEAC708FEF799FA0246BC
:100E60003349294817F018FA012228491046FEF79D
:100E70002DFDD9F808706AE02E493846FEF7A0FA31
:100E8000416908EB4802254B03EB4203597267E0C6
:100E900029493846FEF794FA017D08EB48021F4BBA
:100EA00003EB4203197261E024493846FEF788FAE1
:100EB000416908EB4802194B03EB420399725BE06E
:100EC0001F493846FEF77CFA416908EB4802134B8C
:100ED00003EB4203D97255E01A493846FEF770FA1F
:100EE000416908EB48020D4B03EB420319734FE0D5
:100EF00000E6040808E6040828030124700400241E
:100F00000418002464FA04084CE8002408080024AB
:100F10006033002438FA040810E60408C82F0024BF
:100F200028E6040838E6040826030124680400249F
:100F3000A0FA040844E60408F8E404084CE60408AF
:100F400054E6040860E6040808F101083F68002F31
:100F50003FF447AF9D493846FEF737FA00288BD15A
:100F60009B493846FEF731FA002891D19949384615
:100F7000FEF72BFA002897D197493846FEF725FA55
:100F800000289DD195493846FEF71FFA0028A3D1C5
:100F900093493846FEF719FA0028D5D090493846CB
:100FA000FEF70EFA416908EB48028E4B03EB420351
:100FB0005973C9E78C492046FEF707FAC0B98B4A36
:100FC0009378019500935378127801210020F2F76D
:100FD0002FF900283EF4FDAE844A937801950093E2
:100FE0005378127801210020F2F722F9FEF7F1BEC2
:100FF0007D492046FEF7E4F942697D4B1A60DEE741
:101000007A4B5B78012B0DD0022B00F05981794986
:10101000794817F041F9012278491046FEF756FC4D
:10102000FEF7D7BE76492046FEF7CFF9002847D114
:1010300074492046FEF7C9F900284FD1724920466D
:10104000FEF7C3F9002851D170492046FEF7BDF9DB
:101050000746002852D16E492046FEF7B6F900280F
:1010600052D101276B4B1F706B4B05221A6004F0A5
:1010700031FE5E4A97700195009753781278394691
:101080000020FEF765FC00283EF4A3AE574A937893
:10109000019500935378127839460020FEF758FCEA
:1010A00000283EF496AE514B5A785C49524817F0EE
:1010B000F3F83A4651493846FEF708FCFEF789BE78
:1010C0004F492046FEF77CF94369322B03DD544B30
:1010D00032221A71ACE7524A1371A9E749492046F6
:1010E000FEF76EF942694E4B9A60A7E746492046E3
:1010F000FEF766F942694A4B5A71A5E74349204613
:10110000FEF75EF94769A6E741492046FEF758F920
:1011100081460028A5D0013F4FEAC708FEF738F9FD
:1011200002464049344817F0B7F8012233491046C7
:10113000FEF7CCFBD9F8087085E03B493846FEF74E
:101140003FF9416908EB8802354B03EB8203997440
:1011500083E036493846FEF733F9416908EB8802E7
:101160002F4B03EB820359617EE031493846FEF78D
:1011700027F9416908EB8802294B03EB82031976B2
:1011800079E02C493846FEF71BF9416908EB8802E3
:10119000234B03EB8203D96174E027493846FEF7FD
:1011A0000FF9416908EB88021D4B03EB820383F8BA
:1011B00020106DE021493846FEF702F9017D08EB69
:1011C0008802174B03EB8203197467E044E60408B6
:1011D000F8E404084CE6040854E6040860E6040851
:1011E00068E60408C82F0024B8FA0408041800248C
:1011F0003CE50024E0FA04084CE800240808002438
:1012000070E604087CE6040888E6040828E604087A
:1012100094E60408250301246404002464FA040805
:10122000E8270024C4FA0408A0E60408A8E6040895
:10123000B8E60408C0E60408CCE60408D4E60408CE
:1012400008F101083F68002F3FF40BAFA249384670
:10125000FEF7BBF800287FF470AFA0493846FEF7D0
:10126000B4F800287FF475AF9D493846FEF7ADF815
:1012700000287FF47AAF9B493846FEF7A6F800288D
:101280007FF47FAF98493846FEF79FF8002884D155
:1012900096493846FEF799F800288BD1944938468C
:1012A000FEF793F80028CBD091493846FEF788F82E
:1012B000416908EB88028F4B03EB82035974BFE747
:1012C0008D492046FEF781F8C0B98C4A9378019584
:1012D00000935378127801210020F1F7A9FF00282C
:1012E0003EF477AD854A9378019500935378127850
:1012F00001210020F1F79CFFFEF76BBD7E492046DF
:10130000FEF75EF842697E4B1A60DEE77D497E4853
:1013100016F0C2FF01227D491046FEF7D7FAFEF70C
:1013200058BDF1F7D3FB4FF0000B00F048BD7849F2
:101330002046FEF74AF818B94FF0000B00F03FBD09
:1013400073492046FEF73CF84369013B352B00F218
:10135000D685DFE813F0360047015F016A017001AE
:10136000E801D405D405D405D405D405D405D405A5
:10137000D405D405D405D405D405D405D405D405A5
:10138000D405D405D405D405D405D405D405D40595
:10139000D405D405D405D405D405D405D405D40585
:1013A000D405D405D405D405D405D405D405D40575
:1013B000D405D405D405D405D4058801A001B8010D
:1013C000D00154492046FEF700F8002865D1524963
:1013D0002046FDF7FAFF002840F0C0804F49204624
:1013E000FDF7F3FF002840F0C9804D492046FDF786
:1013F000ECFF002840F0CA804A492046FDF7E5FF8F
:10140000002840F0CB8048492046FDF7DEFF002849
:1014100040F0CC8045492046FDF7D7FF002840F03A
:10142000CD8043492046FDF7D0FF002840F0CE8014
:10143000404B1A780E925A780D929A780C925A79FB
:10144000013A10921A790F929B68A3F26C73119370
:101450000CA8FAF7C3F9384BC3E900016D4619AF80
:101460000FCF0FC53B682B6015AB0FCBFAF702FC13
:10147000012E00F0B3800123304A1370304A1370FC
:10148000052230490A6030490B7030490A60304A01
:1014900013704FF0000B00F092BC1E492046FDF780
:1014A0008FFF05462B4F4FF01E084246002138465D
:1014B00017F006F82969384617F00BFA264D424610
:1014C0000021284616F0FCFF0FCF0FC597E80F004C
:1014D00007C52B807BE700BFA0E60408A8E6040848
:1014E000B8E60408C0E60408CCE60408D4E604081C
:1014F000E0E60408E8270024B8FA040804180024E9
:101500003CE5002410FB04084CE8002408080024F3
:10151000DCE304082CFB040838FB0408E4E50408B9
:10152000E8E50408ECE5040864E60408F0E50408CE
:10153000F4E5040808EF00240003002458E5002423
:101540002803012470040024270301246C040024D0
:10155000596A0024583700243C3300249749204618
:10156000FDF72EFF0546964F1E220021384616F045
:10157000A7FF2969384617F0ACF92FE791492046B3
:10158000FDF71EFF027D904B1A712EE78F49204612
:10159000FDF716FF027D8C4B5A712DE78C492046D2
:1015A000FDF70EFF4269884B9A602CE78949204677
:1015B000FDF706FF027D844B1A702BE78649204613
:1015C000FDF7FEFE027D804B5A702AE783492046D4
:1015D000FDF7F6FE027D7C4B9A7029E7804B0122D5
:1015E0001A7048E77F492046FDF7EFFE20B9012E2B
:1015F0000AD04FF0000BE2E37A492046FDF7E0FE07
:101600004269794B1A80F2E7784B01221A704FF049
:10161000000BD4E3012E02D04FF0000BCFE3744B4C
:1016200001221A704FF0000BC9E3724B01221A70AD
:101630004FF0000BC3E36B492046FDF7C6FE20B90F
:10164000012E0AD04FF0000BB9E366492046FDF7A2
:10165000B7FE4269644B1A80F2E7674B01221A70A9
:101660004FF0000BABE35F492046FDF7AEFE20B91B
:10167000012E0AD04FF0000BA1E35A492046FDF796
:101680009FFE4269584B1A80F2E75C4B01221A70A8
:101690004FF0000B93E353492046FDF796FE20B927
:1016A000012E0AD04FF0000B89E34E492046FDF78A
:1016B00087FE42694C4B1A80F2E7514B01221A70A7
:1016C0004FF0000B7BE347492046FDF77EFE20B933
:1016D000012E0AD04FF0000B71E342492046FDF77E
:1016E0006FFE4269404B1A80F2E7464B01221A70A6
:1016F0004FF0000B63E33B492046FDF766FE20B93F
:10170000012E0AD04FF0000B59E336492046FDF771
:1017100057FE4269344B1A80F2E73B4B01221A70A4
:101720004FF0000B4BE3012E02D04FF0000B46E3CD
:10173000364B01221A704FF0000B40E3344920462B
:10174000FDF743FE10B94FF0000B38E33049204657
:10175000FDF736FE4369013B082B00F2D383DFE837
:1017600013F0090014000102270266027E028902BA
:10177000B402CC02012E02D04FF0000B1FE3254B28
:1017800001221A704FF0000B19E323492046FDF7A0
:101790001CFE00284AD10025012E00F0DF81012324
:1017A0001E4A13701E4A022111601E4A13701E4BFE
:1017B00005221A604FF0000B01E300BF38FB04085C
:1017C0007C330024E4E5040808EF0024E8E504087D
:1017D000ECE5040864E60408F0E50408F4E5040810
:1017E00057E5002444FB0408DCD1002455E500241F
:1017F00054E5002456E5002453E5002445E5002483
:1018000044E5002443E5002442E5002452E5002499
:10181000DCE3040850E5002450FB040827030124FE
:101820006C0400242803012470040024C3492046CA
:10183000FDF7C6FD0546C2492046FDF7C6FD002856
:10184000AAD0BF492046FDF7BBFD03466A69511E79
:10185000077D4820BB4A00FB012282F868716A6953
:10186000013A197DB84B00FB02331972B749204683
:10187000FDF7ABFDE8B90027B5492046FDF7A5FD0A
:10188000E8B900227969B34B19706B69013BAD4827
:10189000482707FB030090F86801022815D001399A
:1018A00003293FF679AFDFE811F02201FC00D600F2
:1018B000B000A6492046FDF783FD0746DCE7A449B2
:1018C0002046FDF77DFD0246DCE7013903293FF69E
:1018D00063AFDFE801F0744E28029F4F57F823C032
:1018E0009849482000FB0313A3F894C16B69013B9E
:1018F00092ED067BB7EEC77B00FB031181ED677AA3
:101900006B69013B57F823708F4900FB03139F86D7
:101910006B69013B92ED067BB7EEC77B00FB0311C1
:1019200081ED0F7A38E78C4F57F823C0854948205E
:1019300000FB0313A3F896C16B69013B92ED067B94
:10194000B7EEC77B00FB031181ED687A6B69013B41
:1019500057F823707C4900FB0313DF866B69013B5A
:1019600092ED067BB7EEC77B00FB031181ED107A89
:1019700012E7794F57F823C07249482000FB031340
:10198000A3F898C16B69013B92ED067BB7EEC77B6C
:1019900000FB031181ED697A6B69013B57F82370F5
:1019A000694900FB03131F876B69013B92ED067BBE
:1019B000B7EEC77B00FB031181ED117AECE6664FB1
:1019C00057F823C05F49482000FB0313A3F89AC1CE
:1019D0006B69013B92ED067BB7EEC77B00FB031101
:1019E00081ED6A7A6B69013B57F82370564900FB19
:1019F00003135F876B69013B92ED067BB7EEC77BF4
:101A000000FB031181ED127AC6E6534F57F823C04D
:101A10004C49482000FB0313A3F87CC16B69013BD0
:101A200000FB0311D2ED057AF8EEE77AC1ED617A99
:101A30006B69013B57F82370434900FB0313DF83B5
:101A4000D2ED057A6B69013B00FB0311F8EEE77AF2
:101A5000C1ED0A7AA0E6404F57F823C03949482023
:101A600000FB0313A3F87EC16B69013B00FB03116C
:101A7000D2ED057AF8EEE77AC1ED627A6B69013B47
:101A800057F82370304900FB0313DF83D2ED057A4A
:101A90006B69013B00FB0311F8EEE77AC1ED0A7AAE
:101AA0007AE62D4F57F823C02649482000FB031340
:101AB000A3F880C16B69013B00FB0311D2ED057AED
:101AC000F8EEE77AC1ED637A6B69013B57F8237052
:101AD0001D4900FB03131F84D2ED057A6B69013B9E
:101AE00000FB0311F8EEE77AC1ED0B7A54E61A4FCA
:101AF00057F823C01349482000FB0313A3F882C101
:101B00006B69013B00FB0311D2ED057AF8EEE77A31
:101B1000C1ED647A6B69013B57F823700A4900FBF9
:101B200003135F84D2ED057A6B69013B00FB03115F
:101B3000F8EEE77AC1ED0C7A2EE600BF50FB040800
:101B40005CFB040860330024D031002464FB0408EB
:101B500070FB040840E50024F40700246A696C4B1C
:101B60001A701CE66B492046FDF72FFC70B9002562
:101B700069492046FDF729FC70B900235A69674B73
:101B80001A70012E0ED04FF0000B18E1614920466B
:101B9000FDF716FC0546EBE75F492046FDF710FC14
:101BA0000346EBE76A695E4B1A704FF0000B06E1E3
:101BB0005C492046FDF709FCB0B95B492046FDF7BA
:101BC00004FCD0B9594D2946594816F082FE95F8C3
:101BD000E331D3B1012E26D00123564A1370564A61
:101BE00013704FF0000BEAE04E492046FDF7E8FB8A
:101BF0000169524816F06DFEDFE74B492046FDF7BC
:101C0000DFFB42694E4B1A60DCE701254D4B83F840
:101C1000DB552A4620214C4806F08FFF4B4B1D70A8
:101C200002F020FAD6E74A4B01221A70D4E749495C
:101C30002046FDF7CAFB20B9012E0AD04FF0000B59
:101C4000BDE044492046FDF7BBFB4269424B1A8088
:101C5000F2E7424B01221A704FF0000BAFE0012E69
:101C600002D04FF0000BAAE03D4B01221A704FF05A
:101C7000000BA4E02B492046FDF7A7FB80B92A49B9
:101C80002046FDF7A2FBA0B92849294816F021FEFD
:101C9000012E16D0284B01221A704FF0000B8EE057
:101CA00020492046FDF78CFB0169244816F011FEFF
:101CB000E5E71D492046FDF783FB4269204B1A608A
:101CC000E2E7284B01221A70E4E722492046FDF79B
:101CD0007CFB20B9012E0AD04FF0000B6FE01D49AC
:101CE0002046FDF76DFB42691B4B1A80F2E71E4B45
:101CF00001221A704FF0000B61E0012E02D04FF06C
:101D0000000B5CE0194B01221A704FF0000B56E0FB
:101D10004FE5002450FB040864FB040840E5002460
:101D20004EE5002450E5040860E504085837002417
:101D30004403002447E50024596A00246803002472
:101D400064030024603300240004025828030124A3
:101D50004DE5002444FB0408DCD100244BE50024BD
:101D60004AE500244CE5002449E5002448E5002428
:101D7000B2492046FDF724FB037DB14D2B71B149DB
:101D80002046FDF71DFB037D6B71AF492046FDF733
:101D900017FB037DAB60AD492046FDF711FB037DCA
:101DA0002B70AB492046FDF70BFB037D6B70A949F7
:101DB0002046FDF705FB037DAB704FF0000BA649F5
:101DC0002046FDF7FDFA0546FDF7CAFB002800F0A6
:101DD000D0801122A149286916F096FB002800F056
:101DE00094802D690C229E49284616F08DFB002810
:101DF00000F0B7800C229B49284616F085FB00288E
:101E000000F0F4800C229849284616F07DFB00284B
:101E100000F02B8208229549284616F075FB002811
:101E200000F03B8208229249284616F06DFB0028FC
:101E300000F04C820B228F49284616F065FB0028E3
:101E400000F060820C228C49284616F05DFB0028C9
:101E500040F08F8089492046FDF7B2FA0546FDF72C
:101E600091FB002800F0858085492846FDF7A8FAF7
:101E7000D0ED057AF8EEE77A824BC3ED007A78E090
:101E8000814B00221A605A609A60DA601A615A61C6
:101E90007E492046FDF799FA10B94FF0000B8EE706
:101EA0007A492046FDF78CFA4369774A1360042B80
:101EB00002D04FF0000B82E775492046FDF785FA06
:101EC00010B94FF0000B7AE771492046FDF778FA18
:101ED0002A4641693046F7F713FA834600283FF453
:101EE0006EAF57E0D2B26B496B4816F0D5F90122BC
:101EF0006A491046FDF7EAFC4FF0000B5FE74FF030
:101F0000000B5CE74FF0000B59E75C492046FDF7FA
:101F100057FA0746FDF736FB00283FF462AF6049E9
:101F20003846FDF74DFA0746FDF72CFB00283FF435
:101F300058AF5C493846FDF743FA80465A4938465F
:101F4000FDF73EFA4169D8F81420013A574B134483
:101F500083F8D513564B01221A70564B05221A608E
:101F60003FE746492046FDF72BFA0546FDF70AFBF9
:101F7000A0B9514B1B78012B07D0504B1B78012B7C
:101F800003D04B4B1B78012B01D1F0F79FFD20466E
:101F9000FCF7C0FC58461FB0BDE8F08F4849284602
:101FA000FDF70EFA0546FDF7EDFA0028E1D04549A8
:101FB0002846FDF705FA06463B492846FDF700FA94
:101FC000D0ED057A7369013B03EB8303374A02EBDB
:101FD000830303F22C43F8EEE77AC3ED007A344B27
:101FE00001221A70334B05221A60C2E723492046AA
:101FF000FDF7E6F90546FDF7C5FA0028B9D03249E4
:102000002846FDF7DDF9814630492846FDF7D8F925
:102010000990FDF7AEFA30B9284B01221A702C4B0B
:1020200005221A60A5E70998FDF7B2F94FF0000AFA
:102030000A94CDF82CB0834610E100BFE4E5040813
:1020400008EF0024E8E50408ECE5040864E6040869
:10205000F0E50408F4E50408A0FB0408A8FB040864
:10206000ECFB040814FC040870FC040880FC040861
:1020700090FC0408A8FC0408C4FC0408BCFB040889
:10208000D4FC0408381C0424F0EE0024DCE304082B
:10209000F8F004087CFB04084CE80024080800243D
:1020A000D0FB0408DCFB0408E4FB040860330024D4
:1020B000280301247004002425030124260301249D
:1020C000FCFB04080CFC040824FC040874FC040851
:1020D0006804002451460998FDF765F907469949B7
:1020E000FDF769F9804698493846FDF764F90646D8
:1020F00096493846FDF75FF9054695493846FDF79C
:102100005AF9079093493846FDF755F98446D9F8AE
:102110001430013B03EB83030AEB430398F81420CC
:102120008D4F03EB430307EB43031A72D8ED057A97
:10213000D9F81430013B322000FB03F303F2CD53F6
:102140000AEB8A021344854901EB8303F8EEE77A30
:10215000C3ED007AD9F81430013B03EB83030AEB9B
:10216000430303EB430307EB4303D6F814E08DF876
:1021700023E05FFA8EF49C72D6ED057AD9F814301C
:10218000013B00FB03F303F2CD531344013301EB96
:102190008303F8EEE77AC3ED007A6E69D9F814305C
:1021A000013B03EB83030AEB430303EB430307EB1E
:1021B0004303DE72D5ED057AD9F81430013B00FBFC
:1021C00003F303F2CD531344023301EB8303F8EE20
:1021D000E77AC3ED007A079B5D69D9F81430013BBB
:1021E00003EB83030AEB430303EB430307EB4303D4
:1021F0001D73079BD3ED057AD9F81430013B00FB22
:1022000003F303F2CD531344033301EB8303F8EEDE
:10221000E77AC3ED007ADCF81440D9F81430013BBA
:1022200003EB83030AEB430303EB430307EB43078F
:102230007C73DCED057AD9F81430013B00FB03F325
:1022400003F2CD531A44043201EB8201F8EEE77A2F
:10225000C1ED007A0AF1010A5FFA8AFADA45FFF65F
:1022600039AF0A9CDDF82CB0D6E63D492046FDF793
:10227000A7F80546FDF786F900283FF47AAE3949FC
:102280002846FDF79DF8002E7FF473AE364B0122F1
:102290001A704269354B1A706BE631492046FDF7DA
:1022A0008FF80546FDF75CF900283FF462AE032283
:1022B0002F49286916F028F900287FF45AAE002E1D
:1022C0007FF457AE2B4B01221A7052E62449204668
:1022D000FDF776F80546FDF755F900283FF449AEBD
:1022E00025492846FDF76CF8027D244B83F8D4235A
:1022F0004269234B1A74234B01221A70224B052288
:102300001A6036E616492046FDF75AF80546FDF7ED
:1023100039F900283FF42DAE1C492846FDF750F846
:10232000D0ED057AF8EEE77A194BC3ED007AB7EEF7
:10233000007AF4EE477AF1EE10FA7FF41AAE01F06B
:1023400017FF16E634FC04083CFC040848FC0408AB
:1023500058FC040864FC0408C82F002474110424E9
:10236000BCFB040824FC04085BE5002441E50024D0
:102370008CFC04085DE500249CFC04086033002408
:1023800000ED05242803012470040024B4FC040893
:102390003C1C0424000000002DE9F04FC1B00746AA
:1023A000FDF7D4F80446524A5249FDF78FF8DFF89A
:1023B000788198F800B04FF0C809DFF870A109FBE8
:1023C0000BAB5846EDF7ECFF1028B8BF1020A0F17A
:1023D000100500263B963C963D963E968DF8FC6097
:1023E00010220BEB05013BA816F0A0F83BAA4249CE
:1023F0002046FDF76BF82A46594601A816F096F8D4
:1024000005F580730DEB030505F8FC6C01AA3B494B
:102410002046FDF75BF898F800504A46314609FB24
:1024200005A016F04DF8364B5B5700EE103AB8EEAB
:10243000C00B34492046FDF715F898F80030324AB1
:10244000D35600EE103AB8EEC00B30492046FDF7E7
:1024500009F82F4DD5F8D03507EE903AB8EE677BE6
:102460009FED210B87EE000B2A492046FCF7FAFF6F
:1024700095F8D43500EE103AB8EE400B26492046C8
:10248000FCF7F0FF254B1B7800EE103AB8EE400B3E
:1024900023492046FCF7E6FF98F800300133DBB211
:1024A00088F800303B2B01D988F80060012F07D055
:1024B00000272046FCF72EFA384641B0BDE8F08FE1
:1024C000184D4FF47A7632460021284615F0F8FF71
:1024D0000023324629462046FCF732FF0028E8D187
:1024E0000027E6E7AFF300800000000080842E4163
:1024F00027C1002410F10408E4FC0408ECFC0408E3
:10250000A48F0024F4FC0408688F0024FCFC040859
:102510006033002400FD04080CFD0408B68E00247E
:1025200010FD04087C83002474830024E08F0024C1
:102530002DE9F04F83B001908A46FDF707F8054674
:102540000090474CD4ED4E7AB8EEE70B4549FCF7C6
:1025500089FFD4ED4F7AB8EEE70B43492846FCF7E4
:1025600081FF94ED060AB8EEC00B40492846FCF7FF
:1025700079FF07EE90AAB8EE670B3D492846FCF7B5
:1025800071FFFCF7BFFF83460027092F42D8FCF7F5
:10259000DDFF054600285ED00AEB8A0407EB440401
:1025A0000A3CDFF8EC8004EB440608EB4606337A7D
:1025B00000EE103AB8EE400B2E49FCF753FFB37A09
:1025C00000EE103AB8EE400B2B492846FCF74AFFC4
:1025D000F37A00EE103AB8EE400B28492846FCF793
:1025E00041FF337B00EE103AB8EE400B24492846F9
:1025F000FCF738FF737B00EE103AB8EE400B214930
:102600002846FCF72FFF29465846FCF7E5FE013720
:10261000FFB2BAE75A461C490098FCF7E1FE019B5D
:10262000012B07D000240098FCF774F9204603B072
:10263000BDE8F08F154C4FF47A752A4600212046EC
:1026400015F03EFF00232A4621460098FCF778FE4D
:1026500018B1019CE7E70024E5E70024E3E700BFA9
:1026600060330024BCF00408C8F00408D4F0040867
:1026700024FC040834FC04083CFC040848FC04085E
:1026800058FC040864FC040874FC04087C830024DF
:10269000C82F0024F8B50546FCF758FF04461E4E27
:1026A000D6ED4E7AB8EEE70B1C49FCF7DBFED6ED13
:1026B0004F7AB8EEE70B1A492046FCF7D3FED6ED69
:1026C000067AB8EEE70B17492046FCF7CBFE96F8E2
:1026D000D43300EE103AB8EE400B13492046FCF715
:1026E000C1FE012D05D000252046FCF713F9284630
:1026F000F8BD0E4E4FF47A773A460021304615F079
:10270000DFFE00233A4631462046FCF719FE00283A
:10271000EAD10025E8E700BF60330024BCF00408DC
:10272000C8F00408D4F004089CFC04087C8300244E
:10273000F0B59FB005460E46FCF708FF0446002E94
:1027400049D0012E53D0022E5DD0474A474920463A
:10275000FCF7BCFE464B93ED000AB8EE400B454932
:102760002046FCF77FFE444A44492046FCF7AEFE73
:10277000434A44492046FCF7A9FE434B1B7800EE30
:10278000103AB8EE400B41492046FCF76BFE64223C
:10279000002105A815F094FE3D4883684168006853
:1027A0000390000402900191090400911A04394930
:1027B00005A815F071FD05AA37492046FCF786FEED
:1027C000012D2CD0022D3CD000252046FCF7A2F88C
:1027D00028461FB0F0BDB0EE000B3049FCF742FEBA
:1027E000B7EE000B2E492046FCF73CFEADE7B0EEFD
:1027F000000B2A49FCF736FEB1EE000B28492046B3
:10280000FCF730FEA1E7B0EE080B2449FCF72AFEE6
:10281000B7EE000B22492046FCF724FE95E7214E37
:102820004FF47A773A460021304615F049FE0023EE
:102830003A4631462046FCF783FD0028C5D10025E5
:10284000C3E7194D40F2DC5632460021284615F008
:1028500037FE0023324629462046FCF771FD08B1B9
:102860000125B2E70025B0E7583700242CFB040807
:10287000E0D100241CFD0408FCDD040824FD04084C
:1028800027C1002430FD0408D3D100243CFD0408F6
:102890002CEF002448FD040864FD0408D8E3040874
:1028A000DCE304087C8300243409002470B5064668
:1028B0000D46FCF74BFE0446B0EE080B4249FCF710
:1028C000D1FD6DB1012D20D0022D33D0032D4CD080
:1028D000022E65D000252046FCF71CF8284670BD66
:1028E000B1EE000B39492046FCF7BCFD384A3949A6
:1028F0002046FCF7EBFD384B93ED000AB8EE400B99
:1029000036492046FCF7AEFDDEE7B1EE0C0B2F4951
:102910002046FCF7A7FD2E4A2E492046FCF7D6FD9F
:102920002D4B93ED000AB8EE400B2C492046FCF7E6
:1029300099FDC9E7B1EE040B24492046FCF792FD4E
:10294000234A24492046FCF7C1FD234B93ED000A9E
:10295000B8EE400B21492046FCF784FDB7EE000B92
:102960001F492046FCF77EFDB2E7B2EE000B174987
:102970002046FCF777FD164A16492046FCF7A6FDCF
:10298000154B93ED000AB8EE400B14492046FCF7B6
:1029900069FDB7EE000B12492046FCF763FD97E78F
:1029A000104D40F2DC5632460021284615F088FDD5
:1029B0000023324629462046FCF7C2FC08B1012517
:1029C00089E7002587E700BFD8E30408DCE30408B3
:1029D000583700242CFB0408E0D100241CFD040817
:1029E000B8F0040834090024F8B505460E46FCF793
:1029F000ADFD0446B0EE000B2E49FCF733FD012E71
:102A00002CD0B1EE040B2C492046FCF72BFD2B4BB0
:102A100093ED030AB8EE400B29492046FCF722FD4E
:102A2000284A29492046FCF751FD284B93ED000A1E
:102A3000B8EE400B26492046FCF714FDB7EE000B1C
:102A400024492046FCF70EFD012D0ED0022D1ED08C
:102A500000252046FBF75EFF2846F8BDB0EE000BD0
:102A600015492046FCF7FEFCDAE71B4E4FF47A7757
:102A70003A460021304615F023FD00233A46314600
:102A80002046FCF75DFC0028E3D10025E1E7134D6B
:102A900040F2DC5632460021284615F011FD002395
:102AA000324629462046FCF74BFC08B10125D0E709
:102AB0000025CEE7D8E30408DCE3040860330024F3
:102AC0006CFD0408583700242CFB0408E0D10024D6
:102AD0001CFD0408B8F004087C8300243409002499
:102AE000F8B506460D46FCF731FD0446B0EE000B86
:102AF0005D49FCF7B7FC691E032912D8DFE801F035
:102B0000022F3F4F9FED500B58492046FCF7AAFC7F
:102B1000574B93ED040AB7EEC00A56492046FCF71E
:102B2000A1FC554A55492046FCF7D0FC544B93ED87
:102B3000000AB8EE400B53492046FCF793FCB7EE71
:102B4000000B51492046FCF78DFC012E57D0022E78
:102B500067D000262046FBF7DDFE3046F8BD9FED2E
:102B60003C0B42492046FCF77DFC414B93ED020AA9
:102B7000B7EEC00A45492046FCF774FCD1E79FED4B
:102B8000360B3A492046FCF76DFC394B93ED030AAE
:102B9000B7EEC00A3E492046FCF764FCC1E79FED52
:102BA000300B32492046FCF75DFC314B93ED027A45
:102BB000F7EE007AB4EE677AF1EE10FA10D193EDE9
:102BC000037AB4EE677AF1EE10FA12D193ED047A3B
:102BD000B4EE677AF1EE10FA0ED09FED2E0A01E006
:102BE0009FED2C0AB8EEC00B2B492046FCF73AFCAF
:102BF00097E79FED280AF5E79FED280AF2E7284DB1
:102C00004FF47A773A460021284615F059FC002304
:102C10003A4629462046FCF793FB00289AD1002625
:102C200098E7204D40F2DC5632460021284615F048
:102C300047FC0023324629462046FCF781FB08B1B9
:102C4000012687E7002685E7000000000080494054
:102C50000000000000004A400000000000804A40E0
:102C60000000000000004B40D8E30408DCE3040847
:102C7000143A002478FD0408583700242CFB04087B
:102C8000E0D100241CFD0408B8F0040884FD040809
:102C90008CFD04080100000098FD040800000000FD
:102CA0007C830024340900242DE9F04FB9B082461A
:102CB0000C469146FCF74AFC8046B0EE000BB24948
:102CC000FCF7D0FB012C00F09280B1EE080BAF496D
:102CD0004046FCF7C7FBAE4C2246AE494046FCF7E7
:102CE000F5FBAD4B93ED000AB8EE400BAB49404607
:102CF000FCF7B8FBF8F740FDA94DAB7800EE103AB1
:102D0000B8EE400BA7494046FCF7ACFB6B7800EEF1
:102D1000103AB8EE400BA4494046FCF7A3FBEB7811
:102D200003F5FA6300EE103AB8EEC00B9F49404637
:102D3000FCF798FB9E4D2B7800EE103AB8EE400B56
:102D40009C494046FCF78EFB6B7800EE103AB8EEDB
:102D5000400B99494046FCF785FBAB7800EE103AF2
:102D6000B8EE400B95494046FCF77CFB944B1B7832
:102D700000EE103AB8EE400B92494046FCF772FB69
:102D8000A4F57E7494ED030AB8EE400B8E494046DC
:102D9000FCF768FB8D4B1B7800EE103AB8EE400B49
:102DA0008B494046FCF75EFBBAF1010F00F0C3808F
:102DB000BAF1020F14BF00230123B9F1010F14BFB0
:102DC000002203F00102002A40F0C780B9F1020F8F
:102DD00014BF002303F00103002B40F01B810024EB
:102DE0004046FBF797FD204639B0BDE8F08FB0EEC6
:102DF000080B66494046FCF735FB654A6549404685
:102E0000FCF764FB644B93ED000AB8EE400B63499A
:102E10004046FCF727FB4FF0640B5A4600211FA8E1
:102E200015F04EFB6B4A93781593D1781691107973
:102E300017905479189495791995D179137A907AD5
:102E4000D47A157B567B1A96977B1B9792F80FC006
:102E500092F810E0567C1C96977C3E46D77C1D97D6
:102E6000177D12971D9F119710961C9E0F96CDF8F7
:102E700038E0CDF834C01B9E0C961A9E0B960A952E
:102E800009940890079306930591199D0495189C41
:102E900003941798029016990191159B009353780B
:102EA00012784D491FA815F0F7F91FAA4B49404663
:102EB000FCF70CFB5A4600211FA815F001FB484AFD
:102EC0009378D178019100935378127845491FA8DF
:102ED00015F0E2F91FAA44494046FCF7F7FA434BC4
:102EE0001B78012B20D09FED260B41494046FCF773
:102EF000B9FA404B1B7800EE103AB8EE400B3E4951
:102F00004046FCF7AFFA3D4B93F9333000EE103AF0
:102F1000B8EEC00B3A494046FCF7A4FA394A3A49A0
:102F20004046FCF7D3FA3FE7B7EE000B3049404686
:102F3000FCF798FADDE7354C4FF47A752A46002104
:102F4000204615F0BDFA00232A4621464046FCF7EC
:102F5000F7F9002879D0544642E72D4C40F2DC5571
:102F60002A460021204615F0ABFA00232A462146C6
:102F70004046FCF7E5F9002869D0012430E700BF9E
:102F80000000000000000000D8E30408DCE30408AF
:102F9000583700242CFB0408E0D100241CFD040851
:102FA000F48E0024E4E50408E8E50408ECE50408F0
:102FB000E08E002464E60408F0E50408F4E5040863
:102FC000ADD1002420FE04086CFD0408ACD100241F
:102FD0002CFE0408B8D10024A0FD0408CCFD040890
:102FE000B0D10024D8FD0408E4FD0408588F002463
:102FF000F0FD0408C487002404FE040824C1002452
:1030000014FE0408FCDD040824FD04087C8300246D
:10301000340900240F4C40F2DC552A46002120469A
:1030200015F04EFA00232A4621464046FCF788F95F
:1030300048B10124084B00221A71EEF7E3FC074B5C
:1030400001221A70CCE60024F4E70024C8E600242C
:10305000C6E600BF340900246033002451E5002493
:1030600070B506460D46FCF771FA0446B0EE080B43
:10307000BB49FCF7F7F9012D7ED0B2EE020BB9493E
:103080002046FCF7EFF9B84AB8492046FCF71EFA8B
:10309000B74B93ED000AB8EE400BB6492046FCF75B
:1030A000E1F9B54D95ED030AB7EEC00AB3492046E4
:1030B000FCF7D8F995ED040AB7EEC00AB0492046EE
:1030C000FCF7D0F9AF4B1B78002B40F00E81B7EE28
:1030D000000BAD492046FCF7C5F9AC4B1B78012B22
:1030E00000F00A819FED9C0BA9492046FCF7BAF934
:1030F000A84B1B78052B18BF012B40F00481B7EEBD
:10310000000BA5492046FCF7ADF9A44B1B78012B19
:1031100000F000819FED900BA1492046FCF7A2F939
:10312000A04BB3F9003000EE103AB8EEC00B9E4948
:103130002046FCF797F99D4B93F82230032B00F0C3
:10314000F0809FED850B9A492046FCF78BF9994D4D
:103150002A4699492046FCF7B9F9A5F16402974936
:103160002046FCF7B3F9022E00F0E280002520464D
:10317000FBF7D0FB284670BDB1EE080B794920461D
:10318000FCF770F9784A79492046FCF79FF9784BAB
:1031900093ED000AB8EE400B76492046FCF762F941
:1031A000754D95ED030AB7EEC00A74492046FCF749
:1031B00059F995ED040AB7EEC00A71492046FCF7AB
:1031C00051F9704B1B78002B65D1B7EE000B6E499F
:1031D0002046FCF747F96D4B1B78012B62D09FED21
:1031E0005E0B6B492046FCF73DF96A4B1B78052BBB
:1031F00018BF012B5DD1B7EE000B67492046FCF7E5
:1032000031F9664B1B78012B5AD09FED530B644963
:103210002046FCF727F9634BB3F9003000EE103A73
:10322000B8EEC00B60492046FCF71CF95F4B93F8E1
:103230002230032B4BD09FED480B5D492046FCF715
:1032400011F95C4D2A465C492046FCF73FF9A5F18F
:1032500064025A492046FCF739F9594B1B7800EEB5
:10326000103AB8EE400B57492046FCF7FBF8454BA7
:103270001B789BBBB7EE000B53492046FCF7F2F8D6
:10328000524B1B7800EE103AB8EE400B50492046E6
:10329000FCF7E8F867E79FED300B3B492046FCF769
:1032A000E1F898E7B7EE000B39492046FCF7DAF869
:1032B0009BE79FED290B38492046FCF7D3F8A0E7A0
:1032C000B7EE000B36492046FCF7CCF8A3E7B7EE83
:1032D000000B37492046FCF7C5F8B2E79FED1E0BFF
:1032E00039492046FCF7BEF8CAE79FED1B0B26497B
:1032F0002046FCF7B7F8F0E6B7EE000B244920466D
:10330000FCF7B0F8F4E69FED140B23492046FCF7D8
:10331000A9F8FAE6B7EE000B21492046FCF7A2F81F
:10332000FEE6B7EE000B22492046FCF79BF80EE7BD
:10333000284D40F2DC5632460021284615F0C0F8F0
:103340000023324629462046FBF7FAFF08B1012543
:103350000DE700250BE700BF0000000000000000A3
:10336000D8E30408DCE30408583700242CFB0408E5
:10337000E0D100241CFD0408980201243CFE04084E
:1033800048FE04083403002454FE0408618F00241E
:1033900068FE04085F8F002474FE04085B8F00241D
:1033A00080FE0408628F002494FE04085C6A0024F6
:1033B0009CFE04089CC20024ACFE0408BCFE040869
:1033C00046E50024C4FE0408D4FE0408348F00241B
:1033D000DCFE0408340900242DE9F04180460F4644
:1033E0001646FCF7B3F80446B0EE080BB649FCF7F6
:1033F00039F8002F39D0012F3ED0B44D2A46B449B8
:103400002046FCF763F8B34B93ED000AB8EE400B8F
:10341000B1492046FCF726F8731C00EE103AB8EECE
:10342000400BAE492046FCF71DF8A5F57E7506EB6E
:10343000C60305EBC30595F8683100EE103AB8EE07
:10344000400BA7492046FCF70DF895F86831022B90
:1034500019D0A44B1B78013B032B00F2ED80DFE871
:1034600013F09D016B011E01E200B0EE000B9E49BE
:103470002046FBF7F7FFC0E7B0EE080B9A4920465D
:10348000FBF7F0FFB9E7974B1B78013B032B00F2EA
:10349000D380DFE803F097663402B1EE000B934966
:1034A0002046FBF7DFFF77B1012F40F0C580904B3E
:1034B00003EB860393ED000AB7EEC00A8D49204660
:1034C000FBF7D0FFB8E08C4DF70006EBC60305EB29
:1034D000C30393ED670AB7EEC00A86492046FBF79F
:1034E000C1FF374405EBC705B5F8943100EE103A3B
:1034F000B8EE400B81492046FBF7B4FF9CE0B0EEEC
:10350000080B7A492046FBF7ADFF77B1012F40F059
:103510009380774B03EB860393ED000AB7EEC00A66
:1035200074492046FBF79EFF86E0734DF70006EBDB
:10353000C60305EBC30393ED680AB7EEC00A6D49F5
:103540002046FBF78FFF374405EBC705B5F89631EA
:1035500000EE103AB8EE400B68492046FBF782FFB8
:103560006AE0B0EE000B61492046FBF77BFF6FB1CC
:10357000012F61D15E4B03EB860393ED000AB7EE9A
:10358000C00A5C492046FBF76DFF55E05A4DF70035
:1035900006EBC60305EBC30393ED690AB7EEC00A59
:1035A00054492046FBF75EFF374405EBC705B5F8E5
:1035B000983100EE103AB8EE400B50492046FBF728
:1035C00051FF39E0B7EE000B48492046FBF74AFFB0
:1035D0006FB1012F30D1464B03EB860393ED000A08
:1035E000B7EEC00A43492046FBF73CFF24E0424DBA
:1035F000F70006EBC60305EBC30393ED6A0AB7EECB
:10360000C00A3C492046FBF72DFF374405EBC705B0
:10361000B5F89A3100EE103AB8EE400B3749204623
:10362000FBF720FF08E0B1EE000B30492046FBF726
:1036300019FF67B1012F26D0B8F1020F00F0E0802A
:1036400000252046FBF766F92846BDE8F0812A4DA3
:10365000F70006EBC60305EBC30393ED610AB7EE73
:10366000C00A24492046FBF7FDFE374405EBC70599
:10367000B5F87C3100EE103AB8EE400B1F492046F9
:10368000FBF7F0FED8E71A4B03EB860393ED000A35
:10369000B7EEC00A17492046FBF7E4FECCE7B0EED0
:1036A000080B12492046FBF7DDFE4FB3012FC3D1B3
:1036B0000F4B03EB860393ED000AB7EEC00A0D49EA
:1036C0002046FBF7CFFEB7E7D8E3040858370024BD
:1036D0002CFB0408E0D100241CFD040850FB040866
:1036E0005CFB040840E50024DCE3040864FB0408F8
:1036F000DC07002470FB040860330024E4FE0408A7
:10370000494DF70006EBC60305EBC30393ED620AD0
:10371000B7EEC00A45492046FBF7A4FE374405EB47
:10372000C705B5F87E3100EE103AB8EE400B4049BF
:103730002046FBF797FE7FE7B0EE000B3D492046A1
:10374000FBF790FE77B1012F7FF476AF3A4B03EB96
:10375000860393ED000AB7EEC00A34492046FBF712
:1037600081FE69E7304DF70006EBC60305EBC303A6
:1037700093ED630AB7EEC00A2C492046FBF772FEB0
:10378000374405EBC705B5F8803100EE103AB8EEC6
:10379000400B27492046FBF765FE4DE7B7EE000BCF
:1037A00024492046FBF75EFE77B1012F7FF444AF3A
:1037B000214B03EB860393ED000AB7EEC00A1B49C9
:1037C0002046FBF74FFE37E7174DF70006EBC60321
:1037D00005EBC30393ED640AB7EEC00A1349204614
:1037E000FBF740FE374405EBC705B5F8823100EE24
:1037F000103AB8EE400B0E492046FBF733FE1BE7AC
:103800000E4D40F2DC5632460021284614F058FE98
:103810000023324629462046FBF792FD08B10125D8
:103820000FE700250DE700BF6033002470FB04089C
:10383000E4FE040864FB0408DC07002434090024C7
:1038400010B504466149FBF732FFB0F1FF3F01D1EB
:10385000002010BD4FF42F7200215D4814F030FE9F
:10386000E379482BF4D15B4B00221A70237A013B99
:10387000042BEDD8DFE803F0141972038900544BD0
:1038800048221A7004225A70534A127E9A70534B7F
:1038900003221A800123524A1370524A1370D7E749
:1038A000627A4D4B1B7E9A4220D0627A4A4B1B7E35
:1038B0009A42CDD1464A482111700221517093702D
:1038C000A37AD370E37A13713A23537193714FF44F
:1038D000FA71454B18680AF017FD012821D04348BA
:1038E000ECF75EFDC31D3D4A1380B1E7384A48211D
:1038F00011700121517093703D4B5B888B420AD04F
:103900003B4B5A68C2F30721314BD9701A71334BC4
:1039100005221A809CE713464E22DA7020221A7183
:10392000F5E7334B5B88012B0FD0A37AE07A40EAAE
:1039300003202E49013803F083FA00231A46194662
:10394000294800680AF006FBC9E7A37AE07A40EA52
:1039500003202649013803F073FAEEE7627A1E4B22
:103960001B7E9A427FF474AF194A482111700321DB
:10397000517093700123D370184A04211180194AA1
:103980001370174B00221A7062E7627A124B1B7E8B
:103990009A427FF45DAF1648002444804460154A83
:1039A0000421F3F71BFF0A4B48221A7005225A70B4
:1039B000094A127E9A700122DA70084B042119809C
:1039C000084B1A70064B1C7042E700BFF4FE040857
:1039D00090E50024A1F90524603300248CE500243F
:1039E000A0F905248703002474F5002497E500243A
:1039F000C49805240040C900002918BF002816D02B
:103A000010B40C461AB900205DF8044B7047002131
:103A1000016041608160C1600161416181618260DA
:103A20004460044A0260044A82610120ECE70020FD
:103A3000704700BFEFBEADDE104152210346B0B16A
:103A400001680F4A914214D181690E4A914212D104
:103A5000426892B1806888B11A69DB689A4201D0E5
:103A600002D2981A013870479B1A1844FAE70020CE
:103A7000704700207047002070470020704700BF4B
:103A8000EFBEADDE104152212DE9F843002847D0AA
:103A90000F46144606460268284B9A4242D1826974
:103AA000274B9A4242D1D0F80480B8F1000F3FD0A2
:103AB000D0F80890B9F1000F3CD0B4FA84F35B0958
:103AC000002939D0002B37D1FFF7B8FF844228BF37
:103AD000044644B33069A9EB0005A54228BF25463A
:103AE0002A463946404414F0FCFE33692B443361C6
:103AF000B4EB05080CD13269B3689A4201D30023B4
:103B0000336173697BB122460121304698470AE050
:103B100042467919706814F0E4FEC6F81080EAE7AE
:103B2000002400E000242046BDE8F8830024FAE7E2
:103B30000024F8E74C46F6E70024F4E7EFBEADDEDC
:103B4000104152210346A8B101680F4A914213D196
:103B500081690E4A914211D142688AB1806890B160
:103B60001A69DB689A420DD001D9D01A7047D21A6F
:103B700010447047002070470020704700207047B5
:103B80000020704700207047EFBEADDE104152218B
:103B9000034670B101680A4A91420BD18169094A12
:103BA000914209D1406850B19A683AB1DB68184433
:103BB0007047704700207047002070470020704712
:103BC000EFBEADDE104152210346A8B101680F4A95
:103BD000914213D181690E4A914211D142688AB152
:103BE000806890B11A69DB689A4201D9D01A70478F
:103BF0009A4209D2C01A70470020704700207047CF
:103C0000002070470020704700207047EFBEADDEF7
:103C10001041522170B510B30D4606460268164B8E
:103C20009A421ED18269154B9A421DD14368EBB16D
:103C30008468BCB1E1B1FFF785FF854228BF054626
:103C4000F3682B44F3609C4201D81B1BF36073693B
:103C500083B12A460021304698472C4602E00024D2
:103C600000E00024204670BD0024FBE70024F9E7B3
:103C70000C46F7E72C46F5E7EFBEADDE10415221CA
:103C8000254B5B6913F4003F13D1BFF34F8FBFF394
:103C90006F8F214B0022C3F85022BFF34F8FBFF329
:103CA0006F8F5A6942F400325A61BFF34F8FBFF3EE
:103CB0006F8F194B5B6913F4803F2BD110B4164BF7
:103CC0000022C3F88420BFF34F8FD3F88040C4F3A1
:103CD0004E3000E01846C4F3C90243F6E07303EA2D
:103CE000401343EA82730C49C1F860321346013A2B
:103CF000002BF2D1431E0028ECD1BFF34F8F4B694C
:103D000043F480334B61BFF34F8FBFF36F8F5DF888
:103D1000044B7047704700BF00ED00E030B585B040
:103D20000024009401940294039404F0BDF9012549
:103D30008DF800508DF8014001941F238DF8083054
:103D400087238DF809308DF80A408DF80B408DF8E7
:103D50000C508DF80D508DF80E408DF80F406846D0
:103D600004F0C0F98DF80150134B019310238DF826
:103D700008308DF809408DF80A5003238DF80B3078
:103D80008DF80D40684604F0ADF902238DF801303E
:103D90000A4B019309238DF808308DF80A408DF8FD
:103DA0000D508DF80F50684604F09CF9042004F083
:103DB00089F905B030BD00BF0000023000000430BA
:103DC0002DE9F0478CB000240794089409940A94D4
:103DD0000B94714BD3F8E02042F01002C3F8E020BE
:103DE000D3F8E02002F010020192019AD3F8E0200B
:103DF00042F00402C3F8E020D3F8E02002F004020D
:103E00000292029AD3F8E02042F08002C3F8E02048
:103E1000D3F8E02002F080020392039AD3F8E02066
:103E200042F00102C3F8E020D3F8E02002F00102E2
:103E30000492049AD3F8E02042F00202C3F8E02092
:103E4000D3F8E02002F002020592059AD3F8E020B0
:103E500042F00802C3F8E020D3F8E03003F0080392
:103E60000693069BDFF83C8122464EF279014046DC
:103E700004F063FEDFF8309101221146484604F059
:103E80005CFE22464FF28001484604F056FEDFF801
:103E90001CA122464CF20171504604F04EFE3F4FE9
:103EA00022464FF49E51384604F047FE3C4E2246CF
:103EB0004FF48071304604F040FE01224FF48051EF
:103EC000384604F03AFE4EF279030793012508952F
:103ED00009940A9407A9404604F018FD0F2307939C
:103EE0004FF488130893099407A9304604F00EFD97
:103EF0004FF281030793089509940A9407A948464D
:103F000004F004FD41F6024307930894099407A9BD
:103F1000404604F0FBFC4CF20173079308950994AA
:103F20000A9407A9504604F0F1FC4FF49E530793FE
:103F3000089509940A9407A9384604F0E7FC4FF461
:103F400080730793089509940A9407A9304604F0F2
:103F5000DDFC22460521062004F08AF8062004F044
:103F600097F822460521072004F082F8072004F084
:103F70008FF822460521082004F07AF8082004F082
:103F800087F822460521092004F072F8092004F080
:103F90007FF80CB0BDE8F0870044025800080258D2
:103FA000000002580010025800040258000C025889
:103FB00008B503220021012009F0A8FF0B4B18606F
:103FC00000231A46194609F0C5FFF3F707FA07E080
:103FD00012F0ACF811F0A6FF47F2305009F0FCFDEA
:103FE000034B1B78002BF3D0F6E700BF74F50024D9
:103FF000DAD1002430B587B00024019402940394F0
:10400000049405944FF4006301930325029501A9DC
:10401000104804F07BFC40F60203019302950394E0
:10402000049401A90C4804F071FC2F23019302951C
:104030000394049401A9094804F068FC4FF40E535A
:10404000019302950394049401A9054804F05EFCD1
:1040500007B030BD000002580004025800080258A2
:1040600000100258F0B587B0002301930293039328
:10407000049305933A4B93F8DB35002B44D0394E2B
:1040800001226021304604F058FD374D0022062100
:10409000284604F052FD6023019301270297002473
:1040A0000394049401A9304604F030FC4FF400530B
:1040B00001934FF488160296039401A92B4804F04B
:1040C00025FC0623019302970394049401A9284632
:1040D00004F01CFC802301930296039401A9284656
:1040E00004F014FC22460521172003F0C1FF17201D
:1040F00003F0CEFF22460521282003F0B9FF282037
:1041000003F0C6FF07B0F0BD6023019303250295BD
:1041100001A9144804F0FAFB4FF4005301930295EF
:104120000024039401A9114804F0F0FB0623019335
:104130000295039404940C4E01A9304604F0E6FB6A
:10414000802301930295039401A9304604F0DEFB1D
:10415000172003F0A1FF282003F09EFFD2E700BF45
:104160006033002400040258000C02580008025872
:1041700008B501230F4A13700F4A13700F4A1370CA
:104180000F4A13700F4A13700F4A13600F4A1360DF
:104190000F4A13600F4A13600F4A13600F4B40F22F
:1041A0002B121A6041F2707009F016FD03F078FFCF
:1041B00008BD00BF2903012428030124270301248B
:1041C0002603012425030124740400247004002420
:1041D0006C040024680400246404002420030124E7
:1041E00008B50268164B9A4200D008BD02F0ECFEFA
:1041F000144A136801331360134A136801331360C0
:10420000124A138801339BB21380114AD289934218
:10421000EBD91049D1ED007AF8EE677A0E4BC3ED79
:10422000007A0E4AD2ED007AF8EE677A0C4BC3EDB5
:10423000007A00230B601360044A1380D5E700BFA7
:104240000048014044390024403900244839002402
:1042500010170024F4390024EC390024F03900242C
:10426000E839002472B6FEE708B50C480C4B036031
:104270004A234360012383601022C2601922026135
:104280004FF48072426183610023C361036205F0D1
:10429000C1F900B908BDFFF7E5FF00BF64F70024CE
:1042A0000050005208B50848084B03600023037112
:1042B0004371436183610123036203F0ABFF00B9E3
:1042C00008BDFFF7CFFF00BF04F80024004C0258E0
:1042D00000B59DB04C22002109A814F0F1F820226D
:1042E000002101A814F0ECF8022004F02BFF0023B9
:1042F00000932A4BDA6A22F00102DA62DB6A03F0E9
:1043000001030093264B9A6942F440429A619B69EB
:1043100003F440430093009B214B9B6913F4005F1F
:10432000FAD004F007FF02F075FE1E4A136F23F067
:1043300018031367052209924FF480330A9301236F
:104340000B930223129313931492C0221592169387
:10435000179318930423199300231A931B9309A806
:1043600005F0ACF9B0B93F23019303230293002376
:104370000393082304934023059306934FF480622C
:1043800007920893022101A805F0ECFD20B91DB0A9
:104390005DF804FBFFF766FFFFF764FF00040058B9
:1043A000004802580044025808B51148114B0360F8
:1043B000114B4360002383600122C26003614361AB
:1043C0008361C361036204F025FD50B900210848F0
:1043D00004F056FE38B90021054804F07FFE20B9EC
:1043E00008BDFFF73FFFFFF73DFFFFF73BFF00BFB3
:1043F000B0F7002400540040FFEAC00070B58EB052
:10440000FFF78CFCFFF73CFC62B602F0AFFDFFF754
:104410005FFFFFF7D5FCFFF7EDFDECF7A3FBF7F728
:1044200069F9EDF78DFAF1F79BFCF5F76BF9FFF7FA
:10443000BBFFFFF719FFFFF735FF0122BF49104609
:10444000FBF744FABE4BBF4A106818609188927916
:1044500099809A71BC4CBD4A4FF49671204613F076
:10446000E5FE012221461046FBF730FA0121B8484B
:1044700007F09DFE43F2F22398426CD0B54D6C4696
:1044800005F1100CBCE80F000FC4DCF8003023600D
:1044900095E80F00F7F7EEFBF7F76EF901221146EA
:1044A000AD4804F04AFB40F2DC52AC49AC48FFF79F
:1044B000A3FA4FF47A72AB49AB48FFF79DFAAB48C9
:1044C000FAF7F8F9F3F7BCF902F0AAFDA84C20605E
:1044D00002F0ACFD606002F0AFFDA0602368A5496A
:1044E0000B701A0A4A701A0C8A701B0ECB70636824
:1044F0000B711A0A4A711A0C8A711B0ECB71087261
:10450000000A4872E3898B72E37CCB720C229A48D2
:1045100003F0C0FE994B1860002002F043FC00201D
:10452000EDF7C6FA0020EDF71DFE0020EDF768FF5D
:104530000020EEF709F80020EEF7BCF80020EEF7B7
:1045400071F90020EEF7BCFD0020EEF725FAFFF729
:1045500089FD002318E07F4D6C4605F1100CBCE886
:104560000F000FC4DCF80030236095E80F00F7F768
:104570004BFA91E7824A0021D154824A4FF4FA71F2
:1045800022F813100133DBB20E2BF3D9EEF79EFAAB
:10459000EEF700FE7C4B00221A606F4C0221204691
:1045A00004F0C4FA794B18600221204604F0BEFAE8
:1045B00000284AD0FBF794F8754B1B78002B40F08D
:1045C0009C81F2F7A9FF0A2002F010FD00210120D2
:1045D000F2F7C6FF6F48F2F78DFF00210220F2F7D5
:1045E000BFFF6D48F2F786FF01F074FB01225649C8
:1045F0001046FBF76BF9F7F77FFD002201216748B2
:1046000004F09BFA02F0ECFC654B18600DF11C0CF9
:10461000644C0FCCACE80F0094E807008CE807006E
:10462000002107A809F0A5FA5F4B1860F1F7D4FB49
:10463000F7F7ECFDF3F79EFAF5F74CF8F0F72CFBE3
:10464000EDF7BAF909F090FAFEE7002201212046C1
:1046500004F073FA00220121544804F06EFA06E0D7
:104660000A2002F0C3FC484A136801331360022198
:10467000394804F05BFA20B9434B1B68B3F5FA7F65
:10468000EED3414B1B68B3F5FA7F0AD20022012119
:10469000314804F052FA00220121444804F04DFA56
:1046A00088E72D4C01221146204604F046FA0122EB
:1046B00011463E4804F041FA334B00221A604FF491
:1046C0007A7002F093FC0221204604F02FFA0128B0
:1046D000DCD106E02C4A1368013313600A2002F093
:1046E00085FC294B1B68B3F5FA7F63D202211A4877
:1046F00004F01CFA0028EDD1174D002201212846B4
:1047000004F01BFA294C00220121204604F015FA7E
:104710001D4A136814331360254A1368013313606C
:10472000C82002F063FC01221146284604F005FA75
:1047300001221146204604F000FACBE7FCFE0408F3
:10474000D6330024FCDD04080808002448FF0408D0
:1047500040F70024BC8E00240010025800C300243F
:10476000DCC8002438EF002420F300248C0300244C
:104770002CEF00241CEF002404F8002428EF002470
:10478000C43900244C39002418EF00248803002485
:10479000DAD100245CFF040870FF0408000402580A
:1047A0007CF5002468DB040880F50024000C025826
:1047B00014EF00245D4B1B68022B7FF467AF0024CD
:1047C0005A4B1C605A4E22460121304604F0B5F97E
:1047D000584D22460121284604F0AFF94FF4FA70F3
:1047E00002F004FC012002F0DDFA012211463046FD
:1047F00004F0A3F901221146284604F09EF94FF473
:10480000FA7002F0F3FB0120EDF752F90120EDF709
:10481000A9FC22460121304604F08FF922460121ED
:10482000284604F08AF94FF4FA7002F0DFFB012009
:10483000EDF7E6FD01221146304604F07EF9012233
:104840001146284604F079F94FF4FA7002F0CEFBD5
:104850000120EDF72FFF22460121304604F06DF9CB
:1048600022460121284604F068F94FF4FA7002F05C
:10487000BDFB0120EDF7D6FF0120EEF78DF80122F8
:104880001146304604F059F901221146284604F039
:1048900054F94FF4FA7002F0A9FB0120EEF710FC76
:1048A00022460121304604F048F9224601212846DB
:1048B00004F043F94FF4FA7002F098FB48F2050057
:1048C000F2F7CEFE01221146304604F036F90122FD
:1048D0001146284604F031F94FF4FA7002F086FBD5
:1048E00022460121304604F028F9224601212846BB
:1048F00004F023F9EEF7EAF8C8E60F4CAA2384F88F
:104900001634EDF77FF8002084F81604EDF7D0F8A0
:1049100094F81634AA2B05D0084B00221A70EDF734
:1049200001FE4EE6054B01221A70F8E714EF002451
:1049300000100258000C025860330024ADD100244E
:1049400000B58E464FF0000C4FF6FF7311E00132B8
:10495000D2B2082A09D803F001015B080029F6D079
:1049600083F4204383F00103F1E70CF1010C5FFABB
:104970008CFCF44504D210F80C2053400122E8E7E7
:10498000180240EA132080B25DF804FB38B50446F3
:10499000B0F862128B1E034493F835214B1E03447A
:1049A00093F8355145EA02250239C9B200F23510B3
:1049B000FFF7C6FFA84214D1A17A94F90A30002B60
:1049C00011DB0023072B06D8094AD25C914206D09E
:1049D0000133DBB2F6E700233BB1002038BD0123F1
:1049E000FAE70220FAE70320F8E70120F6E700BF24
:1049F00038070508F8B5044600F10906B0F8625218
:104A0000E9B23046FFF79CFF6319020A5A726B1C29
:104A10009BB2A4F86232234458720235ADB2A4F8B6
:104A2000625294F86E32012B0AD04FF47A732A4600
:104A30003146606808F03CFE0023A4F86232F8BDFD
:104A4000054FC8220021384613F03AFD2A46394660
:104A50003046FAF7FFFDEFE75CC0002410B58B6825
:104A6000C0F864328B784372CB7883728B881B0AD0
:104A7000C3728B880373CB78013B0F2B11D8DFE80F
:104A800003F008080808142110101010101010105E
:104A90002C68CB881B0A4373CB8883730623A0F84A
:104AA0006232FFF7A7FF002010BD8B681B883BB167
:104AB000FF234373002383730623A0F86232F0E7D9
:104AC0000023F6E78B681B881B0A43738B681B88DF
:104AD00083730623A0F86232E3E7CB88C3F3071C95
:104AE0004FEA4C0C5FFA8CFC13F00F0F03D00CF163
:104AF000010C5FFA8CFC1B0A4373CB88837380F82C
:104B00000FC00723A0F86232002312E08A684FEA40
:104B1000530E32F81EE0B0F8622202444FEA1E2E15
:104B200082F809E0B0F862220132A0F86222013373
:104B30009BB29C45B5D913F0010FE7D08A684FEAC4
:104B4000530E32F81EE0B0F86222024482F809E007
:104B5000E8E7CB881B0A4373CB888373CB885B0061
:104B6000C3730723A0F8623200231AE08A6832F880
:104B70001320B0F862C200EB0C0E120A8EF8092066
:104B80000CF1010292B2A0F862228C6834F813E0B2
:104B9000024482F809E00CF1020CA0F862C2013371
:104BA0009BB2CA889A42E1D87BE710B50446CB781D
:104BB000013B0F2B0DD8DFE803F008080D0D12178D
:104BC0000C0C0C0C0C0C0C0C1C21FFF747FF84F890
:104BD0006C0210BDFFF742FF84F86C02F9E7FFF7A3
:104BE0003DFF84F86C02F4E7FFF738FF84F86C02AD
:104BF000EFE7FFF733FF84F86C02EAE7FFF72EFFD9
:104C000084F86C02E5E70000F8B5044690F8381126
:104C100090F83701FAF7BFFC054694F83A1194F87A
:104C20003901FAF7B8FC94F83531637294F83631EB
:104C3000A372C0F3C70310F0070601D00133DBB243
:104C4000E3720322A4F862220233E21800235372B3
:104C5000194624E0B4F862222244577A4FF0010C3E
:104C60000CFA03FC27EA0C0757720CE0B4F8622236
:104C7000224492F809C04FF0010E0EFA03FE2CEA0E
:104C80000E0C82F809C00133DBB2072B05D9B4F84A
:104C900062320133A4F8623200234A1C91B281428D
:104CA00013D24A19B2F5707FE0DA0F4FBA5C002ACE
:104CB000D0D0B4F862222244577A4FF0010C0CFA9B
:104CC00003FC47EA0C075772DDE726B1B4F86232FD
:104CD0000133A4F86232B4F862520235ADB2204614
:104CE000FFF788FE68B2F8BDA4FF032473380E28CE
:104CF00042D8DFE800F008410E4115411C41234134
:104D00002A41314139001E4B93ED000AB8EE400AAA
:104D100070471C4B1B7800EE103AB8EE400A704703
:104D2000194B1B7800EE103AB8EE400A7047174B4B
:104D30001B7800EE103AB8EE400A7047144B1B88FF
:104D400000EE103AB8EE400A7047124B1B7800EEA6
:104D5000103AB8EE400A70470F4B93F83D3000EE22
:104D6000103AB8EE400A70470C4B93F8DB3500EE72
:104D7000103AB8EE400A70479FED090A704700BF2D
:104D800094F8002492F8002491F8002490F800246C
:104D90008EF800248CF8002424C100246033002401
:104DA00000000000F0B583B0054690F8381190F887
:104DB0003701FAF7F0FB064695F83A1195F83901F4
:104DC000FAF7E9FBC7B295F835316B7295F83631D1
:104DD000AB7210F0010F08D07B1E5B00EB72032357
:104DE000A5F86232741CA4B22DE07B00EB72F6E7EA
:104DF000631E9BB21F2B00F2FA8063080133824AC4
:104E000052F82320B5F8623242F30720E9184872BD
:104E1000591C89B2A5F8621229444A72991C89B2B8
:104E2000A5F8621242F3076029444872D91C89B27E
:104E3000A5F8621242F3074229444A720433A5F8E6
:104E400062320234A4B22346F219944280F2D18035
:104E500040F6E262944251D840F69B32944280F090
:104E6000B280812C28D8432CC2D3A4F143033E2B1B
:104E700000F2BD80DFE803F0848484848484848429
:104E80008484848484848484BBBBBBBBBBBBBBBB2A
:104E90008989898989898989898989898E8E8E8E6E
:104EA0008E8E8E8E8E8E8EBB9393939393939393CD
:104EB0009393939393939300B4F5AA6F12D8B4F598
:104EC0003E7F75D8A4F1A10292B2B2F5167F80F0B0
:104ED0008E80A13B6AD45B1003F52F734A4A52F8C7
:104EE00023208FE7A4F2515292B2C32A7FD8A03B6D
:104EF00067D45B10444A52F8232083E741F2ED6304
:104F00009C4221D841F207339C4266D241F2DA1327
:104F10009C420ED841F28B139C4259D2A4F63373B3
:104F20009BB2B3F5167F62D26308374A52F823204A
:104F300068E7364B23449BB2B3F5967F57D263089C
:104F4000314A52F823205DE742F2A0339C420DD84B
:104F500042F29D239C4245D22D4B23449BB29F2B72
:104F600045D86308284A52F823204BE7294B2344AD
:104F70009BB2332B3BD86308234A52F8232041E7E6
:104F80006308214A52F823203CE763081E4A52F87E
:104F9000232037E763081C4A52F8232032E72046D3
:104FA000FFF7A4FE8DED010A019A2BE7013392E78A
:104FB000A03B04D45B10144A52F8232022E70133AB
:104FC000F8E7013395E763080F4A52F8232019E701
:104FD00063080D4A52F8232014E763080A4A52F87E
:104FE00023200FE76308084A52F823200AE700222B
:104FF00008E7B5F862420234A4B22846FFF7FAFC8B
:1050000060B203B0F0BD00BF7411042425EEFFFFB1
:1050100003DEFFFF0FDCFFFF38B5044690F83811C0
:1050200090F83701FAF7B7FA054694F83A1194F870
:105030003901FAF7B0FA94F83531637294F83631E1
:10504000A3726B1C9BB2422B13D9114AD2F8E422F3
:10505000D3420ED2B0F57F4F13D0433B0D4A1344D9
:10506000002283F8D5230C4B01221A700B4B05222A
:105070001A600623A4F862322046FFF7BBFC082022
:1050800038BD433B034A1344012283F8D523EAE7A2
:1050900000ED05246033002428030124700400245B
:1050A00038B5044690F8381190F83701FAF773FADA
:1050B000054694F83A1194F83901FAF76CFA94F825
:1050C0003531637294F83631A3722B0AE372E572BC
:1050D000C0F307236373C0B2A073E3732074062385
:1050E000A4F862322046FFF785FC082038BD2DE980
:1050F000F041044690F8381190F83701FAF74BFA6E
:10510000054694F83A1194F83901FAF744FA94F8FC
:105110003531637294F83631A3724FF0000E734646
:1051200007260FE0D4F8648238F81C20012707FA1C
:1051300001F122EA010228F81C201BE00EF1010215
:105140001FFA82FE86451DD20EEB0502C2F30B1C30
:1051500002F00F01A219527A1A4112F0010FE1D0A8
:10516000D4F8648238F81C20012707FA01F10A43B9
:1051700028F81C200133DBB2072BDFD90136F6B249
:105180000023DBE70623A4F862322046FFF732FC57
:105190000820BDE8F08100002DE9F0432DED028BE1
:1051A00099B0064690F8373190F8384144EA032424
:1051B00021B290F8393190F83A9149EA03290FFA6F
:1051C00089F2B04BD3F8AC03AF4B0340B3F5402F9B
:1051D00018D096F83531737296F83631B372230AC7
:1051E000F37231734FEA19237373B2730623A6F86F
:1051F0006232B9F1780F00F2EB830134A4B20027D8
:105200003D460FE0A14B01201870E2E7A04B23447C
:105210009BB20B2B00F277830435ADB20137BFB2DE
:105220000234A4B2B7EB590F80F0C983EB1D3344AD
:1052300093F8353163F30F2805F10803334493F8ED
:10524000353163F3070805F10903334493F8353129
:1052500063F31F6805F10A03334493F8353163F3B0
:10526000174808EE108A812CD0D8672CC0F04B83E9
:10527000A4F167031A2B00F24683DFE813F01B004A
:10528000440359004403B900440331014403870136
:105290004403DE01440341024403570244036E0207
:1052A000440399024403AE024403C5024403DC02F2
:1052B000440326036208774B03EB8203C3F80080A4
:1052C000754B1A7808925A7807929B780693B5EE38
:1052D000C08AF1EE10FA0BDDF3EE0F7AB4EEE78A36
:1052E000F1EE10FA04D8BDEEC88A8DED098A02E00D
:1052F000694BDB780993684A1379013B0A939368F9
:1053000064330B9306A8F6F769FA644BC3E900010E
:10531000EC460DF14C0EBEE80F00ACE80F00DEF8D5
:105320000030CCF800300FAB0FCBF6F7A3FC73E7DF
:105330006208584B03EB8203C3F80080534B1B7881
:10534000012B1BD0544B1A7808925A7807929B78FD
:105350000693B5EEC08AF1EE10FA29DDF2EE0A7A74
:10536000B4EEE78AF1EE10FA22D5F7EE007A78EE85
:10537000677AFDEEE77ACDED0A7A1DE0B5EEC08AD8
:10538000F1EE10FA0FDDF2EE0A7AB4EEE78AF1EEF2
:1053900010FA08D5F7EE007A78EE677AFDEEE77A34
:1053A000CDED0A7A0EE03C4B1B79013B0A9309E0F4
:1053B000394B1B79013B0A93374BDA7809929B688A
:1053C00064330B9306A8F6F709FA344BC3E90001DE
:1053D000EC460DF14C0EBEE80F00ACE80F00DEF815
:1053E0000030CCF800300FAB0FCBF6F743FC13E7DF
:1053F0006208284B03EB8203C3F80080234B1B7821
:10540000012B22D0244B1A7808925A7807929A7866
:1054100006921A79013A0A92DB780993DFED207A35
:10542000B4EEE78AF1EE10FA40DDDFED1E7AB4EE5D
:10543000E78AF1EE10FA39D5DFED1B7A78EE677A5C
:10544000FDEEE77ACDED0B7A34E0DFED157AB4EEC0
:10545000E78AF1EE10FA0FDDDFED127AB4EEE78A9B
:10546000F1EE10FA08D5DFED107A78EE677AFDEEEE
:10547000E77ACDED0B7A1DE0074B9B6864330B9305
:1054800018E000BF9CF8002400FFFF0098F80024FB
:10549000F3E8FFFF74110424646005240003002472
:1054A0000000FA44004003450080ED44B54B9B6882
:1054B00064330B9306A8F6F791F9B34BC3E90001E7
:1054C000EC460DF14C0EBEE80F00ACE80F00DEF824
:1054D0000030CCF800300FAB0FCBF6F7CBFB9BE6E0
:1054E0006208AA4B03EB8203C3F80080A84B1B7829
:1054F000012B10D0B5EEC08AF1EE10FA20DBF3EEEE
:10550000087AB4EEE78AF1EE10FA19D5BDEEC88A32
:105510008DED088A17E0B5EEC08AF1EE10FA0BDBCC
:10552000F3EE087AB4EEE78AF1EE10FA04D5BDEE98
:10553000C88A8DED088A13E0924B1B7808930FE020
:10554000904B1B7808938F4B5A7807929A78069263
:105550001A79013A0A92DA7809929B6864330B93BC
:1055600006A8F6F73BF9884BC3E90001EC460DF1BC
:105570004C0EBEE80F00ACE80F00DEF80030CCF8AF
:1055800000300FAB0FCBF6F775FB45E662087F4B9B
:1055900003EB8203C3F800807D4B1B78012B13D0F3
:1055A000784B1B780893B5EEC08AF1EE10FA20DB39
:1055B000DFED787AB4EEE78AF1EE10FA19D5BDEE98
:1055C000C88A8DED078A17E0B5EEC08AF1EE10FAB1
:1055D0000BDBDFED707AB4EEE78AF1EE10FA04D55A
:1055E000BDEEC88A8DED078A11E0664B5B780793A4
:1055F0000DE0644B5B780793624B9A7806921A79B8
:10560000013A0A92DA7809929B6864330B9306A8F0
:10561000F6F7E4F85C4BC3E90001EC460DF14C0EE3
:10562000BEE80F00ACE80F00DEF80030CCF8003028
:105630000FAB0FCBF6F71EFBEEE56208534B03EB07
:105640008203C3F80080524B1B78012B15D04D4BC1
:105650001A7808925B780793B5EEC08AF1EE10FADB
:1056600028DBDFED4C7AB4EEE78AF1EE10FA21D5B3
:10567000FDEEC87ACDED067A1FE00021444B19708B
:105680004FF49672444812F01BFFB5EEC08AF1EE5B
:1056900010FA0BDBDFED3F7AB4EEE78AF1EE10FA99
:1056A00004D5BDEEC88A8DED068A13E0354B9B7894
:1056B00006930FE0334B9B780693BDEEC88A8DEDC1
:1056C000068A304B1A79013A0A92DA7809929B6875
:1056D00064330B9306A8F6F781F82B4BC3E900015E
:1056E000EC460DF14C0EBEE80F00ACE80F00DEF802
:1056F0000030CCF800300FAB0FCBF6F7BBFA8BE5E0
:10570000DFED267AB4EEE78AF1EE10FAFFF684AD0B
:10571000DFED237AB4EEE78AF1EE10FA3FF67CADC6
:10572000BCEEC88A1F4B83ED008A75E5F1EE087A5E
:10573000B4EEE78AF1EE10FAFFF66EADF2EE0A7AF9
:10574000B4EEE78AF1EE10FA7FF566ADFCEEC87AAA
:1057500017EE902A144B1A705EE5B5EEC08AF1EE92
:1057600010FAFFF659ADF2EE047AB4EEE78AF1EEE4
:1057700010FA7FF551ADFCEEC87A17EE902A0B4B6C
:105780001A7049E5646005240003002474110424A0
:1057900098F800240000704245FC0024693B4E4EFE
:1057A0007BB54E4E94F8002492F8002491F8002422
:1057B000B5EEC08AF1EE10FAFFF62EADF1EE007AEA
:1057C000B4EEE78AF1EE10FA7FF526ADFCEEC87A6A
:1057D00017EE902A7F4B1A701EE5F0EE007AB4EEB9
:1057E000E78AF1EE10FAFFF617ADDFED7B7AB4EE43
:1057F000E78AF1EE10FA3FF60FADBCEEC88A774BA0
:1058000018EE102A1A8007E5F1EE047AB4EEE78A62
:10581000F1EE10FAFFF600ADF3EE077AB4EEE78A88
:10582000F1EE10FA7FF5F8ACFCEEC87A17EE902A8C
:105830006B4B1A70F0E4F7EE007AB4EE678AF1EE83
:1058400010FA28D1FCEEC87A17EE902A654B83F83F
:105850003D20654B654A1268C3F8D025644A12782A
:1058600083F8D425634A127883F8D525594A1278EB
:1058700083F8D625594A1288A3F8D825584A1278B1
:1058800083F8DA2501235C4A13705C4A0521116014
:105890005B4A1370C0E4544BD3F8D015534A1160DF
:1058A00093F8D415524A117093F8D515514A1170D6
:1058B00093F8D615474A1170B3F8D815474A1180A6
:1058C00093F8DA25464B1A70A6E4B5EEC08AF1EEDD
:1058D00010FAFFF6A1ACF0EE007AB4EEE78AF1EE32
:1058E00010FA7FF599ACFCEEC87A17EE902A3E4B81
:1058F00083F8DB25404B01221A70404B05221A60C9
:10590000FEF7B0FB88E4A4F5E1639BB241F64D528B
:1059100093420ED814F0010F05D1B0EE480A60088A
:105920000EF03EFD78E4B0EE480A60080EF038FD57
:1059300072E4A4F2B1439BB22A2B02D814F0010FF7
:105940001FD1A4F251539BB2C22B02D814F0010F05
:105950001DD1A4F1A1039BB240F25622934202D87A
:1059600014F0010F1ED1274B23449BB240F2E632C4
:1059700093423FF651ACB0EE480A60080EF010FDBD
:105980004AE4B0EE480A60080EF00AFD44E4B4F1BF
:10599000A00005D4B0EE480A40100EF001FD3BE433
:1059A0000130F7E7B4F1A10307D45B10B0EE480A69
:1059B00003F52F700EF0F4FC2EE40133F5E73046CA
:1059C000FFF718F8082019B0BDEC028BBDE8F08392
:1059D0000020F8E790F8002400FF7F478EF80024AD
:1059E0008CF8002424C100246033002494F800249F
:1059F00092F8002491F80024280301247004002464
:105A00005AE50024F9ECFFFFF8B505460C4690F87E
:105A100037310533A0F86232FEF7B8FF607508B978
:105A2000A67C1EB3F8BD0130C0B295F837310146EF
:105A300002338342F6DB3346072BF4D86A1892F818
:105A400035211A4102F001020A4FFA54B4F810E06D
:105A5000E644094F07F80E200CF1010C5FFA8CFCAC
:105A6000227D6245DFD90133DBB2E5E7B44603208E
:105A7000DBE700BF34020124A4FF032470B5044611
:105A80000D4690F837310533A0F86232FEF77EFFFD
:105A90006875002800F0E28070BDA11891F83511FA
:105AA00061F30F26511C214491F8351161F307066B
:105AB000911C214491F8351161F31F660332224491
:105AC00092F8352162F3174607EE906A04339BB2D1
:105AD0002A7D6245E0D9298A6144624A02EB81024B
:105AE000C2ED007A0CF1010C1FFA8CFC94F837110E
:105AF0001A4602319942CFDBA87C02380928CBD85C
:105B000001A151F820F000BFE15B0308695B0308C5
:105B1000A55B03089B5A0308315B0308695B030814
:105B2000995A0308075C0308455C03082D5C0308C9
:105B3000A11891F8351161F31F66511C214491F8A9
:105B4000351161F31746911C214491F8351161F329
:105B50000F260332224492F8352162F3070607EE3E
:105B6000906A04339BB2B3E7D11C214491F83511FC
:105B700061F30706911C214491F8351161F30F265A
:105B8000511C214491F8351161F31746224492F8D3
:105B9000352162F31F6607EE906AF8EE677A0433E8
:105BA0009BB295E7D11C214491F8351161F30706AA
:105BB000911C214491F8351161F30F26511C2144A9
:105BC00091F8351161F31746224492F8352162F3BA
:105BD0001F6607EE906AF8EEE77A04339BB277E728
:105BE000511C214491F8351161F30706224492F8C3
:105BF000352162F30F26B2B207EE902AF8EE677AEB
:105C000002339BB264E7511C214491F8351161F3D2
:105C10000706224492F8352162F30F2632B207EECE
:105C2000902AF8EEE77A02339BB251E7224492F8C9
:105C3000352162F3070607EE902AF8EE677A013302
:105C40009BB245E7224492F9352162F3070607EE3D
:105C5000902AF8EEE77A01339BB239E703234FF03D
:105C6000000C43E774110424827A531FDBB20F2A1D
:105C700018BF012B0AD9102A08D00A7802F6CC02E4
:105C8000074B03EB820300221A6070470A7802F682
:105C9000CC02034B03EB82034FF07E521A60704735
:105CA0007411042408B5837A013B0F2B0BD8DFE86D
:105CB00003F008080B0B0E0E0A0A0A0A0A0A0A0A5F
:105CC0000E0EFFF7A1FE08BDFFF7D8FEFBE7FFF7BA
:105CD000CBFFF8E710B4154B93F8D222144B1A708F
:105CE000144C5C6001221A721348C3F864026421E8
:105CF000A3F86A124FF0000C83F86EC24FF0030C49
:105D000083F874C2C3F8784283F87C22C3F8D804BD
:105D1000A3F8DE1483F8E224084B1B7813B1044B7C
:105D200083F800C05DF8044B704700BF6033002467
:105D30009CF80024ACF6002494030024DAD100245B
:105D400070B54FF41D73454C03FB004494F83521A6
:105D5000237A9A4200D070BD064694F83A1194F81E
:105D60003901F9F718FC04304000A4F8620294F8F5
:105D70003631013B0F2BEED801A252F823F000BFC1
:105D8000C15D0308C15D0308ED5D0308D75D03082D
:105D9000035E0308195E0308575D0308575D030897
:105DA000575D0308575D0308575D0308575D0308F7
:105DB000575D0308575D03082F5E0308455E03081F
:105DC0002046FEF721FF254B4FF41D7202FB0633E0
:105DD00083F86C02BFE72046FEF716FF1F4B4FF417
:105DE0001D7202FB063383F86C02B4E72046FEF70F
:105DF000D9FF1A4B4FF41D7202FB063383F86C0275
:105E0000A9E72046FFF708F9144B4FF41D7202FB77
:105E1000063383F86C029EE72046FFF741F90F4BEB
:105E20004FF41D7202FB063383F86C0293E72046A1
:105E3000FFF75DF9094B4FF41D7202FB063383F83F
:105E40006C0288E72046FFF7A7F9044B4FF41D7258
:105E500002FB063383F86C027DE700BF9CF8002448
:105E600082B08DED010A019B1A46C3F3072161F34D
:105E7000070362F30F23110E61F31743C2F30742C6
:105E800062F31F6300EE103A02B0704708B54B4949
:105E90004B4B186808F038FA00B908BD494B072287
:105EA0001A804FF47A71484B186808F02DFA58B9E7
:105EB0000021464B1980434B19800B460A46404847
:105EC000006808F047F8E8E7C720404B1880002139
:105ED000F0F70EF84FF47A713B4B186808F014FA9B
:105EE0000028E5D03A4B93F82D30002B37D0CA204C
:105EF000364B18800021EFF7FBFF4FF47A71324BDD
:105F0000186808F001FA002847D1314B1B7F3BB9D4
:105F100001F066F82E4B1B6BC01A2E4B9842C7D966
:105F2000C9202A4B18800021EFF7E2FF4FF47A7165
:105F3000254B186808F0E8F9002836D101F050F830
:105F4000234B1B6BC01A234B984202D9204B0422CF
:105F50001A77012220491046F9F7B8FCA8E7C820B3
:105F60001A4B18800021EFF7C3FF4FF47A71164BDC
:105F7000186808F0C9F940B9642007F02DFE012225
:105F800016491046F9F7A2FCB1E700231A46194654
:105F90000D48006807F0DEFFEEE700231A461946B9
:105FA0000948006807F0D6FFAFE700231A461946F4
:105FB0000548006807F0CEFFC0E700BF804F120021
:105FC000386A0024508F00243C6A0024446A00246C
:105FD00098020124E0930400A0FF040890FF040845
:105FE00010F0030F08D10C4BA3FB00235B096422C4
:105FF00002FB13039BB25BB9074BA3FB0023DB0936
:106000004FF4C87202FB130080B218B90120704728
:1060100001207047002070471F85EB5170B5044682
:10602000364B93E8070084E807001A78C2EB0212A7
:10603000597801EB8201324890F85231C3EB0312D8
:1060400090F8533103EB820390F85121012A01D0DB
:106050000B4406E05B42FBE703F5B4632279013AA7
:106060002271002BF8DB04E0A3F5B463227901323E
:106070002271B3F5B46FF7DA224981FB0321194489
:10608000DA17C2EB61122270C2EB0212A3EB820399
:10609000637065796B1E1C4AD65C022D12D0237981
:1060A000F3B9013DEDB2657125B90C236371A368A5
:1060B000013BA36063795A1E13498D5C022B08D003
:1060C000257170BD2089FFF78BFF0028E7D01D26C2
:1060D000E5E72089FFF784FF0028F1D01D25EFE7D1
:1060E000B342EED9012323711D44EDB265710C2D2D
:1060F000E7D96371A3680133A360E2E79802012442
:1061000060330024898888884007050810B586B068
:10611000224A11784FF4616C5378C3EB03139B0050
:106120000CFB01339278134490F800E04178C1EB06
:10613000011292000CFB0E2290F802C062449B1ADE
:10614000002BB8BF5B424AF6C002934203DDC3F5A1
:10615000A83303F5C0733B2B01DC06B010BD8DF8EE
:1061600004E08DF805108DF806C003798DF8023033
:1061700043798DF80130037A8DF8033001238DF8CF
:106180000030074C002201A9204605F043FE002202
:106190006946204605F0A2FEDFE700BFE08E00243E
:1061A00040F7002410B582B0144CD4F8F43043F01A
:1061B0000203C4F8F430D4F8F43003F0020300937F
:1061C000009B00220F216FF0010001F051FFD4F875
:1061D000F43043F40043C4F8F430D4F8F43003F45A
:1061E00000430193019B102000F02CFF00F03EFFC4
:1061F000002000F031FF02B010BD00BF0044025883
:1062000030B5BBB0044600213591369137913891B5
:106210003991C02204A812F053F922682A4B9A42FD
:1062200001D03BB030BD4FF400220023CDE9042360
:1062300002230693132207920422089209930A93D9
:10624000C0230B9320230C9304A804F04DF90028DD
:1062500037D11E4BD3F8D82042F02002C3F8D82003
:10626000D3F8D82002F020020192019AD3F8E0205E
:1062700042F00102C3F8E020D3F8E02002F001026E
:106280000292029AD3F8E02042F00402C3F8E02020
:10629000D3F8E03003F004030393039BF02335931A
:1062A000032536950024379435A9094802F02EFBC2
:1062B000102335933695379435A9064802F026FB0E
:1062C000AFE7FDF7CFFFC4E70020024000440258CB
:1062D000000002580008025802680A4B9A4200D097
:1062E000704782B0A3F50063D3F8E02042F40022A7
:1062F000C3F8E020D3F8E03003F400230193019BBE
:1063000002B07047004C025810B5B8B004460021E6
:1063100033913491359136913791C02202A812F011
:10632000CFF822681B4B9A4201D038B010BD08222A
:106330000023CDE9022302A804F0D6F838BB164C9E
:10634000D4F8E03043F00203C4F8E030D4F8E03091
:1063500003F002030093009B4FF440733393122326
:1063600034930023359336930423379333A90B4892
:1063700002F0CCFAD4F8E83043F40013C4F8E83063
:10638000D4F8E83003F400130193019BCDE7FDF747
:1063900069FFD4E70054004000440258000402584A
:1063A00070B5BAB0044600213591369137913891D5
:1063B0003991C02204A812F083F82268334B9A4224
:1063C00001D03AB070BD4FF000720023CDE9042334
:1063D00004A804F089F8002854D12D4BD3F8D42018
:1063E00042F48042C3F8D420D3F8D42002F480428F
:1063F0000092009AD3F8E02042F01002C3F8E020A7
:10640000D3F8E02002F010020192019AD3F8E020C4
:1064100042F00202C3F8E020D3F8E02002F00202CA
:106420000292029AD3F8E02042F00802C3F8E0207A
:10643000D3F8E03003F008030393039B0423359360
:10644000022636960024379438940925399535A9C3
:10645000104802F05BFA40F20443359336963794C5
:106460003894399535A90C4802F050FA4FF460532E
:106470003593369637943894399535A9074802F004
:1064800045FA9EE7FDF7EEFEA7E700BF0050005279
:10649000004402580010025800040258000C025830
:1064A00010B5B0B00446C0220021684612F008F8CA
:1064B00022680D4B9A4201D030B010BD4FF48002DB
:1064C0000023CDE900234FF480732D93684604F038
:1064D0000BF828B9054A136F43F400431367EBE741
:1064E000FDF7C0FEF6E700BF004000580044025828
:1064F00010B5BCB0044600213791389139913A91DA
:106500003B91C02206A811F0DBFF23685D4A93424D
:1065100007D05D4A93423FD05C4A934276D03CB06C
:1065200010BD01220023CDE9062306A803F0DCFFFD
:1065300078BB574BD3F8F02042F01002C3F8F0209C
:10654000D3F8F02002F010020092009AD3F8E02075
:1065500042F00102C3F8E020D3F8E03003F0010379
:106560000193019B4FF4B0533793022338930024D7
:1065700039943A9407233B9337A9464802F0C6F969
:1065800022460521252001F073FD252001F080FD24
:10659000C5E7FDF767FECCE702220023CDE906231D
:1065A00006A803F0A1FF70BB394BD3F8E82042F4F2
:1065B0000032C3F8E820D3F8E82002F40032029257
:1065C000029AD3F8E02042F00802C3F8E020D3F8A2
:1065D000E03003F008030393039B782337930223EF
:1065E0003893002439943A9407233B9337A92A48D7
:1065F00002F08CF922460521262001F039FD2620E3
:1066000001F046FD8BE7FDF72DFECDE702220023CA
:10661000CDE9062306A803F067FF78BB1C4BD3F82F
:10662000E82042F48022C3F8E820D3F8E82002F4FE
:1066300080220492049AD3F8E02042F00402C3F8C6
:10664000E020D3F8E03003F004030593059B4FF4FA
:106650004063379302233893002439943A940723F4
:106660003B9337A90D4802F051F922460521272016
:1066700001F0FEFC272001F00BFD50E7FDF7F2FDD5
:10668000CCE700BF0010014000440040004800403B
:106690000044025800000258000C0258000802583A
:1066A0000F2801D90120704710B58AB00446002296
:1066B0000146762001F0DCFC762001F0E9FC174B66
:1066C0001C60174BD3F8F02042F48022C3F8F0206E
:1066D000D3F8F03003F480230093009B01A902A8B3
:1066E00003F0D0FD03F0BCFD43000E4AA2FB0323E0
:1066F0009B0C013B0C480D4A026040F2E732C2603D
:10670000436000230361836005F0ECFE10B10120BB
:106710000AB010BD044805F051FDF9E77C040024DF
:106720000044025883DE1B43CC0201240048014090
:10673000FEE708B501F0B4FCFCE7FEE7FEE7FEE784
:10674000704708B5012002F0FEF908BD08B5022027
:1067500002F0F9F908BD08B5042002F0F4F908BD0B
:1067600008B5082002F0EFF908BD08B5802002F056
:10677000EAF908BD10B584B000230393564C2046B7
:1067800005F030FFD4F89030202B2FD0534B1B78DE
:10679000002B62D0524B93F83731432B63D0514AD0
:1067A0009278432A6FD0432B7AD04D4BD3F83431B3
:1067B00023F0FF034C4A934204D1494B93F83831FC
:1067C000482B7FD04FF496724849434807F00EF9A2
:1067D000039B4BB14FF0E0234FF08052C3F8042DE0
:1067E000BFF34F8FBFF36F8F04B010BD3B4B1B78CF
:1067F000DBB2012BCAD13A4BD3F8343123F0FF037B
:106800003B4A9342C2D1364BB3F8382143F66F234B
:106810009A42BBD1354C2046E9F7C2FD411F601DAD
:10682000F8F7CCFF334B1860002300930193ADF8C9
:106830000830314B93E803000090ADF80410090CC8
:106840008DF806106846E9F7ABFD4FF47A7382B213
:106850006946214806F02CFF98E703A9274B1868E2
:1068600008F072FC96E71E4AB2F8381144F24D4225
:10687000914294D11A4A92F83D21302A8FD1204B6F
:1068800001221A70A4E7174AD2784D2A8BD1154AF3
:106890001279442A87D1134A127A302A83D1EEE73B
:1068A0000F4BB3F8382144F24D439A427FF47DAF49
:1068B0000B4B93F83C31332B7FF477AF114B012214
:1068C0001A7085E7064B93F83C31482B7FF47AAF7A
:1068D0000D4B01221A707BE7ACF60024D4D10024C2
:1068E0009CF80024100F0024004A4A4DD1F90024DE
:1068F0000053544EE4D10024B4FF0408EC140024E7
:10690000D7D10024D6D10024D5D1002410B584B02D
:1069100000230393164C204605F064FED4F8903013
:10692000202B13D04FF496621249114807F05EF8FD
:10693000039B4BB14FF0E0234FF08052C3F8042D7E
:10694000BFF34F8FBFF36F8F04B010BDB4F85E304C
:10695000002200929BB24FF4966206490648F5F772
:1069600071FC03A9054B186808F0EEFBDAE700BFDD
:1069700018F60024F8C80024DCC80024388F00244E
:1069800010B584B000230393164C204605F02AFE70
:10699000D4F89030202B13D040F20D221249114828
:1069A00007F024F8039B4BB14FF0E0234FF08052E7
:1069B000C3F8042DBFF34F8FBFF36F8F04B010BD2A
:1069C000B4F85E30032200929BB240F20D220649D9
:1069D0000648F5F737FC03A9054B186808F0B4FB27
:1069E000DAE700BF84F500243CF3002420F3002400
:1069F000388F002408B54FF4005002F0A4F808BD09
:106A000008B5024805F026FC08BD00BFCC020124F1
:106A100010B584B00446002303930268184B9A42D1
:106A200016D02268174B9A421ED003A9164B18683D
:106A300008F08AFB039B4BB14FF0E0234FF08052EC
:106A4000C3F8042DBFF34F8FBFF36F8F04B010BD99
:106A5000B0F85E30052200929BB240F20D220B4945
:106A60000B48F5F7EFFBDCE7B4F85E30022200924A
:106A70009BB24FF4966207490748F5F7E3FBD4E76A
:106A80000048004000440040388F00243CF30024BC
:106A900020F30024F8C80024DCC800240000000013
:106AA00008280AD803B283B1013807280DD8DFE8D7
:106AB00000F00E460C2A0C0C0C4B802849D0B0F587
:106AC000005F03D1284B00221A7070477047274A95
:106AD000136801331360264A136801331360254B92
:106AE0001B6863B107EE903AB8EE677B9FED1C5BC5
:106AF00085EE076BB7EEC66B1F4B83ED006A1D4B2F
:106B000000221A6070471D4A1368013313601C4A43
:106B10001368013313601B4B1B6863B107EE903A97
:106B2000B8EE677B9FED0E5B85EE076BB7EEC66B2D
:106B3000154B83ED006A134B00221A607047134A0D
:106B40001368013313607047114A136801331360EF
:106B50007047054B01221A70704700BFAFF30080E9
:106B60000000000000408F4084870024043A002485
:106B7000F439002444390024E4390024003A002484
:106B8000F039002440390024E0390024FC39002485
:106B9000F83900240120704708B511F06DFE162366
:106BA00003604FF0FF3008BD08B54FF0FF31FFF72D
:106BB000F3FFFEE770B50C461646002506E0AFF37E
:106BC0000080214601F8010B01350C46B542F6DB89
:106BD000304670BD70B50C461646002504E014F82A
:106BE000010BAFF300800135B542F8DB304670BDD4
:106BF0004FF0FF3070474FF400534B600020704758
:106C0000012070470020704710B503460C4A0D491B
:106C10000D48006840B10C4800680344521A934282
:106C200006D8094A136010BD0748084C0460F2E713
:106C300011F022FE0C2303604FF0FF30F3E700BF9A
:106C4000000008240040000018030124C0020624AC
:106C5000294AD2F8883043F47003C2F88830274BB1
:106C60001B6803F00F03062B06D8244A136823F091
:106C70000F0343F007031360214B1A6842F001022F
:106C80001A6000221A6119681E4A0A401A601B4BDA
:106C90001B6813F0080F06D0184A136823F00F037F
:106CA00043F007031360164B00229A61DA611A62FF
:106CB000154999621549D962154919635A6399634F
:106CC000DA6319645A64196821F4802119601A661C
:106CD000104B1B686FF30F03B3F1005F03D20E4B31
:106CE0000122C3F808210D4B43F2D2021A60024B75
:106CF0000B4A9A60704700BF00ED00E00020005290
:106D0000004402587FEDF6EA000202020000FF0193
:106D1000800201010010005C008000510040005220
:106D200000000208F8B507460E460024234600E09E
:106D30000134B4420CDA07EB04352846F0F790FC36
:106D400003460028F4D02846F0F78AFC0346EFE714
:106D50001846F8BD2DE9F04106461446D5B2C5F5F2
:106D60008075A94200D20D460F1903E04FF48075DB
:106D7000A7420ED9224629463046F0F79DFC8046B0
:106D800058B92C442E4404F58073BB42EED93D1B08
:106D9000EEE7052000F02AF901E04FF00208404636
:106DA000BDE8F08170B50446214D224A4FF40071D0
:106DB0002846F0F78DFD2B88AB2B01D1012C1CD17F
:106DC0001B4EAB23338000237380736033721A4DE4
:106DD0001A4C0FCC28606960AA60EB6007CC286170
:106DE0006961AA61012229461046F8F76FFD114A30
:106DF0004FF400713046F0F7F1FC0D4B5A6844F641
:106E00001F639A4202D90A4B00225A60084B5B88E2
:106E1000012B02D9064B00225A800548037A013320
:106E20000372044A4FF40071F0F7D8FC70BD00BF44
:106E3000C49805240040C900F4140024BCFF0408D1
:106E4000F0B5ADF5237D04460D4600F5B45252026F
:106E50004FF4007109A8F0F73BFD9DF82C309DF828
:106E60002D209DF82E109DF82F009DF830609DF884
:106E700031700797069605900491039202930123BF
:106E800001930A9B0093099B621C1F4989A811F07A
:106E900003FA89A9284611F01CFD0D9B00939DF86B
:106EA00033309DF83220194989A811F0F5F989A9E4
:106EB000284611F00DFB9DF839309DF83820144913
:106EC00089A811F0E9F989A9284611F001FB0024ED
:106ED000A31D09AA02EB8303D3ED007AB7EEE77A8C
:106EE00053EC172B0B4989A811F0D6F989A928462C
:106EF00011F0EEFA0134E4B29DF83330A342E7D842
:106F00000DF5237DF0BD00BFD8FF0408040005087F
:106F10001400050820000508DFF834D0FFF798FEBC
:106F20000C480D490D4A002302E0D458C4500433E4
:106F3000C4188C42F9D30A4A0A4C002301E01360BA
:106F40000432A242FBD311F09DFCFDF757FA7047C3
:106F5000000008240000002498070024981F05085A
:106F600098070024BC020624FEE7000010B50320A9
:106F700001F06CF802F0FAFE0F498B69C3F30323AA
:106F80000E4AD35C03F01F03D8408B6903F00F0354
:106F9000D35C03F01F0320FA03F3094A1360094B83
:106FA00018600F20FFF77CFB10B10124204610BDB4
:106FB0000446FFF7F7F8F9E7004402584C070508C4
:106FC0005C04002460040024034B1B78034A11680E
:106FD0000B441360704700BF780400242C03012485
:106FE000014B1868704700BF2C03012438B50446D4
:106FF000FFF7F6FF0546B4F1FF3F02D0044B1B78C4
:107000001C44FFF7EDFF401BA042FAD338BD00BF80
:1070100078040024014B1868000C70470010005CD5
:10702000014BD3F80008704700E0F11F014BD3F883
:107030000408704700E0F11F014BD3F808087047BF
:1070400000E0F11F034A136823F070030343136049
:10705000704700BF003C0058034A136823F0020346
:1070600003431360704700BF003C005810B50B4A43
:10707000136843F001031360FFF7B2FF0446074BA8
:107080001B6813F0080F06D1FFF7AAFF001B0A28A0
:10709000F5D9032000E0002010BD00BF003C0058DF
:1070A00010B430300B0A9B0003F00C03C45801F0FD
:1070B0001F014FF01F0C0CFA01FC24EA0C0CC2F368
:1070C00084628A404CEA0202C2505DF8044B704769
:1070D00010B414304B0E9B0003F00403C458C1F3EA
:1070E00004514FF0070C0CFA01FC24EA0C0C8A4006
:1070F0004CEA0202C2505DF8044B70472DE9F041A2
:1071000004460E4603684649464A934218BF8B42DE
:1071100033D102F50072976807F01F072569082D23
:107120000CD0092F31D840F22121F94011F0010F84
:107130002BD0DB6813F0010F21D10425FFF750FF9E
:10714000804623681A682A422BD1B6F1FF3FF8D057
:10715000FFF746FFA0EB0800B04201D8002EF0D1A7
:1071600023681B682B42ECD1636D43F00403636515
:10717000002384F8503003204DE02B4ACBE7636DA9
:1071800043F020036365012045E0936813F4404F0A
:1071900001D10425D2E7636D43F02003636501202C
:1071A00039E0626D42F400726265DA6812F4406F91
:1071B00011D1627D7AB91A6812F0080F0BD0626D96
:1071C00022F480726265626D12F4805F03D1626D99
:1071D00042F001026265134A934214D01A46934268
:1071E00007D0092F12D840F22121F94011F0010FE8
:1071F0000CD0DA68082D0BD012F4804F0DD10C2280
:107200001A60002007E0A2F58072E8E7D268F1E793
:1072100008221A600020BDE8F0810020FBE700BFD3
:107220000020024000210240006302580368186CED
:107230007047000070B582B00023019390F8503081
:10724000012B00F0268204460D46012380F85030C1
:107250000268936813F0040F09D0436D43F02003D4
:1072600043650120002384F8503002B070BD0B68E4
:10727000002B0ADBC3F3130100293CD1C3F3846361
:1072800001219940D3690B43D3612A68696820685A
:10729000FFF706FF2068836813F0040300D0012382
:1072A000826812F0080200D0012252EA03062ED0B2
:1072B0002268936813F0010F40F0E7812B68E868BB
:1072C000D2F8C010C3F3130621EA060100F0180635
:1072D000AE48F0400340C3F313030B43C2F8C03081
:1072E000EA68AB4B9A4200F0A1802B68002BC0F2F9
:1072F00053810020B6E793FAA3F333B1B3FA83F3D3
:1073000003F01F0301219940BCE72023F8E7AA6896
:107310002968FFF7DDFE9F4B1B6803F07043B3F154
:10732000805F0BD02268D36813F0100F3BD16B69DC
:10733000D268C2F382025200934006E06B69226871
:10734000D268C2F38202520093402969042938D0DE
:107350002268286802F1600C5CF8212002F00042EB
:1073600000F0F840034313434CF8213023682869A8
:107370006A7E012A1FD03146603353F8202022F064
:1073800000420A4343F8202021682A692B7E012B02
:1073900014D00B6923F4F04302F01F0206FA02F244
:1073A00013430B6184E76B69D268920802F0040210
:1073B00052009340C9E74FF00041DDE74FF400660B
:1073C000E7E72268136E03F0F8432968B3EB816F97
:1073D0001DD02268536E03F0F8432968B3EB816F28
:1073E0001AD02268936E03F0F8432968B3EB816FDB
:1073F00017D02268D36E03F0F8432968B3EB816F8E
:107400007FF456AFD36E23F00043D36650E7136E7C
:1074100023F000431366DCE7536E23F0004353660A
:10742000DFE7936E23F000439366E2E720682B6862
:10743000C3F313063EBB9A0E013202F01F02092A63
:107440008CBF00220122002A55D05EBB990E01316B
:10745000890601F0F8418EBB4FEA936C0CF1010CE8
:107460000CF01F0C012202FA0CF21143AEBB9B0E72
:10747000013303F01F0303EB43031B051943AA6801
:10748000FFF726FE31E793FAA3F24AB1B2FA82F28D
:10749000013202F01F02092A8CBF00220122D2E72A
:1074A0002022F5E793FAA3F131B1B1FA81F101316C
:1074B000890601F0F841CEE72021F8E793FAA3F21C
:1074C0004AB1B2FA82F2013202F01F024FF0010C0F
:1074D0000CFA02F2C9E72022F5E793FAA3F343B1CD
:1074E000B3FA83F3013303F01F0303EB43031B05DC
:1074F000C4E72023F6E7E6B9990E0131890601F0C9
:10750000F84116BB4FEA936C0CF1010C0CF01F0C08
:10751000012202FA0CF2114336BB9B0E013303F039
:107520001F0303EB43031E3B1B0543F0007319438A
:10753000A5E793FAA3F131B1B1FA81F101318906DE
:1075400001F0F841DDE72021F8E793FAA3F24AB110
:10755000B2FA82F2013202F01F024FF0010C0CFA73
:1075600002F2D8E72022F5E793FAA3F35BB1B3FA6E
:1075700083F3013303F01F0303EB43031E3B1B059F
:1075800043F00073D3E72023F3E700BFFFFF0F00B2
:107590000000FF470010005C22683F493F488242DC
:1075A00018BF8A420CBF0121002118D13C4EB5689A
:1075B00005F0E07CA9B13849886810F0010000D0DE
:1075C00001203649896811F0010100D001210143F1
:1075D0000CD0636D43F020036365012042E6314E19
:1075E000E5E73149896811F0010FF2D12F498B424B
:1075F00007D02F498B4226D02E498B4234D0002011
:1076000030E615F4000FF4D1274B9A4201D0002048
:1076100028E64CF40003B26822F0E0721343B36032
:10762000254B1B689B09254AA2FB03239B090133B9
:107630005B00019302E0019B013B0193019B002B46
:10764000F9D100200EE615F0807FD5D1164B9A4275
:1076500001D0002006E64CF08073B26822F0E072A0
:107660001343B3600020FDE515F4800F0FD10E4BDE
:107670009A4201D00020F5E54CF48003B26822F074
:10768000E0721343B3600020ECE50020EAE500203F
:10769000E8E50220E9E500BF0020024000210240A9
:1076A000002302400063025800600258000084CBAF
:1076B000000052C70000B8CF60040024632D3E05CF
:1076C00070B504460068826812F0040200D00122FE
:1076D000836813F0080300D00123134369D0C36803
:1076E00013F0007F04D0A28A40F201139A424AD0DC
:1076F000022910D023689A6812F0040F09D09A6802
:1077000012F0020F05D198682B4A024042F0100295
:107710009A60012945D023689A6812F0080F09D0B1
:107720009A6812F0020F05D19868234A024042F08D
:1077300020029A60022936D0032936D10C25FFF7A2
:107740004FFC064623689B682B4230D0FFF748FC6D
:10775000831B052BF6D923689B682B42F2D0636DFF
:1077600043F010036365A36D43F00103A36501209B
:1077700020E0636D43F010036365A36D43F00103E4
:10778000A365012016E00023026812F0400F04D127
:107790000A4A9342EDD80133F6E740230360012102
:1077A000A8E70425CBE70825C9E70425C7E700209B
:1077B00000E0002070BD00BFC0FFFF7FFFDB0C00BA
:1077C00038B503689A6812F0010F56D104469968DB
:1077D0002B4A114209D0436D43F010034365836D7A
:1077E00043F001038365012048E09968254A0A4077
:1077F00042F001029A60FFF7F3FB05462368224935
:10780000224A934218BF8B420DD102F50072926852
:1078100002F01F021D498B4207D01946994207D03A
:1078200032B100202AE01A4AF1E7A1F58071F5E7AC
:1078300023681A6812F0010F1DD19A6812F0010F27
:1078400005D199680F4A0A4042F001029A60FFF799
:10785000C7FB401B0228EBD923681B6813F0010FFC
:10786000E6D1636D43F010036365A36D43F001033C
:10787000A365012002E0002000E0002038BD00BF29
:107880003F000080C0FFFF7F002002400021024037
:107890000063025838B5044603683E493E4A9342A5
:1078A00018BF8B4254D102F50072956805F01F0590
:1078B0009B6813F0040F69D194F85030012B67D006
:1078C000012384F850302046FFF77AFF002859D171
:1078D000626DA0F60273134043F4807363652368FE
:1078E0002D4A934236D01A46934200D01DB9626D9C
:1078F00022F480126265626D12F4805F2DD0A26D59
:1079000022F00602A2651C221A60002384F850307F
:107910002368214A934223D01A46934207D0092D67
:1079200021D840F22121E94011F0010F1BD0DA6883
:1079300012F0007F05D0626D22F4405242F4805272
:1079400062659968154A0A4042F004029A601EE096
:10795000134AAAE7A2F58072C6E70022A265D2E721
:10796000A2F58072D9E7636D43F480136365D36831
:1079700013F0007F0BD0636D23F4405343F4805326
:10798000636504E0002384F8503000E0022038BD35
:107990000220FCE70020024000210240C0FFFF7FE0
:1079A0000063025838B504460268936813F0020376
:1079B00000D00123916811F0010F37D0002B37D18F
:1079C000936803F00D03012B09D0636D43F010039E
:1079D0006365A36D43F00103A365012027E091686F
:1079E000144B0B4043F002039360236803221A6098
:1079F000FFF7F6FA054623689B6813F0010F13D0D2
:107A0000FFF7EEFA401B0228F5D923689B6813F0B4
:107A1000010FF0D0636D43F010036365A36D43F075
:107A20000103A365012002E0002000E0002038BD32
:107A30000020FCE7C0FFFF7F90F85030012B18D0EA
:107A400010B50446012380F850300321FFF738FEBB
:107A500018B1002384F8503010BD2046FFF7A2FF74
:107A60000028F6D1626D044B134043F001036365B7
:107A7000EFE70220704700BFFEEEFFFF38B5044677
:107A800003684E494E4A934218BF8B4226D14D4B54
:107A90009B6813F4403F14BF0123002343B302F05B
:107AA000ABFB05466368B3F5003F05D0B3F5403F37
:107AB0001CD0B3F5803F02D11B0CB5FBF3F5FFF7EB
:107AC000A9FA41F20303984253D83F4B9D424AD949
:107AD0002268936843F48073936038BD3B4B9B6886
:107AE00013F4403F14BF01230023D7E78508E6E7DE
:107AF0004FF40020002103F05FFD05466368B3F5F5
:107B0000101F2CD021D8B3F5E01F26D004D9B3F52F
:107B1000001FD4D14509D2E7B3F5801F10D009D892
:107B2000B3F5002F0CD0B3F5402F09D0B3F5802F5B
:107B300006D0C4E7B3F5A01F02D0B3F5C01FBED175
:107B40009B0C5B00B5FBF3F5B9E7B3F5201F08D03C
:107B5000B3F5301FB3D1050AB1E70509AFE78509D1
:107B6000ADE7C509ABE72268936823F4807393609F
:107B7000B3E7174B9D4205D82268936823F44073FE
:107B80009360AAE7134B9D4207D82268936823F4B9
:107B9000407343F4807393609FE70F4B9D4207D877
:107BA0002268936823F4407343F40073936094E76E
:107BB0002268936843F4407393608EE7002002408C
:107BC0000021024000230240002D310100630258D1
:107BD00021BCBE0041787D0181F0FA0230B583B04E
:107BE00000230193002800F00A810446436DEBB1A5
:107BF00023689A6812F0005F03D09968814A0A40AE
:107C00009A6023689A6812F0805F1CD199687E4A56
:107C10000A4042F080529A607C4B1B689B097C4A68
:107C2000A2FB03239B090133019309E0FEF7E8FA65
:107C30000023A36584F85030DAE7019B013B0193F0
:107C4000019B002BF9D12268936813F0805F40F00C
:107C50009980636D43F010036365A36D43F00103E6
:107C6000A3650125936813F0040300D00123616D1F
:107C700011F0100F40F0BB80002B40F0B880636D16
:107C800023F4817343F002036365936813F0010FDB
:107C90001ED16049604B9A4218BF8A420CBF012234
:107CA000002271D1896811F0010100D001215A4BE5
:107CB0009B6813F0010300D001230B4308D1002A75
:107CC00068D0564963688A6822F47C1213438B603B
:107CD000FFF7A0F941F20303984202D9A368102BE1
:107CE0005AD0627D236B43EA4233A2681343227F5A
:107CF00043EA0243227F012A59D0626A22B102F488
:107D00007872A16A0A4313432168C868444A024052
:107D10001A43CA6021688A6812F0040200D0012266
:107D20008B6813F0080300D0012313431BD1227D7D
:107D3000E36A43EA8232C8683A4B03401343CB609C
:107D400094F83830012B37D02268136923F00103EF
:107D500013612268136923F07043616B0B43136155
:107D60002046FFF78BFEE368012B37D02268136BA8
:107D700023F00F031363636D23F0030343F0010348
:107D8000636539E000256DE7274B9B6813F0010F11
:107D90009ED194E7254995E7617D226B42EA413205
:107DA0001343227F43EA024343F00C03A2E7226A13
:107DB000013A43EA4243A0E7206802691C4B1340A2
:107DC000E26B511E226C42EA0142616C0A43A16CD3
:107DD0000A43134343F001030361BAE721680B6BC5
:107DE00023F00F03A269013A13430B63C3E7636DEA
:107DF00043F0100363650125284603B030BD01251B
:107E0000FAE700BFC0FFFF5FC0FFFF6F6004002400
:107E1000632D3E0500200240002102400023024065
:107E200003C0F0FFFCBFFFFF006002580063025870
:107E30001EF800FC90F85020012A00F0968030B423
:107E40009AB00346012280F8502000221692179221
:107E50000068474A904236D000220192019A002AD7
:107E600035D0926812F0040200D00122846814F028
:107E7000040F6BD1002A69D13D4C3E4A904218BF95
:107E8000A0422DD102F500720868002839D0906810
:107E900020F440404C68204390601868344D354CC5
:107EA000A04218BFA8421DD1AC6814F0010400D054
:107EB00001243048806810F0010000D001202043E8
:107EC00015D0002047E002F580720192C6E75A6D96
:107ED00042F020025A65002283F8502001203DE044
:107EE000254AD1E72548806810F0010F39D1946800
:107EF000234820400C688968214308439060002093
:107F000029E0916821F4404191601968184C1948A2
:107F1000814218BFA1420ED1A06810F0010000D02C
:107F200001201449896811F0010100D001210143A9
:107F300006D000200FE01149896811F0010F12D11D
:107F400090680F4901409160002004E05A6D42F0B2
:107F500020025A650120002283F850201AB030BC5C
:107F600070470020F7E70020F5E70220704700BFC8
:107F700000200240002102400063025800600258C5
:107F8000E0F0FFFF002807DB00F01F02400901239B
:107F90009340024A42F82030704700BF00E100E001
:107FA00000280CDB00F01F02400901239340203021
:107FB000034A42F82030BFF34F8FBFF36F8F7047F3
:107FC00000E100E0002804DB0901C9B2044B1954A8
:107FD000704700F00F000901C9B2024B19547047F5
:107FE00000E400E014ED00E000B500F00700C0F18F
:107FF000070CBCF1040F28BF4FF0040C031D062B27
:108000000FD9C31E4FF0FF3E0EFA0CF021EA00011B
:1080100099400EFA03FE22EA0E0241EA02005DF8E0
:1080200004FB0023EEE70000BFF34F8F0549CA6849
:1080300002F4E062044B1343CB60BFF34F8F00BFE9
:10804000FDE700BF00ED00E00400FA050649CB683B
:1080500023F4E0631B041B0C000200F4E060034304
:10806000024A1A43CA60704700ED00E00000FA05BA
:1080700010B50446054BD868C0F30220FFF7B4FFE3
:1080800001462046FFF79EFF10BD00BF00ED00E057
:1080900008B5FFF777FF08BD08B5FFF781FF08BDFA
:1080A00008B5FFF7C1FF0000BFF35F8F044B5A6AAA
:1080B00022F480325A620022C3F89420704700BF35
:1080C00000ED00E040F00100054BC3F894005A6A4F
:1080D00042F480325A62BFF34F8FBFF36F8F704705
:1080E00000ED00E04378144AC2F89830D2F8A0308E
:1080F00023F00103C2F8A0304368C2F89C30017B32
:10810000C37A1B0643EA0173817A43EAC143417B88
:1081100043EA8143817B43EA4143C17B43EA014314
:10812000417A43EA0123017A43EA410301780B4390
:10813000C2F8A030704700BF00ED00E010B54FF06E
:10814000000C14E011F82C4001EB8C0E9EF801306D
:108150001B0443EA04639EF8024043EA04239EF8AA
:1081600003E043EA0E03046823600CF1010CBCEB4E
:10817000920FE7D312F0030205D0012A06D0022A9B
:1081800009D0032A11D00368186810BD036811F8DC
:108190002C401C70F3E711F82C4001EB8C035B784A
:1081A00043EA042304682380EBE711F82C2001EB59
:1081B0008C014B7843EA02230268138003688A78B3
:1081C0001A70E0E70023B3EB520F18D230B431F845
:1081D00023C001EB8304648844EA0C4405682C60E6
:1081E0000133B3EB520FF2D312F0010F03D0026848
:1081F00031F8233013800368186830BC704712F0E0
:10820000010F03D0026831F8233013800368186827
:1082100070470000002838D010B50446437F1BB3D8
:108220000223637723791BBB2368194A5A612268AA
:10823000936823F018039360637913BB23684FF0AE
:10824000FF321A612268936823F0600361690B436F
:1082500093602268936823F08003A1690B439360C5
:1082600001236377002010BD0377FEF735F8D7E7C9
:10827000E268A168204600F035F80028DCD0012033
:10828000F1E7236822691A61DCE70120704700BF2B
:10829000B71DC10438B504460223437700688368DC
:1082A00043F001038360236A022B17D0032B0FD006
:1082B000012B0FD000200123637738BD206851F8CF
:1082C0002350056001339342F8D323681868F2E71E
:1082D0000023F8E72046FFF731FFECE72046FFF7E1
:1082E00071FFE8E711F0010F30D010B41F231C46D6
:1082F000013B34B103F01F0C21FA0CFC1CF0010F00
:10830000F5D0182A24D8DFE802F00F2323232323F3
:1083100023231D232323232323231923232323233D
:1083200023230D00062B17D80368596101688B6859
:1083300023F0180313438B6000200AE0072BF3D9C6
:10834000012006E00F2BEFD9012002E00120704749
:1083500001205DF8044B70470120FAE770B5044630
:10836000FEF73EFE002C00F09181054694F8353072
:10837000DBB2022B06D080236365002384F83430FF
:10838000012070BD23688C498C4A934218BF8B42F0
:1083900030D0183293422DD0183293422AD018325E
:1083A000934227D01832934224D01832934221D0DE
:1083B000183293421ED002F5567293421AD01832E8
:1083C000934217D01832934214D01832934211D0EE
:1083D000183293420ED0183293420BD01832934287
:1083E00008D01832934205D01A6822F00E021A60A3
:1083F000266809E01A6822F01E021A602268536992
:1084000023F080035361266823686B496B4A9342CB
:1084100018BF8B4242D0183293423FD01832934259
:108420003CD01832934239D01832934236D01832A9
:10843000934233D01832934230D002F556729342B1
:108440002CD01832934229D01832934226D01832B9
:10845000934223D01832934220D0183293421DD039
:10846000183293421AD01832934217D0544A93428A
:1084700014D01432934211D0143293420ED01432DD
:1084800093420BD01432934208D01432934205D059
:108490001432934202D01432934204D1226E1368F4
:1084A00023F48073136023684349444A934218BFFE
:1084B0008B422FD0183293422CD01832934229D0BD
:1084C0001832934226D01832934223D01832934266
:1084D00020D0183293421DD002F55672934219D023
:1084E0001832934216D01832934213D01832934266
:1084F00010D0183293420DD0183293420AD018325D
:10850000934207D01832934204D01A6822F0010235
:108510001A6003E01A6822F001021A60336813F04F
:10852000010F0ED0FEF75CFD431B052BF6D920236F
:108530006365032384F83530002384F83430012048
:108540001FE723681C491D4A934218BF8B4239D04C
:108550001832934236D01832934233D018329342B5
:1085600030D0183293422DD0183293422AD018328C
:10857000934227D002F55672934223D01832934289
:1085800020D0183293421DD0183293421AD018329C
:10859000934217D01832934214D01832934211D01C
:1085A000183293420ED0A16DE36D03F01F02012338
:1085B00093404B600DE000BF1000024028000240D5
:1085C00008540258A16DE36D03F01F023F2393404E
:1085D0008B6023682E492F4A934218BF8B4242D0AA
:1085E000183293423FD0183293423CD01832934213
:1085F00039D01832934236D01832934233D01832E1
:10860000934230D002F5567293422CD018329342E6
:1086100029D01832934226D01832934223D01832F0
:10862000934220D0183293421DD0183293421AD070
:108630001832934217D0184A934214D014329342FE
:1086400011D0143293420ED0143293420BD0143214
:10865000934208D01432934205D01432934202D090
:10866000143293420BD1636EA26E5A60E36E33B143
:108670001A6822F480721A60236F626F5A600123B5
:1086800084F83530002084F834007AE6012078E65A
:10869000100002402800024008540258002800F050
:1086A000288108B5024690F83530DBB2022B03D0A2
:1086B00080234365012008BD0368904890498B42A0
:1086C00018BF83420CBF0120002065D018318B42B7
:1086D00062D018318B425FD018318B425CD0183198
:1086E0008B4259D018318B4256D018318B4253D01F
:1086F00001F556718B424FD018318B424CD0183156
:108700008B4249D018318B4246D018318B4243D02E
:1087100018318B4240D018318B423DD018318B42FA
:108720003AD0196821F00E01196013687348744932
:108730008B4218BF83426AD072498B4267D018318E
:108740008B4264D018318B4261D018318B425ED09D
:1087500018318B425BD018318B4258D001F55671DD
:108760008B4254D018318B4251D018318B424ED0AD
:1087700018318B424BD018318B4248D018318B4284
:1087800045D018318B4242D018318B423FD0196806
:1087900021F0010119603EE0042182F8351080BB10
:1087A000584A93422DD0183293422AD0183293421D
:1087B00027D01832934224D01832934221D0183255
:1087C00093421ED002F5567293421AD01832934249
:1087D00017D01832934214D01832934211D0183265
:1087E00093420ED0183293420BD01832934208D0E5
:1087F0001832934205D01A6822F001021A60002054
:1088000059E71A6822F001021A60002053E719683C
:1088100021F0010119601368384839498B4218BFAB
:10882000834242D018318B423FD018318B423CD02A
:1088300018318B4239D018318B4236D018318B42E7
:1088400033D018318B4230D001F556718B422CD089
:1088500018318B4229D018318B4226D018318B42E7
:1088600023D018318B4220D018318B421DD01831C3
:108870008B421AD018318B4217D023498B4214D027
:1088800014318B4211D014318B420ED014318B42F3
:108890000BD014318B4208D014318B4205D01431E7
:1088A0008B4202D014318B4217D1116E0B6823F426
:1088B00080730B60906DD36D03F01F0101238B401B
:1088C0004360536E916E5960D36E33B1196821F4D1
:1088D00080711960136F516F5960012382F8353030
:1088E000002382F83430136D2BB1104698470020D6
:1088F000E1E6012070470020DDE600BF10000240E5
:10890000280002404000024008540258F0B583B0ED
:1089100000236BE085685E000324B44025EA04056B
:10892000CC68B4402C438460456825EA0C054C684B
:10893000C4F300149C402C43446069E0DD08083512
:1089400050F8254003F0070C4FEA8C0C4FF00F0E47
:108950000EFA0CFE24EA0E0E0C6904FA0CF444EA3A
:108960000E0440F825406BE0092400E0002404FADE
:108970000EF42C430CF1020C694D45F82C404FF0DD
:10898000B0442568D44325EA02064F6817F4801FD7
:1089900001D042EA05064FF0B0452E606D6804EA4A
:1089A00005064F6817F4001F01D042EA05064FF094
:1089B000B0456E60D5F8845004EA05064F6817F498
:1089C000003F01D042EA05064FF0B045C5F884608B
:1089D000D5F880502C404E6816F4803F01D042EA12
:1089E00005044FF0B042C2F8804001330A6832FA01
:1089F00003F400F092804FF0010C0CFA03FC1CEA27
:108A00000202F2D04C6804F00304013C012C81D92D
:108A10004C6804F00304032C0CD0C4685D004FF0D4
:108A2000030C0CFA05FC24EA0C0C8C68AC4044EAFC
:108A30000C04C4604C6804F00304022C3FF47EAFC5
:108A400004684FEA430E4FF0030C0CFA0EFC24EAC4
:108A50000C0C4C6804F0030404FA0EF444EA0C0411
:108A600004604C6814F4403FBFD02E4CD4F8F4504E
:108A700045F00205C4F8F450D4F8F44004F00204C0
:108A80000194019C4FEA930C0CF10205244C54F81C
:108A9000255003F0030E4FEA8E0E0F2404FA0EF455
:108AA00025EA0405204CA0423FF460AF04F5806441
:108AB000A04222D004F58064A04220D004F5806456
:108AC000A0421ED004F58064A0421CD004F580644E
:108AD000A0421AD004F58064A04218D004F5806446
:108AE000A04216D004F58064A04214D004F580643E
:108AF000A0423FF439AF0A2439E7012437E70224C2
:108B000035E7032433E7042431E705242FE706245F
:108B10002DE707242BE7082429E703B0F0BD00BFA9
:108B2000000400580044025800000258036919422A
:108B300001D001207047002070470AB18161704761
:108B400009048161704708B54FF0B043D3F888300D
:108B5000034200D108BD4FF0B043C3F88800FDF7D1
:108B60009FFFF7E703689A6912F0020F01D0002215
:108B70009A6203689A6912F0010F03D19A6942F070
:108B800001029A61704710B4019CC1F3090141EAE6
:108B900002411943214321F0004102685368640DEA
:108BA00004F4806444F07F7444F4583444F47F74D3
:108BB00044F0030423EA04030B4353605DF8044BC1
:108BC00070472DE9F041044603689E6916F01006CF
:108BD0007ED00D4690461022DA6100263746236883
:108BE000986910F0200F32D18FBBB5F1FF3FF6D05E
:108BF000FEF7F6F9A0EB0800A84201D8002DEED14F
:108C000021684A6802F4804294F84230DBB28869F5
:108C100010F4004F04D0203B18BF012302B973B9F0
:108C200023689B6913F0200FD9D1FEF7D9F9A0EB87
:108C300008001928F4D946F020060127CFE74B6831
:108C400043F480434B60FEF7CBF98046E8E70FB969
:108C50002022DA6146F0040601252268936913F4A4
:108C6000807F05D046F001064FF48071D161012567
:108C700013F4806F06D046F0080622684FF4806136
:108C8000D161012513F4007F24D046F00206236849
:108C90004FF40072DA6101252046FFF763FF226876
:108CA000536823F0FF7323F48B3323F4FF7323F013
:108CB00001035360636C33436364202384F84130C1
:108CC000002384F8423084F840302846BDE8F08123
:108CD0000025C2E7002DF8D0DEE770B504460D464A
:108CE000164623689B6913F0020F22D132462946AB
:108CF0002046FFF766FFF0B9B5F1FF3FF1D0FEF770
:108D00006FF9801BA84201D8002DEAD123689B6926
:108D100013F0020FE5D1636C43F02003636420235A
:108D200084F84130002384F8423084F84030012038
:108D300000E0002070BD0120FCE72DE9F843054666
:108D4000884617461E46DDF820902B689C6938EA55
:108D500004040CBF01230023BB4227D14A463146FD
:108D60002846FFF72EFF20BBB6F1FF3FEDD0FEF700
:108D700037F9A0EB0900B04201D8002EE5D12B68ED
:108D80009B6938EA03030CBF01230023BB42DCD1FB
:108D90006B6C43F020036B64202385F84130002383
:108DA00085F8423085F84030012000E00020BDE821
:108DB000F8830120FBE770B504460D46164604E033
:108DC00023689B6913F0200F12D023689B6913F06E
:108DD000200F1BD1324629462046FFF7F2FEB8B9D4
:108DE000FEF7FEF8801BA842EAD8002DEDD1E7E798
:108DF000636C43F020036364202384F84130002334
:108E000084F8423084F84030012000E0002070BD3A
:108E10000120FCE700285DD010B5044690F84130F1
:108E2000002B46D0242384F841302268136823F0B5
:108E3000010313606368226823F070631361226882
:108E4000936823F400439360E368012B36D0A36852
:108E5000226843F404439360E368022B34D0226811
:108E6000536823F400635360226851681A4B0B4324
:108E700053602268D36823F40043D3602369626996
:108E80001343A169226843EA0123D360E369216A9D
:108E900022680B4313602268136843F001031360D8
:108EA00000206064202384F84130206384F842006D
:108EB00010BD80F84030FDF727FAB3E7A3682268B9
:108EC00043F400439360C7E72268536843F40063A8
:108ED0005360C9E701207047008000022DE9F04788
:108EE00082B00F460A9E90F84110C9B2202940F086
:108EF000B78004469046994690F84030012B00F028
:108F0000B3804FF0010A80F840A0FEF769F80546EB
:108F10000090192352464FF400412046FFF70DFF01
:108F2000002840F0A380212384F84130102384F8E6
:108F3000423000236364C4F82480A4F82A90636359
:108F4000638D9BB2FF2B1ED9FF2323854FF08073C7
:108F5000228DEAB1226898F800109162626A0132AB
:108F60006262628D92B2013A92B26285228D013ABA
:108F700092B22285013241490091D2B2394620464F
:108F8000FFF701FE18E0638D23854FF00073DFE7E4
:108F90003A490091D2B239462046FFF7F4FD0BE082
:108FA000628D92B22285002300934FF00073D2B2FB
:108FB00039462046FFF7E7FD638D9BB2002B33D087
:108FC0002A4631462046FFF788FE002850D1626AC3
:108FD000236812789A62636A01336362638D9BB27D
:108FE000013B9BB26385238D013B9BB22385628D40
:108FF00092B2002AE0D0002BDED100953346002249
:1090000080212046FFF799FEA0BB638D9BB2FF2B0A
:10901000C6D9FF222285002300934FF08073394682
:109020002046FFF7B0FDC7E72A4631462046FFF746
:10903000C2FE08BB23682022DA6121684B6823F056
:10904000FF7323F48B3323F4FF7323F001034B608E
:1090500084F84120002384F8423084F8403000E056
:10906000022002B0BDE8F0870220FAE70120F8E70D
:109070000120F6E70120F4E70120F2E7002000805C
:10908000034690F84120D2B2202A23D190F8402004
:10909000012A21D0012280F84020242280F841209A
:1090A0000068026822F0010202601868026822F477
:1090B00080520260186802681143016019680A68EA
:1090C00042F001020A60202283F84120002083F848
:1090D000400070470220704702207047034690F816
:1090E0004120D2B2202A21D190F84020012A1FD05D
:1090F000012280F84020242280F841200068026884
:1091000022F0010202601868026822F4706242EAEA
:109110000122026019680A6842F001020A602022F6
:1091200083F84120002083F84000704702207047F8
:1091300002207047024A136843F48073136070473B
:1091400000480258134BDB6813F0040F07D1114B92
:10915000DB6803F0070383421AD00120704710B583
:109160000C4AD36823F007030343D360FDF738FFAD
:109170000446084B5B6813F4005F07D1FDF730FF2E
:10918000001BB0F57A7FF4D9012000E0002010BD6B
:109190000020704700480258F0B44B6A33B1B2F176
:1091A000406F03D08B6A0468013B23618C69002CFB
:1091B0006FD00E6A002E3BD003688C68DC61CC69EE
:1091C000F4B1CB6A0D6B2B434D6B2B434D6A2B4394
:1091D0004D6943EA85430D692B430D6A2B43CD68E6
:1091E0002B4323438C6923430C68234304681343B4
:1091F0006361B2F1406F19D003684A689A6115E063
:10920000CB6A0D6B2B434D6B2B434D6A2B434D6942
:1092100043EA85430D692B430D6A2B4323438C6935
:10922000234309680B43016813434B61F0BC70474B
:10923000CD69D5B1CB6A0F6B3B434F6B3B434F6A54
:109240003B434F6943EA87433343CE6833432B4361
:1092500023430C682343046813436361B2F1406FF6
:10926000E4D003684A689A61E0E7CB6A0F6B3B433E
:109270004F6B3B434F6A3B434F6943EA87431E436F
:1092800045EA0603234309680B43016813434B6116
:10929000CCE70D6A002D36D003688C68DC61CC69A0
:1092A000E4B1CB6A0D6B2B434D6B2B434D6A2B43C3
:1092B0004D6943EA85430D692B430D6A2B43CD6805
:1092C0002B4323438C692343046813436361B2F146
:1092D000406FABD003684A689A61A7E7CB6A0D6B11
:1092E0002B434D6B2B434D6A2B434D6943EA85431A
:1092F0000D692B430D6A2B431C438B691C43036888
:1093000014435C6192E7CE69CEB1CB6A0F6B3B43ED
:109310004F6B3B434F6A3B434F6943EA87432B43C1
:10932000CD682B4333432343046813436361B2F195
:10933000406F3FF47BAF03684A689A6176E7D1F8E3
:1093400024C0BCF1000F3FF471AFCB6A0F6B3B43FD
:109350004F6B3B434CEA03074B6947EA83473D4366
:109360002E433443036814435C615FE72DE9F843FF
:1093700005460F4616469946DDF820802C68A468FD
:109380003C4214BF4FF0010C4FF0000CB44514D018
:10939000B8F1FF3FF2D0FDF723FEA0EB09004045F6
:1093A00002D8B8F1000FE9D1042385F841306B6C85
:1093B00043F001036B64012000E00020BDE8F88366
:1093C0002DE9F04182B004460F461646FDF708FE2F
:1093D00094F840C05FFA8CFCBCF1010F3CD005460C
:1093E000012384F8403094F841C05FFA8CFC9C451E
:1093F00008D04FF00208002384F84030404602B005
:10940000BDE8F08100226264022384F841300096B6
:10941000034620212046FFF7A9FF80460028EAD115
:10942000002239462046FFF7B7FE7B6A1BB10123B5
:1094300084F84130DFE700962B46012202212046C6
:10944000FFF794FF80460028D5D123680222DA6016
:10945000012384F84130CEE74FF00208CEE72DE932
:10946000F04383B0044689461746FDF7B9FDD4F8AA
:10947000008094F84030DBB2012B57D00646012320
:1094800084F8403094F84150EDB29D4207D0022557
:10949000002384F84030284603B0BDE8F083002361
:1094A0006364B9F1000F3CD0122384F84130D8F83E
:1094B00010300133E362D8F810300133A362C4F8EE
:1094C0002490D8F8143023F04063C8F814300025F5
:1094D000E36A9BB100973346012204212046FFF73F
:1094E00045FF054650B9636A1B7888F82030616AE9
:1094F00001316162E16A0139E162E9E71DB10123ED
:1095000084F84130C4E70097334601220221204607
:10951000FFF72CFF05460028F1D123680222DA600C
:10952000EDE7636C43F008036364B1E70225B2E73B
:109530002DE9F04383B0044689461746FDF750FDF8
:10954000D4F80080D8F8182094F84030DBB2012B12
:109550005BD00646012384F8403094F84150EDB2C8
:109560009D4207D00225002384F84030284603B0EE
:10957000BDE8F08300236364B9F1000F40D02223DB
:1095800084F84130D8F810300133A363D8F8103094
:1095900001336363C4F83090D8F8143023F040638B
:1095A00043F08063C8F8143023689A610025A36BE8
:1095B0009BB100973346012206212046FFF7D6FED5
:1095C000054650B9236B98F820201A70216B0131A1
:1095D0002163A16B0139A163E9E71DB1012384F87F
:1095E0004130C0E700973346012202212046FFF7B1
:1095F000BDFE05460028F1D123680222DA60EDE7BE
:10960000636C43F008036364ADE70225AEE7816451
:109610007047000070B582B00446FDF7E1FC002CF5
:1096200045D0064694F84130002B37D025682A688B
:1096300022F4F852A168013942EA01222A60A36C9F
:1096400000933346002220212046FFF78FFE18BBEF
:1096500021680B68174A1A406568E36843EA0563A6
:10966000E5692B43256A2B431A430A6021684A683F
:10967000114B13402569626942EA0542A5692A43F4
:1096800013434B602268136843F001031360002307
:109690006364012384F8413002B070BD2046FCF7BA
:1096A0007FFE41F288312046FFF7B1FFBEE701207F
:1096B000F2E700BF2FFFFF00FEF8E0FF002800F0F8
:1096C000398338B50446036813F0010F25D0944A56
:1096D000136903F03803926A102B15D0182B0FD0A2
:1096E0006368B3F5803F3FD0002B53D18C4B1A6891
:1096F00022F480321A601A6822F480221A6038E05C
:1097000002F00302022AEBD1854B1B6813F4003FE1
:1097100003D06368002B00F00F83236813F0020F5F
:1097200000F0A1807E4A1369926A13F038035AD080
:10973000182B55D0E368002B00F0DE8078490A68CA
:1097400022F0190213430B60FDF74AFC0546744BE7
:109750001B6813F0040F40F0AD80FDF741FC401B87
:109760000228F4D90320EEE26D4A136843F48033F3
:10977000136063682BB3FDF733FC0546684B1B6829
:1097800013F4003FC9D1FDF72BFC401B6428F5D929
:109790000320D8E2B3F5A02F09D0614B1A6822F458
:1097A00080321A601A6822F480221A60E1E75C4B6A
:1097B0001A6842F480221A601A6842F480321A60F1
:1097C000D7E7FDF70DFC0546554B1B6813F4003F2A
:1097D000A3D0FDF705FC401B6428F5D90320B2E2B5
:1097E00012F0030FA6D14E4B1B6813F0040F03D0E9
:1097F000E368002B00F0A282494A136823F01903A2
:10980000E1680B431360FDF7EBFB0546444B1B6817
:1098100013F0040F06D1FDF7E3FB401B0228F5D936
:10982000032090E2FDF7F6FB41F20303984212D8C1
:109830002269402A07D03A494B6823F47C3343EA33
:1098400002334B600FE0364A536823F47C3343F411
:109850000033536007E0324A536823F0FE43216926
:1098600043EA01635360236813F0100F00F088800F
:109870002B4A136903F03803926A082B56D0182B31
:1098800050D0E369002B00F0B880254A136843F0FC
:1098900080031360FDF7A4FB0546214B1B6813F4FE
:1098A000807F40F08880FDF79BFB401B0228F4D9A5
:1098B000032048E2FDF7AEFB41F20303984212D8C1
:1098C0002269402A07D016494B6823F47C3343EAC7
:1098D00002334B60C7E7124A536823F47C3343F4E6
:1098E00000335360BFE70E4A536823F0FE432169FB
:1098F00043EA01635360B6E7094A136823F00103A2
:109900001360FDF76DFB0546054B1B6813F0040F54
:10991000A9D0FDF765FB401B0228F5D9032012E210
:109920000044025802F00302012AAAD1A14B1B688D
:1099300013F4807F03D0E369802B40F00182FDF7B0
:1099400069FB41F20303984212D8226A202A07D009
:1099500098494B6823F0F84343EA82634B600FE079
:10996000944A536823F0F84343F08043536007E080
:10997000904AD36823F07C53216A43EA0163D360A1
:10998000236813F0080F60D06369002B49D0894A1F
:10999000536F43F001035367FDF722FB0546854BE8
:1099A0005B6F13F0020F50D1FDF71AFB401B02282A
:1099B000F5D90320C7E1FDF72DFB41F203039842DF
:1099C00012D8226A202A07D07A494B6823F0F8433C
:1099D00043EA82634B60D3E7764A536823F0F84347
:1099E00043F080435360CBE7724AD36823F07C5343
:1099F000216A43EA0163D360C2E76E4A136823F029
:109A000080031360FDF7ECFA05466A4B1B6813F4FC
:109A1000807FB5D0FDF7E4FA401B0228F5D903207A
:109A200091E1644A536F23F001035367FDF7D8FABD
:109A30000546604B5B6F13F0020F06D0FDF7D0FABE
:109A4000401B0228F5D903207DE1236813F0200F85
:109A500029D0A3699BB1574A136843F4805313601C
:109A6000FDF7BEFA0546534B1B6813F4005F1AD18D
:109A7000FDF7B6FA401B0228F5D9032063E14D4AF1
:109A8000136823F480531360FDF7AAFA0546494B87
:109A90001B6813F4005F06D0FDF7A2FA401B0228F2
:109AA000F5D903204FE1236813F0040F21D1636A35
:109AB000002B00F047813F4A126902F03802182A51
:109AC00000F0EE80022B79D03A4A136823F08073BD
:109AD0001360FDF785FA0446364B1B6813F0007FD0
:109AE00000F0DC80FDF77CFA001B0228F4D903208B
:109AF00029E1314A136843F480731360FDF770FA6B
:109B000005462D4B1B6813F4807F06D1FDF768FADC
:109B1000401B6428F5D9032015E1A368012B0AD066
:109B20000BBB244B1A6F22F001021A671A6F22F046
:109B300004021A6704E01F4A136F43F0010313671E
:109B4000A36833B3FDF74CFA05461A4B1B6F13F0AD
:109B5000020FACD1FDF744FA401B41F28833984222
:109B6000F3D90320EFE0052B09D0124B1A6F22F036
:109B700001021A671A6F22F004021A67E0E70D4B20
:109B80001A6F42F004021A671A6F42F001021A6754
:109B9000D6E7FDF725FA0546064B1B6F13F0020FBB
:109BA00085D0FDF71DFA401B41F288339842F3D966
:109BB0000320C8E00044025800480258694A13686C
:109BC00023F080731360FDF70BFA0546654B1B68A5
:109BD00013F0007F06D0FDF703FA401B0228F5D9E9
:109BE0000320B0E05F4B996A5F4A0A40A16AE06ACD
:109BF00041EA00110A439A62226B013AC2F3080259
:109C0000616B0139490289B20A43A16B0139090428
:109C100001F4FE010A43E16B0139090601F0FE413E
:109C20000A431A63DA6A22F00102DA625A6B6FF3AE
:109C3000CF02A16C42EAC1025A63DA6A22F00C0236
:109C4000216C0A43DA62DA6A22F00202616C0A438A
:109C5000DA62DA6A42F48032DA62DA6A42F40032B4
:109C6000DA62DA6A42F48022DA62DA6A42F00102E7
:109C7000DA621A6842F080721A60FDF7B1F90446A0
:109C8000384B1B6813F0007F06D1FDF7A9F9001BC4
:109C90000228F5D9032056E0002054E0002052E0CD
:109CA000304A916A106B012B4ED001F00303A26A77
:109CB00093424BD1C1F30511E36A994248D1C0F3F5
:109CC0000802236B013B9A4244D1C0F34622636BE6
:109CD000013B9A4240D1C0F30642A36B013B9A423A
:109CE0003CD1C0F30660E36B013B984238D11D4B79
:109CF0005B6BC3F3CC03A26C9A4201D1002022E03B
:109D0000184AD36A23F00103D362FDF769F90546C7
:109D1000FDF766F9A842FBD0124A536B6FF3CF03ED
:109D2000A16C43EAC1035363D36A43F00103D362D6
:109D3000002008E001207047012004E0012002E03B
:109D4000012000E0002038BD0120FCE70120FAE7F7
:109D50000120F8E70120F6E70120F4E70120F2E70F
:109D60000120F0E7004402580CFCFFFF754B1B6913
:109D700003F03803102B00F0DE80182B0FD0002BDF
:109D800040F0DB806F4B1B6813F0200F00F0D78092
:109D90006C4B1B68C3F3C1036B48D840704710B4C9
:109DA000684B9A6A02F003029C6AC4F30510D96AF0
:109DB00001F001015B6BC3F3CC0301FB03F307EE7E
:109DC000903AF8EE677A14F47C7F77D0012A4AD073
:109DD000022A76D0002A40F091805A4B1B6813F07B
:109DE000200F23D057490A68C2F3C102564BD34013
:109DF00007EE103AF8EE476A07EE100AB8EE476A27
:109E000086EE867A0B6BC3F3080306EE903AF8EE03
:109E1000666A9FED4E6A67EE867A76EEA77AF7EE6F
:109E2000006A77EEA67A27EE277A38E007EE100A66
:109E3000F8EE476A9FED466A86EE267A414B1B6B29
:109E4000C3F3080306EE903AF8EE666A9FED3F6AA8
:109E500067EE867A76EEA77AF7EE006A77EEA67A54
:109E600027EE277A1BE007EE100AF8EE476A9FED0F
:109E7000396A86EE267A334B1B6BC3F3080306EE72
:109E8000903AF8EE666A9FED316A67EE867A76EE72
:109E9000A77AF7EE006A77EEA67A27EE277A294BA3
:109EA0001B6BC3F34623013307EE903AF8EE677A53
:109EB000C7EE276AFCEEE67A17EE900A5DF8044BCF
:109EC000704707EE100AF8EE476A9FED236A86EEA8
:109ED000267A1C4B1B6BC3F3080306EE903AF8EE90
:109EE000666A9FED1A6A67EE867A76EEA77AF7EED3
:109EF000006A77EEA67A27EE277AD0E707EE100AF7
:109F0000F8EE476A9FED136A86EE267A0D4B1B6BBF
:109F1000C3F3080306EE903AF8EE666A9FED0B6A0B
:109F200067EE867A76EEA77AF7EE006A77EEA67A83
:109F300027EE277AB3E70948704709487047024877
:109F4000704700BF004402580090D0030000003961
:109F50000024744C0024744A0024744B0024F40040
:109F600000093D00002800F0328170B50D4604461E
:109F70009B4B1B6803F00F038B420BD2984A13686C
:109F800023F00F030B431360136803F00F038B429E
:109F900040F01F81236813F0040F0CD02269914B0D
:109FA0009B6903F070039A4205D98E498B6923F0AF
:109FB00070031A438A61236813F0080F0CD062699A
:109FC000884BDB6903F070039A4205D98549CB6958
:109FD00023F070031A43CA61236813F0100F0CD0EA
:109FE000A269804BDB6903F4E0639A4205D97D499D
:109FF000CB6923F4E0631A43CA61236813F0200F8E
:10A000000CD0E269774B1B6A03F070039A4205D9C2
:10A0100074490B6A23F070031A430A62236813F031
:10A02000020F0CD0E2686F4B9B6903F00F039A425A
:10A0300005D96C498B6923F00F031A438A612368A1
:10A0400013F0010F41D0674A936923F47063A1684C
:10A050000B4393616368022B0AD0032B27D0012B9B
:10A060002CD0604A126812F0040F06D10120ADE036
:10A07000126812F4003F00F0AE805A490A6922F0DB
:10A08000070213430B61FCF7ABFF0646554B1B69F8
:10A0900003F038036268B3EBC20F16D0FCF7A0FFE1
:10A0A000801B41F288339842F0D903208EE04D4A5C
:10A0B000126812F0007FE0D1012087E0494A12685F
:10A0C00012F4807FD9D1012080E0236813F0020FC1
:10A0D0000CD0E268434B9B6903F00F039A4205D210
:10A0E00040498B6923F00F031A438A613C4B1B687C
:10A0F00003F00F03AB420AD9394A136823F00F0368
:10A100002B431360136803F00F03AB4265D1236840
:10A1100013F0040F0CD02269324B9B6903F07003DB
:10A120009A4205D22F498B6923F070031A438A6142
:10A13000236813F0080F0CD062692A4BDB6903F027
:10A1400070039A4205D22749CB6923F070031A4362
:10A15000CA61236813F0100F0CD0A269214BDB6990
:10A1600003F4E0639A4205D21E49CB6923F4E0630D
:10A170001A43CA61236813F0200F0CD0E269194B0F
:10A180001B6A03F070039A4205D216490B6A23F04A
:10A1900070031A430A62FFF7E9FD12498B69C3F3A2
:10A1A0000323114AD35C03F01F03D8408B6903F0EB
:10A1B0000F03D35C03F01F0320FA03F30B4A136071
:10A1C0000B4B18600B4B1868FCF76AFA70BD012046
:10A1D00070470120FAE70120F8E70120F6E700BF09
:10A1E00000200052004402584C0705085C0400247B
:10A1F000600400247C04002408B5FFF7B7FD0B4A77
:10A200009369C3F303230A49CB5C03F01F0320FACD
:10A2100003F3926902F00F02885C00F01F0023FA3A
:10A2200000F0044A1060044A136008BD004402585C
:10A230004C0705085C0400246004002408B5FFF7FF
:10A24000DBFF054BDB69C3F30213044AD35C03F065
:10A250001F03D84008BD00BF004402584C07050842
:10A2600008B5FFF7C9FF054BDB69C3F30223044AB6
:10A27000D35C03F01F03D84008BD00BF0044025860
:10A280004C0705083F230360114B1A6902F00702CF
:10A2900042609A6902F4706282609A6902F00F0269
:10A2A000C2609A6902F070020261DA6902F070021B
:10A2B0004261DA6902F4E06282611B6A03F07003B2
:10A2C000C361044B1B6803F00F030B60704700BFB2
:10A2D0000044025800200052404B9B6A03F00303E5
:10A2E000032B79D070B505460E463C4A136823F01F
:10A2F00080631360FCF774FE0446384B1B6813F050
:10A30000006F06D0FCF76CFE031B022BF5D903206F
:10A3100070BD324B9A6A22F47C32296842EA0132DB
:10A320009A626A68013AC2F30802A96801394902CF
:10A3300089B20A43E9680139090401F4FE010A43BC
:10A3400029690139090601F0FE410A439A63DA6A74
:10A3500022F0C00269690A43DA62DA6A22F0200256
:10A36000A9690A43DA62DA6A22F01002DA62DA6B69
:10A370006FF3CF02E96942EAC102DA63DA6A42F0B6
:10A380001002DA62C6B91A46DB6A43F40023D362CC
:10A39000124A136843F080631360FCF721FE044601
:10A3A0000E4B1B6813F0006F14D1FCF719FE001B55
:10A3B0000228F5D90320ABE7012E05D0074AD36A5E
:10A3C00043F40013D362E3E7044AD36A43F48013EF
:10A3D000D362DDE700209BE701207047004402586C
:10A3E000404B9B6A03F00303032B79D070B50546FD
:10A3F0000E463C4A136823F080531360FCF7F0FDCF
:10A400000446384B1B6813F0005F06D0FCF7E8FDEC
:10A41000031B022BF5D9032070BD324B9A6A22F040
:10A420007C72296842EA01529A626A68013AC2F370
:10A430000802A9680139490289B20A43E968013969
:10A44000090401F4FE010A4329690139090601F0F2
:10A45000FE410A431A64DA6A22F4406269690A43D7
:10A46000DA62DA6A22F40072A9690A43DA62DA6A05
:10A4700022F48072DA625A6C6FF3CF02E96942EA21
:10A48000C1025A64DA6A42F48072DA62C6B91A46C4
:10A49000DB6A43F48003D362124A136843F08053AB
:10A4A0001360FCF79DFD04460E4B1B6813F0005F24
:10A4B00014D1FCF795FD001B0228F5D90320ABE76A
:10A4C000012E05D0074AD36A43F08073D362E3E7D5
:10A4D000044AD36A43F40003D362DDE700209BE71C
:10A4E0000120704700440258F8B50446036813F091
:10A4F000006F30D0836EB3F5001F26D00ED8ABB1FD
:10A50000B3F5801F07D102210830FFF7E5FE0546AD
:10A5100095B12E4621E0012635461EE0B3F5401FD9
:10A5200001D1002508E00126354616E0984AD36A95
:10A5300043F40033D3620025954A136D23F440138E
:10A54000A16E0B431365002607E002212830FFF7B8
:10A5500047FF0546DCE700263546236813F4807F75
:10A5600014D0A36D042B31D8DFE803F003222908AF
:10A570000800874AD36A43F40033D3624DBB844A50
:10A58000136D23F00703A16D0B431365236813F4C8
:10A59000007F38D0E36D802B4AD01FD833B3402BD7
:10A5A00019D1002104F10800FFF796FE054622E0CC
:10A5B000002104F10800FFF78FFE0546DEE70021C9
:10A5C00004F12800FFF70CFF0546D7E701263546C2
:10A5D000DCE72E46DAE70126354614E0C02B0AD028
:10A5E000B3F5807F07D0012635460CE0684AD36A70
:10A5F00043F40033D36215BB654A136D23F4E07353
:10A60000E16D0B431365236813F4806F3CD0D4F8DD
:10A61000A830B3F5800F2FD016D8F3B1B3F5001FD3
:10A620000FD1002104F10800FFF756FE054619E09E
:10A63000002104F12800FFF7D3FE0546DBE72E4694
:10A64000E1E7012635461FE0B3F5C00F0AD0B3F5A8
:10A65000000F07D00126354616E04D4AD36A43F471
:10A660000033D3627DB94A4A936D23F46003D4F872
:10A67000A8100B43936507E0002104F12800FFF7C1
:10A68000AFFE0546EEE72E46236813F4006F2BD08D
:10A69000D4F8AC30B3F1007F53D00DD8ABB1B3F1E7
:10A6A000807F06D1002104F10800FFF715FE054662
:10A6B00010E00126354617E0B3F1407F0AD0B3F130
:10A6C000806F07D0012635460EE0314AD36A43F445
:10A6D0000033D362002D3BD12D4A936D23F0E0630C
:10A6E000D4F8AC100B439365236813F0007F13D0AC
:10A6F000E36C202B36D030D833B1102B2AD1244A2A
:10A70000D36A43F40033D3629DBB214AD36C23F058
:10A710003003E16C0B43D364236813F4805F47D0AC
:10A72000236EB3F5005F00F08D8027D893B3B3F5A7
:10A73000805F20D1002104F10800FFF7CDFD054620
:10A740002DE0002104F12800FFF74AFE0546C1E78D
:10A750002E46C9E701263546DEE7302BD4D0012648
:10A760003546D9E7022104F10800FFF7B5FD05469B
:10A77000CAE72E46D0E70126354619E0B3F5405F1B
:10A780000DD0B3F5804F0AD00126354610E000BF4A
:10A7900000440258774AD36A43F40033D362002D51
:10A7A00057D1744A136D23F4E043216E0B431365B4
:10A7B000236813F4005F17D0636EB3F5003F59D0E0
:10A7C0004CD843B1B3F5803F45D1012104F10800D5
:10A7D000FFF782FD0546002D53D1664A136D23F421
:10A7E000E023616E0B431365236813F4804F19D087
:10A7F000D4F8B030B3F1005F54D047D843B1B3F1CF
:10A80000805F40D1012104F10800FFF765FD054696
:10A81000002D4ED1574A936D23F0E043D4F8B01089
:10A820000B439365236813F4004F51D0236FB3F1AA
:10A83000805F40D0B3F1005F55D0002B40D001269F
:10A84000354645E0002104F12800FFF7C9FD054623
:10A85000A5E72E46ACE701263546C5E7B3F5802FC0
:10A86000B9D0B3F5A02FB6D0B3F5403FB3D0012691
:10A870003546B9E7012104F12800FFF7B1FD05468F
:10A88000A9E72E46B0E701263546CBE7B3F1804F66
:10A89000BED0B3F1A04FBBD0B3F1405FB8D001261A
:10A8A0003546BFE7012104F12800FFF799FD054671
:10A8B000AEE72E46B6E72F4AD36A43F40033D3629D
:10A8C000C5B92C4A136D23F04053216F0B43136518
:10A8D000236813F0807F1CD0A36C032B44D8DFE8DF
:10A8E00003F0100B3C10012104F10800FFF7F4FC09
:10A8F0000546E5E72E46EBE71E4AD36A43F40033EC
:10A90000D362A5BB1B4AD36C23F00303A16C0B439A
:10A91000D364236813F4800F2ED1236813F0010F42
:10A9200000F0A680E36F282B00F2A080DFE803F0A0
:10A930008E9E9E9E9E9E9E9E889E9E9E9E9E9E9E5D
:10A94000979E9E9E9E9E9E9E8E9E9E9E9E9E9E9E3E
:10A950008E9E9E9E9E9E9E9E8E00022104F1080069
:10A96000FFF7BAFC0546CCE701263546D1E72E466F
:10A97000CFE700BF00440258584A136843F480737D
:10A980001360FCF72DFB0746544B1B6813F4807FC4
:10A9900005D1FCF725FBC01B6428F5D90325002D44
:10A9A0004AD14F4B1B6FD4F8B420534013F4407F6F
:10A9B0000CD04B4B1A6F22F44072196F41F4803166
:10A9C0001967196F21F4803119671A67D4F8B43008
:10A9D000B3F5807F15D08DBBD4F8B43003F440724A
:10A9E000B2F5407F1ED03E4A136923F47C531361B5
:10A9F0003B490B6FD4F8B420C2F30B0213430B672F
:10AA00008BE7FCF7EDFA0746354B1B6F13F0020F8F
:10AA1000E1D1FCF7E5FAC01B41F288339842F3D943
:10AA20000325D8E72E48026922F47C522D4901EA19
:10AA3000131313430361DBE72E466EE72E466CE7E4
:10AA4000012104F10800FFF747FC0546E5B9244A57
:10AA5000536D23F03803E16F0B43536508E0012188
:10AA600004F12800FFF7BCFC0546EFE70126354658
:10AA7000236813F0020F17D0A36F052B29D8DFE846
:10AA800003F00B05210B0B0B2E46F1E7012104F11E
:10AA90000800FFF721FC0546F5B9114A536D23F074
:10AAA0000703A16F0B435365236813F0040F2CD0E9
:10AAB000D4F89430052B00F2DC80DFE803F01B159E
:10AAC000D31B1B1B012104F12800FFF789FC05465D
:10AAD000E2E701263546E7E72E46E5E7004802585B
:10AAE00000440258CFFFFF00012104F10800FFF7E6
:10AAF000F3FB0546002D40F0BF80B34A936D23F071
:10AB00000703D4F894100B439365236813F0200FC8
:10AB10001DD0D4F89030B3F1005F00F0C18000F296
:10AB2000B0804BB1B3F1805F40F0A880002104F108
:10AB30000800FFF7D1FB0546002D40F0B880A24A7F
:10AB4000536D23F0E043D4F890100B435365236812
:10AB500013F0400F1DD0D4F89C30B3F5006F00F017
:10AB6000BA8000F2A9804BB1B3F5806F40F0A180AC
:10AB7000002104F10800FFF7AFFB0546002D40F06F
:10AB8000B180914A936D23F4E053D4F89C100B43A9
:10AB90009365236813F0800F1DD0D4F8A030B3F56F
:10ABA000804F00F0B38000F2A2804BB1B3F5005F9C
:10ABB00040F09A80002104F10800FFF78DFB054664
:10ABC000002D40F0AA80804A936D23F46043D4F8AE
:10ABD000A0100B439365236813F0080F0DD0D4F831
:10ABE0008430B3F5805F00F09A80774A536D23F488
:10ABF0004053D4F884100B435365236813F0100FAF
:10AC00000DD0D4F89830B3F5807F00F092806E4A72
:10AC1000936D23F44073D4F898100B439365236825
:10AC200013F4002F00F09A80D4F8A430B3F5803FDD
:10AC300000F08980B3F5003F08D0002B40F08A80F7
:10AC4000002104F10800FFF747FB0546002D40F006
:10AC500084805D4A936D23F44033D4F8A4100B43F1
:10AC600093657BE0012104F12800FFF7B9FB05465D
:10AC700040E70126354648E72E4646E70126354699
:10AC800065E7B3F1804F3FF457AFB3F1A04F3FF406
:10AC900053AFB3F1405F3FF44FAF0126354656E75F
:10ACA000022104F12800FFF79BFB054644E72E46EE
:10ACB0004DE7012635466CE7B3F5805F3FF45EAFA4
:10ACC000B3F5A05F3FF45AAFB3F5406F3FF456AF12
:10ACD000012635465DE7022104F12800FFF780FBDD
:10ACE00005464BE72E4654E70126354673E7B3F594
:10ACF000004F3FF465AFB3F5204F3FF461AFB3F5BC
:10AD0000C04F3FF45DAF0126354664E7022104F1F0
:10AD10002800FFF765FB054652E72E465BE7022158
:10AD200004F12800FFF75CFB00283FF45EAF01262A
:10AD30005BE7022104F12800FFF752FB00283FF4F3
:10AD400066AF012663E7022104F12800FFF748FB04
:10AD500005467BE70126354600E02E46236813F4BE
:10AD6000802F18D0D4F88830B3F5001F1FD0B3F56A
:10AD7000401F07D0B3F5801F20D1134AD36A43F494
:10AD80000033D362EDB9104A536D23F44013D4F865
:10AD900088100B435365236813F4803F2CD0236D38
:10ADA000A3B1B3F5803F1FD00126354624E0012131
:10ADB00004F12800FFF714FB0546E3E701263546BA
:10ADC000E9E72E46E7E700BF00440258704AD36A1D
:10ADD00043F40033D36275B96D4AD36C23F48033E6
:10ADE000216D0B43D36407E0022104F10800FFF753
:10ADF00073FA0546EFE72E46236813F0005F11D182
:10AE0000236813F4003F28D0D4F88030B3F5807F56
:10AE100014D010D9B3F5007F15D0B3F5407F12D010
:10AE200001261AE0022104F12800FFF7D9FA0028D0
:10AE3000E6D00126E4E733B101260EE0544AD36A96
:10AE400043F40033D362002D69D1514A536D23F48A
:10AE50004073D4F880100B435365236813F4801FAC
:10AE600006D04B4A136D23F00043616F0B4313650B
:10AE7000236813F0805F07D0454A136923F48043A9
:10AE8000D4F8B8100B431361236813F4001F06D0E5
:10AE90003F4A136D23F08073E16E0B431365236803
:10AEA00013F0804F09D03A4B1A6922F400421A611C
:10AEB0001A69D4F8BC100A431A612368002B06DA19
:10AEC000334AD36C23F04053616D0B43D364236842
:10AED00013F4000F07D02E4A536D23F44003D4F827
:10AEE0008C100B435365636813F0010F19D163682D
:10AEF00013F0020F1ED1636813F0040F23D16368AF
:10AF000013F0080F28D1636813F0100F2DD1636878
:10AF100013F0200F32D106B101263046F8BD2E467F
:10AF20009BE7002104F10800FFF7D6F90028DED0E6
:10AF30000646DCE7012104F10800FFF7CDF90028FF
:10AF4000D9D00646D7E7022104F10800FFF7C4F97B
:10AF50000028D4D00646D2E7002104F12800FFF7EC
:10AF60003FFA0028CFD00646CDE7012104F12800A2
:10AF7000FFF736FA0028CAD00646C8E7022104F1D6
:10AF80002800FFF72DFA0028C5D00126C5E700BF2D
:10AF90000044025808B5FFF72FF9054B1B6AC3F3AD
:10AFA0000213044AD35C03F01F03D84008BD00BF5E
:10AFB000004402584C07050810B4794B9A6A9C6A01
:10AFC000C4F3053CD96AC1F30011DB6BC3F3CC03B6
:10AFD00001FB03F314F47C3F00F0DD8002F0030278
:10AFE00007EE903AF8EE677A012A4BD0022A00F079
:10AFF0009880002A40F0B280694B1B6813F0200F44
:10B0000023D067490A68C2F3C102664BD34007EEFA
:10B01000103AF8EE476A07EE10CAB8EE476A86EEB5
:10B02000867A8B6BC3F3080306EE903AF8EE666AF5
:10B030009FED5D6A67EE867A76EEA77AF7EE006A94
:10B0400077EEA67A27EE277A38E007EE10CAF8EEF8
:10B05000476A9FED566A86EE267A514B9B6BC3F387
:10B06000080306EE903AF8EE666A9FED4F6A67EEC7
:10B07000867A76EEA77AF7EE006A77EEA67A27EE62
:10B08000277A1BE007EE10CAF8EE476A9FED486A80
:10B0900086EE267A424B9B6BC3F3080306EE903A8A
:10B0A000F8EE666A9FED406A67EE867A76EEA77ADA
:10B0B000F7EE006A77EEA67A27EE277A384A936B86
:10B0C000C3F3462307EE903AF8EE677AF7EE006A8C
:10B0D00077EEA67A87EE276ABCEEC66A80ED006A34
:10B0E000936BC3F3064307EE903AF8EE677A77EE78
:10B0F000A67A87EE276ABCEEC66A80ED016A936B7A
:10B10000C3F3066307EE903AF8EE677A77EEA67A15
:10B11000C7EE276AFCEEE66AC0ED026A5DF8044BF2
:10B12000704707EE10CAF8EE476A9FED226A86EE76
:10B13000267A1B4B9B6BC3F3080306EE903AF8EE9E
:10B14000666A9FED196A67EE867A76EEA77AF7EE61
:10B15000006A77EEA67A27EE277AAFE707EE10CAE5
:10B16000F8EE476A9FED126A86EE267A0C4B9B6BCF
:10B17000C3F3080306EE903AF8EE666A9FED0A6A9A
:10B1800067EE867A76EEA77AF7EE006A77EEA67A11
:10B1900027EE277A92E70023036043608360BDE7D0
:10B1A000004402580090D003000000390024744C81
:10B1B0000024744A0024744B10B4794B9A6A9C6A38
:10B1C000C4F3055CD96AC1F300215B6CC3F3CC0303
:10B1D00001FB03F314F07C7F00F0DD8002F003023A
:10B1E00007EE903AF8EE677A012A4BD0022A00F077
:10B1F0009880002A40F0B280694B1B6813F0200F42
:10B2000023D067490A68C2F3C102664BD34007EEF8
:10B21000103AF8EE476A07EE10CAB8EE476A86EEB3
:10B22000867A0B6CC3F3080306EE903AF8EE666A72
:10B230009FED5D6A67EE867A76EEA77AF7EE006A92
:10B2400077EEA67A27EE277A38E007EE10CAF8EEF6
:10B25000476A9FED566A86EE267A514B1B6CC3F304
:10B26000080306EE903AF8EE666A9FED4F6A67EEC5
:10B27000867A76EEA77AF7EE006A77EEA67A27EE60
:10B28000277A1BE007EE10CAF8EE476A9FED486A7E
:10B2900086EE267A424B1B6CC3F3080306EE903A07
:10B2A000F8EE666A9FED406A67EE867A76EEA77AD8
:10B2B000F7EE006A77EEA67A27EE277A384A136C03
:10B2C000C3F3462307EE903AF8EE677AF7EE006A8A
:10B2D00077EEA67A87EE276ABCEEC66A80ED006A32
:10B2E000136CC3F3064307EE903AF8EE677A77EEF5
:10B2F000A67A87EE276ABCEEC66A80ED016A136CF7
:10B30000C3F3066307EE903AF8EE677A77EEA67A13
:10B31000C7EE276AFCEEE66AC0ED026A5DF8044BF0
:10B32000704707EE10CAF8EE476A9FED226A86EE74
:10B33000267A1B4B1B6CC3F3080306EE903AF8EE1B
:10B34000666A9FED196A67EE867A76EEA77AF7EE5F
:10B35000006A77EEA67A27EE277AAFE707EE10CAE3
:10B36000F8EE476A9FED126A86EE267A0C4B1B6C4C
:10B37000C3F3080306EE903AF8EE666A9FED0A6A98
:10B3800067EE867A76EEA77AF7EE006A77EEA67A0F
:10B3900027EE277A92E70023036043608360BDE7CE
:10B3A000004402580090D003000000390024744C7F
:10B3B0000024744A0024744B10B4794B9A6A9C6A36
:10B3C000C4F3051CD96A01F001015B6BC3F3CC0324
:10B3D00001FB03F314F47C7F00F0DD8002F0030234
:10B3E00007EE903AF8EE677A012A4BD0022A00F075
:10B3F0009880002A40F0B280694B1B6813F0200F40
:10B4000023D067490A68C2F3C102664BD34007EEF6
:10B41000103AF8EE476A07EE10CAB8EE476A86EEB1
:10B42000867A0B6BC3F3080306EE903AF8EE666A71
:10B430009FED5D6A67EE867A76EEA77AF7EE006A90
:10B4400077EEA67A27EE277A38E007EE10CAF8EEF4
:10B45000476A9FED566A86EE267A514B1B6BC3F303
:10B46000080306EE903AF8EE666A9FED4F6A67EEC3
:10B47000867A76EEA77AF7EE006A77EEA67A27EE5E
:10B48000277A1BE007EE10CAF8EE476A9FED486A7C
:10B4900086EE267A424B1B6BC3F3080306EE903A06
:10B4A000F8EE666A9FED406A67EE867A76EEA77AD6
:10B4B000F7EE006A77EEA67A27EE277A384A136B02
:10B4C000C3F3462307EE903AF8EE677AF7EE006A88
:10B4D00077EEA67A87EE276ABCEEC66A80ED006A30
:10B4E000136BC3F3064307EE903AF8EE677A77EEF4
:10B4F000A67A87EE276ABCEEC66A80ED016A136BF6
:10B50000C3F3066307EE903AF8EE677A77EEA67A11
:10B51000C7EE276AFCEEE66AC0ED026A5DF8044BEE
:10B52000704707EE10CAF8EE476A9FED226A86EE72
:10B53000267A1B4B1B6BC3F3080306EE903AF8EE1A
:10B54000666A9FED196A67EE867A76EEA77AF7EE5D
:10B55000006A77EEA67A27EE277AAFE707EE10CAE1
:10B56000F8EE476A9FED116A86EE267A0C4B1B6B4C
:10B57000C3F3080306EE903AF8EE666A9FED0A6A96
:10B5800067EE867A76EEA77AF7EE006A77EEA67A0D
:10B5900027EE277A92E70023036043608360BDE7CC
:10B5A000004402580090D003000000390024744C7D
:10B5B0000024744A0024744B00B58BB0A0F580734E
:10B5C0000B432DD0A0F500730B437CD0A0F5806316
:10B5D0000B4300F0D080A0F500630B4300F02881FE
:10B5E000A0F580530B4300F08781A0F500530B4377
:10B5F00000F0DF81A0F500230B4300F02882A0F5C6
:10B6000080330B4300F06B82A0F580430B4300F0C6
:10B610008D82A0F50040084300F0D68200200CE0A7
:10B62000934B1B6D03F00703042B00F2F782DFE856
:10B6300003F007111B0325008E480BB05DF804FBD7
:10B640008B4B186810F00070F7D007A8FFF7B4FE16
:10B650000898F2E7864B186810F00060EDD004A857
:10B66000FFF7AAFC0498E8E7814B186810F0005037
:10B67000E3D001A8FFF7A0FD0198DEE77C4AD36C78
:10B6800003F04053126812F0040F07D033B9784B1F
:10B690001B68C3F3C1037848D840CEE7744A1268E8
:10B6A00012F4807F03D0B3F1805F00F0B982704A5A
:10B6B000126812F4003F00F0B582B3F1005F00F0B1
:10B6C000B3820020B9E76A4B1B6D03F4E073802B53
:10B6D00031D015D9C02B00F0A982B3F5807F1ED1DF
:10B6E000634AD36C03F04053126812F0040F2DD05C
:10B6F00063BB5F4B1B68C3F3C1035F48D8409CE743
:10B700007BB1402B09D15A4B186810F0006094D0DF
:10B7100004A8FFF751FC04988FE700208DE7002074
:10B720008BE7534B186810F0007086D007A8FFF71E
:10B7300043FE089881E74E4B186810F000503FF424
:10B740007CAF01A8FFF738FD019876E7484A1268F8
:10B7500012F4807F03D0B3F1805F00F06982444A25
:10B76000126812F4003F00F06582B3F1005F00F050
:10B770006382002061E73E4B9B6D03F46003B3F5E9
:10B78000800F35D016D9B3F5C00F00F05782B3F54E
:10B79000000F20D1364AD36C03F04053126812F0E8
:10B7A000040F30D07BBB324B1B68C3F3C10332485C
:10B7B000D84042E78BB1B3F5001F0AD12C4B186873
:10B7C00010F000603FF439AF04A8FFF7F5FB0498D0
:10B7D00033E7002031E700202FE7254B186810F0F1
:10B7E00000703FF42AAF07A8FFF7E6FD089824E7AA
:10B7F0001F4B186810F000503FF41FAF01A8FFF76F
:10B80000DBFC019819E71A4A126812F4807F03D012
:10B81000B3F1805F00F01482154A126812F4003F01
:10B8200000F01082B3F1005F00F00E82002004E708
:10B830000F4B9B6D03F0E063B3F1007F3CD01DD94B
:10B84000B3F1407F00F00282B3F1806F27D1084A44
:10B85000D36C03F04053126812F0040F37D0002B62
:10B8600035D1034B1B68C3F3C1030348D840E4E65A
:10B87000004402580080BB000090D0038BB1B3F1AC
:10B88000807F0AD19A4B186810F000603FF4D5AE63
:10B8900004A8FFF791FB0498CFE60020CDE6002036
:10B8A000CBE6934B186810F000703FF4C6AE07A8C3
:10B8B000FFF782FD0898C0E68D4B186810F0005025
:10B8C0003FF4BBAE01A8FFF777FC0198B5E6884AC4
:10B8D000126812F4807F03D0B3F1805F00F0B8816A
:10B8E000834A126812F4003F00F0B481B3F1005FA4
:10B8F00000F0B2810020A0E67D4B1B6D03F4E04315
:10B90000B3F5005F35D016D9B3F5405F00F0A681DE
:10B91000B3F5804F20D1764AD36C03F040531268C0
:10B9200012F0040F30D07BBB714B1B68C3F3C10313
:10B930007048D84081E68BB1B3F5805F0AD16C4B7B
:10B94000186810F000603FF478AE04A8FFF734FBED
:10B95000049872E6002070E600206EE6644B1868DA
:10B9600010F000703FF469AE07A8FFF725FD0898B6
:10B9700063E65F4B186810F000503FF45EAE01A81C
:10B98000FFF71AFC019858E6594A126812F4807FB2
:10B9900003D0B3F1805F00F06381554A126812F45E
:10B9A000003F00F05F81B3F1005F00F05D81002097
:10B9B00043E64F4B1B6D03F4E023B3F5403F32D019
:10B9C0000BD8B3F5803F18D0B3F5003F20D013B9A2
:10B9D000FEF734FC31E600202FE6B3F5802F2ED0A1
:10B9E000B3F5A02F07D1424B186810F400303FF494
:10B9F00024AE414821E600201FE63D4B186810F0B8
:10BA000000603FF41AAE04A8FFF7D6FA059814E6D2
:10BA1000374B186810F000503FF40FAE01A8FFF745
:10BA2000CBFB029809E6324B186810F004003FF493
:10BA300004AE1B68C3F3C1032E48D840FDE52C4B70
:10BA4000186810F480703FF4F8AD2C48F5E5284BE9
:10BA50009B6D03F44033B3F5803F10D0B3F5003F46
:10BA600018D0002B40F00281214B186810F00060C4
:10BA70003FF4E3AD04A8FFF79FFA0498DDE51C4B03
:10BA8000186810F000503FF4D8AD01A8FFF794FB00
:10BA90000398D2E5164AD36C03F04053126812F0B3
:10BAA000040F07D033B9124B1B68C3F3C10311480D
:10BAB000D840C2E50E4A126812F4807F03D0B3F179
:10BAC000805F00F0D5800A4A126812F4003F00F04F
:10BAD000D180B3F1005F00F0CF800020ADE5044BD2
:10BAE000DB6C13F480330BD0ABB90020A5E500BFAD
:10BAF000004402580090D0030024F40000093D00E7
:10BB00005F4B186810F000703FF497AD07A8FFF77F
:10BB100053FC089891E55A4B186810F000603FF408
:10BB20008CAD04A8FFF748FA069886E5544B9B6D48
:10BB300003F0E043B3F1405F32D00BD8B3F1805F44
:10BB400018D0B3F1005F20D013B9FFF723FA74E5E2
:10BB5000002072E5B3F1804F2ED0B3F1A04F07D192
:10BB6000474B186810F400303FF467AD454864E572
:10BB7000002062E5424B186810F000603FF45DADB4
:10BB800004A8FFF719FA059857E53D4B186810F01F
:10BB900000503FF452AD01A8FFF70EFB02984CE5B0
:10BBA000374B186810F004003FF447AD1B68C3F32F
:10BBB000C1033548D84040E5314B186810F4807017
:10BBC0003FF43BAD314838E52D4B1B6D03F040533E
:10BBD000B3F1805F0CD0B3F1005F14D0002B4DD1D6
:10BBE000274B186810F400303FF427AD254824E5B2
:10BBF000234B186810F000703FF41FAD07A8FFF743
:10BC0000DBFB089819E51E4B186810F000603FF444
:10BC100014AD04A8FFF7D0F905980EE500200CE557
:10BC20001A480AE5002008E5164806E5184804E524
:10BC3000164802E5002000E51248FEE41448FCE442
:10BC40001248FAE40020F8E40E48F6E41048F4E460
:10BC50000E48F2E40020F0E40A48EEE40C48ECE47C
:10BC60000A48EAE40020E8E40648E6E40020E4E4C8
:10BC70000648E2E40020E0E40248DEE40020DCE4E0
:10BC8000004402580024F4000090D00300093D0055
:10BC90000080BB0038B5044603680A4ADA60FBF747
:10BCA0009FF905462368DB6813F0200F07D1FBF7E7
:10BCB00097F9401BB0F57A7FF4D9032000E000200B
:10BCC00038BD00BF5FFF030070B50368DA6812F08B
:10BCD000400F02D00025284670BD04464FF0FF32C9
:10BCE000DA60FBF77DF9064600252368DB6813F070
:10BCF000400FF0D1032DEED0FBF772F9831BB3F5A3
:10BD00007A7FF2D9032584F82150EEE710B5044676
:10BD1000104BDA6822F08002DA609B6813F0200F83
:10BD200006D1FFF7B7FF98B1032084F821000FE098
:10BD3000084A936823F020039360FFF7ABFF10B12C
:10BD4000032084F82100034A936843F020039360A2
:10BD500010BD00BF0040005800284BD038B5044645
:10BD600090F8213063B1022384F821302368DA6827
:10BD700012F0100F09D00020012384F8213038BDC3
:10BD800080F82030FAF78CFBEDE7CA225A6223686C
:10BD900053225A622046FFF797FF28B12368FF22FB
:10BDA0005A620028EBD1E7E722689168124B0B40FA
:10BDB000936021688A68636820690343A06903432C
:10BDC00013438B60A168E368226843EA014313616F
:10BDD0002046FFF79BFF0028E0D12268D36C23F0B8
:10BDE0000303D3642168CB6CE26965692A4313437A
:10BDF000CB64D3E701207047BFFF8FFF002302E031
:10BE000001330A38C0B20928FAD81B01DBB2184343
:10BE10007047000090F82030012B5BD070B50446CD
:10BE20000D461646012380F82030022380F8213089
:10BE30000368CA225A62036853225A62FFF744FF1A
:10BE400058BB002E34D123689B6813F0400F01D1FA
:10BE50000023EB702878FFF7D1FF06046878FFF71E
:10BE6000CDFF46EA0026A878FFF7C8FF3043EB78FD
:10BE700040EA83502268184B03401360226893689D
:10BE800023F48023936021688B68EA682869024361
:10BE900013438B602046FFF739FF2368FF225A6265
:10BEA00010B9012384F82130002384F8203070BDBC
:10BEB00023689B6813F0400F01D10023EB702B78AF
:10BEC0006878000240EA0340AB781843EB7840EA18
:10BED0008350CFE7022070477F7F7F0090F82030AB
:10BEE000012B49D070B504460E46012380F820305E
:10BEF000022380F82130F2B1CB784D782D0245EA4B
:10BF000003458B781D430B7845EA43352368CA22E5
:10BF10005A62236853225A622046FFF7D5FE18B3AF
:10BF20002368FF225A6210B9012384F821300023CC
:10BF300084F8203070BD4B7813F0100F03D003F05D
:10BF4000EF030A334B70F078FFF758FF0504707861
:10BF5000FFF754FF45EA0025B078FFF74FFF054390
:10BF6000337845EA4335D1E72268044B2B405360D0
:10BF70002046FFF7CBFED3E7022070473FFFFF00CC
:10BF8000F8B590F82030012B00F0BD8004460E4635
:10BF9000012380F82030022380F82130002A55D177
:10BFA00003689B6813F0400F01D10023CB703078F9
:10BFB000FFF724FF05047078FFF720FF45EA00250E
:10BFC000B078FFF71BFF0543F37845EA835596F8F1
:10BFD0002000FFF713FF45EA0065F3691D4373690D
:10BFE0001D437768B3691F432368CA225A622368D6
:10BFF00053225A62736AB3F5807F41D022689368F6
:10C0000023F4007393602268D368DBB263F4207377
:10C01000D3602268936823F400539360FAF7E0FF3B
:10C0200006462368DA6812F0020F5AD1FAF7D8FFF1
:10C03000801BB0F57A7FF4D92368FF225A6203206F
:10C0400084F82100002384F820305BE003689B68BB
:10C0500013F0400F01D10023CB70337875782D0297
:10C0600045EA0345B3781D43F37845EA835596F8CE
:10C07000203045EA0365F3691D4373691D43B0E74A
:10C080002268936823F4807393602268D368DBB2DC
:10C0900063F4C073D3602268936823F48053936081
:10C0A000FAF79EFF06462368DA6812F0010F0FD1F7
:10C0B000FAF796FF801BB0F57A7FF4D92368FF2248
:10C0C0005A62032084F82100002384F8203019E00C
:10C0D000DD6123685F642268936843F48073936032
:10C0E00007E01D6223689F642268936843F400732D
:10C0F00093602368FF225A62012384F821300020D4
:10C1000084F82000F8BD0220FCE7030903EB830359
:10C1100000F00F0000EB4300C0B2704770B5036839
:10C120009B6A4B6003681B69C3F30E038B60036853
:10C130001B68C3F305400870C3F306264E7003F076
:10C140007F058D70C3F38053CB705AB90C46FFF74F
:10C15000DCFF20703046FFF7D8FF60702846FFF7FD
:10C16000D4FFA070002070BD70B503685B68C3F396
:10C170000740C870C3F304264E7003F03F058D706E
:10C18000C3F342330B705AB90C46FFF7BEFFE070A1
:10C190003046FFF7BAFF60702846FFF7B6FFA07081
:10C1A000002070BD0368503343F8212070470368B6
:10C1B000503353F8210070477047000090F83D302D
:10C1C000DBB2012B3AD1022380F83D300268D368FC
:10C1D00043F00103D36003681A4AB3F1804F18BFDC
:10C1E00093421DD0A2F57C42934219D002F58062A1
:10C1F000934215D002F58062934211D002F5784245
:10C2000093420DD0A2F56C42934209D002F59432CC
:10C21000934205D01A6842F001021A60002070476C
:10C220009968094A0A40062A18BFB2F5803F07D02C
:10C230001A6842F001021A6000207047012070471E
:10C240000020704700000140070001007047704760
:10C250007047704770B504460368DE681D6915F0C5
:10C26000020F10D016F0020F0DD06FF002021A610B
:10C270000123037703689B6913F0030F64D0FFF772
:10C28000E6FF0023237715F0040F12D016F0040FF9
:10C290000FD023686FF004021A610223237723680A
:10C2A0009B6913F4407F55D02046FFF7D0FF002351
:10C2B000237715F0080F12D016F0080F0FD023685F
:10C2C0006FF008021A61042323772368DB6913F0F7
:10C2D000030F46D02046FFF7BAFF0023237715F05F
:10C2E000100F12D016F0100F0FD023686FF010024D
:10C2F0001A61082323772368DB6913F4407F37D062
:10C300002046FFF7A4FF0023237715F0010F02D08A
:10C3100016F0010F33D115F4025F02D016F0800F32
:10C3200035D115F4807F02D016F0800F37D115F08B
:10C33000400F02D016F0400F39D115F0200F02D077
:10C3400016F0200F3BD170BDFFF780FF2046FFF7AE
:10C350007FFF96E72046FFF779FF2046FFF778FF3B
:10C36000A5E72046FFF772FF2046FFF771FFB4E70D
:10C370002046FFF76BFF2046FFF76AFFC3E72368FD
:10C380006FF001021A612046F7F72AFFC3E723681E
:10C390006FF402521A61204600F0D5F8C1E7236815
:10C3A0006FF480721A61204600F0CEF8BFE7236870
:10C3B0006FF040021A612046FFF74BFFBDE723688C
:10C3C0006FF020021A61204600F0BCF8BBE70000C5
:10C3D00030B503683D4A904214BF4FF0000E4FF055
:10C3E000010EB0F1804F14BF72464EF00102AAB99F
:10C3F000374CA04214BF00240124364DA8420DD072
:10C4000064B904F1804404F58234A04214BF0024CE
:10C41000012405F50065A84200D01CB123F070038B
:10C420004C68234312BB2A4A904214BF00220122C7
:10C43000284CA0421AD0CAB902F1804202F58232D9
:10C44000904214BF0022012204F50064A0420DD0E6
:10C4500062B9214A904214BF0022012204F59A34A5
:10C46000A04203D012B91D4A904204D123F4407C6B
:10C47000CB6843EA0C0323F080034A69134303604B
:10C480008A68C2620A688262154A904214BF734683
:10C490004EF0010363B9104B984214BF00230123EF
:10C4A00002F57052904203D013B90C4B984201D15F
:10C4B0000B69036301234361036913F0010F03D088
:10C4C000036923F00103036130BD00BF0000014098
:10C4D00000080040000400400044014000480140C2
:10C4E0000004014060B310B5044690F83D3013B32A
:10C4F000022384F83D30214651F8040BFFF768FF12
:10C50000012384F8483084F83E3084F83F3084F8C2
:10C51000403084F8413084F8423084F8433084F865
:10C52000443084F8453084F8463084F8473084F845
:10C530003D30002010BD80F83C30FFF73DFED7E7CE
:10C54000012070477047704770470000026852E84A
:10C55000003F23F4907342E800310029F6D10268CD
:10C5600002F1080353E8001F0D4B0B40083242E86C
:10C5700000310029F3D1C36E012B06D02023C0F86F
:10C580008C300023C36643677047026852E8003F5F
:10C5900023F0100342E800310029F6D1EEE700BF96
:10C5A000FEFFFFEF704708B5026852E8003F23F036
:10C5B000400342E800310029F6D12023C0F888303A
:10C5C00000238367FFF7EEFF08BD704708B5806B57
:10C5D0000023A0F85E30A0F85630FFF7F6FF08BD44
:10C5E0007047000070B504460268D369106891680E
:10C5F00040F60F0C13EA0C0F0DD113F0200F10D0E2
:10C6000010F0200F02D111F0805F0AD0636F93B356
:10C61000204698472FE0884D0D402DD1874E30425F
:10C620002AD1E56E012D00F0C08013F4801F03D0E5
:10C6300011F4800F40F0948113F0800F07D010F0B8
:10C64000800F40F0948111F4000F40F0908113F0BE
:10C65000400F03D010F0400F40F0908113F4000F12
:10C6600003D010F0804F40F08D8113F0807F02D016
:10C670000028C0F28B8170BD13F0010F09D010F4B7
:10C68000807F06D001261662D4F890203243C4F889
:10C69000902013F0020F0BD011F0010F08D0226888
:10C6A00002261662D4F8902042F00402C4F89020CA
:10C6B00013F0040F0BD011F0010F08D022680426EC
:10C6C0001662D4F8902042F00202C4F8902013F0D1
:10C6D000080F0BD010F0200F00D13DB122680825C3
:10C6E0001562D4F890202A43C4F8902013F4006F08
:10C6F0000CD010F0806F09D022684FF400651562ED
:10C70000D4F8902042F02002C4F89020D4F8902071
:10C71000002AB0D013F0200F09D010F0200F02D162
:10C7200011F0805F03D0636F0BB120469847D4F8B7
:10C73000902023689B6813F0400F02D112F0280F5D
:10C740002CD02046FFF702FF23689B6813F0400FB0
:10C7500020D0226802F1080353E8003F23F0400391
:10C76000083242E800310029F3D1D4F880306BB1AF
:10C77000334A1A65D4F88000FBF790FF00283FF495
:10C780007AAFD4F88000036D984774E72046FFF72E
:10C790001CFF70E72046FFF718FF6CE72046FFF705
:10C7A00014FF0023C4F8903065E713F0100F3FF436
:10C7B0003CAF10F0100F3FF438AF10231362236822
:10C7C0009B6813F0400F00F09180D4F8802013682C
:10C7D0001C481D498B4218BF834237D018318B4209
:10C7E00034D018318B4231D018318B422ED01831D1
:10C7F0008B422BD018318B4228D018318B4225D058
:10C8000001F556718B4221D018318B421ED0183160
:10C810008B421BD018318B4218D018318B4215D067
:10C8200018318B4212D018318B420FD018318B4205
:10C830000CD05B689BB20BE00100001020010004EB
:10C84000CDC5030810000240280002405B689BB27F
:10C85000002B3FF410AFB4F85C1099427FF60BAF99
:10C86000A4F85E30D369B3F5807F32D0226852E8F5
:10C87000003F23F4807342E800310029F6D122689A
:10C8800002F1080353E8003F23F00103083242E8B5
:10C8900000310029F3D1226802F1080353E8003F78
:10C8A00023F04003083242E800310029F3D120236D
:10C8B000C4F88C300023E366226852E8003F23F07E
:10C8C000100342E800310029F6D1D4F88000FBF7CC
:10C8D00045FD02232367B4F85C10B4F85E309BB2C8
:10C8E000C91A89B22046FFF77BFEC4E6B4F85C1093
:10C8F000B4F85E309BB2C91A89B2B4F85E309BB20C
:10C90000002B3FF4B8AE00293FF4B5AE226852E8E0
:10C91000003F23F4907342E800300028F6D12268EB
:10C9200002F1080353E8000F1A4B0340083242E8B3
:10C9300000300028F3D12023C4F88C300023E366B4
:10C940006367226852E8003F23F0100342E800309A
:10C950000028F6D1022323672046FFF741FE8AE62E
:10C960004FF480131362204601F08CF883E6A36F26
:10C97000002B3FF480AE204698477CE62046FFF728
:10C9800012FE78E6204601F07FF874E6204601F0BA
:10C990007AF870E6FEFFFFEF08B5B0F86030D0F827
:10C9A0008C20222A05D00268936943F00803936122
:10C9B00008BD0268516ADBB2826D0B401370836D53
:10C9C00001338365B0F85E309BB2013B9BB2A0F8A7
:10C9D0005E30B0F85E309BB2002BE9D1026852E8BD
:10C9E000003F23F4907342E800310029F6D1026839
:10C9F00002F1080353E8003F23F00103083242E844
:10CA000000310029F3D12023C0F88C300023436784
:10CA100003670368164A93420CD05B6813F4000F57
:10CA200008D0026852E8003F23F0806342E80031FA
:10CA30000029F6D1C36E012B16D10023C36602680C
:10CA400052E8003F23F0100342E800310029F6D1FC
:10CA50000368DA6912F0100F01D010221A62B0F8E0
:10CA60005C10FFF7BDFDA3E7F9F7D2FFA0E700BF19
:10CA7000000C005808B5B0F86020D0F88C30222B9C
:10CA800005D00268936943F00803936108BD036809
:10CA90005B6A816D13400B80836D02338365B0F850
:10CAA0005E309BB2013B9BB2A0F85E30B0F85E30C6
:10CAB0009BB2002BEAD1026852E8003F23F4907346
:10CAC00042E800310029F6D1026802F1080353E878
:10CAD000003F23F00103083242E800310029F3D17E
:10CAE0002023C0F88C300023436703670368164A8D
:10CAF00093420CD05B6813F4000F08D0026852E830
:10CB0000003F23F0806342E800310029F6D1C36E74
:10CB1000012B16D10023C366026852E8003F23F0C0
:10CB2000100342E800310029F6D10368DA6912F0F7
:10CB3000100F01D010221A62B0F85C10FFF750FD00
:10CB4000A4E7F9F765FFA1E7000C00582DE9F843C9
:10CB5000B0F860600368DD69D3F80090D3F808800E
:10CB6000D0F88C20222A05D09A6942F008029A61F6
:10CB7000BDE8F8830446B0F8687008E0D4F8903057
:10CB8000002B4CD1B4F85E309BB2002B4ED0002F5E
:10CB900000F0988015F0200F00F094802368596A07
:10CBA000F3B2A26D0B401370A36D0133A365B4F80B
:10CBB0005E309BB2013B9BB2A4F85E302368DD6916
:10CBC00015F0070FDED015F0010F09D019F4807FA2
:10CBD00006D001221A62D4F890301343C4F8903082
:10CBE00015F0020F0BD018F0010F08D023680222B5
:10CBF0001A62D4F8903043F00403C4F8903015F072
:10CC0000040FBBD018F0010FB8D0236804221A62B9
:10CC1000D4F8903043F00203C4F89030AEE72046D9
:10CC2000FFF7D3FC0023C4F89030ABE7226852E84A
:10CC3000003F23F4807342E800310029F6D12268D6
:10CC400002F1080353E8001F304B0B40083242E862
:10CC500000310029F3D12023C4F88C30002363670E
:10CC6000236723682A4A934203D05B6813F4000FBA
:10CC700006D1E36E012B0DD02046F9F7C9FE86E7F9
:10CC8000226852E8003F23F0806342E80031002927
:10CC9000F6D1EEE70023E366226852E8003F23F076
:10CCA000100342E800310029F6D12368DA6912F056
:10CCB000100F01D010221A62B4F85C102046FFF762
:10CCC0008FFC64E7B4F85E309BB2002B3FF450AFAA
:10CCD000B4F868209A427FF64BAF226802F108034D
:10CCE00053E8003F23F08053083242E80031002926
:10CCF000F3D1084B6367226852E8003F43F02003FA
:10CD000042E800310029F6D132E700BFFEFFFFEF15
:10CD1000000C005899C903082DE9F843B0F8606089
:10CD20000368DD69D3F80090D3F80880D0F88C2030
:10CD3000222A05D09A6942F008029A61BDE8F88378
:10CD40000446B0F8687008E0D4F89030002B4BD15E
:10CD5000B4F85E309BB2002B4DD0002F00F09780CE
:10CD600015F0200F00F0938023685B6AA26D3340BA
:10CD70001380A36D0233A365B4F85E309BB2013B10
:10CD80009BB2A4F85E302368DD6915F0070FDFD091
:10CD900015F0010F09D019F4807F06D001221A6224
:10CDA000D4F890301343C4F8903015F0020F0BD034
:10CDB00018F0010F08D0236802221A62D4F89030CC
:10CDC00043F00403C4F8903015F0040FBCD018F001
:10CDD000010FB9D0236804221A62D4F8903043F0CE
:10CDE0000203C4F89030AFE72046FFF7EEFB0023C4
:10CDF000C4F89030ACE7226852E8003F23F4807317
:10CE000042E800310029F6D1226802F1080353E814
:10CE1000001F304B0B40083242E800310029F3D1AB
:10CE20002023C4F88C3000236367236723682A4AD1
:10CE3000934203D05B6813F4000F06D1E36E012B1D
:10CE40000DD02046F9F7E4FD87E7226852E8003F5D
:10CE500023F0806342E800310029F6D1EEE7002399
:10CE6000E366226852E8003F23F0100342E80031F5
:10CE70000029F6D12368DA6912F0100F01D01022D0
:10CE80001A62B4F85C102046FFF7AAFB65E7B4F815
:10CE90005E309BB2002B3FF451AFB4F868209A4249
:10CEA0007FF64CAF226802F1080353E8003F23F0FD
:10CEB0008053083242E800310029F3D1074B636701
:10CEC000226852E8003F43F0200342E80031002985
:10CED000F6D133E7FEFFFFEF000C005875CA0308D8
:10CEE0000268044B9A4204D0536903F07F4319430C
:10CEF00051617047000C00580368114A934219D0E1
:10CF0000D0F88820202A17D190F88420012A15D043
:10CF1000012280F884202422C0F888205A6842F434
:10CF200000025A602023C0F88830002380F8843043
:10CF30001846704701207047022070470220704752
:10CF4000000C005870B586B004468368026913432C
:10CF500042691343C269134301680868884A024062
:10CF60001A430A602268536823F44053E1680B4374
:10CF70005360A1692268834B9A4201D0236A194306
:10CF80009068814B03400B4393602268D36A23F07F
:10CF90000F03616A0B43D36223687C4A934221D01A
:10CFA0007B4A934200F08C807A4A934200F0A28040
:10CFB000794A934200F0B580784A934200F0C880E5
:10CFC000774A934200F0F480764A934200F0198148
:10CFD000754A934200F02C816A4A934200F03F81E7
:10CFE000802233E0714A526D02F03802282A65D857
:10CFF000DFE812F02900640064006400640064004B
:10D00000640064004D016400640064006400640016
:10D01000640064002B006400640064006400640029
:10D02000640064005E0064006400640064006400E6
:10D0300064006400600064006400640064006400D4
:10D04000640064006200012200E008224D498B4226
:10D0500000F02F81E069B0F5004F00F0AF81202A89
:10D0600000F20682202A00F25382DFE812F0080262
:10D0700022025102510225025102510251022A029A
:10D0800051025102510251025102510251022F022A
:10D0900051025102510251025102510251025102F8
:10D0A00051025102510251025102510251023B02FE
:10D0B0001022CBE72022C9E74022C7E78022C5E73C
:10D0C0003A4A526D02F00702052A11D8DFE812F041
:10D0D0000600E10008000A000C000E000022B5E77F
:10D0E0000822B3E71022B1E72022AFE74022ADE7E4
:10D0F0008022ABE72D4A526D02F00702052A0ED8B6
:10D10000DFE802F003C90507090B00229EE70822A9
:10D110009CE710229AE7202298E7402296E7802297
:10D1200094E7224A526D02F00702052A0ED8DFE882
:10D1300002F003B40507090B002287E7082285E700
:10D14000102283E7202281E740227FE780227DE7CB
:10D15000164A526D02F00702052A0ED8DFE802F0E7
:10D16000039F0507090B002270E708226EE71022D3
:10D170006CE720226AE7402268E7802266E700BF6A
:10D18000F369FFCF000C0058FFF4FF1100100140BD
:10D190000044004000480040004C00400050004067
:10D1A0000014014000780040007C00400044025818
:10D1B0007D4A526D02F03802282A20D8DFE802F0BA
:10D1C000151F1F1F1F1F1F1F711F1F1F1F1F1F1F27
:10D1D000171F1F1F1F1F1F1F191F1F1F1F1F1F1F6D
:10D1E0001B1F1F1F1F1F1F1F1D0001222EE70822CC
:10D1F0002CE710222AE7202228E7402226E7802277
:10D2000024E7694A526D02F00702052A0ED8DFE8CA
:10D2100002F0034A0507090B002217E7082215E769
:10D22000102213E7202211E740220FE780220DE7AA
:10D230005D4A526D02F00702052A0ED8DFE802F0BF
:10D2400003350507090B002200E70822FEE610223D
:10D25000FCE62022FAE64022F8E68022F6E602F515
:10D260000E32926D02F00702052A0ED8DFE802F0B6
:10D27000031F0507090B0222E8E60822E6E6102252
:10D28000E4E62022E2E64022E0E68022DEE6042216
:10D29000DCE60422DAE60422D8E60422D6E60422FA
:10D2A000D4E60422D2E60422D0E60422CEE604220A
:10D2B000CCE6202A27D8022AC0F01881023A1E2A7A
:10D2C00000F21681DFE812F0260014015600140166
:10D2D000140114015B001401140114011401140160
:10D2E000140114016000140114011401140114014B
:10D2F0001401140114011401140114011401140186
:10D30000140114016C00402A02D14FF4004006E0E1
:10D310000120FEE0FDF73EFE002800F0EB80626A8F
:10D32000224B33F81220B0FBF2F3656805EB4501A0
:10D33000994200F2E180B3EB053F00F2DF80002666
:10D3400033463146E3F740FA090241EA1061000230
:10D350006B08C0182A46334641F10001E3F734FA5E
:10D36000A0F54072124B9A4200F2CA802368D8603E
:10D370003046CEE003A8FDF71FFE0498CCE76846D0
:10D38000FDF71AFF0198C7E7074B1B6813F0200F42
:10D3900008D0054B1B68C3F3C1030648D840BEE75D
:10D3A0000548BCE70348BAE7004402585C07050893
:10D3B000FFFC0F000090D00300093D00202A15D883
:10D3C000202A00F29F80DFE802F015369D9D399DEE
:10D3D0009D9D3E9D9D9D9D9D9D9D439D9D9D9D9D36
:10D3E0009D9D9D9D9D9D9D9D9D9D4F00402A06D08C
:10D3F00001208EE0FCF722FF002800F08580626AA1
:10D400004B4B33F81230B0FBF3F06268530803EB78
:10D410004003B3FBF2F3A3F110014FF6EF72914218
:10D4200074D89AB222F00F02C3F342031343226866
:10D43000D36000206DE0FCF713FFDDE703A8FDF7E4
:10D44000BBFD0498D8E76846FDF7B6FE0198D3E720
:10D45000384B1B6813F0200F08D0364B1B68C3F302
:10D46000C1033548D840CAE73448C8E73248C6E760
:10D47000402A02D14FF4004005E0012049E0FCF7CA
:10D48000DDFE00284FD0626A294B33F81230B0FB22
:10D49000F3F0636800EB5300B0FBF3F0A0F110026F
:10D4A0004FF6EF739A4240D8236880B2D8600020CC
:10D4B0002FE0FCF7D5FEE4E703A8FDF77DFD049817
:10D4C000DFE76846FDF778FE0198DAE7194B1B683D
:10D4D00013F0200F08D0174B1B68C3F3C103164885
:10D4E000D840D0E71548CEE71348CCE7012010E03C
:10D4F00001200EE000200CE001200AE0012008E0FD
:10D50000012006E0012004E0002002E0012000E00C
:10D5100001200123A4F86A30A4F86830002363676F
:10D52000A36706B070BD0020F3E70120F1E700BF5C
:10D530005C070508004402580090D00300093D0034
:10D54000836A13F0080F06D00268536823F400437F
:10D55000816B0B435360836A13F0010F06D002689E
:10D56000536823F40033C16A0B435360836A13F09A
:10D57000020F06D00268536823F48033016B0B431B
:10D580005360836A13F0040F06D00268536823F4D3
:10D590008023416B0B435360836A13F0100F06D056
:10D5A0000268936823F48053C16B0B439360836AD2
:10D5B00013F0200F06D00268936823F40053016C27
:10D5C0000B439360836A13F0400F0AD002685368DC
:10D5D00023F48013416C0B435360436CB3F5801FFD
:10D5E0000BD0836A13F0800F06D00268536823F4CF
:10D5F0000023C16C0B43536070470268536823F4E7
:10D60000C003816C0B435360EBE72DE9F8430546FB
:10D610000E4617469946DDF820802B68DC6936EA0D
:10D6200004040CBF01240024BC423AD1B8F1FF3FEE
:10D63000F3D0F9F7D5FCA0EB0900404534D8B8F198
:10D64000000F33D02B681A6812F0040FE5D0B6F142
:10D65000400218BF0122802EDFD0002ADDD0DA6917
:10D6600012F0080F11D1DA6912F4006FD5D04FF41F
:10D6700000621A622846FEF769FF2023C5F8903041
:10D68000002385F8843003200CE008241C6228461F
:10D69000FEF75CFFC5F89040002385F88430012038
:10D6A00000E00020BDE8F8830320FBE70320F9E752
:10D6B0002DE9F04182B01E46D0F88830202B5BD196
:10D6C00004460D469046002A18BF002901D10120CA
:10D6D00053E00023C0F890302123C0F88830F9F7D8
:10D6E0007FFC0746A4F85480A4F85680A368B3F5DD
:10D6F000805F02D04FF0000816E0236943B34FF07B
:10D70000000811E02023C4F88830032035E038F801
:10D71000023B2268C3F308039362B4F8562092B226
:10D72000013A92B2A4F85620B4F856309BB293B1A5
:10D7300000963B46002280212046FFF766FF002826
:10D74000E0D1002DE3D015F8012B23689A62E4E7BD
:10D75000A8460025E8E700963B46002240212046E7
:10D76000FFF753FF18B92023C4F8883005E02023C1
:10D77000C4F88830032000E0022002B0BDE8F08148
:10D7800030B583B004460023C0F89030F9F728FC88
:10D7900005462268126812F0080F10D123681B6832
:10D7A00013F0040F28D12023C4F88830C4F88C303B
:10D7B0000020E066206784F8840003B030BD6FF07D
:10D7C0007E430093034600224FF400112046FFF7EA
:10D7D0001CFF0028E2D0226852E8003F23F08003BB
:10D7E00042E800310029F6D12023C4F88830002314
:10D7F00084F884300320E0E76FF07E4300932B46EB
:10D8000000224FF480012046FFF7FFFE0028CAD017
:10D81000226852E8003F23F4907342E80031002967
:10D82000F6D1226802F1080353E8003F23F0010318
:10D83000083242E800310029F3D12023C4F88C30AB
:10D84000002384F884300320B7E778B310B504468A
:10D85000D0F888300BB32423C4F8883022681368CA
:10D8600023F001031360A36AE3B92046FFF76AFBC4
:10D87000012811D02268536823F490435360226832
:10D88000936823F02A0393602268136843F001032E
:10D8900013602046FFF774FF10BD80F88430F8F75E
:10D8A00027FED8E72046FFF74BFEDEE70120704752
:10D8B00010B48165A0F85C20A0F85E2000234367C7
:10D8C0008368B3F5805F06D0A3B9036973B9FF23FA
:10D8D000A0F8603014E0036923B940F2FF13A0F808
:10D8E00060300DE0FF23A0F8603009E07F23A0F84E
:10D8F000603005E0B3F1805F2ED00023A0F86030E7
:10D900000023C0F890302223C0F88C30016801F168
:10D91000080353E8003F43F00103083141E80034B5
:10D92000002CF3D1436EB3F1005F1FD08368B3F5D1
:10D93000805F43D0294B43670369002B44D00268C2
:10D9400052E8003F43F4907342E800310029F6D1D9
:10D9500000205DF8044B704703691BB97F23A0F8D2
:10D960006030CDE73F23A0F86030C9E7B0F86830F9
:10D970009342DBD88368B3F5805F19D0184B4367B7
:10D98000036943B1026852E8003F43F4807342E800
:10D9900000310029F6D1026802F1080353E8003F84
:10D9A00043F08053083242E800310029F3D1CFE739
:10D9B0000369002BE2D10B4B4367E1E70369002BBE
:10D9C000B8D1094B4367B7E7026852E8003F43F01C
:10D9D000200342E800310029F6D1B9E799C90308CC
:10D9E0004DCB030819CD030875CA030838B5D0F824
:10D9F0008C30202B19D1002A18BF002917D0002302
:10DA0000C36603680B4CA3420CD05B6813F4000F91
:10DA100008D0046854E8003F43F0806344E80035D0
:10DA2000002DF6D1FFF744FF00E0022038BD0120B1
:10DA3000FCE700BF000C0058436E2BB90123A0F88F
:10DA40006A30A0F86830704730B403689A68C2F34F
:10DA500042629968490F094D6B5C1B01084C615C7F
:10DA600093FBF1F3A0F86A30AB5C1B01A25C93FB63
:10DA7000F2F3A0F8683030BC704700BF7C0705089F
:10DA80007407050870477047704790F88430012B81
:10DA900018D0012380F884302423C0F8883003682C
:10DAA0001A68196821F00101196022F00052002360
:10DAB000436601680A602022C0F8882080F884301C
:10DAC000184670470220704738B590F88430012B13
:10DAD0001DD00446012380F884302423C0F8883008
:10DAE00003681D681A6822F001021A6002689368D0
:10DAF00023F0604319439160FFF79EFF23681D6088
:10DB00002023C4F88830002084F8840038BD022027
:10DB1000FCE738B590F88430012B1DD00446012372
:10DB200080F884302423C0F8883003681D681A68A0
:10DB300022F001021A600268936823F060631943BF
:10DB40009160FFF779FF23681D602023C4F88830B7
:10DB5000002084F8840038BD0220FCE7842801D02E
:10DB6000033070470020704708B500F0EBFE00203E
:10DB700008BD2DE9F04387B00E464469C4B18569FC
:10DB8000B5B14768D0F80080D0F81090B0F908001F
:10DB9000FFF7E4FF02950194009033464A46414660
:10DBA000384600F061FE0590059807B0BDE8F083A7
:10DBB000446805680769B0F90800FFF7CFFF05ABB7
:10DBC000019300903346BAB22946204600F087FE02
:10DBD0000128E9D00020E8E708B500B9012001F0EC
:10DBE0001DF8002008BD00F1080343604FF0FF322C
:10DBF0008260C360036100230360704700230361F8
:10DC0000704743684B609A688A6051609960086108
:10DC1000036801330360704730B40D68B5F1FF3F0E
:10DC200011D000F108031C465B681A68AA42FAD9B1
:10DC300063684B6099608C606160086103680133C0
:10DC4000036030BC70470469F2E703694168826889
:10DC50008A60416851605A68824206D0002202619F
:10DC60001A68013A1A601868704782685A60F5E7C6
:10DC70000346406A18B11B6B1868C0F10700704773
:10DC800010B5044601F0BEFDA26BE36B9A4204D0CE
:10DC9000002401F0D9FD204610BD0124F9E710B59C
:10DCA000044601F0AFFDA36B23B9012401F0CCFDC4
:10DCB000204610BD0024F9E770B504461546866B72
:10DCC000026C5AB903681BB100200136A66370BD0F
:10DCD000806801F053F90023A360F6E76DB940684E
:10DCE0000AF0FFFD6368226C13446360A2689342EC
:10DCF00019D3236863602846E7E7C0680AF0F1FD9E
:10DD0000E368226C51429B1AE3602268934202D27C
:10DD1000A3680B44E360022D01D00020D5E726B1B3
:10DD2000013E0020D1E72846CFE70020CDE703469B
:10DD3000026C6AB110B50846D9681144D9609C6874
:10DD4000A14201D31968D960D9680AF0CAFD10BD93
:10DD5000704738B5054601F055FD95F8454064B269
:10DD600001E0013C64B2002C0ADD6B6A43B105F1AD
:10DD7000240001F00DF80028F3D001F09DF8F0E741
:10DD8000FF2385F8453001F05FFD01F03BFD95F87C
:10DD9000444064B201E0013C64B2002C0ADD2B690E
:10DDA00043B105F1100000F0F3FF0028F3D001F0BB
:10DDB00083F8F0E7FF2385F8443001F045FD38BDD6
:10DDC00038B5E0B10D46044601F01CFD2368E26B56
:10DDD000216C01FB0230A0600020A0636360013A67
:10DDE00002FB0133E360FF2384F8443084F84530BC
:10DDF000FDB9236963B901F027FD012038BD4FF05B
:10DE0000500383F31188BFF36F8FBFF34F8FFEE78B
:10DE100004F1100000F0BCFF0028ECD04FF0E0232C
:10DE20004FF08052C3F8042DBFF34F8FBFF36F8FB5
:10DE3000E1E704F11000FFF7D6FE04F12400FFF73C
:10DE4000D2FED8E738B51D46049C0B4649B924607C
:10DE5000E063236401212046FFF7B2FF84F84C50B1
:10DE600038BD2260F4E740B94FF0500383F31188C6
:10DE7000BFF36F8FBFF34F8FFEE710B584B01C4622
:10DE800083B10B1E18BF0123002A08BF43F0010312
:10DE90008BB94FF0500383F31188BFF36F8FBFF33B
:10DEA0004F8FFEE74FF0500383F31188BFF36F8F5E
:10DEB000BFF34F8FFEE7B1FA81F35B09002A18BF69
:10DEC00043F0010343B94FF0500383F31188BFF3CC
:10DED0006F8FBFF34F8FFEE750230393039B502BAD
:10DEE00008D04FF0500383F31188BFF36F8FBFF357
:10DEF0004F8FFEE7039B012384F8463000949DF882
:10DF00001830FFF79FFF204604B010BD40B94FF016
:10DF1000500383F31188BFF36F8FBFF34F8FFEE77A
:10DF2000F0B583B00D461446064601FB00F05030B4
:10DF300001F020FE074650B1002380F846300090E3
:10DF4000234600F1500229463046FFF77BFF384652
:10DF500003B0F0BDF0B585B0019288B10F461D4603
:10DF60000446B1B1022D20D1E36B012B1DD04FF03F
:10DF7000500383F31188BFF36F8FBFF34F8FFEE71A
:10DF80004FF0500383F31188BFF36F8FBFF34F8FB0
:10DF9000FEE7036C002BE5D04FF0500383F31188AC
:10DFA000BFF36F8FBFF34F8FFEE700F08BFF064686
:10DFB00058B9019B002B48D04FF0500383F31188D0
:10DFC000BFF36F8FBFF34F8FFEE700263DE02A4679
:10DFD00039462046FFF770FE636A7BB948B14FF0BF
:10DFE000E0234FF08052C3F8042DBFF34F8FBFF3EF
:10DFF0006F8F01F029FC012005B0F0BD04F1240071
:10E0000000F0C6FE0028F4D04FF0E0234FF080521D
:10E01000C3F8042DBFF34F8FBFF36F8FE9E701F013
:10E0200013FC0020E8E702A800F0F8FE012619E042
:10E03000002384F8443021E0002384F8453023E0B5
:10E040002046FFF786FE00F06DFD01F0DBFBA26BC2
:10E05000E36B9A42BBD3022DB9D0019B002BDED0DB
:10E06000002EE0D001F0F0FB00F0C2FC01F0CAFB92
:10E0700094F8442052B2B2F1FF3FD9D094F8452031
:10E0800052B2B2F1FF3FD7D001F0DEFB01A902A8E6
:10E0900000F0D0FED8B92046FFF7F2FD0028CFD01F
:10E0A000019904F1100000F03FFE2046FFF751FEF9
:10E0B00000F038FD0028C8D14FF0E0234FF0805227
:10E0C000C3F8042DBFF34F8FBFF36F8FBDE720461A
:10E0D000FFF73FFE00F026FD00208DE72DE9F84315
:10E0E00090B10F4616461C460546B1B1022C20D110
:10E0F000EB6B012B1DD04FF0500383F31188BFF35E
:10E100006F8FBFF34F8FFEE74FF0500383F31188FB
:10E11000BFF36F8FBFF34F8FFEE7036C002BE5D08B
:10E120004FF0500383F31188BFF36F8FBFF34F8F0E
:10E13000FEE701F08DFCEFF311884FF0500383F3FD
:10E140001188BFF36F8FBFF34F8FAA6BEB6B9A42AF
:10E1500006D3022C04D0002088F31188BDE8F88390
:10E1600095F845904FFA89F9AB6B22463946284617
:10E17000FFF7A2FDB9F1FF3F06D009F101035BB241
:10E1800085F845300120E7E76B6A0BB90120E3E72A
:10E1900005F1240000F0FCFD18B126B1012030602B
:10E1A000DAE70120D8E70120D6E7F0B585B0019283
:10E1B00090B10F460446C1B100F084FE064600BB94
:10E1C000019B002B5ED04FF0500383F31188BFF307
:10E1D0006F8FBFF34F8FFEE74FF0500383F311882B
:10E1E000BFF36F8FBFF34F8FFEE7036C002BE3D0BD
:10E1F0004FF0500383F31188BFF36F8FBFF34F8F3E
:10E20000FEE700263EE039462046FFF790FD013D3F
:10E21000A563236923B901F017FB012005B0F0BD08
:10E2200004F1100000F0B4FD0028F4D04FF0E0231A
:10E230004FF08052C3F8042DBFF34F8FBFF36F8FA1
:10E24000E9E701F001FB0020E8E702A800F0E6FDA5
:10E25000012621E0002384F8443029E0002384F8DB
:10E2600045302BE02046FFF774FD00F05BFC09E031
:10E270002046FFF76EFD00F055FC2046FFF70FFD2E
:10E2800000283FD101F0BEFAA56B002DBBD1019B48
:10E29000002BD6D0002ED8D001F0D6FA00F0A8FB83
:10E2A00001F0B0FA94F844305BB2B3F1FF3FD1D043
:10E2B00094F845305BB2B3F1FF3FCFD001F0C4FA20
:10E2C00001A902A800F0B6FD0028D1D12046FFF731
:10E2D000E6FC0028C6D0019904F1240000F024FDDA
:10E2E0002046FFF736FD00F01DFC0028CAD14FF094
:10E2F000E0234FF08052C3F8042DBFF34F8FBFF3DC
:10E300006F8FBFE7002089E770B584B0019158B1E5
:10E310000446036C8BB14FF0500383F31188BFF3B5
:10E320006F8FBFF34F8FFEE74FF0500383F31188D9
:10E33000BFF36F8FBFF34F8FFEE700F0C3FD0546BD
:10E3400050B9019B5BB14FF0500383F31188BFF3C9
:10E350006F8FBFF34F8FFEE70026354655E0064628
:10E3600053E0013BA36323683BB123694BB901F040
:10E370006BFA0126304604B070BD00F097FEA06035
:10E38000F3E704F1100000F003FD0028EFD04FF098
:10E39000E0234FF08052C3F8042DBFF34F8FBFF33B
:10E3A0006F8FE4E746B14FF0500383F31188BFF35A
:10E3B0006F8FBFF34F8FFEE701F046FADAE702A84E
:10E3C00000F02CFD01252AE0002384F8443032E0DF
:10E3D000002384F8453034E001F014FAA06800F01E
:10E3E00081FD064601F030FA3BE02046FFF7B1FC24
:10E3F00000F098FB09E02046FFF7ABFC00F092FB31
:10E400002046FFF74CFC002842D101F0FBF9A36B3A
:10E41000002BA6D1019B002BC4D0002DCFD001F042
:10E4200013FA00F0E5FA01F0EDF994F844305BB22C
:10E43000B3F1FF3FC8D094F845305BB2B3F1FF3F72
:10E44000C6D001F001FA01A902A800F0F3FC0028EF
:10E45000D1D12046FFF723FC0028C6D02368002B2B
:10E46000BAD0019904F1240000F05EFC2046FFF7C9
:10E4700070FC00F057FB0028C7D14FF0E0234FF0AD
:10E480008052C3F8042DBFF34F8FBFF36F8FBCE7EB
:10E490000EB900266EE701F0B5F92046FFF7E8FB5C
:10E4A0000146A06800F0B2FD01F0CEF9F1E70000EE
:10E4B0000023072B0CD8074A52F833200AB1013346
:10E4C000F7E7044A42F8331002EBC302506070478A
:10E4D000704700BF3003012470B504460D46164650
:10E4E00001F090F994F844305BB2B3F1FF3F0DD0E6
:10E4F00094F845305BB2B3F1FF3F0BD001F0A4F9C3
:10E50000A36B5BB12046FFF724FC70BD002384F8A9
:10E510004430EDE7002384F84530EFE732462946E2
:10E5200004F1240000F018FCECE70000084B1B6825
:10E530001B6823B9074B4FF0FF321A607047044B3A
:10E540001B68DB68DB685A68024B1A60704700BFC3
:10E55000E0030124780301242DE9F04780460D46AD
:10E5600017469946089EDDF824A00A9C9200A52132
:10E57000206B09F0A5FF236B6FF040423A4403EB98
:10E58000820727F00707002D42D04FF0000CBCF1A6
:10E590000F0F09D815F80C3004EB0C0282F8343058
:10E5A00013B10CF1010CF2E7002384F84330062E7E
:10E5B00000D90626E662E66400252565201DFFF7E2
:10E5C0001DFB04F11800FFF719FB2461C6F10706D3
:10E5D000A6616462C4F8A05084F8A4504C22294675
:10E5E00004F1540009F06CFF0B4BA36503F16802C2
:10E5F000E265D03323664A464146384601F0D8F8F2
:10E600002060BAF1000F01D0CAF80040BDE8F087E1
:10E61000002384F83430CAE77801062438B5002492
:10E6200007E004EB840293000E481844FFF7DBFA7E
:10E630000134062CF5D90C4D2846FFF7D4FA0B4CC3
:10E640002046FFF7D0FA0A48FFF7CDFA0948FFF74E
:10E65000CAFA0948FFF7C7FA084B1D60084B1C604F
:10E6600038BD00BF0C040124F8030124E403012495
:10E67000C8030124B40301249C030124E003012402
:10E68000DC03012410B5044601F0BCF8224A1368EB
:10E6900001331360214B1B685BB1214B1B686BB9C5
:10E6A0001E4B1B68DA6AE36A9A4207D81B4B1C6050
:10E6B00004E01A4B1C601368012B29D0194A136817
:10E6C000013313606364E06A174B1B68984201D9F9
:10E6D000154B186000EB8000211D144B03EB8000EC
:10E6E000FFF78FFA01F0B0F80D4B1B687BB10B4BB5
:10E6F0001B68DA6AE36A9A4209D24FF0E0234FF0CE
:10E700008052C3F8042DBFF34F8FBFF36F8F10BD3E
:10E71000FFF784FFD2E700BF980301249804012487
:10E720008C0301247C030124900301240C040124A4
:10E7300010B50446543009F0FBFF94F8A53063B1DE
:10E74000012B11D0022B0ED04FF0500383F3118810
:10E75000BFF36F8FBFF34F8FFEE7206B01F08CFA92
:10E76000204601F089FA10BD204601F085FAFAE74B
:10E770000F4B1B68D3B110B501F044F80D4BDB68AB
:10E78000DC68201DFFF761FA0B4A1368013B136038
:10E79000074A1368013B136001F056F82046FFF763
:10E7A000C7FF034B1B68002BE6D110BD704700BFAD
:10E7B000B0030124B40301249803012408B5FFF732
:10E7C000D7FF074B1B68012BF9D94FF0E0234FF01F
:10E7D0008052C3F8042DBFF34F8FBFF36F8FEEE766
:10E7E0000C04012470B504460D46194B1E68194BE4
:10E7F00018680430FFF729FAB4F1FF3F14BF002373
:10E800000123002D08BF00236BB93444114B1B6852
:10E810005C60A6420ED9104B18680E4B1968043183
:10E82000FFF7FAF970BD0B4B196804310B48FFF77D
:10E83000E8F9F7E70A4B1868064B19680431FFF747
:10E84000EBF9084B1B68A342ECD9064B1C60E9E7C7
:10E850009403012498040124DC0301249C03012473
:10E86000E00301247803012430B587B00B9C7CB110
:10E870000C9DB5B1A8250495049DA82D1AD04FF084
:10E88000500383F31188BFF36F8FBFF34F8FFEE701
:10E890004FF0500383F31188BFF36F8FBFF34F8F97
:10E8A000FEE74FF0500383F31188BFF36F8FBFF380
:10E8B0004F8FFEE7049D0C9D2C63022485F8A54034
:10E8C00000240394029505AC01940A9C0094FFF780
:10E8D00043FE0C98FFF7D6FE059807B030BD2DE932
:10E8E000F04385B00746884614461E46900001F066
:10E8F00041F908B38146A82001F03CF90546A8B1CA
:10E90000C0F83090002380F8A530039302900D9B4F
:10E9100001930C9B00933346224641463846FFF74D
:10E920001BFE2846FFF7AEFE012007E0484601F037
:10E93000A3F94FF0FF3001E04FF0FF3005B0BDE824
:10E94000F083000010B588B000240594069407AA4F
:10E9500006A905A8F0F7E2FF059B0293069B019329
:10E9600000942346079A1A491A48FFF77DFF1A4B6D
:10E970001860E8B100F0E8FC01281AD14FF050030C
:10E9800083F31188BFF36F8FBFF34F8F134B1B6857
:10E990005433134A1360134B4FF0FF321A60124B7B
:10E9A00001221A60114B00221A6000F0C5FF03E03B
:10E9B0000020B0F1FF3F01D008B010BD4FF0500370
:10E9C00083F31188BFF36F8FBFF34F8FFEE700BF54
:10E9D00028000508BDE703087403012498040124F6
:10E9E00048070024780301248C03012494030124A4
:10E9F000024A136801331360704700BF700301249B
:10EA0000014B1868704700BF94030124F8B53A4BD6
:10EA10001B68002B69D1394B1D6801351D60C5B9D4
:10EA2000374B1B681B6843B14FF0500383F31188C9
:10EA3000BFF36F8FBFF34F8FFEE7314A1168314B41
:10EA4000186810601960304A136801331360FFF7CB
:10EA50006DFD2E4B1B68AB423DD900272C4B1B682C
:10EA6000DB6A03EB83039A002A4B9B58012B00D9E6
:10EA70000127294B1B68002B3CD001273AE00127D6
:10EA80001F4B1B681B6843B31D4B1B68DB68DC68AE
:10EA900063689D4226D3261D3046FFF7D6F8A36A49
:10EAA0001BB104F11800FFF7D0F8E36A1B4A1268A3
:10EAB000934201D9194A136003EB83039A0031464C
:10EAC00014481044FFF79DF8E26A114B1B68DB6A9B
:10EAD0009A42D4D2D4E70027D2E70C4B4FF0FF3252
:10EAE0001A60BBE7094A1360B8E70D4A136801339F
:10EAF000136000273846F8BD7003012494030124F5
:10EB0000E0030124DC0301248003012478030124B1
:10EB1000980401240C04012484030124900301249B
:10EB20008803012438B5354B1B6843B94FF05003B7
:10EB300083F31188BFF36F8FBFF34F8FFEE700F0B1
:10EB400061FE2E4B1A68013A1A601B68002B4FD1E8
:10EB50002B4B1B680BB900244BE00024294B1B688E
:10EB60001BB3284BDB68DC6804F11800FFF76DF875
:10EB7000251D2846FFF769F8E06A234B1B68984279
:10EB800001D9214B186000EB800029461F4B03EB95
:10EB90008000FFF736F8E26A1D4B1B68DB6A9A4279
:10EBA000DCD31C4B01221A60D8E70CB1FFF7BEFC86
:10EBB000194B1C6884B9174B1C68D4B14FF0E02383
:10EBC0004FF08052C3F8042DBFF34F8FBFF36F8F08
:10EBD00001240EE0013C07D0FFF718FF0028F9D010
:10EBE0000C4B01221A60F5E70B4B00221A60E2E79A
:10EBF000002400F029FE204638BD00BF7003012428
:10EC000098030124C8030124900301240C04012467
:10EC100098040124840301248803012410B5A8B1B9
:10EC20000446104B1B6843B14FF0500383F3118827
:10EC3000BFF36F8FBFF34F8FFEE7FFF7D9FE0021C1
:10EC40002046FFF7CFFDFFF76DFF48B94FF0E023F7
:10EC50004FF08052C3F8042DBFF34F8FBFF36F8F77
:10EC600010BD00BF7003012408B5294B1B681BB100
:10EC7000284B01221A6008BD264B00221A60264B41
:10EC80001A6812681B681B6B9A420AD9234B1B68CF
:10EC900003EB83018A0022498A5892B943B1013BB0
:10ECA000F6E71D4B186819683431F0F74FFEEDE7B1
:10ECB0004FF0500383F31188BFF36F8FBFF34F8F73
:10ECC000FEE7084603EB83018A0002445168496865
:10ECD000516003EB830C4FEA8C02083202449142EC
:10ECE0000FD003EB830291000D4A0A445268D168A9
:10ECF000094A116009490B6013685433094A1360CB
:10ED0000B9E7486862469100054A0A445060E8E75E
:10ED10007003012484030124980401249003012436
:10ED20000C0401244807002458B110B50C46094AC8
:10ED300011681831FEF770FF01212046FFF752FDE0
:10ED400010BD4FF0500383F31188BFF36F8FBFF3F3
:10ED50004F8FFEE79804012438B570B10D46144674
:10ED60000A4A11681831FEF74CFF0CB14FF0FF351D
:10ED700021462846FFF736FD38BD4FF0500383F398
:10ED80001188BFF36F8FBFF34F8FFEE79804012404
:10ED900038B5C368DC6824B304F118052846FEF7CB
:10EDA00054FF184B1B682BBB251D2846FEF74DFF53
:10EDB000E06A154B1B68984201D9134B186000EBB1
:10EDC00080002946114B03EB8000FEF71AFFE26A30
:10EDD0000F4B1B68DB6A9A4211D901200D4B18605A
:10EDE00038BD4FF0500383F31188BFF36F8FBFF32B
:10EDF0004F8FFEE729460848FEF703FFE7E70020AC
:10EE0000EEE700BF70030124900301240C040124E9
:10EE10009804012484030124C8030124034B1B68C4
:10EE20000360034B1B684360704700BF80030124ED
:10EE300094030124F8B5C8B10C460546F9B100F0B9
:10EE4000E1FC1B4B19686B68C81A2268B2F1FF3FDE
:10EE500026D0184E36682F68B74201D08B4224D98D
:10EE6000824215D80023236001241AE04FF050039A
:10EE700083F31188BFF36F8FBFF34F8FFEE74FF01F
:10EE8000500383F31188BFF36F8FBFF34F8FFEE7FB
:10EE90005B1A134423602846FFF7C0FF002400E0FC
:10EEA000002400F0D1FC2046F8BD0124F9E700BFA2
:10EEB0009403012480030124014B01221A6070474E
:10EEC00084030124054B1B6833B1054B1B680BB150
:10EED0000020704702207047012070478C030124F6
:10EEE0007003012400283ED038B50446C36A204A86
:10EEF0001268D26A93422ED28269002A05DB1C4A2C
:10EF00001268D26AC2F107028261616903EB83036E
:10EF1000184A02EB8303994205D0154B1B68DB6A44
:10EF2000E362012038BD251D2846FEF78EFE104BFA
:10EF30001B68D86AE062104B1B68984201D90E4BDF
:10EF4000186000EB800029460A4B03EB8000FEF7B7
:10EF500058FE0120E6E7C26C054B1B68DB6A9A424B
:10EF600003D30020DEE7002070470120DAE700BF6E
:10EF7000980401240C0401249003012400283BD0B0
:10EF800038B504461E4B1B68834208D04FF050032F
:10EF900083F31188BFF36F8FBFF34F8FFEE7036DCD
:10EFA00043B94FF0500383F31188BFF36F8FBFF362
:10EFB0004F8FFEE7013B0365C16AC26C91421DD0D1
:10EFC0000BB1002038BD051D2846FEF73EFEE06C63
:10EFD000E062C0F10703A3610A4B1B68984201D9A4
:10EFE000084B186000EB80002946074B03EB8000BC
:10EFF000FEF707FE0120E5E7002070470020E1E76B
:10F0000098040124900301240C040124002846D014
:10F0100038B50446036D43B94FF0500383F31188AC
:10F02000BFF36F8FBFF34F8FFEE7C26C8A4200D2EF
:10F030000A46E16A914201D0012B00D038BD184B3D
:10F040001B68A34222D0E262A369002B02DBC2F15B
:10F050000702A261626901EB8101124B03EB81039C
:10F060009A42EBD1251D2846FEF7EFFDE06A0E4BD4
:10F070001B68984201D90C4B186000EB80002946B0
:10F08000084B03EB8000FEF7BCFDD7E74FF05003C1
:10F0900083F31188BFF36F8FBFF34F8FFEE7704785
:10F0A000980401240C04012490030124054B1B68DF
:10F0B00023B1044B1A68136D01331365014B1868B3
:10F0C000704700BF9804012438B505460C4600F08F
:10F0D00099FB1C4B1B68D3F8A0302BB9194B1B684C
:10F0E000012283F8A420BCB900F0AEFB00F08AFB3B
:10F0F000144B1B68D3F8A0402CB1E5B1114B1B6831
:10F100000022C3F8A0200F4B1B68002283F8A42024
:10F1100000F09AFB204638BD11462046FFF762FBFF
:10F120004FF0E0234FF08052C3F8042DBFF34F8F10
:10F13000BFF36F8FD8E7034B1B68621EC3F8A02094
:10F14000E1E700BF98040124F8B5F0B10D4604468C
:10F1500000F07EFCEFF311834FF0500282F3118830
:10F16000BFF36F8FBFF34F8F1E4694F8A430DBB20E
:10F17000022284F8A420D4F8A0200132C4F8A020F0
:10F18000012B0BD086F31188F8BD4FF0500383F3A9
:10F190001188BFF36F8FBFF34F8FFEE7A36A43B1B0
:10F1A0004FF0500383F31188BFF36F8FBFF34F8F7E
:10F1B000FEE7144B1B68FBB9271D3846FEF745FDDB
:10F1C000E06A114B1B68984201D90F4B186000EBA5
:10F1D000800039460D4B03EB8000FEF712FDE26A1A
:10F1E0000B4B1B68DB6A9A42CCD90DB101232B6013
:10F1F000084B01221A60C5E704F118010648FEF722
:10F2000000FDECE770030124900301240C040124A9
:10F210009804012484030124C8030124064B1A68BE
:10F2200013682BB90123036023B9D36818687047AA
:10F230000023F8E7002070479C05012408B54160D1
:10F24000006191420CD8D21A83699A4201D30120FD
:10F2500008BD011D0B4B1868FEF7DEFC0020F7E728
:10F260009A422CBF00220122994238BF00220AB1E3
:10F270000120EDE7011D044B1868FEF7CDFC0020CE
:10F28000E6E700BF980501249C05012430B583B052
:10F2900000F0B8FA114B1B681BB100F0D5FA03B0AF
:10F2A00030BD0F4D2846FEF79EFC0E4C2046FEF763
:10F2B0009AFC0D4B1D600D4B1C60002300930C4B02
:10F2C0000C4A10210A20FEF7CEFD044B18600028DE
:10F2D000E3D00949FFF7ECF8DFE700BF940501240C
:10F2E000B4050124A00501249C05012498050124EE
:10F2F0009C040124EC040124300005082DE9F041B0
:10F30000079F41B94FF0500383F31188BFF36F8F0C
:10F31000BFF34F8FFEE7064614461D4688468FB161
:10F32000FFF7B4FF3E60C7F81880FD61069B3B62A3
:10F33000381DFEF763FC2CB197F8283043F0040326
:10F3400087F82830BDE8F08110B588B0FFF79EFF40
:10F35000124B1B68C3B100240594069407AA06A9A2
:10F3600005A8F0F7E7FA059B0293069B019300942A
:10F370002346079A0A490B48FFF776FA0A4B1860AA
:10F3800010B1012008B010BD4FF0500383F3118875
:10F39000BFF36F8FBFF34F8FFEE700BF94050124CB
:10F3A00038000508E9F60308900501242DE9F0412D
:10F3B00082B00446884617461D462C2000F0DAFB32
:10F3C000064658B1002380F828300190089B00932E
:10F3D0002B463A4641462046FFF790FF304602B0A2
:10F3E000BDE8F081B8B19C4603461848006858B3A0
:10F3F00000B585B000910192029305291CDCFFF74E
:10F4000061FD022810D000231A4669460F480068A3
:10F41000FEF7A0FD15E04FF0500383F31188BFF312
:10F420006F8FBFF34F8FFEE70023069A69460748A8
:10F430000068FEF78FFD04E0002362466946FEF790
:10F440004DFE05B05DF804FB0020704794050124D3
:10F4500070B582B01B4B1B681A6862B3DB681E680C
:10F46000DC68251D2846FEF7F0FB236A20469847F6
:10F4700094F8283013F0040FECD0A36933449E4273
:10F4800007D26360246129460E4B1868FEF7C4FB5F
:10F49000E0E7002100910B4632462046FFF7A2FF2D
:10F4A0000028D7D14FF0500383F31188BFF36F8F3B
:10F4B000BFF34F8FFEE7044A1068024908601360EB
:10F4C00002B070BD9C0501249805012438B505469D
:10F4D000FFF796FA0446074B1B68834205D80023C2
:10F4E0002B60044B1C60204638BDFFF7B1FF0123A1
:10F4F0002B60F6E78C05012470B582B006460D46F8
:10F5000017490968C968CC68201DFEF79EFB94F86E
:10F5100028C01CF0040F08D12CF0010C84F828C07E
:10F52000236A2046984702B070BDA16933462A4637
:10F5300031442046FFF782FE0028F1D000210091DF
:10F540000B4632462046FFF74DFF0028E8D14FF02A
:10F55000500383F31188BFF36F8FBFF34F8FFEE724
:10F560009C05012470B582B006460C46FFF740FAB0
:10F5700001A8FFF7ABFF019B3BBB0546B04228BF8C
:10F58000002C19D024B1134A12681268DAB9012488
:10F590002246711B104B1868FEF79EFFFFF7C2FA58
:10F5A000A8B94FF0E0234FF08052C3F8042DBFF309
:10F5B0004F8FBFF36F8F0AE0FFF7B4FA294630464A
:10F5C000FFF79AFF03E01C46E2E7FFF7ABFA02B051
:10F5D00070BD00BF980501249405012410B588B0C2
:10F5E00002E0049B002B0FDA002204A93D4B1868AF
:10F5F000FEF7DBFD002873D0049B002BF1DA07999E
:10F600000698059B9847ECE7069C636913B1201D9B
:10F61000FEF71BFB03A8FFF759FF049B092BE3D858
:10F62000DFE803F00505053037500505303794F85D
:10F63000283043F0010384F82830059BA169024675
:10F6400019442046FFF7FAFD0028CDD0236A204652
:10F65000984794F8283013F0040FC5D0A269002110
:10F6600000910B46059802442046FFF7BBFE002898
:10F67000BAD14FF0500383F31188BFF36F8FBFF3FC
:10F680004F8FFEE794F8283023F0010384F82830E8
:10F69000AAE794F8283043F0010384F8283005994C
:10F6A000A16131B10346024601442046FFF7C6FD81
:10F6B0009AE74FF0500383F31188BFF36F8FBFF3C6
:10F6C0004F8FFEE794F8283013F0020F04D023F098
:10F6D000010384F8283087E7204600F0CDFA83E75D
:10F6E00008B010BD9405012400B583B001A8FFF750
:10F6F00095FD0199FFF736FFFFF770FFF6E768B158
:10F7000010B5044600F07EF894F8283013F0010F8D
:10F710000DD1002400F098F8204610BD4FF05003A2
:10F7200083F31188BFF36F8FBFF34F8FFEE7012480
:10F73000F0E7000082B0002301930D4B1B68B3F18A
:10F74000FF3F08D04FF0500383F31188BFF36F8F52
:10F75000BFF34F8FFEE74FF0500383F31188BFF3E1
:10F760006F8FBFF34F8F019B002BFCD002B070470F
:10F770008004002408480068006880F308884FF07F
:10F78000000080F3148862B661B6BFF34F8FBFF3F9
:10F790006F8F00DF00BF000008ED00E0DFF80C0015
:10F7A000016841F4700101607047000088ED00E0DD
:10F7B0004FF0807340F8043C21F0010140F8081C30
:10F7C000054B40F80C3C40F8202C6FF0020340F849
:10F7D000243C4438704700BF35F7030800000000A0
:10F7E000074B19680868B0E8F04F80F30988BFF349
:10F7F0006F8F4FF0000080F311887047AFF30080E7
:10F80000980401244FF0500383F31188BFF36F8FE6
:10F81000BFF34F8F0B4A136801331360012B00D0E5
:10F8200070474FF0E023D3F8043D13F0FF0FF7D0FB
:10F830004FF0500383F31188BFF36F8FBFF34F8FE7
:10F84000FEE700BF80040024094B1B6843B94FF05A
:10F85000500383F31188BFF36F8FBFF34F8FFEE721
:10F86000013B034A13600BB983F31188704700BF53
:10F8700080040024000000000000000000000000E0
:10F88000EFF30980BFF36F8F154B1A681EF0100F4E
:10F8900008BF20ED108A20E9F04F10602DE9090023
:10F8A0004FF0500080F31188BFF34F8FBFF36F8F7D
:10F8B000FFF7DAF94FF0000080F3118809BC1968EE
:10F8C0000868B0E8F04F1EF0100F08BFB0EC108AC7
:10F8D00080F30988BFF36F8F704700BFAFF30080DC
:10F8E0009804012408B54FF0500383F31188BFF347
:10F8F0006F8FBFF34F8FFFF789F828B14FF0E023E8
:10F900004FF08052C3F8042D002383F3118808BD03
:10F910004FF0E022002313619361054B1B680549FA
:10F92000A1FB03139B09013B53610723136170473C
:10F9300060040024D34D62104FF0E023D3F8002D73
:10F940003D4B9A421CD04FF0E023D3F8002D3B4BA7
:10F950009A421ED030B583B0394B1A78D2B2019298
:10F96000FF221A701B78DBB28DF803309DF803304C
:10F9700003F05003334A1370334B07221A601BE025
:10F980004FF0500383F31188BFF36F8FBFF34F8F96
:10F99000FEE74FF0500383F31188BFF36F8FBFF37F
:10F9A0004F8FFEE7284A1368013B13609DF8033030
:10F9B0005B00DBB28DF803309DF8033013F0800F4D
:10F9C000F0D1214B1B68032B08D04FF0500383F379
:10F9D0001188BFF36F8FBFF34F8FFEE71B021A4AE8
:10F9E000136003F4E0631360019BDBB2144A1370ED
:10F9F0004FF0E024D4F8203D43F47003C4F8203DD8
:10FA0000D4F8203D43F07043C4F8203DFFF780FF59
:10FA100000250E4B1D60FFF7C1FED4F8343F43F0C4
:10FA20004043C4F8343FFFF7A5FEFFF71DF9FFF789
:10FA300081FE284603B030BD71C20F4170C20F4134
:10FA400000E400E0CC050124C80501248004002462
:10FA5000EFF305830F2B0FD9114A9B5CDBB2114AE0
:10FA600012789A4208D94FF0500383F31188BFF3FC
:10FA70006F8FBFF34F8FFEE74FF0E023D3F80C3DBD
:10FA800003F4E063084A1268934208D94FF0500328
:10FA900083F31188BFF36F8FBFF34F8FFEE770477B
:10FAA000F0E300E0CC050124C8050124124A12F05D
:10FAB000070F1ED0D11D21F00701C1F534331344C7
:10FAC0000A460E480260002141601344083B23F0BF
:10FAD00007030B48036059601960991A516013605D
:10FAE000084B1960084B1960084B4FF000421A6030
:10FAF00070474FF43433E4E7F0050124E8050124AE
:10FB0000E4050124DC050124E0050124D0050124DD
:10FB1000164B1A461B688342FBD3516802EB010C5B
:10FB2000844509D0416800EB010C634509D00360AE
:10FB3000904219D0106070474068014451601046EF
:10FB4000F0E710B40A4C2468A3420BD05B68194458
:10FB5000416013681B680360904200D010605DF83C
:10FB6000044B70470460F7E7704700BFE8050124C5
:10FB7000E405012438B50446FEF73AFF384B1B680C
:10FB8000B3B1384B1B681C4250D1002C50D004F14B
:10FB9000080214F0070F02D022F007020832002AF0
:10FBA00055D0314B1B68934253D330490C6804E065
:10FBB000FFF77CFFE5E721461C466368934202D2CB
:10FBC0002368002BF7D1264B1B68A34243D00D6856
:10FBD000083523680B6063689B1A102B10D9A01896
:10FBE00010F0070F08D04FF0500383F31188BFF3D4
:10FBF0006F8FBFF34F8FFEE743606260FFF788FFB0
:10FC0000626819490B689B1A0B60194909688B4295
:10FC100001D217490B60134B1B6813436360002329
:10FC20002360144A13680133136002E0002500E0EA
:10FC30000025FEF777FF15F0070F0ED04FF05003A9
:10FC400083F31188BFF36F8FBFF34F8FFEE700255B
:10FC5000EFE70025EDE70025EBE7284638BD00BFBC
:10FC6000E4050124D0050124E0050124E805012470
:10FC7000DC050124D8050124002834D038B5044619
:10FC8000A0F1080550F8043C174A1268134208D145
:10FC90004FF0500383F31188BFF36F8FBFF34F8F83
:10FCA000FEE750F8081C41B14FF0500383F3118870
:10FCB000BFF36F8FBFF34F8FFEE723EA020340F8D5
:10FCC000043CFEF795FE54F8041C084A13680B44E4
:10FCD00013602846FFF71CFF054A136801331360C1
:10FCE000FEF720FF38BD7047D0050124E005012450
:10FCF000D40501240020034B1870034B01221A7015
:10FD0000704700BFF3D50324F2D50324134A1388A8
:10FD1000013B1BB21380124A02EB8303D3ED007A3E
:10FD2000FDEEE77A17EE903A1BB20E4AB2F90020C8
:10FD3000212A0CD0162A0DD00B49180101EB031310
:10FD400000220A54DA605A609A6001207047C83372
:10FD50001BB2F1E764331BB2EEE700BF0EFF0324D2
:10FD60008C67042416FF032474600524084B1B7859
:10FD700007EE903A074BB3F90020511C1980064B4F
:10FD800003EB8203F8EE677AC3ED007A0120704737
:10FD9000646005240EFF03248C670424084B5B7801
:10FDA00007EE903A074BB3F90020511C1980064B1F
:10FDB00003EB8203F8EE677AC3ED007A0120704707
:10FDC000646005240EFF03248C670424084B9B7891
:10FDD00007EE903A074BB3F90020511C1980064BEF
:10FDE00003EB8203F8EEE77AC3ED007A0120704757
:10FDF000646005240EFF03248C670424084BDB7821
:10FE000007EE903A074BB3F90020511C1980064BBE
:10FE100003EB8203F8EEE77AC3ED007A0120704726
:10FE2000646005240EFF03248C670424084B1B79AF
:10FE300007EE903A074BB3F90020511C1980064B8E
:10FE400003EB8203F8EEE77AC3ED007A01207047F6
:10FE5000646005240EFF03248C670424094BB3F966
:10FE6000083007EE903A084BB3F90020511C198076
:10FE7000064B03EB8203F8EEE77AC3ED007A01202C
:10FE8000704700BF646005240EFF03248C670424C0
:10FE9000084B1B7B07EE903A074BB3F90020511C2F
:10FEA0001980064B03EB8203F8EEE77AC3ED007A84
:10FEB00001207047646005240EFF03248C6704242E
:10FEC00082B0344BB3F900C00CF1FF3212B21A8089
:10FED000314B03EB8203D3ED007AFDEEE77ACDEDF3
:10FEE000017ABDF90410BDF80430581E80B2B0F597
:10FEF000707F11D20139294B5B5C5BB94FF07E51A9
:10FF0000244BA3F800C0244B03EB820319600120AB
:10FF100002B070470021F3E7A3F2C13080B2B0F520
:10FF2000967F0DD8A1F2C1311D4B03EB81031968F7
:10FF3000184BA3F800C0184B03EB82031960E6E7E7
:10FF4000A3F215539BB242F2B8408342DFD8002996
:10FF500001F00101B8BF4942012908D00D4BA3F8B7
:10FF600000C00D4B03EB820300221A60CFE71BB2E7
:10FF7000002B0CDB5B100B4901EB83031968054B6D
:10FF8000A3F800C0044B03EB82031960BFE7013301
:10FF9000F0E700BF0EFF03248C670424A4FF0324B2
:10FFA000C40C042474110424094B93F8D43307EED1
:10FFB000903A084BB3F90020511C1980064B03EB13
:10FFC0008203F8EE677AC3ED007A0120704700BF24
:10FFD000603300240EFF03248C6704240120704743
:10FFE00001207047013880B2B0F5967F0CD200B284
:10FFF000064B03EB800383ED000A00F52F70044BE2
:020000040804EE
:1000000003EB800383ED000A704700BFC40C042497
:100010007411042410B5A0B080220021684608F0B5
:100020004FFA2E4A1388013B1BB213802C4A02EB75
:100030008303D3ED007AFDEEE77A17EE903A1AB219
:10004000284B93F8D433022B12D000231BB207EEB7
:10005000903A224BB3F90020511C1980204B03EB3E
:100060008203F8EEE77AC3ED007A012020B010BDDC
:10007000531E9BB2532B21D81AB202EB42035900F4
:10008000194B0B441B7A33B3174C08462044817A32
:10009000C1EB01118B0099B2C37A194489B2007B7C
:1000A000C0EB001083009BB202EB420250000444FC
:1000B000627B13449BB25B1A9BB2C7E754230B4984
:1000C000684608F0E9F801226946094B1878EFF70D
:1000D000FDFB0023BAE70023B8E700BF0EFF0324AF
:1000E0008C67042460330024C82F002440000508D6
:1000F000CD05002408B50A4B1B7863B9094BB3F949
:100100000020511C1980084B03EB82034FF07E52F4
:100110001A60012008BD0549054808F017F8EDE709
:1001200000ED05240EFF03248C6704242C0B050826
:100130006800050808B5104B1B78012B16D00F4B33
:10014000B3F90020013A0E4B03EB8203D3ED007AA2
:10015000FDEEE77A17EE903A9BB23221094A01FB95
:100160000321094807F0F2FF012008BD07490648AE
:1001700007F0ECFFF8E700BFF1D503240EFF0324DE
:100180008C6704243C6C04247C000508F4D7032409
:1001900038B51C4B1B7833B900244FF0C80E4FF014
:1001A000640C214629E01849184807F0CFFFF3E70F
:1001B000174A0D0102EB0110002383604360C36006
:1001C00053554FEA0C1502EB0C1083604360C3607B
:1001D00053554FEA0E1502EB0E1083604360C36067
:1001E0005355013109B20CF101000FFA80FC0EF1F8
:1001F00001020FFA82FE631C1CB2632CD8DD0120C1
:1002000038BD00BF00ED0524B80A050868000508E0
:100210007460052408B50C4B1B787BB90B4B1A880E
:100220000B4B1A800B4B1A880B4B1A800B4B1A88FE
:100230000B4B1A8001200B4B187008BD0A490B4864
:1002400007F084FFEAE700BF00ED05245E01062405
:10025000680106245C010624660106245A0106246E
:1002600064010624F0D503245C0A0508680005082B
:1002700008B50D4B1B7893B90C4BB3F9003007EE62
:10028000903A0B4BB3F90020511C1980094B03EB3A
:100290008203F8EEE77AC3ED007A012008BD064933
:1002A000064807F053FFE7E700ED052484D903244F
:1002B0000EFF03248C6704244C0A05086800050817
:1002C00008B5064B1B7823B9054B00221A80012084
:1002D00008BD0449044807F039FFF5E700ED05249F
:1002E00084D903243C0A05086800050808B50B4BAF
:1002F0001B780BB900230AE009490A4807F026FFDA
:10030000F8E7094AD15C094AD15401331BB2084AC3
:1003100012889342F5DB002008BD00BF00ED0524E4
:10032000240A050868000508A4FF032408E1032443
:100330006201062408B5174B1B7833BB16480188A9
:10034000CB1E1BB20380154A02EB830EDEED007A52
:100350009FED137A67EE877A03F1010C02EB8C0CA8
:100360009CED007ADFED0F6A27EE267A77EE877A2A
:10037000023302EB830292ED007A77EE877ACEEDBC
:10038000007A02390180012008BD0749074807F0BB
:10039000DDFED3E700ED05240EFF03248C67042463
:1003A0000000614500007042140A05086800050855
:1003B00008B5174B1B7833BB16480188CB1E1BB200
:1003C0000380154A02EB830EDEED007A03F1010C87
:1003D00002EB8C0C9CED007AF3EE0E6A27EE267A87
:1003E00077EE877A023302EB830292ED007ADFED3B
:1003F0000B6A27EE267A77EE877ACEED007A0239FD
:100400000180012008BD0649064807F09FFED3E79A
:1004100000ED05240EFF03248C6704240080B643FE
:10042000040A05086800050808B5164B1B7823BBAD
:10043000154BB3F90000421E12B21A80134B03EBA6
:100440008203D3ED007AFDEEE77A17EE903A1BB205
:10045000591F89B2B1F5F77F0DD80D4931F9133025
:1004600007EE903A094B03EB8203F8EEE77AC3ED0F
:10047000007A054B1880012008BD0649064807F0A0
:1004800065FED5E700ED05240EFF03248C670424E8
:10049000ACF90524F40905086800050808B5154BF2
:1004A0001B780BBB144A1388023B1BB21380134901
:1004B00001EB8302D2ED007AFDEEE77A17EE902A87
:1004C00012B2013301EB8301D1ED007AFDEEE77A40
:1004D00017EE903A1BB2511FB1F5F77F02D80849C9
:1004E00021F81230012008BD0649074807F02EFE0A
:1004F000D8E700BF00ED05240EFF03248C67042419
:10050000ACF90524E40905086800050808B5054BA1
:100510001B780BB9012008BD0349044807F016FEFB
:10052000F8E700BF00ED0524D009050868000508BC
:1005300008B5054B1B780BB9012008BD03490448D9
:1005400007F004FEF8E700BF00ED0524BC0905082C
:100550006800050808B5054B1B780BB9012008BDDC
:100560000349044807F0F2FDF8E700BF00ED052459
:10057000A80905086800050808B5054B1B780BB9E4
:10058000012008BD0349044807F0E0FDF8E700BF7B
:1005900000ED0524940905086800050808B5054B19
:1005A0001B780BB9012008BD0349044807F0CEFDB4
:1005B000F8E700BF00ED05247C0905086800050880
:1005C00008B5054B1B780BB9012008BD0349044849
:1005D00007F0BCFDF8E700BF00ED0524640905083D
:1005E0006800050810B51E4B1B789BBB1D4CB4F969
:1005F0000030991E1C4A02EB8101D1ED007AFDEE1C
:10060000E77A17EE901A09B207EE901A98B2411CD9
:1006100009B2218002EB8303F8EEE77AC3ED007A9A
:100620008B1E02EB8303D3ED007AFDEEE77A17EE23
:10063000903A1BB2002BB8BF5B429BB202302080C5
:1006400002EB810207EE903AF8EEE77AC2ED007A0B
:10065000012010BD0549064807F078FDC6E700BF38
:1006600000ED05240EFF03248C67042450090508BF
:100670006800050810B52DED028B82B0364B1B7853
:10068000B3B9364B1B78C3B1354BB3F90020013AEF
:10069000344B03EB8203D3ED007AFDEEE77ACDED28
:1006A000017A9DF8043008EE103A002211462BE042
:1006B0002D492E4807F04AFDE3E7294BB3F9002006
:1006C000511E284B03EB8101D1ED007AFDEEE77A54
:1006D000CDED017A9DF80400023A03EB8203D3EDDD
:1006E000007AFDEEE77ACDED017A9DF8043008EE50
:1006F000103A32211E4B01FB00311E4808F0E9F888
:10070000D3E701210132D2B21A4B9B5C2BB1303BB3
:10071000DBB2092BF5D90029F4D1114CB4F900C092
:100720001FFA8CF0421C12B22280F8EE487A0D4B70
:1007300003EB8C0CCCED007A0230208007EE901A8F
:10074000F8EE677A03EB8203C3ED007A012002B072
:10075000BDEC028B10BD00BF00ED0524F1D50324D4
:100760000EFF03248C670424A80805086800050808
:100770003C6C0424F4D70324F0B583B0154B1B78EC
:1007800013BB154FB7F90060731E144D05EB8303BF
:10079000D3ED007AFDEEE77ACDED017A9DF80440C5
:1007A0000F4932200F4B00FB043008F092F8731C05
:1007B0003B8005EB860507EE904AF8EE677AC5EDBB
:1007C000007A012003B0F0BD0749084807F0BEFCDD
:1007D000D7E700BF00ED05240EFF03248C67042437
:1007E000F4D703243C6C042480080508680005083D
:1007F000F8B5314B1B78B3BB304BB3F900703A1FDF
:100800002F4B03EB8202D2ED007AFDEEE77A17EE72
:10081000902A95B2FA1E03EB8202D2ED007AFDEE29
:10082000E77A17EE902A92B2B91E03EB8101D1ED5F
:10083000007AFDEEE77A17EE901A8CB2791E03EB80
:100840008103D3ED007AFDEEE77A17EE903A9EB27F
:10085000013CA4B232211B4B01FB02311A4808F0C3
:1008600038F800230FE01949194807F06FFCC3E777
:10087000611C154A105D134A322404FB0522D05432
:1008800001339BB28CB2B342F2D3B9B24A1C12B25A
:100890000A48028007EE905AF8EE677A084B03EB9D
:1008A0008707C7ED007A0231018003EB8203C3EDB5
:1008B000007A0120F8BD00BF00ED05240EFF0324DF
:1008C0008C6704243C6C0424F4D7032470080508C6
:1008D00068000508F0B583B000242546494B1B7815
:1008E00093BB494BB3F90060331F484A02EB8303C3
:1008F000D3ED007AFDEEE77ACDED017A9DF8047034
:10090000F31E02EB830393ED007AFDEEC77ACDED83
:10091000017A9DF80430B11E02EB810191ED007A5D
:10092000FDEEC77ACDED017A9DF804E0711E02EB71
:10093000810292ED007AFDEEC77ACDED017A9DF845
:1009400004C0013BDBB21BE03149324807F0FEFB3B
:10095000C7E701250132D2B20133DBB22E49322082
:1009600000FB0C11885C40B12B49322505FB0E11B0
:10097000C95C8142EDD00025ECE795B90133DBB2CB
:10098000254A322101FB0E22D15C51B1322202FBF9
:100990000CF22148825C8A42F0D15C1CE4B2002255
:1009A000DCE7B5B9B1B24A1C12B21748028007EEB3
:1009B000907AF8EE677A154B03EB8606C6ED007A5F
:1009C0000231018003EB820300221A60012003B090
:1009D000F0BDB1B24A1C12B20B48028007EE907A09
:1009E000F8EE677A094B03EB8606C6ED007A023112
:1009F000018007EE904AF8EE677A03EB8203C3EDBD
:100A0000007AE3E700ED05240EFF03248C6704243D
:100A10005C080508680005083C6C042408B5104B08
:100A20001B785BB90F4B93F8D433BBB102230C4A4C
:100A300013740C4A82F8D433012008BD0A490B48CC
:100A400007F084FBEEE70A4A0021D15401331BB2C0
:100A5000034AD2F8E4229342F5D3E7E70023F7E70D
:100A600000ED0524603300243408050868000508FB
:100A7000E45A042408B5114B1B7863B9104B93F862
:100A8000D433022B17D000230C4A13740C4A82F87B
:100A9000D433012008BD0B490B4807F057FBEDE7A5
:100AA0000A4A0021D15401331BB2044AD2F8E4228D
:100AB0009342F5D3E7E70023F7E700BF00ED0524F5
:100AC000603300241C08050868000508E45A042463
:100AD00008B5174B1B7833BB164BB3F90000421E09
:100AE00012B21A80144B03EB8203D3ED007AFDEEB1
:100AF000E77A17EE903A1BB2591E89B2B1F5707FB2
:100B00000FD2013B0D490B4493F8D53307EE903AD1
:100B1000084B1880084B03EB8203F8EEE77AC3ED2D
:100B2000007A002008BD0649064807F00FFBD3E70E
:100B300000ED05240EFF03248C6704246033002499
:100B4000E40705086800050808B5054B1B780BB9D4
:100B5000012008BD0349044807F0F8FAF8E700BF90
:100B600000ED0524D00705088400050808B5054BED
:100B70001B780BB9012008BD0349044807F0E6FAC9
:100B8000F8E700BF00ED0524BC070508680005086C
:100B900008B5184B1B781BBB174B1A88023A12B2C8
:100BA0001A80164901EB8203D3ED007AFDEEE77A55
:100BB00017EE903A1BB2013201EB8201D1ED007ABF
:100BC000FDEEE77A17EE902A12B2002B00DD013B12
:100BD000002A0ADD1BB20A4A0121D154012008BDB6
:100BE0000849094807F0B2FAD6E71BB2044A0021C7
:100BF000D154F3E700ED05240EFF03248C67042491
:100C0000E45A0424AC0705086800050838B5554BBC
:100C10001B780BBB544BB3F90000421E11B2198074
:100C2000524B03EB8103D3ED007AFDEEE77A17EE2A
:100C3000903A1BB24E4A92F8D423022A11D0DFED2B
:100C40004D7A494B1880494B03EB8103F8EEE77A64
:100C5000C3ED007A012038BD4749484807F076FACD
:100C6000D8E7013B9BB2532B64D81BB203EB430282
:100C70004FEA420C424A6244127A002A5DD0404A4E
:100C8000624492F80CE0BEF1170F0ED03D4A92F884
:100C900000C003EB43025400394A2244927A94453F
:100CA00035D82DD0DFED337ACBE7354A6244527B1D
:100CB0003B2AEBD1334C94F800C003EB43046500AE
:100CC0002F4C2C44A47AA4450DD802D0DFED297A0C
:100CD000B7E72C4C657803EB43035C00284B2344B7
:100CE000DB7A9D422CD3E6452DD802D0DFED217A68
:100CF000A7E7244B5B789A4228D2DFED1E7AA0E763
:100D0000204A55781E4A2244D27A954221D3E6459C
:100D100022D802D0DFED177A93E71A4A547803EB12
:100D200043035A00164B13445B7B9C4217D3DFED01
:100D3000117A86E7DFED0F7A83E7DFED0E7A80E741
:100D4000DFED0C7A7DE7DFED107A7AE7DFED0E7AE2
:100D500077E7DFED087A74E7DFED0B7A71E7DFED17
:100D60000A7A6EE700ED05240EFF03248C67042445
:100D7000603300240000000098070508680005089B
:100D8000C82F0024646005240100000008B5054B4D
:100D90001B780BB9012008BD0349044807F0D6F9B8
:100DA000F8E700BF00ED0524840705086800050882
:100DB00008B5114B1B7873B9104B1B7883B10F4BDF
:100DC00000221A700E4B1B78012B10D00D4B012204
:100DD0001A70002008BD0C490C4807F0B7F9EBE782
:100DE0000B4807F01BFA054B01221A70EAE7094885
:100DF00007F0ACF9EAE700BF00ED0524F3D50324C2
:100E0000F1D50324F2D50324140B05086800050866
:100E100094000508F4D70324F8B51A4B1B7863BB7C
:100E2000194FB7F900309A1E184C04EB8202D2ED2C
:100E3000007AFDEEE77A17EE902A12B207EE902ABA
:100E40009EB2751C2DB23D8004EB8303F8EEE77A69
:100E5000C3ED007AAB1E04EB830393ED000AB7EEFB
:100E6000C00A0AF095F902363E80B7EEC00B04EBDB
:100E7000850484ED000A0120F8BD0549054807F006
:100E800065F9CDE700ED05240EFF03248C670424EB
:100E90004009050868000508F8B51A4B1B7863BBC4
:100EA000194FB7F900309A1E184C04EB8202D2EDAC
:100EB000007AFDEEE77A17EE902A12B207EE902A3A
:100EC0009EB2751C2DB23D8004EB8303F8EEE77AE9
:100ED000C3ED007AAB1E04EB830393ED000AB7EE7B
:100EE000C00A0AF0A9F902363E80B7EEC00B04EB47
:100EF000850484ED000A0120F8BD0549054807F086
:100F000025F9CDE700ED05240EFF03248C670424AA
:100F10003009050868000508F8B51A4B1B7863BB53
:100F2000194FB7F900309A1E184C04EB8202D2ED2B
:100F3000007AFDEEE77A17EE902A12B207EE902AB9
:100F40009EB2751C2DB23D8004EB8303F8EEE77A68
:100F5000C3ED007AAB1E04EB830393ED000AB7EEFA
:100F6000C00A0AF0B5F902363E80B7EEC00B04EBBA
:100F7000850484ED000A0120F8BD0549054807F005
:100F8000E5F8CDE700ED05240EFF03248C6704246B
:100F90002009050868000508F8B51A4B1B7863BBE3
:100FA000194FB7F900309A1E184C04EB8202D2EDAB
:100FB000007AFDEEE77A17EE902A12B207EE902A39
:100FC0009EB2751C2DB23D8004EB8303F8EEE77AE8
:100FD000C3ED007AAB1E04EB830393ED000AB7EE7A
:100FE000C00A09F059FF02363E80B7EEC00B04EB91
:100FF000850484ED000A0120F8BD0549054807F085
:10100000A5F8CDE700ED05240EFF03248C6704242A
:101010001009050868000508F8B51A4B1B7863BB72
:10102000194FB7F900309A1E184C04EB8202D2ED2A
:10103000007AFDEEE77A17EE902A12B207EE902AB8
:101040009EB2751C2DB23D8004EB8303F8EEE77A67
:10105000C3ED007AAB1E04EB830393ED000AB7EEF9
:10106000C00A09F0EDFE02363E80B7EEC00B04EB7D
:10107000850484ED000A0120F8BD0549054807F004
:1010800065F8CDE700ED05240EFF03248C670424EA
:101090000009050868000508F8B51A4B1B7863BB02
:1010A000194FB7F900309A1E184C04EB8202D2EDAA
:1010B000007AFDEEE77A17EE902A12B207EE902A38
:1010C0009EB2751C2DB23D8004EB8303F8EEE77AE7
:1010D000C3ED007AAB1E04EB830393ED000AB7EE79
:1010E000C00A09F059FF02363E80B7EEC00B04EB90
:1010F000850484ED000A0120F8BD0549054807F084
:1011000025F8CDE700ED05240EFF03248C670424A9
:10111000F008050868000508F8B51A4B1B7863BB92
:10112000194FB7F900309A1E184C04EB8202D2ED29
:10113000007AFDEEE77A17EE902A12B207EE902AB7
:101140009EB2751C2DB23D8004EB8303F8EEE77A66
:10115000C3ED007AAB1E04EB830393ED000AB7EEF8
:10116000C00A09F0F9FE02363E80B7EEC00B04EB70
:10117000850484ED000A0120F8BD0549054806F004
:10118000E5FFCDE700ED05240EFF03248C67042462
:10119000E008050868000508F8B51A4B1B7863BB22
:1011A000194FB7F900309A1E184C04EB8202D2EDA9
:1011B000007AFDEEE77A17EE902A12B207EE902A37
:1011C0009EB2751C2DB23D8004EB8303F8EEE77AE6
:1011D000C3ED007AAB1E04EB830393ED000AB7EE78
:1011E000C00A09F085FE02363E80B7EEC00B04EB64
:1011F000850484ED000A0120F8BD0549054806F084
:10120000A5FFCDE700ED05240EFF03248C67042421
:10121000D008050868000508F8B52C4B1B787BBB87
:101220002B4B1B788BB32B4BB3F90020013A2A4B85
:1012300003EB8203D3ED007AFDEEE77A17EE903AE6
:101240009CB2244FB7F900309EB2751C2DB23D8080
:1012500007EE904AF8EE677A1F4C04EB8303C3ED68
:10126000007A1E48DFF79CF807EE900A02363E80AF
:10127000F8EE677A04EB8504C4ED007A0120F8BD2E
:101280001749184806F062FFCAE7124BB3F900107D
:101290004B1E114A02EB8303D3ED007AFDEEE77A91
:1012A00017EE903A9BB2023902EB8102D2ED007A3E
:1012B000FDEEE77A17EE902A94B232210A4A01FB3A
:1012C0000321064807F005FBBBE700BF00ED05243E
:1012D000F1D503240EFF03248C670424F4D70324E0
:1012E000BC080508680005083C6C04242DE9F04F93
:1012F00083B04FF0000A5E4B1B78002B3FD15D4B53
:10130000B3F900B0ABF104025B4B03EB8202D2ED08
:10131000007AFDEEE77ACDED007A9DF80090ABF112
:10132000030203EB8202D2ED007AFDEEE77ACDED07
:10133000007A9DF80070ABF1020203EB8202D2ED5D
:10134000007AFDEEE77ACDED007A9DF800800BF192
:10135000FF3203EB8203D3ED007AFDEEE77ACDEDA9
:10136000007A9DF8003001933220444B00FB073097
:10137000DFF716F8C0B20024254600941FE040496C
:10138000404806F0E3FEBAE74FF0010A0133DBB252
:101390000134E4B2394A322101FB0822D65C4EB155
:1013A000364A322101FB0722125DB242ECD04FF0E7
:1013B000000AEBE7BAF1010F10D00134E4B22F4B71
:1013C000322202FB07331B5D83B3322202FB08F299
:1013D0002A498A5C9A42F0D10023DBE7009B013363
:1013E000DBB20093019A9A4206D0019B0133009A26
:1013F0009A4203D0B246E0E72546F6E732201F4B7B
:1014000000FB0830DEF7CCFF201AC0B20138C0B2B2
:10141000B246D2E75C1C194A322101FB0726765DF1
:1014200001FB0922D6540135EDB2E3B28542F1D970
:10143000124A322101FB09220021D1541FFA8BF1FB
:101440004A1C12B20B48028007EE909AF8EE677AB7
:10145000094B03EB8B0BCBED007A0231018003EBE0
:101460008203C3ED007A012003B0BDE8F08F00BF16
:1014700000ED05240EFF03248C6704243C6C042437
:10148000480805086800050838B52B4B1B786BBB6E
:101490002A4B1B787BB32A4BB3F90020013A294B26
:1014A00003EB8203D3ED007AFDEEE77A17EE903A74
:1014B0009CB2234DB5F900305A1C2A8007EE904AA1
:1014C000F8EE677A1F4C04EB8303C3ED007A1E48E5
:1014D00004F0F6FFB5F900305A1C2A80B7EEC00BB5
:1014E00004EB830484ED000A012038BD1749184835
:1014F00006F02CFECCE7124BB3F900104B1E114A3C
:1015000002EB8303D3ED007AFDEEE77A17EE903A13
:101510009BB2023902EB8102D2ED007AFDEEE77A4E
:1015200017EE902A94B232210A4A01FB03210648A1
:1015300007F0CFF9BDE700BF00ED0524F1D5032486
:101540000EFF03248C670424F4D7032494080508B1
:10155000680005083C6C04242DE9F0439BB064222C
:10156000002101A806F0ACFF844B1B7813B9844B13
:10157000002605E08349844806F0E8FDF7E70133DB
:101580001C7824B1F82CFAD10136F6B2F7E77C4D7D
:101590000027B84644E0002204F168036B4403F8D6
:1015A000642C6B78413B332B35D8DFE803F04834AB
:1015B000341A3434343434343434343434343462D7
:1015C000347C34343434343434343434343448347F
:1015D000341A3434343434343434343434343462B7
:1015E000347C6A4BB3F900309B1B4344684A02EBDE
:1015F0008303D3ED007AFDEEE77ADFF8AC9117EEC6
:10160000903A1AB26349484606F046FE07B2494688
:1016100001A806F05DFF3C44E4B2023508F1010880
:101620002B78002B62D0F82BB5D0621C04F1680136
:101630000DEB010404F8643C0135D4B2F0E7534BE0
:10164000B3F900309B1B4344514A02EB8303D3EDB3
:10165000007ADFF85491B7EEE77A53EC172B4E4936
:10166000484606F019FE07B2494601A806F030FFC9
:10167000D1E7464BB3F900309B1B4344444A02EB8D
:101680008303D3ED007ADFF82091B7EEE77A53ECCD
:10169000172B4249484606F0FFFD07B2494601A80C
:1016A00006F016FFB7E7394BB3F900309B1B4344F4
:1016B000374A02EB8303D3ED007AFDEEE77A384B2D
:1016C00017EE902A03EB8203D3ED007ADFF8D8906F
:1016D000B7EEE77A53EC172B3049484606F0DCFDAD
:1016E00007B2494601A806F0F3FE94E704F1680248
:1016F0000DEB0204002204F8642C244AB2F90070B5
:10170000BE1B013E224A02EB8602D2ED007AFDEEBC
:10171000E77A17EE902A14B2194601E00133DBB2E2
:1017200003F168026A4412F8642C4AB1272AF5D002
:101730001C48322505FB040042540131C9B2EDE7D3
:10174000184B322202FB043300225A54B9B24A1C0D
:1017500012B20E48028007EE904AF8EEE77A0C4B80
:1017600003EB8707C7ED007A0231018003EB8203A8
:10177000C3ED007A01201BB0BDE8F08300ED052425
:10178000F4D703240C080508680005080EFF03249D
:101790008C670424A8000508AC000508B4000508FF
:1017A000640304243C6C0424A45E042408B53B4B6D
:1017B0001B78002B4BD13A4BB3F90020911E394BCB
:1017C00003EB8101D1ED007AFCEEE77A17EE900A87
:1017D000013A03EB820393ED000A002847D02F4B18
:1017E000D3F8F032834239D2431F072B3FD8B5EEEE
:1017F000400AF1EE10FA0CBF01220022F7EE007A47
:10180000B4EE670AF1EE10FA08BF42F0010272B3BB
:10181000B4EE670AF1EE10FA2BD10121224AD1541D
:101820001E4A1A4482F8F412204A1A4482F8D51348
:101830001A4A1A4492F8F41292F8B426914224D12A
:101840001B4B01221A701B4B05221A600FE001226C
:1018500019491A4B1878EEF739F8ACE7421E184BC5
:1018600003EB820383ED000AD0B204F0EFF901200C
:1018700008BD00210C4AD154084A1A4482F8F412D7
:101880000A4A1A4482F8D513D2E7044A134483F86B
:10189000B416043804F010FCD2E700BF00ED0524B4
:1018A0000EFF03248C670424E45A042460330024CC
:1018B0002803012470040024BC000508CD05002481
:1018C00024FF032438B5114B1B68F3B1002400E05A
:1018D00001340F4BB3F90030A34210DD04EB440395
:1018E0009D000A4B1B682B4498680028F0D004F038
:1018F000F7FD064B1B682B4400229A60E8E7034C77
:10190000206804F0EDFD0023236038BD6C0106243F
:101910001CFF0324014B1868704700BF9CF9052485
:1019200070B5264B1B78002B3DD1254B1E88B41E6D
:1019300024B21C80234A02EB8403D3ED007AFDEE2F
:10194000E77A17EE903A1BB2611C02EB8102D2EDEE
:10195000007A1D4AB2F90020212A29D0162A2AD05D
:101960001A461B0119490120C854F5EE407AF1EEE0
:1019700010FA03D1B7EE007A77EE877A134D05EBB4
:101980000215FDEEE77AC5ED027AFFF7C3FF686046
:101990000020E860013E0A4B1E800A4B03EB8403E3
:1019A00000221A6070BD0A490A4806F0CFFBBCE766
:1019B000C8331BB2D4E764331BB2D1E700ED052472
:1019C0000EFF03248C67042416FF0324746005248F
:1019D000FC0A05086800050870B582B0584B1D88E0
:1019E000AC1E24B21C80574B03EB8402D2ED007A6C
:1019F000FDEEE77ACDED017ABDF90410621C03EB30
:101A00008203D3ED007ABDF804305A1E92B2622AE6
:101A100036D84D4AB2F90020212A3CD0162A3DD0B2
:101A20000E460B01494AD35C002B3AD0022B5FD003
:101A3000FFF770FF07EE900AF8EE677A434B03EB6F
:101A4000061393ED017AB8EEC77A77EEC77A93ED75
:101A5000037AB8EEC77A77EE877A93ED027AB8EE1A
:101A6000C77AB4EEE77AF1EE10FA5DD9013D344B56
:101A70001D80344B03EB840300221A60002008E031
:101A8000013D2F4B1D802F4B03EB840300221A6076
:101A9000002002B070BDC83319B2C1E7643319B277
:101AA000BEE70901134601225A54B7EE007AF4EE5C
:101AB000C77AF1EE10FA17D4244B03EB0613FDEEB0
:101AC000E77AC3ED027AFFF725FF204B03EB0613FD
:101AD00058600020D860013D194B1D80194B03EB65
:101AE000840300221A60D4E703EB06139A60EAE746
:101AF000164B03EB0113DA689B689A420ADB013D3F
:101B00000F4B1D800F4B03EB84034FF07E521A6086
:101B10000120BEE7013D0A4B1D800A4B03EB840305
:101B200000221A600020B4E7013D054B1D80054BE3
:101B300003EB84034FF07E521A600120A9E700BF37
:101B40000EFF03248C67042416FF0324746005240D
:101B500010B51D4B1B784BBB1C4A1388013B1BB2B5
:101B600013801B4A02EB8303D3ED007AFDEEE77A84
:101B700017EE903A1BB2174AB2F90020212A1AD068
:101B8000162A1BD01A0114498A5C012A19D10A4667
:101B9000190102EB031402235354FFF7BBFE6368E1
:101BA000C01AE3680344E360012010BD0B490C48F0
:101BB00006F0CCFAD0E7C8331BB2E3E764331BB2BC
:101BC000E0E70020F1E700BF00ED05240EFF03244D
:101BD0008C67042416FF032474600524E80A0508B2
:101BE0006800050810B51A4B1B7823BB194A1388E7
:101BF000013B1BB21380184A02EB8303D3ED007A3A
:101C0000FDEEE77A17EE903A1CB2144BB3F90030B0
:101C1000212B15D0162B16D02301114AD35C022B91
:101C200014D1FFF777FE0E4B220103EB0414606022
:101C30000120985410BD0B490B4806F087FAD5E7F0
:101C4000C83424B2E8E7643424B2E5E70020F1E7C1
:101C500000ED05240EFF03248C67042416FF0324E3
:101C600074600524D00A05086800050870B5324B79
:101C70001B7883BB314BB3F900506C1E24B21C801F
:101C80002F4B03EB8403D3ED007AFDEEE77A17EEDA
:101C9000903A1BB22B4AB2F90020212A20D0162AF2
:101CA00021D01E461B01284AD35CFBB9234B1D8063
:101CB000234B03EB840300221A60204BB3F900206E
:101CC0001F4B03EB8203D3ED007AFDEEE77A17EEAC
:101CD000903A18B270BD1D491D4806F037FAC9E7A1
:101CE000C8331BB2DDE764331BB2DAE7022B14D032
:101CF000FFF710FE144B03EB06135A68801ADB68DB
:101D000018440E4B1D8007EE900AF8EE677A0C4BD4
:101D100003EB8403C3ED007ACFE70B4B03EB061311
:101D2000D3ED037A054B1D80F8EEE77A044B03EB05
:101D30008403C3ED007AC0E700ED05240EFF032401
:101D40008C67042416FF032474600524A40A050884
:101D50006800050870B5184B1B784BB9174BB3F9E1
:101D60000030212B0BD0162B07D0002400250CE0CF
:101D70001349144806F0EAF9F0E76424F6E7C824AA
:101D8000F4E7013424B201352DB2632D11DC2301B7
:101D90000D4AD35C022BF4D0230102EB041602217E
:101DA000D154FFF7B7FD7368C01AF3680344F360BA
:101DB000E7E7012070BD00BF00ED052416FF0324F6
:101DC0008C0A0508680005087460052470B5164B78
:101DD0001B784BB9154BB3F90030212B0BD0162BC8
:101DE00007D00024002514E01149124806F0AEF98E
:101DF000F0E76424F6E7C824F4E7230102EB0416B5
:101E00000121D154FFF786FD7060013424B2013501
:101E10002DB2632D05DC2301074AD35C022BECD0E5
:101E2000F3E7012070BD00BF00ED052416FF032479
:101E3000700A0508680005087460052410B5134B86
:101E40001C8822461249134806F04BFD2246002109
:101E5000114806F035FB002304E0104A00205054DE
:101E600001331BB21946A3420EDA0C4AD25C002A97
:101E7000F6D0074810F801C00948405C8445ECD012
:101E8000013206484254EBE710BD00BF6201062450
:101E9000A4FF032448EC032448DD0324C8E40324FE
:101EA00008E10324012000230CE018494FF0000C46
:101EB00001F803C01FE01649CA5C0132CA5400E0B1
:101EC00000200133134A12889A421DDD124AD25C67
:101ED000002AF6D0114AD15C114AD25C9142F0D06E
:101EE0001049C95C0029EBD0002ADED007494FF029
:101EF000010C01F803C00C49CA540C49C95C002903
:101F0000D9D00649CA54DCE7704700BFE45A04241C
:101F1000C8E403246201062448DD0324A4FF03244B
:101F200048EC032488E8032408E1032498FD0524F1
:101F300030B5C3B005460024409441944FF48072FC
:101F40002146684606F0BCFA48F20500E5F788FB32
:101F50000DE000238DF8043104EB840348F2050200
:101F60001A44052140A8E5F7A7FB18BB0134B4F5D6
:101F7000FA7F2ADA194904F2D47301EB83031B6850
:101F8000174A13608DF80031C3F307228DF8012141
:101F9000C3F307428DF80221C3F307638DF80331C1
:101FA000214444F26063CB5C002BD2D001238DF836
:101FB0000431D1E72A460B49684606F06DF9012243
:101FC0006946094B1878EDF781FCB4F5FA7F02D128
:101FD000002043B030BD4FF0FF30FAE7A0A4052445
:101FE000F4EC0524E8000508CD050024F0B5A5B003
:101FF0000024229423948022214602A806F060FA4D
:102000000DE03C4A3C4902A806F046F9012202A92B
:102010003A4B1878EDF75AFC002364E00134B4F52C
:10202000FA7FF9DA04EB840348F205021A44052129
:1020300022A8E5F74DFC0028E3D19DF88820304B1D
:102040001A709DF889205A709DF88A209A709DF820
:102050008B20DA709DF88C202A4B234444F2606177
:102060005A54012ADAD1264B93ED007A04F2D47245
:10207000244B03EB820383ED007A234D05EB8405AB
:1020800085ED007A214FB7EEC77A8DED007B2246B1
:10209000394602A806F000F9184E012202A930784C
:1020A000EDF714FC95ED007AB7EEC77A8DED007B65
:1020B0002246394602A806F0EFF8012202A930783C
:1020C000EDF704FCAAE7124A32F8131003F6831066
:1020D00001F2D4710B4A02EB810211680D4A02EB46
:1020E000800211600133B3F5FA7FECDB002025B0EC
:1020F000F0BD00BF3C0B050808010508CD05002414
:10210000F4EC0524A0A40524F40404242401050807
:10211000D85E04247411042400EB012000B270473F
:102120000278054B1A7042785A7082789A70C27899
:10213000DA7093ED000A7047F8EC052410B5C0B0D2
:102140000446B0F5707F0ED81E4BB3F900300B2B50
:102150001BD0162B2AD01C4B03221A551B4B0122D5
:102160001A5540B010BD4FF480720021684606F049
:10217000A7F922461649684606F08EF801226946FC
:10218000144B1878EDF7A2FBDEE70F4B1B5D012B1C
:1021900006D90E4B1B5D1BB90F4B01221A55E0E708
:1021A0000123094A1355094A1355DAE7064B1B5D0B
:1021B000032BD6D0044B02221A55044B01221A5588
:1021C000CFE700BF16FF032448DD032448EC0324B7
:1021D00038010508CD05002488D90324064B1B5C73
:1021E0001BB1064A138801331380054B185CB0FA03
:1021F00080F04009704700BFC8E4032414FF0324A3
:10220000A4FF0324134BB3F900300B2B08D0162B7B
:1022100019D0114B03221A54104B00221A54704744
:102220000D4B1B5C012B03D90C4B1B5C012B06D007
:10223000094B01221A54094B00221A547047084BCB
:1022400001221A547047044B02221A54034B0022F5
:102250001A54704716FF032448DD032448EC032476
:1022600088D9032438B504468B1E3C4800EB830311
:1022700093ED007A07EE901AF8EEE77A77EEC77AD8
:10228000B0EE007A77EEC77AFDEEE77A17EE903A75
:1022900019B253009BB20B441BB200EB8302D2ED88
:1022A000007AFDEEE77A17EE902A12B2013300EBC6
:1022B0008300D0ED007AFDEEE77A17EE900A05B2C2
:1022C000013A042A2CD8DFE802F003202C3844001D
:1022D000234BB3F90020234B03EB8203D3ED007AA9
:1022E000FDEEE77A17EE903A3BB1A8B2FFF726FF72
:1022F000B4B11D4B01225A5512E0A8B2FFF782FF7C
:1023000074B1194B00225A550AE0154BB3F900205D
:10231000144B03EB820393ED000A2846FDF762FE9F
:1023200038BD0F4BB3F900200E4B03EB82031A6844
:102330000E4B03EB85031A60F2E7094AB2F900106D
:10234000084A02EB81021168044A02EB8303196018
:10235000E6E72A462046FFF785FFE1E7DC62042432
:102360000EFF03248C670424E45A0424F404042498
:1023700010B5831E354C04EB830393ED007A07EE12
:10238000900AF8EEE77A77EEC77AB0EE007A77EE49
:10239000C77AFDEEE77A17EE903A18B24B009BB27F
:1023A00003441BB204EB8302D2ED007AFDEEE77A20
:1023B00017EE902A12B2013304EB830494ED007AF5
:1023C000FDEEC77A17EE903A19B2531E042B14D8BB
:1023D000DFE803F00314212E380088B2FFF7FEFE79
:1023E00007EE900A1A4BB3F90020013A194B03EBA0
:1023F0008203F8EEE77AC3ED007A10BD144BB3F90F
:102400000020013A144B03EB81031968114B03EBD5
:1024100082031960F1E70E4BB3F90020013A0F4B2C
:1024200003EB810319680B4B03EB82031960E4E7AC
:10243000074BB3F90020013A064B03EB820383ED0F
:10244000007ADAE7FFF794FFD7E700BFDC620424E5
:102450000EFF03248C670424C40C0424F404042415
:102460002DE9F04168B10E4601460025DE4B1D7096
:10247000DE4B1D70DE4C204606F02BFADD4B1D8036
:102480003DE00122DC49DD4B1878EDF71FFA9FEDA6
:10249000DC0A00F0C1BD14F8013C2D2B0FD0204602
:1024A00004F00EF8D34BB3F90020511C1980B7EE9D
:1024B000C00BD44B03EB820383ED000A10E0601ED7
:1024C00003F0FEFFCB4BB3F90020511C1980B7EE8F
:1024D000C00BCC4B03EB820383ED000A00E0013418
:1024E0002378C94AD25C12F0040FF8D12E2BF6D013
:1024F0002D2BF4D003E0BF4B00221A800134237847
:10250000002B00F07F85A3F13002D2B22E2B18BF32
:10251000092AC0D99A1E8E2A00F2678501A151F8B6
:1025200022F000BFA92A0408EB2F0408EB2F0408AF
:10253000EB2F0408EB2F0408EB2F0408EB2F040803
:10254000EB2F0408EB2F0408EB2F0408EB2F0408F3
:10255000EB2F0408EB2F0408EB2F0408EB2F0408E3
:10256000EB2F0408EB2F0408EB2F0408EB2F0408D3
:10257000EB2F0408EB2F0408EB2F0408EB2F0408C3
:10258000EB2F0408EB2F0408EB2F0408EB2F0408B3
:10259000EB2F0408EB2F0408EB2F0408EB2F0408A3
:1025A00061270408EB2F0408FD240408EB2F04081E
:1025B000EB2F0408D9280408EB2F0408EB2F04089C
:1025C000EB2F04080D2804088F270408EB2F0408BC
:1025D000B7270408EB2F040835280408EB2F04085C
:1025E000EB2F0408EB2F0408EB2F0408EB2F040853
:1025F000EB2F0408EB2F0408EB2F0408EB2F040843
:10260000EB2F0408EB2F0408F72404085D280408C6
:10261000BD2D04089B280408EB2F0408EB2F0408A9
:10262000EB2F0408EB2F0408EB2F0408EB2F040812
:10263000EB2F0408EB2F0408EB2F0408EB2F040802
:10264000EB2F0408EB2F0408EB2F0408EB2F0408F2
:10265000EB2F0408EB2F0408EB2F0408EB2F0408E2
:10266000EB2F0408EB2F0408EB2F0408EB2F0408D2
:10267000EB2F0408EB2F0408EB2F0408EB2F0408C2
:10268000EB2F0408EB2F0408EB2F0408EB2F0408B2
:10269000EB2F0408EB2F0408EB2F0408EB2F0408A2
:1026A000EB2F0408EB2F0408EB2F0408EB2F040892
:1026B000EB2F0408EB2F0408EB2F0408EB2F040882
:1026C000EB2F0408EB2F0408EB2F0408EB2F040872
:1026D000EB2F0408EB2F0408EB2F0408EB2F040862
:1026E000EB2F0408EB2F0408EB2F0408EB2F040852
:1026F000EB2F0408EB2F0408EB2F0408EB2F040842
:10270000EB2F0408EB2F0408EB2F040831290408F1
:10271000EB2F0408EB2F0408EB2F04088929040889
:10272000C7290408052A0408432A0408AD2A040816
:10273000B52D0408E72A0408B52D04082D2B04083C
:10274000B52D04087D2B0408B52D0408A52B04081D
:102750009F2F0408EB2F0408552B0408B52D0408FF
:10276000244BB3F90030013B264A02EB8302D2ED41
:10277000007AF5EE407AF1EE10FA06D14FF07E5174
:10278000204A02EB83031960B8E60021F8E71948F4
:10279000B0F900309A1E1B4901EB8202D2ED007A9B
:1027A0005F1E01EB870191ED007A77EE877AC2ED2B
:1027B000007A0780A2E66378232B7FF49FAE0D4852
:1027C000B0F900309A1E0F4901EB8202D2ED007A77
:1027D0005F1E01EB870191ED007A77EEC77AC2EDBB
:1027E000007A07808AE600BFF1D70324F1D50324DD
:1027F000FCD503240EFF032450010508CD05002459
:10280000000000008C670424D10D0508C048B0F911
:1028100000309A1EBF4901EB8202D2ED007A5F1EA2
:1028200001EB870191ED007A67EE877AC2ED007ABD
:10283000078063E6B648B0F900309A1EB54901EB4F
:102840008202D2ED006A5F1E01EB870191ED007AF2
:10285000C6EE877AC2ED007A07804FE6AC4BB3F93B
:102860000030991EAB4A02EB810090ED007A581EB1
:1028700002EB8002D2ED007AB4EEE77AF1EE10FAC4
:1028800009D54FF07E50A34A02EB81021060013B54
:102890009F4A138032E60020F5E79D4BB3F90030E4
:1028A000991E9C4A02EB810090ED007A581E02EBC3
:1028B0008002D2ED007AB4EEE77AF1EE10FA09DD8B
:1028C0004FF07E50934A02EB81021060013B904A28
:1028D000138013E60020F5E78D4BB3F90030991E05
:1028E0008C4A02EB8102D2ED007AF5EE407AF1EEED
:1028F00010FA0DD0581E874A02EB8002D2ED007A02
:10290000F5EE407AF1EE10FA0FD1DFED837A01E0B7
:10291000DFED817A7F4A02EB8102F8EEE77AC2EDC1
:10292000007A013B7A4A1380E8E5DFED7C7AF1E733
:10293000774BB3F90030991E764A02EB8102D2ED53
:10294000007AF5EE407AF1EE10FA0DD1581E714A78
:1029500002EB8002D2ED007AF5EE407AF1EE10FA49
:102960000FD0DFED6E7A01E0DFED6C7A694A02EBA1
:102970008102F8EEE77AC2ED007A013B644A1380E7
:10298000BCE5DFED657AF1E7614BB3F90030991EE4
:10299000604A02EB810090ED007A581E02EB800243
:1029A000D2ED007AB4EEE77AF1EE10FA09DB4FF0DF
:1029B0007E50584A02EB81021060013B544A13805A
:1029C0009CE50020F5E7524BB3F90030991E514ABF
:1029D00002EB810090ED007A581E02EB8002D2EDEE
:1029E000007AB4EEE77AF1EE10FA09D84FF07E5093
:1029F000484A02EB81021060013B454A13807DE5A5
:102A00000020F5E7424BB3F90030991E414A02EB32
:102A1000810090ED007A581E02EB8002D2ED007A20
:102A2000B4EE677AF1EE10FA09D14FF07E50394AD0
:102A300002EB81021060013B354A13805EE5002005
:102A4000F5E7334BB3F90030991E324A02EB8100AF
:102A500090ED007A581E02EB8002D2ED007AB4EEBF
:102A6000677AF1EE10FA09D04FF07E50294A02EB56
:102A700081021060013B264A13803FE50020F5E704
:102A8000591E274842540133DBB2E25C032AF7D1D6
:102A9000013B23480022C254224B01221A70DDF769
:102AA0007FFC831C1C4429E50123EEE7DFF86080EE
:102AB000B8F90030013B174F07EB8303D3ED007AE1
:102AC000FDEEE77A17EE903A98B2FFF787FB07EE34
:102AD000900AB8F90030013B07EB8303F8EEE77A80
:102AE000C3ED007A0AE50A4BB3F90030013B094A0D
:102AF00002EB8302D2ED007AFDEEE77A17EE903A10
:102B00001BB2094901EB83031B681360F6E400BFA5
:102B10000EFF03248C670424000000000100000065
:102B2000F4D70324F1D50324C40C0424B64BB3F921
:102B30000030013BB54A02EB8302D2ED007AFDEE94
:102B4000E77A17EE903A1BB2B14901EB83031B6899
:102B50001360D3E4AC4BB3F90030013BAB4A02EB5A
:102B60008302D2ED007AFDEEE77A17EE903A1BB2BF
:102B7000A84901EB83031B681360BFE4A24BB3F9C0
:102B80000020013AA14B03EB8203D3ED007AFDEE66
:102B9000E77A17EE903A19B29F4BB3F90000FFF7AE
:102BA000E7FBABE49D4BB3F900300B2B5ED0162B4B
:102BB00000F0AB80944A1388013B1BB21380DFF80E
:102BC00058C2BCF900108FB27A1C12B2ACF80020C7
:102BD000934C04EB810107EE905AF8EEE77AC1EDD1
:102BE000007A90490868904DB5F9001001EB410159
:102BF00000EB8101898807EE901A0237ACF800706B
:102C000004EB8202F8EE677AC2ED007A7F4A02EBAB
:102C10008303D3ED007AFDEEE77A17EE903A834A0C
:102C2000128812FA83F3824A128812FA83F31BB2D3
:102C30002B80D4ED027AB7EE007A77EE877AC4ED76
:102C4000027A03EB430300EB83037A4C9968204636
:102C500005F03FFE3B21204605F049FC08B100226B
:102C600002700025684B1D80724C48E4664F3B881B
:102C7000013B1BB23B80DFF8A0E1BEF900101FFA58
:102C800081FC0CF1010212B2AEF80020644C04EB9E
:102C9000810107EE905AF8EEE77AC1ED007A6149BA
:102CA0000868654DB5F9001001EB410100EB8101A9
:102CB000898807EE901A0CF1020CAEF800C004EB04
:102CC0008202F8EE677AC2ED007A504A02EB830383
:102CD000D3ED007AFDEEE77A17EE903A1BB22B8027
:102CE000D4ED007AB7EE007A77EE877AC4ED007AF9
:102CF00003EB430300EB83034E4C9968204605F039
:102D0000E8FD00253D80FFF7FABB3F4F3B88013BC4
:102D10001BB23B80DFF800E1BEF900001FFA80FC27
:102D20000CF1010109B2AEF800103D4A02EB80003F
:102D300007EE905AF8EEE77AC0ED007A3948046859
:102D40003E4DB5F9000000EB400004EB80008088A8
:102D500007EE900A0CF1020CAEF800C002EB810104
:102D6000F8EE677AC1ED007A284901EB8303D3EDD1
:102D7000007AFDEEE77A17EE903A2C49098811FAAD
:102D800083F31BB22B8002F2AC42D2ED007AB7EE95
:102D9000007A77EE877AC2ED007A03EB430304EB07
:102DA0008303244C9968204605F093FD00253D805F
:102DB000FFF7A5BB224A1370FFF7A0BB124A138886
:102DC000013B1BB213801E4A1278853A0B2A3FF64C
:102DD00095AB01A151F822F0452E0408FD2404080A
:102DE000E72E0408FD240408172F0408FD24040816
:102DF000452F0408FD240408FD240408FD240408CC
:102E0000FD240408712F04080EFF03248C6704249A
:102E1000F40404246403042410FF032416FF032491
:102E2000DC6204246C0106246401062422FF0324CE
:102E300020FF0324FCD50324680106246601062430
:102E4000F1D70324754A02EB8302D2ED007AFDEE3E
:102E5000E77A17EE902A12B212B35A1E6F4B03EBA9
:102E60008203D3ED007AFDEEE77A17EE903A98B23E
:102E7000FFF764F9002E3FF441AB694BB3F9002032
:102E8000013A664B03EB8203D3ED007AFDEEE77A5D
:102E900017EE903A1BB2634A0121D154FFF72EBBC3
:102EA0005A1E5E4B03EB8203D3ED007AFDEEE77A08
:102EB00017EE903A98B2FFF7A5F9002E3FF41EAB3B
:102EC000574BB3F90020013A544B03EB8203D3ED87
:102ED000007AFDEEE77A17EE903A1BB2514A0021D4
:102EE000D154FFF70BBB591E4C4A02EB8101D1EDC7
:102EF000007AFDEEE77A17EE901A88B2013002EB05
:102F0000830292ED000A00B2FDF76CF8464B0022F6
:102F10001A70FFF7F3BA5A1E404901EB8202D2ED54
:102F2000007AFDEEE77A17EE902A12B201EB8301E8
:102F300009683E4B03EB820319603B4B00221A7079
:102F4000FFF7DCBA5A1E354B03EB8203D3ED007A50
:102F5000FDEEE77A17EE903A1AB2354BB3F900104E
:102F60003046FFF77FF9304B00221A70FFF7C6BAE0
:102F70005A1E2A4901EB8202D2ED007AFDEEE77A71
:102F800017EE902A12B201EB83010968294B03EB7B
:102F900082031960244B00221A70FFF7AFBA204A4F
:102FA0001388023B1BB21380214FB7F9000081B296
:102FB00001F1010E0FFA8EFEA7F800E0174A02EBAE
:102FC000830CDCF80080DFF874C00CEB8000C0F8E4
:102FD000008001330231398002EB830212680CEB6E
:102FE0008E031A600235FFF789BA03F16902D2B283
:102FF000582A3FF683AA973B0F4A52F82330984746
:10300000FFF77CBA064A1388013B1BB21380034AC0
:1030100002EB830393ED000ABDE8F0818C67042482
:103020000EFF0324E45A0424F1D70324F4040424F7
:1030300010FF03246403042484040024DC620424B9
:1030400070B5444B1A880121434805F039FA434CC6
:10305000B4F900200021424B186805F031FAB4F9A8
:103060000030002B73DD3F4B1A883F4B1A8023E062
:103070000121B01CFFF7F4F93B4BB3F90030394A9A
:10308000B2F900209B1A364A12680121D15433E06C
:10309000314A135D002D14BF002303F001031355C3
:1030A0003149B1F9003003EB4303304A126802EBB7
:1030B0008303B3F904300B802B4BB3F90030002BA2
:1030C00045DB3B212A4805F012FA064608B10023E9
:1030D0000370284B21221A80254D284603F0F3F96E
:1030E00004B200212846FFF7BBF9BDEEC00A10EE7E
:1030F000103A1BB2002BBBD11E4B0B221A800021B1
:103100001D4B19801A48FFF7ABF9BDEEC00A10EE4F
:10311000103A1DB21EB1B01C03F0D5F904B2164B23
:10312000B3F90030002BB3D00B4B00221A55B7E790
:1031300001331BB21946074A1288934209DA0F4A33
:10314000D25C002AF4D0044A00205054F0E7002357
:10315000F0E770BD6201062488E803241EFF032403
:1031600008FF03245A010624640106246C01062486
:10317000BCD8032416FF032414FF0324C8E403244B
:1031800030B5C1B000244FF480722146684605F086
:1031900097F9484BB3F90020A24207DD464B1A8845
:1031A000464B1A80464B16221A8019E0454968465C
:1031B00005F072F801226946434B1878ECF786FB5C
:1031C0004FF0FF3073E0B0F904203C4B1A803B4BCA
:1031D000B3F90030002B33DB3C4B1B78012B62D062
:1031E0002046364BB3F90040002C60DB384D04EB31
:1031F00044022B6803EB820301219868FFF730F942
:10320000BDEEC00A10EE103A1AB22C4BB3F90030E2
:1032100003EB4303296801EB830031F823304FF6B9
:10322000FF718B42CFD0002BD1D122B1B0F9042055
:10323000224B1A80CBE7B0F90620204B1A80C6E754
:10324000244B93ED007AB5EE407AF1EE10FAC3D03C
:10325000214803885A1E12B20280204901EB8202E3
:10326000D2ED007AFDEEE77A144A17EE905A1580F7
:10327000023B1BB2038001EB8302D2ED006A07EE32
:10328000903AF8EEE77A77EEE67AFDEEE77A17EE17
:10329000903A038001F2AC41F7EE007A37EE677A9C
:1032A00081ED007A98E7094B00221A70204641B060
:1032B00030BD00BF20FF03245C0106246601062404
:1032C00016FF032460010508CD050024F0D5032472
:1032D0006C0106248867042410FF0324DC620424A4
:1032E00038B5594B00221A80584BB3F90030584A70
:1032F0001380584AB2F90020002A39DD002B37DB51
:10330000FEF79CFDFFF73CFF534B1880B0F1FF3FE9
:1033100032D0524B0B221A80514B1A88002151484F
:1033200005F0CEF8504C494DB5F9003003EB43039E
:10333000226802EB830200219068FFF791F8BDEE4E
:10334000C00A10EE103A1AB2B5F9003003EB43038D
:10335000216801EB830031F823304FF6FF718B4277
:1033600014D0B3B902B3B0F90420384B1A8010E07E
:1033700000203E4B187038BD01223D493D4B187866
:10338000ECF7A4FA394B00221A70C2E7B0F9042016
:103390002A802E4BB3F90030002B0ADBFFF750FEDA
:1033A000FEF780FD00233AE0B0F90620274B1A8093
:1033B000EFE7314B93ED007AB5EE407AF1EE10FA7B
:1033C000ECD021490B885A1E12B20A802A4800EB21
:1033D0008202D2ED007AFDEEE77A1C4A17EE904A9F
:1033E0001480023B1BB20B8000EB8302D2ED006A1B
:1033F00007EE903AF8EEE77A77EEE67AFDEEE77AB6
:1034000017EE903A0B80F7EE007A37EE677A80ED90
:10341000007AC3E713498A5C72B901331BB21A46BA
:103420000F4909888B420DDA1449C95C0129F1D191
:103430001349895C0029EDD1054B1A88034B1A808A
:10344000012098E7012096E710FF03246801062475
:103450001AFF032422FF032418FF032416FF03246A
:103460006201062488D903246C010624580106242D
:1034700084010508CD050024DC62042448DD032412
:1034800088E80324074BB3F90030002B00DA7047BB
:1034900010B5054C01232370FFF722FF0023237092
:1034A00010BD00BF68010624F0D70324094B1B8818
:1034B00058184EF66022904207DC0B449BB2054A36
:1034C00013805B1A0448184470470020034B18709F
:1034D000704700BFA8F90524047604245801062487
:1034E00010B54FF4707422460021154804F0E8FF2F
:1034F00022460021134804F0E3FF2246002112482F
:1035000004F0DEFF22460021104804F0D9FF2246D5
:1035100000210F4804F0D4FF224600210D4804F09A
:10352000CFFF0D4BB3F900100C4B1878FFF7BEFF1F
:103530000B4B186008B1012010BD0020FCE700BF54
:1035400048EC032488E80324C8E4032408E10324A6
:1035500048DD032488D903241EFF0324CD0500245D
:1035600008FF03242DE9F04FADF6EC0D83460D4620
:103570004FF4806200210DF59D6004F0A1FF4FF42F
:10358000966200210EA804F09BFFCD4A9368CD4CB3
:103590006360D268A2602A46CB490EA804F07CFE84
:1035A00001220EA95846ECF791F9636843BB01224A
:1035B0002270C34BDA68C34B9A60002A00F0D084B3
:1035C000C04C00266670C1490EA804F065FE0122B9
:1035D0000EA95846ECF77AF9A268BD4BA3FB02325C
:1035E000D208E260BB490EA804F056FE01220EA9E3
:1035F0005846ECF76BF94FF44423099300F0D5BC1F
:103600000021B04B19704FF480620DF59D6004F0FD
:1036100057FF4FF42B2259210DF59D60E4F758F91F
:10362000AD490DF59D60ECF742F8B0F1FF3F00F0B9
:1036300077814FF48064224600210DF59D6004F0EF
:103640003FFFA64A02210DF59D60E4F741F99DF880
:10365000E9149DF8E804FEF75FFD0246A04D2880BE
:10366000A0490EA804F018FE01220EA95846ECF756
:103670002DF9224600210DF59D6004F021FF9A4AA4
:1036800002210DF59D60E4F723F99DF8E9149DF8FA
:10369000E804FEF741FD0246944B188094490EA8B9
:1036A00004F0FAFD01220EA95846ECF70FF9224664
:1036B00000210DF59D6004F003FF8E4A02210DF5F7
:1036C0009D60E4F705F99DF8E9149DF8E804FEF71C
:1036D00023FD82B2884B1A80884B1A8088490EA835
:1036E00004F0DAFD01220EA95846ECF7EFF8224665
:1036F00000210DF59D6004F0E3FE824A02210DF5E4
:103700009D60E4F7E5F89DF8E9149DF8E804FEF7FC
:1037100003FD82B27C4B1A807C4B1A807C490EA838
:1037200004F0BAFD01220EA95846ECF7CFF8B5F91E
:10373000003003EB4303990009B25846FFF7B6FE89
:10374000744B1860002800F0F180734C4FF00008B3
:10375000664BB3F90030434540F303814FF4806773
:103760003A4600210DF59D6004F0AAFE2246022192
:103770000DF59D60E4F7ACF804F102099DF8E91439
:103780009DF8E804FEF7C8FC08EB4805AD00614E63
:10379000336858533A4600210DF59D6004F090FEC1
:1037A0004A4602210DF59D60E4F792F804F1040900
:1037B0009DF8E9149DF8E804FEF7AEFC33682B444D
:1037C00058803A4600210DF59D6004F079FE4A4686
:1037D00002210DF59D60E4F77BF804F106099DF8E0
:1037E000E9149DF8E804FEF797FC33682B449880B1
:1037F0003A4600210DF59D6004F062FE4A46022122
:103800000DF59D60E4F764F804F108099DF8E914EA
:103810009DF8E804FEF780FC33682B44D8803A46D4
:1038200000210DF59D6004F04BFE4A4602210DF586
:103830009D60E4F74DF80A349DF8E9149DF8E8041A
:10384000FEF76AFC07461FFA80F909F101013368A7
:1038500003EB050A09B25846FFF728FECAF808002C
:1038600033682B449B68002B6CD04FF4806200219E
:103870000DF59D6004F024FE224649460DF59D603D
:10388000E4F726F83C44234E33682B440DF59D6144
:10389000986805F01EF833682B449B680022DA55BF
:1038A00033682B449A681D490EA804F0F5FC0122E8
:1038B0000EA95846ECF70AF808F1010848E700BFDE
:1038C000C49A0524A0A40524AC010508FC0405083D
:1038D000E1830F3E18050508C801050859B00A0024
:1038E0001CFF0324180205085BB00A0022FF032412
:1038F000300205085DB00A0062010624C8050024F4
:10390000500205085FB00A0060010624CA050024C1
:10391000700205086C01062461B00A00F002050877
:103920000122CB495846EBF7D1FF42E6B5F900201A
:10393000C8490EA804F0B0FC01220EA95846EBF7C6
:10394000C5FF36E60EADC44E0FCE0FC50FCE0FC568
:1039500096E80F0007C52B7001220EA95846EBF719
:10396000B5FFBE4BB3F9003043450AD04246BC49CF
:103970000EA804F091FC01220EA95846EBF7A6FF11
:1039800017E64FF4806200210DF59D6004F098FD6C
:10399000224602210DF59D60E3F79AFF02349DF85F
:1039A000E9149DF8E804FEF7B7FB0246AD4D288008
:1039B000AD490EA804F070FC01220EA95846EBF7A1
:1039C00085FFB5F90020002A45DDB2F5FA7F01DC5C
:1039D000002639E0A5490EA804F05EFC01220EA9DC
:1039E0005846EBF773FFE4E54FF480673A46002151
:1039F0000DF59D6004F064FD224602210DF59D60E9
:103A0000E3F766FF02349DF8E9149DF8E804FEF739
:103A100083FB05463A4600210DF59D6004F050FDFC
:103A20002246A9B20DF59D60E3F752FF2C440DF537
:103A30009D6332468E490EA804F02EFC01220EA989
:103A40005846EBF743FF0136864BB3F90030B342DB
:103A5000CADC40F0F2804FF480652A4600210DF563
:103A60009D6004F02DFD224602210DF59D60E3F7D7
:103A70002FFFA61C9DF8E9149DF8E804FEF74CFB07
:103A800002467C4B18807C490EA804F005FC0122FC
:103A90000EA95846EBF71AFF2A4600210DF59D6046
:103AA00004F00EFD324602210DF59D60E3F710FF94
:103AB00004349DF8E9149DF8E804FEF72DFB024656
:103AC0006E4B18806E490EA804F0E6FB01220EA989
:103AD0005846EBF7FBFE614BB3F900805F4BB3F93F
:103AE0000030664AB2F900201344434540F3D380C6
:103AF0004FF480673A4600210DF59D6004F0E0FC2C
:103B0000224602210DF59D60E3F7E2FE04F1020971
:103B10009DF8E9149DF8E804FEF7FEFA08EB480565
:103B2000AD00584E336858533A4600210DF59D605C
:103B300004F0C6FC4A4602210DF59D60E3F7C8FE7D
:103B400004F104099DF8E9149DF8E804FEF7E4FA8D
:103B500033682B4458803A4600210DF59D6004F0EF
:103B6000AFFC4A4602210DF59D60E3F7B1FE04F17A
:103B700006099DF8E9149DF8E804FEF7CDFA3368CC
:103B80002B4498803A4600210DF59D6004F098FC86
:103B90004A4602210DF59D60E3F79AFE04F10809FB
:103BA0009DF8E9149DF8E804FEF7B6FA33682B4453
:103BB000D8803A4600210DF59D6004F081FC4A460C
:103BC00002210DF59D60E3F783FE0A349DF8E914A8
:103BD0009DF8E804FEF7A0FA07461FFA80F909F1FC
:103BE0000101336803EB050A09B25846FFF75EFC92
:103BF000CAF8080033682B449B68002B46D04FF46A
:103C0000806200210DF59D6004F05AFC2246494671
:103C10000DF59D60E3F75CFE3C441A4E33682B447F
:103C20000DF59D61986804F054FE33682B449B6841
:103C30000022DA5508F1010850E7324612490EA871
:103C400004F02AFB01220EA95846EBF73FFEB0E430
:103C50000002050890020508C002050822FF03249F
:103C6000FC02050812FF0324240305083C03050891
:103C7000800305085E010624B403050820FF032421
:103C8000D00305086C0106249C0305080122B749EE
:103C90005846EBF71BFEB64BB3F90030B54AB2F904
:103CA0000020134443450AD04246B3490EA804F00D
:103CB000F3FA01220EA95846EBF708FE79E44FF417
:103CC00080652A4600210DF59D6004F0F9FB22462F
:103CD00002210DF59D60E3F7FBFDA61C9DF8E9149C
:103CE0009DF8E804FEF718FA0246A44B1880A44990
:103CF0000EA804F0D1FA01220EA95846EBF7E6FD12
:103D00002A4600210DF59D6004F0DAFB32460221BF
:103D10000DF59D60E3F7DCFD04349DF8E9149DF892
:103D2000E804FEF7F9F90246964B188096490EA86A
:103D300004F0B2FA01220EA95846EBF7C7FD8C4BEE
:103D4000B3F900708B4BB3F900301F44884BB3F9C3
:103D50000020884BB3F900301A448A4BB3F9003085
:103D60001344BB4240F3BD804FF4806842460021BB
:103D70000DF59D6004F0A4FB224602210DF59D6027
:103D8000E3F7A6FD04F102099DF8E9149DF8E804A3
:103D9000FEF7C2F907EB4705AD007C4E3368585378
:103DA000424600210DF59D6004F08AFB4A4602213F
:103DB0000DF59D60E3F78CFD04F104099DF8E9140D
:103DC0009DF8E804FEF7A8F933682B445880424672
:103DD00000210DF59D6004F073FB4A4602210DF5AC
:103DE0009D60E3F775FD04F106099DF8E9149DF85F
:103DF000E804FEF791F933682B449880424600218D
:103E00000DF59D6004F05CFB4A4602210DF59D60B6
:103E1000E3F75EFD04F108099DF8E9149DF8E80454
:103E2000FEF77AF933682B44D880424600210DF51D
:103E30009D6004F045FB4A4602210DF59D60E3F7C5
:103E400047FD0A349DF8E9149DF8E804FEF764F98B
:103E500080461FFA80F909F10101336803EB050A76
:103E600009B25846FFF722FBCAF8080033682B4412
:103E70009B688BB34FF4806200210DF59D6004F0C8
:103E80001FFB224649460DF59D60E3F721FD4444A2
:103E90003E4E33682B440DF59D61986804F019FD82
:103EA00033682B449B68002203F80820304BB3F999
:103EB0000020304BB3F900301A44BA1A0DF59D6357
:103EC000013233490EA804F0E7F901220EA9584641
:103ED000EBF7FCFC013739E701222E495846EBF796
:103EE000F5FC234BB3F90020224BB3F900301A4400
:103EF000244BB3F900301344BB420BD03A46264959
:103F00000EA804F0C9F901220EA95846EBF7DEFC11
:103F1000FFF74FBB4FF4806200210DF59D6004F068
:103F2000CFFA224602210DF59D60E3F7D1FC9DF802
:103F3000E9149DF8E804FEF7EFF80246174B1880E5
:103F400017490EA804F0A8F901220EA95846EBF76C
:103F5000BDFC012213495846EBF7B8FCFFF729BB1B
:103F600001225A704FF0FF340CE100BFE80305084E
:103F700022FF032420FF03240C0405085C0106240F
:103F8000340405081EFF03244C0405086C010624B4
:103F90008804050864040508A40405085A010624D9
:103FA000D4040508E80405080136814BDB68B342F8
:103FB00040F2E68000250B950C950D954FF480623C
:103FC00029460DF59D6004F07BFA099C22462121CB
:103FD0000DF59D60E3F77CFC2346213309939DF8A2
:103FE000E9349DF8E84404EB0324724B23F81640AF
:103FF000224671490EA804F04FF901220EA9584635
:10400000EBF764FC9DF8EA246C4B1A706C490EA81F
:1040100004F042F901220EA95846EBF757FC0BAB0E
:10402000DDF8EB04DDF8EF1403C3BDF8F3241A80C8
:104030008DF83650671C5E4D05EB07170BA9384607
:1040400004F047FC3A465F490EA804F025F9012226
:104050000EA95846EBF73AFC0DF2F540FEF760F872
:10406000DFF880A18AED000A0DF2F940FEF758F85A
:10407000DFF8749189ED000A0DF2FD40FEF750F86B
:10408000DFF8688188ED000A0DF20150FEF748F86C
:104090004D4F87ED000A0DF20550FEF741F84B4BEE
:1040A00083ED000ADAED006AB7EEC00A8DED060B6B
:1040B00097ED007AB7EEC77A8DED047B98ED007A24
:1040C000B7EEC77A8DED027B99ED007AB7EEC77A2D
:1040D0008DED007BB7EEE67A53EC172B3C490EA82A
:1040E00004F0DAF801220EA95846EBF7EFFBDAF8F4
:1040F0000020384B03EB84031A6004F6C81305EB69
:104100008303D9F80010196004F6BC3305EB830370
:10411000D8F80010196004F55B6305EB8303396878
:10412000196004F6A47305EB8305284B1B682B600C
:10413000294B5B68012B7FF437AF1D4B04F2D47120
:1041400003EB81010A601D4908781D1944F2606182
:10415000685421490D1985F8E807063401EB8401FC
:104160000A60144A32F8161006F6831201F2D4716E
:1041700003EB81031968194B03EB8203196013E702
:1041800009D10024144B5B68012B07D020460DF6A3
:10419000EC0DBDE8F08F4FF0FF34F3E70E4B00223B
:1041A0005A60DEF76FFF0E48FDF7C2FEEEE700BF74
:1041B000A0A40524D85E042430050508D862042490
:1041C0004C0505085C050508C8620424C462042483
:1041D00070050508F4040424C49A05247411042409
:1041E000B8F50408D4620424D0620424CC62042408
:1041F00038B5002304E0424A0021D15401339BB278
:104200004EF65F229342F6D900243E4B1C80C8250F
:104210002A4621463C4804F053F92A4621463B48A9
:1042200004F04EF93A4B1C605C604FF4706221461A
:10423000384804F045F94FF470752A46214636484F
:1042400004F03EF92A462146344804F039F92A465A
:104250002146334804F034F92A462146314804F017
:104260002FF92A462146304804F02AF92F4B1C60CA
:104270002A4621462E4804F023F92E4B1C602E4B73
:104280001C604FF496652A4621462C4804F018F924
:104290002A4621462A4804F013F94FF4C8722146F1
:1042A000284804F00DF9284B1C60284B1C80284B33
:1042B0001C80284B1C80284B1C80284B1C80284BC2
:1042C0001C80284B1C80284B1C80284B1C80284BB2
:1042D0001C80284B1C80284B1C80284B1C80284BA2
:1042E0001C80284B1C80284B1C80284B1C80284B92
:1042F0001C80284B1C80284B1C80284B1C7038BD10
:1043000004760424A8F90524BCD80324F4D7032494
:10431000F4D5032408F0032448EC032488E803249C
:10432000C8E4032408E1032448DD032408FF032430
:1043300088D90324A4F905246C010624DC62042432
:104340008C670424640304249CF905246201062478
:10435000600106240CFF032422FF032420FF032412
:104360001EFF03241CFF03245E0106245C010624B7
:104370005A01062468010624660106246401062405
:1043800018FF03241AFF032416FF032414FF032439
:1043900012FF032410FF03240EFF0324F1D703248C
:1043A00070B586B00446FCEEC07ACDED037A9DF878
:1043B0000C20BDF80C50A0F25B235E2B00F275853B
:1043C000DFE813F0E1035F00770090004E016A011F
:1043D0008601AC00A101B801E801FA01E10346023F
:1043E000590238016C029A02C802F60224037305CE
:1043F00073057305730573057305730573057305FD
:10440000730573057305730573055C037305D400A9
:10441000EB001101730573057305730573057305CF
:104420007305570473056A047305730573057305F3
:104430007305730573057D048E0473057305730599
:1044400073057305730573057305730573057305AC
:10445000730573057305730573057305730573059C
:104460007305730573059F047305B004C304D60474
:10447000000504051205230533054A057305730578
:104480006105AB1F9BB2362B00F27D83B34B83F8E3
:10449000DC55B34B03EB800307EE905AF8EE677AD6
:1044A000C3ED007AAF4B01221A70AF4B05221A60A0
:1044B00069E36B1E9BB2FE2B00F26583AB4BDD60A4
:1044C000A64B9D61A64B03EB800307EE905AF8EED6
:1044D000677AC3ED007AA34B01221A70A24B052222
:1044E0001A6050E3023DADB240F29E539D4200F28D
:1044F0004A839A4B039A1A61994B03EB800307EEA8
:10450000902AF8EE677AC3ED007A0123984A137077
:10451000944A1370944B05221A6034E3039B013BC9
:10452000032B00F230838D4B039A1A728C4B03EBF2
:10453000800307EE902AF8EE677AC3ED007A894B84
:1045400001221A70884B05221A609DF80C20894BB5
:1045500003FB02F2884BA3FB023200230093920973
:10456000042186480068FAF73DFF0CE36B1E9BB2FE
:10457000092B00F208837A4B03EB800307EE905A75
:10458000F8EE677AC3ED007A744B5D71754B0122CA
:104590001A70754B05221A60F5E26B1E9BB2EF2B69
:1045A00000F2F1826E4B03EB800307EE905AF8EEB7
:1045B000677AC3ED007AEDB2684B9D71694B0122B9
:1045C0001A70694B05221A606A4B03FB05F56A4BAA
:1045D000A3FB053200230093920904216848006878
:1045E000FAF700FFCFE2A5F108039BB2F22B00F22D
:1045F000CA825B4B03EB800307EE905AF8EE677AB2
:10460000C3ED007AEDB2554BDD71564B01221A70A5
:10461000554B05221A60574B03FB05F5564BA3FB80
:104620000532002300939209042156480068FAF7E6
:10463000D9FEA8E2EBB2494A82F8D4334B4A13744C
:10464000474B03EB800307EE905AF8EE677AC3ED11
:10465000007A444B01221A70434B05221A6092E201
:104660006B1E9BB2B3F5707F80F08D823B4BC3F81D
:104670005C513E4BC3F8E452394B03EB800307EE29
:10468000905AF8EE677AC3ED007A364B01221A7021
:10469000354B05221A6076E26B1E9BB2B3F5707F34
:1046A00080F071822D4BC3F85851304BC3F8E8525B
:1046B0002B4B03EB800307EE905AF8EE677AC3EDBD
:1046C000007A284B01221A70274B05221A605AE201
:1046D0006B1E9BB27F2B00F25682204BC3F86051B9
:1046E000224BC3F8EC521E4B03EB800307EE905AAB
:1046F000F8EE677AC3ED007A1A4B01221A701A4B52
:1047000005221A603FE2322D00D932251E4B1D7161
:10471000134B03EB840307EE905AF8EE677AC3ED70
:10472000007AF1F7D7FA194B01221A70184B0522BB
:104730001A6028E2094BC3F8DC52094B03EB8003F3
:1047400007EE905AF8EE677AC3ED007A054B012226
:104750001A70054B05221A6015E200BF6033002471
:1047600074110424280301247004002400ED05249E
:104770005AE5002440420F00D34D62109C7E002475
:10478000A07E0024B4870024E82700242503012408
:1047900064040024A84BDD60A84B03EB800307EE04
:1047A000905AF8EE677AC3ED007AA54B01221A7091
:1047B000A44B05221A60E6E16B1E062B46D8DFE803
:1047C00003F0041C22262F363C009F4B9F4E0FCB3C
:1047D00007C626F8023B1B0C3370984B03EB84038F
:1047E00007EE905AF8EE677AC3ED007A984B0122F3
:1047F0001A70984B05221A60C5E1974A934B07CA75
:1048000003C31A70E9E7914B944A1A60E5E7944AAA
:104810008E4B07CA03C323F8022B120C1A70DCE775
:104820008A4B904A92E8030083E80300D5E78E4A5A
:10483000864B07CA03C31A70CFE7844B8B4A92E8B2
:10484000030018609980090C9971C6E7FF25C4E739
:10485000874BC3F83851794B03EB800307EE905A2E
:10486000F8EE677AC3ED007A794B01221A70794B22
:1048700005221A6087E17E4BC3F83C516F4B03EB76
:10488000800307EE905AF8EE677AC3ED007A704B1A
:1048900001221A706F4B05221A6074E1FF2D00F29D
:1048A0007281744E049605A904A8E7F78EFEEAB259
:1048B0008DF81420614B03EB840307EE905AF8EE59
:1048C000677AC3ED007A002333607360B360F360EE
:1048D00033619DF816309DF81710019100939DF8F3
:1048E00015306549304603F0D7FC594B01221A7048
:1048F000584B05221A6046E1FF2D00F244815D4EBF
:10490000049605A904A8E7F760FEEBB28DF8153010
:104910004A4A02EB840207EE905AF8EE677AC2ED3B
:10492000007A002232607260B260F26032619DF8FB
:1049300016209DF81710019100929DF814204E4901
:10494000304603F0A9FC424B01221A70414B05226C
:104950001A6018E1FF2D00F21681464E049605A953
:1049600004A8E7F732FEEAB28DF81620334B03EBCA
:10497000840307EE905AF8EE677AC3ED007A0023BD
:1049800033607360B360F36033619DF81730019357
:1049900000929DF815309DF814203749304603F0F9
:1049A0007BFC2B4B01221A702A4B05221A60EAE08D
:1049B000FF2D00F2E8802F4E049605A904A8E7F722
:1049C00004FEEAB28DF817201C4B03EB840307EEBC
:1049D000905AF8EE677AC3ED007A00233360736073
:1049E000B360F36033619DF81630019200939DF837
:1049F00015309DF814202049304603F04DFC144B2F
:104A000001221A70134B05221A60BCE0002D00F041
:104A1000BA800A4B03EB800307EE905AF8EE677AF0
:104A2000C3ED007A124BC3F89853094B01221A7058
:104A3000084B05221A60A6E0E8270024741104241C
:104A40002503012464040024B80505080037002468
:104A50002803012470040024C8050508777777002F
:104A6000D4050508E0050508E8050508F40505086E
:104A70006033002444360024FC050508039BB3F58D
:104A8000964F00F0A48034D8B3F5965F7DD017D848
:104A9000B3F5966F64D0B3F5166F40F0DC80BE4B73
:104AA00003EB8003DDED037AF8EE677AC3ED007A5D
:104AB000BA4B039AC3F8D422B94B01221A705FE0B3
:104AC000039BB3F5165F71D0B3F5615F40F0C3800F
:104AD000B14B03EB8003DDED037AF8EE677AC3EDAB
:104AE000007AAE4B039AC3F8D422AD4B01221A7060
:104AF00046E0039BB3F5E13F00F08B8017D8B3F598
:104B0000164F75D0B3F5614F40F0A580A24B03EB73
:104B10008003DDED037AF8EE677AC3ED007A9F4BF0
:104B2000039AC3F8D4229E4B01221A7028E0039BFB
:104B3000B3F5FA3F7ED0B3F57A3F40F08C80964BC8
:104B400003EB8003DDED037AF8EE677AC3ED007ABC
:104B5000924B039AC3F8D422914B01221A700FE0B2
:104B60008D4B03EB8003DDED037AF8EE677AC3ED3E
:104B7000007A8A4B039AC3F8D422894B01221A7017
:104B8000884B05221A6006B070BD834B03EB80038F
:104B9000DDED037AF8EE677AC3ED007A7F4B039A76
:104BA000C3F8D4227E4B01221A70E9E77A4B03EB5B
:104BB0008003DDED037AF8EE677AC3ED007A774B78
:104BC000039AC3F8D422764B01221A70D8E7724BAD
:104BD00003EB8003DDED037AF8EE677AC3ED007A2C
:104BE0006E4B039AC3F8D4226D4B01221A70C7E7AB
:104BF000694B03EB8003DDED037AF8EE677AC3EDD2
:104C0000007A664B039AC3F8D422654B01221A70CE
:104C1000B6E7614B03EB8003DDED037AF8EE677ACC
:104C2000C3ED007A5D4B039AC3F8D4225C4B01229A
:104C30001A70A5E7584B03EB8003DDED037AF8EE1D
:104C4000677AC3ED007A554B039AC3F8D422544BCC
:104C500001221A7094E7504B03EB8403524A1A6006
:104C60004E4B4FF41652C3F8D4224D4B01221A700A
:104C700086E7494B03EB800307EE905AF8EE677A1C
:104C8000C3ED007A454BC3F8DC52454B01221A7044
:104C9000444B05221A6076E73F4B03EB800307EE97
:104CA000905AF8EE677AC3ED007A3C4BC3F8C053D4
:104CB0003B4B01221A703B4B05221A6063E73B4BCA
:104CC00083ED000AB7EEC00A344B83ED500B344B32
:104CD00001221A70334B05221A60E7F70DFA52E7EA
:104CE000334B83ED000AB7EEC00A2C4B83ED520B19
:104CF0002B4B01221A702B4B05221A60E7F7FCF9A7
:104D000041E707EE902AF8EE677A2A4BC3ED007A66
:104D1000224B83F89C23224B01221A70214B05223F
:104D20001A6030E707EE902AF8EE677A224BC3ED5F
:104D3000007A1A4B83F85121194B01221A70194B32
:104D400005221A60E7F7D8F91DE707EE902AF8EE7A
:104D5000677A1A4BC3ED007A104B83F85221104B3F
:104D600001221A700F4B05221A60E7F7C5F90AE70E
:104D700007EE902AF8EE677A114BC3ED007A074BE5
:104D800083F85321064B01221A70064B05221A6044
:104D9000E7F7B2F9F7E600BF74110424603300248A
:104DA000280301247004002400001646C41B0424B8
:104DB000C81B0424241C04242C1C0424301C04249C
:104DC000341C0424B24B83ED000ADCE607EE902A83
:104DD000F8EE677AAF4BC3ED007AEFF7C9F94FF4FD
:104DE0007A70F8F7F9FECEE607EE902AF8EE677AC9
:104DF000A94BC3ED007AA94B83F85021A84B01229F
:104E00001A70A84B05221A60BDE607EE902AF8EE4C
:104E1000677AA54BC3ED007AA44B1A73A44B012209
:104E20001A70A44B05221A60ADE607EE902AF8EE40
:104E3000677AA14BC3ED007A9C4B5A73DB8902FB66
:104E400003F39E4A136000235360994B01221A70AA
:104E5000984B05221A6096E607EE905AF8EE677AAC
:104E6000974BC3ED007A914BDD815B7B05FB03F330
:104E7000924A1360002353608D4B01221A708D4BB0
:104E800005221A607FE64AB1844B83F8CC2207EEF4
:104E9000902AF8EE677A8B4BC3ED007A804B0122A3
:104EA0001A70804B05221A606DE6A0F52F73B3F5DA
:104EB000967F23D3A0F2D533B3F5F07FFFF463AE32
:104EC000A0F2CD53B3F5D27F42D27F49A1FB0301BB
:104ED0008D0821F0030000EB91015B1A7B4901EB87
:104EE000840107EE902AF8EE677AC1ED007A042B70
:104EF0000FD8DFE803F009151B212700A0F2BB2023
:104F000000B2FBF76FF83EE6714B062101FB05335B
:104F10001A72704B01221A706F4B05221A6032E62A
:104F20006B4B062101FB05339A72F2E7684B0621B1
:104F300001FB0533DA72ECE7654B062101FB053313
:104F40001A73E6E7624B062101FB05335A73E0E76B
:104F5000A0F29971B1F5967F46D2604BA3FB010395
:104F60009B0803EB4300A1EB4001584800EB840091
:104F700080ED000A05290CD8DFE801F003141A239C
:104F80002930574A142101FB0323BDEEC00A83EDEB
:104F9000050AF0F79FFE534B01221A70524B05226F
:104FA0001A60F0E54E49142000FB03131A76F0E76F
:104FB0004B4A142101FB0323BDEEC00A83ED070A0F
:104FC000E7E74749142000FB03135A74E1E744491B
:104FD000142000FB031383F82020DAE74049142053
:104FE00000FB03131A74D4E7A0F6C503072B00F2E5
:104FF0008180D90803F00703344800EB840080ED7A
:10500000000A072B3FF6BFADDFE803F0040D1320C5
:10501000262C3239354B1C2202FB0133BDEEC00A6F
:1050200083ED010AAFE5314B1C2000FB01331A72FE
:10503000A9E5F7EE007A30EE670A2C4B1C2202FB42
:105040000133BDEEC00A83ED030A9CE5274B1C200B
:1050500000FB01335A7096E5244B1C2000FB013302
:105060001A7490E51C2301FB03F32049CA548AE516
:105070001E4B1C2202FB0133039A5A6183E51B4B32
:105080001C2000FB01339A70194B01221A707AE53B
:10509000381C04243C1C0424401C042460330024D9
:1050A0002803012470040024441C04241017002445
:1050B000240301241C030124481C0424D83900249F
:1050C0004C1C0424581C0424CDCCCCCC74110424D6
:1050D000C82F00242603012468040024ABAAAAAA2E
:1050E000E827002425030124640400242818002450
:1050F00000760424A0F6CD031F2B07D8B249CA546A
:10510000B24B03EB800383ED000A3CE5A0F6ED0310
:10511000952B5ED80522B3FBF2F202EB82015B1AFB
:10512000042B16D8DFE803F0031928374600A84BF4
:10513000482101FB023383F86851A44B03EB800341
:1051400007EE905AF8EE677AC3ED007AA14B012280
:105150001A70A14B05221A6015E59D4B482101FBF1
:10516000023383ED5D0A994B03EB800383ED000A64
:10517000984B01221A70ECE7954B482101FB023352
:1051800083ED5E0A914B03EB800383ED000A914BA4
:1051900001221A70DDE78E4B482101FB023383EDBB
:1051A0005B0A8A4B03EB800383ED000A894B0122E3
:1051B0001A70CEE7864B482101FB023383ED5C0A6F
:1051C000824B03EB800383ED000A824B01221A70AD
:1051D000BFE7A0F68313B3F5FA7F41D27F4A32F8D6
:1051E00013307F4A1A4492F8E827032A1DD07D4ADB
:1051F00002EB830282ED000A991D794A02EB8102DB
:1052000082ED000A03F2D473774A02EB830383ED45
:10521000000A6E4B03EB840383ED000A734B0122FB
:105220001A70734B05221A60ADE403F6BC316E4A66
:1052300002EB8102D2ED007AF4EEC07AF1EE10FAC0
:105240003FF6A1AC03F6C811674A02EB8102D2ED2A
:10525000007AF4EEC07AF1EE10FAFFF694ACC6E7ED
:10526000644A02444F2A6ED80523B2FBF3F303EBE2
:105270008301511A04293FF686ACDFE801F0032CC4
:105280002C4056005249142000FB03110398C1F82A
:105290002004042A17D8584B5860584B18604B4BC1
:1052A00003EB8403DDED037AF8EE677AC3ED007A51
:1052B0000122484B1A70052347490B6050490A7078
:1052C000504A13605FE4012BE9D14B4B039A9A607B
:1052D0004D4B1A60E3E73E4A142101FB032303F51B
:1052E000856383ED000A394B03EB840383ED000AE9
:1052F000384B01221A70384B05221A6043E4344AB5
:10530000142101FB032303F22C4383ED000A2F4BEE
:1053100003EB840383ED000A01233C4A13702D4AFA
:1053200013702D4B05221A602DE4294A142101FB2C
:10533000032303F5866383ED000A244B03EB840308
:1053400083ED000A1FE4324A0244812A00F2A18060
:105350000523B2FBF3F303EB8301521A042A3FF651
:1053600012ACDFE802F0031A576E7F0003EB8303F1
:10537000174A134483F86055144B03EB800307EE80
:10538000905AF8EE677AC3ED007A124B01221A7038
:10539000114B05221A60FFF7F6BB03EB83030C4A9F
:1053A000134483F86155094B03EB800307EE905AD1
:1053B000F8EE677AC3ED007A064B01221A70064BAD
:1053C00005221A60FFF7DFBBE816002474110424DD
:1053D000603300242803012470040024D85E0424D0
:1053E000C49A0524F4040424A0A405242903012458
:1053F0007404002402EFFFFF10170024043A002475
:10540000240301241C030124003A00245AE500244B
:10541000B2EEFFFF03EB83033A4A134483F862556D
:10542000394B03EB800307EE905AF8EE677AC3ED31
:10543000007A364B01221A70354B05221A60FFF7AD
:10544000A2BB03EB83032F4A134483F863552E4B0F
:1054500003EB800307EE905AF8EE677AC3ED007A0B
:10546000FFF791BB03EB8303264A134483F864558B
:10547000254B03EB800307EE905AF8EE677AC3EDF5
:10548000007A224B01221A70214B05221A60FFF785
:105490007ABB204B0344192B3FF675AB5A0813F027
:1054A00001031BD0002B3FF46EAB691E89B24EF690
:1054B0005E2081423FF667AB174921F8125002F691
:1054C000FC0203EB4203104A02EB830307EE905AFF
:1054D000F8EE677AC3ED007AFFF755BB012D7FF434
:1054E00052AB0E498D5402F6FC0203EB4203064A0E
:1054F00002EB830307EE905AF8EE677AC3ED007A69
:10550000FFF741BB603300247411042428030124F5
:105510007004002408EEFFFF4C390024C439002435
:1055200030B5ADF5037D414BB3F90050AA1E404B99
:1055300003EB8203D3ED007AFCEEE77A17EE904A94
:1055400023B2002C4CD03B4AD2F8E422A24214D31E
:10555000013D374B03EB8503D3ED007AFDEEE77A8F
:1055600017EE903A23B1013C334B01221A5544E027
:10557000013C314B00221A553FE0A4F2C132B2F592
:10558000967F2DD22B4B1B7873B9A4F57070274BE7
:10559000B3F90020013A264B03EB820393ED000A96
:1055A00000B2FAF71FFD28E04FF40072002102A8B4
:1055B00002F086FF013D1E4B03EB850393ED007A5D
:1055C000B7EEC77A8DED007B22461C4902A802F097
:1055D00063FE012202A91A4B1878EAF777F9D4E79B
:1055E000A4F2155142F2B742914206D8002B03F0C3
:1055F0000103B8BF5B42012B03D001200DF5037DF1
:1056000030BD08B200280FDB4010A0F516739BB226
:10561000B3F57A6FF1D2013D054B03EB850393EDB2
:10562000000AFEF7BDFEE8E70130EDE70EFF0324B8
:105630008C67042400ED0524E45A042408060508B8
:10564000CD05002470B5CCB0544A92698DF8042081
:1056500003248DF80540524AD668B2008DF8062022
:10566000002219E002F52F714E4B53F8213043F31D
:10567000072001A90855601C80B20B54A01C80B201
:1056800043F307650D54E01C80B243F307450D5406
:105690000434A4B20132D2B29642E3D8424A12781C
:1056A000002A4ED09DF806200C328DF806200020EE
:1056B0001CE03A4B1B6907EE903AF8EE677A17EE5A
:1056C000903A43F3072101AA1155611C89B2535442
:1056D000A11C89B243F307655554E11C89B243F319
:1056E000074555540434A4B20130C0B2022828D86A
:1056F0000128DED002281AD00028E2D12B4B5B68AB
:1057000007EE903AF8EE677A17EE903AD9E701354E
:105710002A787AB1A2F13001C9B20929F7D803EB8E
:10572000830302EB43039BB2303B9BB2EFE70023C2
:105730001F4DEDE707EE903AF8EE677A17EE903AD4
:10574000BFE7E1B201A8EFF7FBF8030A01AA13557E
:10575000631C9BB2D0540234A5B2164E0024C8225A
:105760002146304603F0BDF82A46314601A8E9F744
:1057700071FF6B009BB2214608E0581C0E4A0A4498
:10578000D4780C4AD4540131C9B283B21729F4D960
:10579000084A0021D1544CB070BD00BF60330024D2
:1057A000E827002474110424F802002408170024B8
:1057B000D63300245CC0002424C1002484B010B57A
:1057C00002AC84E80F001B4B1B78D3B91A4B5B6803
:1057D00044F61F6293421CD803F5B454640213F0DC
:1057E000070F12D022464FF4007102A8F1F7B2FA67
:1057F0001148436801334360104A4FF40071E1F7E8
:10580000EDFFBDE8104004B070472046E1F728FFE7
:10581000E8E7094B00225A6001225A804FF4341005
:10582000E1F71EFF4FF434124FF4007102A8F1F7B4
:1058300091FADDE7A0F90524C49805240040C900C9
:1058400010B5ADF57C7D384BD3F838217C92D3F878
:105850003C217D92354A91788DF8F81151788DF878
:10586000F911D2788DF8FA21314A11788DF8FB11AF
:1058700051788DF8FC1192788DF8FD2102228DF877
:10588000FE212C4AD0688DF8FF019B6980934FF070
:10589000000C15E00133DBB2072B0AD803EBCC0276
:1058A000254CA25C002AF5D001229A401143C9B2CE
:1058B000F0E77CAB634419750CF1010C1FFA8CFC0A
:1058C000BCF1010F02D800231946E5E7002303F5D8
:1058D0002F711A4A02EB810211689A1D7CAC04EB0D
:1058E0008202116001339BB29842F0D84FF4FA71F2
:1058F000134B1868F8F708FD012803D000200DF5B8
:105900007C7D10BD4FF4F87280A9684602F0E9FF73
:1059100094E80F00FFF752FF00231A461946084883
:105920000068F8F717FBE9E760330024F48E0024E1
:10593000E08E0024E8270024A4FF0324741104242B
:1059400074F5002400B5ADF5017D104B1B7853B9FB
:10595000FFF776FF01200E4B18700E4B18700DF5F7
:10596000017D5DF804FB4FF400720021684602F0EF
:10597000A7FD094A0949684602F08EFC01226946E2
:10598000074B1878E9F7A2FFE2E700BF00ED052416
:105990005CE500245AE50024FC07050820060508FC
:1059A000CD05002410B4002217E08B4B03EB8203DB
:1059B000D3ED007AFDEEE77A17EE903A83F001031B
:1059C000DBB286498B540132854901EB820107EE37
:1059D000903AF8EE677AC1ED007A072AE5DD814B4F
:1059E0005B7B002B7CD1804A1168804BC3F820146C
:1059F000D2ED007A7E4AF8EE677AC2EDFE7A7D49F2
:105A0000D1ED006A9FED7C6A66EE866A7549C989A8
:105A100007EE901AF8EEE77A86EEA77A03F22441B1
:105A200081ED007A82EDFF7A03F58561D1ED005AB0
:105A3000C7EE256A03F58661C1ED006A02F5816152
:105A4000C1ED006A6D490868C3F8340491ED007A2D
:105A500002F20C41B8EE477A81ED007A6849D1ED47
:105A6000006A66EE866A86EEA77A03F5876181EDA5
:105A7000007A02F5826181ED007A03F23C41D1EDBA
:105A8000006AC7EE267A03F24443C3ED007A02F2BD
:105A90001C42C2ED007A544B1B68524A52689B1A52
:105AA000642B09D9504B1A684E4B5A60554B012252
:105AB0001A70554B05221A60504B1B68494A926870
:105AC0009B1A642B09D94D4B1A68464B9A604D4B73
:105AD00001221A704C4B05221A605DF8044B704786
:105AE000414B1968414AC2F82014D3ED007AF8EE10
:105AF000677A3F4BC3EDFE7A444B1968444B1A68F2
:105B00005B688A4273F100012FD2384C04F22441C1
:105B1000002008603649C1F8FC0304F58664206063
:105B200001F58161086035490C683048C0F834449B
:105B3000D1ED007AF8EE677A3649C1ED007A364940
:105B400009688A4273F1000329D2014600F5876390
:105B500000221A60264B03F58260026001F2444184
:105B60000A6003F21C431A6095E72C49D1ED007AD4
:105B70001E4901F22440C0ED007A1D48C0EDFF7AB5
:105B800001F58564D4ED006A87EEA67A01F5866199
:105B900081ED007A00F5816080ED007AC3E7204B4B
:105BA000D3ED007A114B03F58762C2ED007A104AFB
:105BB00002F58261C1ED007A03F23C41D1ED006A49
:105BC00087EEA67A03F2444383ED007A02F21C4288
:105BD00082ED007A5FE700BF143A0024A4FF03249B
:105BE0007411042410170024043A002460330024A4
:105BF00074510424EC39002400007A44003A002453
:105C0000E8390024240301241C030124443900241E
:105C1000D83900248055042440390024E439002474
:105C2000E039002400230AE0064A02EB83021168EF
:105C300003F12D00044A02EB800211600133052BB1
:105C4000F2DD7047C8070024741104247047000077
:105C500010B500240FE0194B134493F86125003A66
:105C600018BF0122164B33F81410164B53F82400BA
:105C7000F2F763FF0134114BD3F81C34A3421BDD50
:105C800004EB84020D4B134493F86035012BE2D0F2
:105C9000022BEFD104EB8402084B134493F86125E7
:105CA000003A18BF0122064B33F81410054B53F885
:105CB0002400F2F742FFDDE710BD00BF603300248F
:105CC000000000242C0000242DE9F84F00240AE0F5
:105CD000564B00221A5504F6FC02554B03EBC20347
:105CE00000221A600134534BD3F81C34002BC0F24D
:105CF0009980B4EB630F80F297804C4B1B5D012BB6
:105D0000F0D16500E20002EB44024A4B134493F8E1
:105D10006035032BDCD16E1C06EB8602454B134429
:105D200093F86035032BD3D1DFF80091022309F8F3
:105D3000043004F6FC083E4B03EBC8084FF08042E9
:105D4000C8F8002005EB85023A4F174497F8632501
:105D500007EE902A04EB8402510041F251120A44EA
:105D600003EB8203F8EE677AC3ED007A97F86225B9
:105D700097F8643502FB03F32F4A22F8153097F8A1
:105D80006125DFF8C0B0DFF8C0A0B2FA82F2520994
:105D90003BF815105AF82500F2F7CFFE264A32F8E4
:105DA0001500F7F719FF97F86125003A18BF01228F
:105DB0003BF815105AF82500F2F7BFFE032309F847
:105DC00004301E4BC8F800301D4B33F81400F7F7B1
:105DD00003FF042309F804304FF08143C8F8003072
:105DE00097F86125B2FA82F252093BF816105AF878
:105DF0002600F2F7A2FE104A32F81500F7F7ECFE83
:105E000097F86125003A18BF01223BF816105AF89E
:105E10002600F2F792FE002309F804300023C8F8A8
:105E200000305FE7013364E7BDE8F88FC439002430
:105E30007411042460330024883900240000404099
:105E40004C390024000000242C0000242DE9F041EE
:105E5000002405E02E4B134493F863350BBB01344B
:105E60002B4BD3F81C34A34250DD04EB8402284BA7
:105E7000134493F86035012BECD0022BEFD104EBE7
:105E80008402234B134493F86125B2FA82F252093B
:105E9000204B33F81410204B53F82400F2F74DFE3A
:105EA000DDE713461A4D1544002285F8632541F2BB
:105EB00051121A44194B03EB820300221A6095F821
:105EC000622595F8643502FB03F3DFF8548028F867
:105ED000143095F861250F4F0F4EB2FA82F2520935
:105EE00037F8141056F82400F2F727FE38F814009B
:105EF000F7F772FE95F86125003A18BF012237F8CE
:105F0000141056F82400F2F718FEA8E7BDE8F08157
:105F100060330024000000242C00002474110424A9
:105F20008839002408B5FBF7CDFC002008BD00002F
:105F300030B51E4A92F800C01D4B83F800C050785F
:105F40005870917899701B4DAC78DC7095F801E031
:105F500083F804E0EA789A602D781D73164B07EEFB
:105F6000904AF8EE677AC3ED337A07EE90EAF8EEDE
:105F7000677AC3ED347A02F5FA6207EE902AF8EEFA
:105F8000677AC3ED357A07EE90CAF8EE677AC3ED0B
:105F9000367A07EE900AF8EE677AC3ED377A07EEA5
:105FA000901AF8EE677AC3ED387A30BDE08E00249F
:105FB00064600524F48E002474110424374B1A699C
:105FC000782A18BF3C2A25D0B42A23D0F02A21D021
:105FD000B2F5B47F1ED0B2F5347F1BD000B5304986
:105FE00091F800E04878C0EB001C4FEA8C034FF4B6
:105FF000616C0CFB0E3389780B44C2EB021C4FEA38
:106000008C01B3FBF1FC01FB1C33012B1ED90020DA
:106010005DF804FB224B1978224BA3FB0223C3F348
:106020004713B1FBF3F203FB121313F0FF0F07D179
:106030001D4B1B78994203D01B4B197001207047F0
:106040001A4B1B78012BF7D000207047184B1B7898
:10605000012B03D0174B1B78984209D0144B002218
:106060001A70144B1870104B83F800E00120CFE732
:106070000C4BA3FB02135B09C3EB031399008A4289
:1060800008D1094B1B789E4506D0074B83F800E0EA
:106090000120BDE70020BBE70020B9E76033002402
:1060A0006460052489888888C405002459E5002493
:1060B000C3050024C20500244FF0FF3070470000E4
:1060C00010B504464FF4FA71164B1868F8F71CF92E
:1060D000012802D00124204610BD012C0AD0022C38
:1060E00013D0002400231A4619460E480068F7F71B
:1060F00031FFF0E70C4B99680029F3D04FF42B22C5
:10610000187CE2F7D7FD0446ECE7074BD96809B9DC
:106110000124E7E74FF44422187DE2F7CBFD044663
:10612000E0E700BF74F50024C49A052470B5C0B040
:106130004FF480720021684602F0C2F95B4B187878
:10614000FFF7BEFF20B95A4B1878FFF7B9FF38B1F7
:1061500001225849584B1878E9F7B8FB00256DE043
:10616000564B00221A7000F0EFF841F28831544B80
:106170001868F8F7C9F8012802D000F0CDF8EDE76B
:10618000FBF734FF00231A4619464D480068F7F71D
:10619000E1FEF2E74B4B1B78012B57D10023474A16
:1061A0001370484A137000F0CFF841F28831444B25
:1061B0001868F8F7A9F8012802D000F0ADF845E01A
:1061C000FBF714FF00231A4619463D480068F7F70D
:1061D000C1FEF2E74FF480720021684602F070F9C8
:1061E000394B5A783949684602F056F80122694617
:1061F000314B1878E9F76AFB32E0FFF721FB344BAB
:1062000001221A70334BFF221A7035E04FF480726E
:106210000021684602F054F96D462F4E0FCE0FC58F
:1062200096E80F0007C52B7001226946224B1878AB
:10623000E9F74CFB25460A20F7F7CEFC274B1B78E5
:10624000002B30D01D4B1B78012BA3D04FF4FA70DC
:10625000F7F7C2FCFFF76CFE1B4B1B78002BB9D184
:10626000FFF7A0FBFFF7DEFCFFF7F0FDFFF72CFDCB
:10627000FFF7A4FE0028C0D1FDF704F9184A1178F1
:106280005378C3EB0314A4004FF4616303FB014490
:1062900093781C44631B0A2BCDD90B4B1B78002B26
:1062A000B4D12546C7E7012040B070BDC105002428
:1062B000C005002434060508CD050024C16204246D
:1062C00074F50024C062042400ED0524500605087E
:1062D0005AE5002459E5002464060508C505002494
:1062E0006460052408B506E0084B00221A704FF4DC
:1062F0007A70F7F771FC064A136801331360054A98
:106300001378591C11703C2BEED8F0E7A0F9052446
:106310009CF90524A1F9052410B588B00DF1040CF1
:10632000074C0FCCACE80F0094E807008CE807009E
:10633000002101A8F7F71DFC024B186008B010BD42
:1063400084DB040898F90524464B1B78012B00D107
:10635000704710B5FDF74CFF4FF4FA71424B1868C7
:10636000F7F7D2FF012800D010BD00233F4A137079
:106370003F4A13703F4A13803F4C01223F49207827
:10638000E9F7A4FA3E4B1A783E4B19782078FDF7CE
:10639000E9F800283BD13C4B1A883C4B1A803C4B17
:1063A0001A883C4B1A803C4B1A883C4B1A80FDF7EC
:1063B00097F800283CD0F9F7EBFE1E212E4B1878F9
:1063C000FDF774F8364B1860002841D0344B1A683A
:1063D000002111801B68334A12889A80324A128841
:1063E000DA801981598199810A22DA814FF6FF7288
:1063F0001A8259829982D982198359839983598043
:106400000B460A4618480068F7F7A4FDACE70122DE
:1064100026492078E9F75AFA0021254B1970254BB7
:1064200019700B460A4610480068F7F793FD9BE782
:1064300001222149104B1878E9F748FA00211C4B3A
:1064400019700B460A4608480068F7F783FD8BE78A
:1064500001221A49084B1878E9F738FA144B002240
:106460001A70B3E7C162042474F5002494FD052476
:10647000C6050024A8F90524CD05002494060508C6
:10648000C0050024C10500245E010624680106241D
:106490005C010624660106245A01062464010624D0
:1064A000A4F905246201062460010624AC0605084F
:1064B00058010624CC050024C4060508DC0605089E
:1064C000002100F0B5BE0A22002100F039BF000013
:1064D000024B0146186800F02DB800BF48070024A1
:1064E000024B0146186803F01DB800BF480700249E
:1064F00070B50F4E0C463168054611B902F09AF995
:1065000030602146284602F095F9431C03D14FF034
:10651000FF34204670BDC41C24F00304A042F8D010
:10652000211A284602F086F90130F2D1EFE700BFC8
:10653000700106242DE9F843CD1C25F0030508352C
:106540000C2D38BF0C25002D064601DBA94204D9CD
:106550000C2333600020BDE8F883DFF8D48000F01E
:1065600069F8D8F800301C4644BB29463046FFF78E
:10657000BFFF431C044658D1D8F800402746002FDF
:1065800043D1002C4BD023683946304604EB030935
:1065900002F050F9814542D121686D1A29463046F2
:1065A000FFF7A6FF01303AD023682B442360D8F8C8
:1065B00000305A6862BBC8F800700FE02268521BB6
:1065C00020D40B2A17D96119A342256018BF59603E
:1065D000636808BFC8F8001062514B60304600F095
:1065E0002FF804F10B00231D20F00700C21A1CBF76
:1065F0001B1AA350AFE76268A3420CBFC8F8002083
:106600005A60EBE723466468AEE73C467F68B6E72E
:106610001A465B68A342FBD100235360DEE70C23DC
:106620003360304600F00CF894E70560D6E700BF11
:1066300074010624014802F04AB900BFB8020624DA
:10664000014802F045B900BFB8020624024B0A46D1
:106650000146186800F002B8480700242DE9F0410F
:10666000074614460D4621B9BDE8F0411146FFF733
:1066700061BF2AB902F056FF25462846BDE8F081E1
:1066800003F08DFF8442064602D8B4EB500FF4D8D5
:1066900021463846FFF74EFF804608B94546ECE7ED
:1066A000B4422246294628BF324602F01AF929464A
:1066B000384602F037FFF1E770B504460D4616463E
:1066C00045EC104B03F030FE7EB1C5F30A53C3F125
:1066D0006B03002B09DD1B0503F17F51002001F541
:1066E000401141EC170B20EE070B70BD00000000BD
:1066F0002DE9F04F2DED0A8B97B088460E920022BF
:10670000129205904FF0000A4FF0000B0A461192CA
:1067100011782B294CD039D80D2933D8082933D8F2
:1067200000293CD000220892119D2A78302A40F09E
:10673000B7806A7802F0DF02582A70D10293089B72
:10674000019312AB0093904A059813AB11A902F084
:106750009BFF10F00F06044605D0062E2AD1013506
:106760000023119508930E9B002B40F03785089B62
:106770004BEC10ABCBB1B1EE400B17B0BDEC0A8BBC
:10678000BDE8F08F2029CDD10132C0E72D29C9D134
:1067900001210891511C11915278002AC4D10E9BFD
:1067A000CDF84480002B40F017854BEC10ABE4E7AC
:1067B0000021EEE7129A3AB1352114A803F0ABFE9E
:1067C0001299059803F084FA731E139A042B06D8C5
:1067D000DFE803F014031D201400DDE914ABE3052A
:1067E00048BF4BF0004B2BF000431B0D1B05002B4B
:1067F000B9D102F041F822230360B4E7DDE914A324
:1068000002F2334223F4801343EA025BE7E7DFF846
:1068100080B1E4E76FF0004B4FF0FF3ADFE7119BE8
:106820005A1C11925B78302BF9D0002B9BD001239E
:106830000793119B0A930023069399461D460A224B
:1068400011980478A4F13003D9B209292AD94F4903
:10685000012201F059FE98B3002022462B4607463C
:106860000146652A01D0452A18D11BB9079B03436D
:1068700095D00023DDF8448008F10102119298F8C8
:1068800001202B2A74D02D2A7AD04FF0000EA2F1CD
:106890003004092C40F28280CDF8448000249DE031
:1068A0000023C5E7082DC8BF069900F10100CABF43
:1068B00002FB013302FB0939069301351190BFE752
:1068C000119B5A1C11925A78BDB307462B46A2F170
:1068D0003001092912D90121C3E7119B5A1C1192D9
:1068E0005A780130302AF8D0A2F13103082B00F297
:1068F0007A84119B0A93074600200346303A00F140
:10690000010114D00F449C464FF00A0E0CF1010413
:10691000E61AB14213DC20EAE0701918082903F1E5
:106920000103034419DC0A2101FB09290021119A02
:10693000501C119052780846C9E72846D2E7BCF1AE
:10694000080F03DC0EFB09F9A446DFE7102CDEBFBD
:10695000069E0EFB06F60696F6E70F29DFBF0698A1
:106960000A2101FB00220692E0E7002701217DE7D2
:106970004FF0000E08F10202119298F8022086E70B
:106980004FF0010EF6E700BF900D05084B0B050810
:106990000000F07F119A541C11945278302AF9D0DB
:1069A000A2F13104082C3FF679AFA2F1300C119A14
:1069B0000992119A541C11945278A2F13006092EB2
:1069C00037D9099EA41B082C44F61F6402DC6445D9
:1069D000A8BF6446BEF1000F00D06442002B4DD129
:1069E000079B18437FF4BFAE00297FF4D8AE692A15
:1069F00027D024DC492A24D04E2A7FF4D0AE9749F0
:106A000011A803F063F800283FF4C9AE119B1B786E
:106A1000282B2DD1924914AA11A803F06BF8052850
:106A200026D1159BDDF850A043F0FF4B4BF4E00B53
:106A300099E60A2404FB0C2CACF1300CB9E76E2A61
:106A4000DBE7884911A803F041F800283FF4A7AE1E
:106A5000119B8549013B11A8119303F037F810B938
:106A6000119B01331193DFF814B24FF0000A7AE65C
:106A70007E4801F045FF5BEC10AB74E607EE909AA0
:106A8000E21BB8EE677B002D08BF1D46102B099254
:106A90001A46A8BF1022092B5BEC17AB15DCE11BD3
:106AA00000293FF460AEA4EB070172DD162959DC22
:106AB0006F4B099A03EBC20393ED007B4BEC16ABD3
:106AC00027EE067B5BEC17AB4DE66949DDED066A08
:106AD00001EBC20111ED125B0F2BB8EE666BA7EE56
:106AE000056B5BEC16ABDADD9A1AE11B0A44002A4F
:106AF00040F3948012F00F000AD05D4901EBC00111
:106B000091ED007B4BEC16AB27EE067B5BEC17ABF5
:106B100032F00F0273D0B2F59A7F47DD002425468C
:106B200007942646059ADFF854B1222313604FF0EC
:106B3000000A079B002B3FF416AE1299059803F04C
:106B4000C7F80598314603F0C3F80598294603F0C5
:106B5000BFF80799059803F0BBF80598214603F0A4
:106B6000B7F800E6C3F12501E01B8142BCDB404AD7
:106B7000C3F10F0302EBC30191ED007B09994BECCC
:106B800016ABCB1A02EBC30227EE067B92ED006B2D
:106B900096E71631A8DB364B3C1B03EBC40494ED9F
:106BA000007B4BEC16AB86EE077B8BE700204BECB3
:106BB00017AB304E12110146012A23DC08B15BEC01
:106BC00017AB2C4A2C4802EBC10292ED007BABF1D3
:106BD000547B4BEC16AB294A27EE067B17EE901A36
:106BE0000A4082425BEC17AB98D8A0F58010824235
:106BF00086BFDFF88CB04FF0FF3A01F1547B0022E2
:106C0000069276E012F0010F04D096ED006B0120A1
:106C100027EE067B013152100836CDE7EFD0524205
:106C200012F00F000AD0124901EBC00191ED007B78
:106C30004BEC16AB86EE077B5BEC17AB1211DED08C
:106C40001F2A1FDD0024254607942646059A222385
:106C50004FF0000A4FF0000B13606AE75A0B05086B
:106C60007C0D0508520B05083C0C0508380C05087E
:106C7000080F0508E00E05080000A07C0000F07F6A
:106C8000FFFFEF7F12F0100118BF6A2106914BEC55
:106C900017ABAF490020D60704D591ED006B01205A
:106CA00027EE067B521001F10801F4D108B15BEC2C
:106CB00017AB069AB2B1CBF30A51C1F16B02002AAD
:106CC00058460FDD1F2A55DD342ADEBF4FF0FF3254
:106CD000C1F14B018A404FF0000ACCBF4FF05C7B02
:106CE00002EA000B4BEC17ABB5EE407BF1EE10FA6D
:106CF000A8D00A990598CDF800902A4603F050F8DC
:106D0000079000283FF40AAF099B3F1B002BB4BF3C
:106D10003B4600230A93099B9FED89BB23EAE3735B
:106D200000240D932546079B0598596802F090FFB3
:106D3000064600283FF4F6AE079B1A694BEC19ABE8
:106D4000023203F10C0192000C3001F0CAFDB0EEEA
:106D5000490B059814AA13A903F056FB12900028BA
:106D60003FF4E0AE0598012103F0B0F8054640B9C4
:106D70000025D7E64FF0FF3101FA02F202EA0A0AD3
:106D8000B0E7139F149A002FABBF0A9B0D9BDDF851
:106D90003480DDF82890ACBF07EB0309A3EB0708AC
:106DA000069BFF1A1744C2F136036A4A013F974215
:106DB00051DAD11B1F29A3EB01034FF001023EDC86
:106DC0008A400C9200220B9209EB03079844069B21
:106DD000B94598444B46A8BF3B464345A8BF4346E8
:106DE000002BC2BFFF1AA8EB0308A9EB03090A9BFB
:106DF000002B16DD294605981A4603F01FF90546B3
:106E00000028B5D00146129A059803F075F80F9046
:106E100000283FF487AE1299059802F059FF0F9BA6
:106E20001293002F1BDC099B002B21DD31460D9AAC
:106E3000059803F003F90646D0B9002672E6C7F1BB
:106E40007F4707F57F0707F57B47E23702FA07F12F
:106E50000B910C92B8E700220B920122F9E71299EC
:106E600005983A4603F044F912900028DBD159E620
:106E7000B8F1000F07DD31460598424603F038F9B6
:106E800006460028D9D0B9F1000F08DD294605983B
:106E90004A4603F02DF9054600283FF443AE129907
:106EA0000598324603F0ACF9044600283FF43AAEA8
:106EB0000023D0F80C80C360294603F085F9002830
:106EC0004CDA58EA0A0872D1CBF31303002B6ED1C7
:106ED0002BF000431B0D1B05B3F1D66F67D9636917
:106EE00013B92369012B62DD21460122059803F0C5
:106EF000FFF82946044603F067F9002857DD2BF018
:106F00000043069A1B0D1B05002A6ED0B3F1D66F05
:106F10006BD8B3F15C7F7FF699AE9FED0B7B4BECAA
:106F200016AB0D4B26EE077B17EE902A13405BEC59
:106F300017AB002B7FF401AE059A22231360FCE50A
:106F40000000C0FFFFFFDF410000000000005039DB
:106F5000A80D050802FCFFFF0000F07FD9465DD1B7
:106F6000CBF31303B8F1000F2AD0A94A93422AD1D8
:106F7000069B5246FBB1A74B0BEA0303B3F1D46F58
:106F80004FF0FF311AD81B0DC3F16B0301FA03F365
:106F90009A4218D1A04B994502D101323FF4C2ADBB
:106FA0009C4B09EA030303F5801B4FF0000A069B84
:106FB000002BB2D1C1E54FF0FF33E9E70B46E7E71D
:106FC00053EA0A039BD00B9BC3B113EA090FEED01F
:106FD000069A50465946B8F1000F13D0FFF76CFBE4
:106FE00039EE007B5BEC17ABE1E7A3F580136FEAAA
:106FF000135B6FEA0B5B4FF0FF3AD8E70C9B13EA89
:107000000A0FE4E7FFF758FB39EE400BB5EE400BF3
:10701000F1EE10FA5BEC10ABC9D117E62946204619
:1070200003F04AFAB0EE007BB4EEC70BF1EE10FAB3
:107030005DD8B8F1000F64D1BAF1000F4BD1CBF39A
:107040001303B7EE008B002B60D1B4EEC80BB6EE85
:10705000008BF1EE10FA01D420EE088BB1EE48ABB4
:107060006C486E4909EA00078F4253EC1A2B7DD118
:10707000A9F1547B4BEC1CABB0EE4C0B03F054F974
:107080006448A0EE0ACB1CEE903A654A03EA000180
:1070900091425BEC1CAB3CD919EE902A5E4B9A42B4
:1070A00004D119EE103A01333FF43CADDFF868B17A
:1070B0004FF0FF3A1299059802F00AFE0598314602
:1070C00002F006FE0598294602F002FE05982146C8
:1070D00002F0FEFD27E6BAF1010F03D1BBF1000F6C
:1070E0003FF4B4ADBFEE00ABB7EE008BB8E7B6EE41
:1070F000008B20EE088BB8F1000FAFD0B0EE48AB9C
:10710000AEE7B7EE00ABB0EE4A8BA9E7BFEE00AB3F
:10711000A6E703F1547B069BD946002BCAD12BF07E
:1071200000431B0D1B059F42C4D151EC180BD9F72E
:1071300063FBD9F7CBFACBF3130941EC170B49EA00
:107140000A0959EA080938EE478B3CD09FED2A7BA3
:10715000B4EEC78BF1EE10FA3FF5EFAC9FED287B54
:10716000B4EEC78BF1EE10FAA4DDE6E40699E1B1C6
:10717000B7F1D46F19D8B4EECB8BF1EE10FA11D869
:10718000BCEEC88B18EE103A012B38BF012308EE75
:10719000103AB8EE488BB8F1000F11D1B1EE487B30
:1071A00053EC172B03F1D661CB1BB0EE490B43EC2C
:1071B0001A2B03F0B9F8AAEE009B5BEC19ABAAE717
:1071C000B0EE487BECE79FED107BB4EEC78BF1EEA1
:1071D00010FA7FF56FAFB0E4002308930E9A119B6D
:1071E0001360FFF7C4BA652A3FF4BFAB452A3FF4EA
:1071F000BCAB0121FFF7F4BB9535A094FFFFDF3F47
:1072000035E5AF350000E03F9535A094FFFFCF3F57
:10721000FFFF0F000000F07FFFFFEF7F0000E07F27
:10722000FFFF9F7C014BFFF763BA00BFDC05002422
:107230000A4601460248034B0068FFF759BA00BFEF
:1072400048070024DC050024242B2DE9F04786465E
:10725000904601D8012B06D101F00EFB16230360E6
:107260000020BDE8F08734480D462A4615F8014B4A
:10727000065D16F00806F8D12D2C10D12C780126C9
:10728000951C33F0100215D1302C0DD12A7802F064
:10729000DF02582A08D16C78023510230AE02B2C23
:1072A00004BF2C78951CECE7002BF6D1302C14BFD2
:1072B0000A23082306F1004C0CF1FF3C0022BCFB22
:1072C000F3F9104603FB19CAA4F13007092F0FD8B0
:1072D0003C46A3421BDD571C07D0814514D301D186
:1072E000A24511DB00FB0340012215F8014BEBE73F
:1072F000A4F14107192F01D8373CEAE7A4F161074F
:10730000192F04D8573CE4E74FF0FF32EDE7531C48
:1073100008D12223CEF800306046B8F1000FA0D08B
:10732000691E06E006B14042B8F1000F99D0002A6C
:10733000F6D1C8F8001094E7D10D0508FFF784BF17
:1073400013460A46014602480068FFF77DBF00BFAA
:1073500048070024F0B52DED028BB0EE408B85B0D0
:1073600017460D9D0C9E18EE902A25F02005002A48
:10737000B6BF2D220022B1EE408B462D0C461A706E
:1073800004D0452D00D10134022100E0032103ABDC
:10739000019302AB009322463346B0EE480B01F056
:1073A00063FB472D14D1FB070AD50219B5EE408BBC
:1073B000F1EE10FA08BF03923021039B934219D3D8
:1073C000039B0E9A1B1A136005B0BDEC028BF0BD37
:1073D000462D00EB0402E9D10378302B07D1B5EE3E
:1073E000408BF1EE10FA1CBFC4F101043460336825
:1073F0001A44DBE75C1C03941970DEE7F7B500293B
:10740000BABF49422D232B2309290270437029DD7D
:107410000DF107031D460A271A46B1FBF7F607FBD5
:107420001614303402F8014C0C46632C03F1FF3380
:107430003146F1DC3031941E03F8011C411C234617
:10744000AB420AD30DF109039B1AAC4288BF00235B
:1074500002330344181A03B0F0BD13F8016B01F8AE
:10746000016FEDE7302330318370C170031DF1E708
:107470002DE9F04F8DB00C46DDF8588016461F46BA
:10748000054601F041F9D0F800B05846D8F788FF1A
:1074900000230A93D8F8003094F8189022680590D9
:1074A000073323F0070303F10801C8F8001093ED38
:1074B000000B9FED976BB0EEC07BB4EE467BF1EE18
:1074C00010FA84ED120B24DDB5EEC00BF1EE10FACC
:1074D00002D52D2384F843308F49904BB9F1470FE3
:1074E0008CBF8846984622F0040203232361226061
:1074F0004FF0000A009733460BAA2146284600F0B9
:10750000D1F9013040F089804FF0FF300DB0BDE877
:10751000F08FB4EE400BF1EE10FA09D710EE903A6E
:10752000002BBCBF2D2384F843307D497D4BD5E72C
:107530006368591C09F0DF0A39D10623636042F4FD
:1075400080620023226003930AABCDE9019309AB6B
:10755000009361680DF123032846FFF7FBFEBAF1A3
:10756000470F0999804629D1C81C02DB63689942FC
:1075700041DDA9F102095FFA89F901394A4604F1AE
:1075800050000991FFF73AFF0A9A1318012A824620
:10759000236102DC2268D20701D5013323619DF803
:1075A0002330002BA6D02D2384F84330A2E7BAF174
:1075B000470FC4D1002BC2D10123BFE7B9F1650F3A
:1075C000DBD9B9F1660F18D1002963680BDD2161A1
:1075D00013B92268D00702D501330B442361A1659A
:1075E0004FF0000ADBE713B92268D20701D5023356
:1075F000F4E70123F2E74FF067090A9B994205DBA4
:1076000023682161D807EAD54B1CE7E70029D4BFDE
:10761000C1F1020201221344E0E723685A0507D4AE
:107620002369424631462846B84701302AD16BE7E4
:10763000B9F1650F40F2E08094ED127BB5EE407B2E
:10764000F1EE10FA33D1384A012331462846B847C3
:1076500001303FF459AFDDE90938434502DB2368C7
:10766000D8070FD5059B5A4631462846B847013002
:107670003FF44AAF4FF0000908F1FF3804F11A0A4D
:10768000C84509DC23689B0700F10781E0680B9B74
:107690009842B8BF184639E701235246314628467A
:1076A000B84701303FF430AF09F10109E8E7099B21
:1076B000002B3BDC1C4A012331462846B8470130E9
:1076C0003FF422AFDDE9093959EA030302D1236807
:1076D000D907D7D5059B5A4631462846B8470130C9
:1076E0003FF412AF4FF0000A04F11A0B099B5B4202
:1076F000534501DC4B4694E701235A463146284660
:10770000B84701303FF400AF0AF1010AEEE700BFCD
:10771000FFFFFFFFFFFFEF7F510B05084D0B050833
:10772000590B0508550B05085D0B0508A36DDDF821
:1077300028A05345A8BF5346002B994637DC0023A9
:10774000079329EAE97904F11A02A36D07990693D0
:10775000A3EB09038B4231DC099B9A453BDC236890
:10776000DA0738D4099BAAEB0309069BAAEB0303AB
:107770009945A8BF9946B9F1000F34DC4FF00008D5
:1077800029EAE97904F11A0B099BAAEB0303A3EB9D
:10779000090343457FF776AF01235A463146284611
:1077A000B84701303FF4B0AE08F10108ECE74246BB
:1077B00031462846B8470130C1D1A5E601233146FC
:1077C00028460692B84701303FF49EAE079B069AC2
:1077D00001330793B9E7059B5A4631462846B84717
:1077E0000130BFD190E6069A4B46424431462846C6
:1077F000B8470130C2D187E6DDF82890B9F1010F12
:1078000001DCDB0736D50123424631462846B8471E
:1078100001303FF479AE059B5A4631462846B847B9
:1078200001303FF471AE94ED127BB5EE407BF1EE8A
:1078300010FA09F1FF3918D04B4608F10102314620
:107840002846B84701300CD15EE601235A4631463E
:107850002846B84701303FF457AE08F10108C84543
:10786000F3DB534604F15002DCE64FF0000804F16C
:107870001A0BF4E701234246E1E701234A46314669
:107880002846B84701303FF43FAE08F10108E368ED
:107890000B995B1A4345F0DCF8E64FF0000804F161
:1078A0001909F4E72DE9F047164698468A680B69EE
:1078B000DDF820909342B8BF1346336091F843201F
:1078C00007460C460AB1013333602368990642BF6C
:1078D000336802333360256815F0060506D104F1DC
:1078E000190AE36832689B1AAB4226DC94F84330ED
:1078F0002268003B18BF012392062BD404F14302F7
:1079000041463846C84701301ED02368226903F03B
:107910000603042B02BFE5683368ED1AA3680CBFA9
:1079200025EAE57500259342C4BF9B1AED18002691
:107930001A34B5421AD1002008E0012352464146CC
:107940003846C847013003D14FF0FF30BDE8F0871B
:107950000135C6E7E1185A1C302081F84300224463
:1079600094F8451082F843100233C7E701232246FA
:1079700041463846C8470130E6D00136D9E7000015
:107980002DE9FF470F7E0C9E782F914680460C46CE
:107990009A4601F1430207D8622F0AD8002F00F05F
:1079A000D180582F00F0B88004F1420684F842706C
:1079B0003AE0A7F16303152BF6D801A151F823F0A3
:1079C000197A04082D7A0408A9790408A979040809
:1079D000A9790408A97904082D7A0408A97904086A
:1079E000A9790408A9790408A97904082B7B04085B
:1079F000577A0408E57A0408A9790408A9790408E3
:107A00004D7B0408A9790408577A0408A979040869
:107A1000A9790408ED7A040833681A1D1B683260DE
:107A200004F1420684F8423001239CE03368206868
:107A3000191D3160060601D51D6803E04506FBD51A
:107A4000B3F90050002D03DA2D236D4284F8433042
:107A500058480A2311E021683368080653F8045B8C
:107A600002D4490648BFADB26F2F5248336014BFED
:107A70000A230823002184F843106668A660002EBC
:107A800005DB21682E4321F0040121604BD016460E
:107A9000B5FBF3F103FB1157C75D06F8017D2F46D7
:107AA000BB420D46F4D9082B0BD12368DF0708D55C
:107AB000236961689942DEBF302306F8013C06F174
:107AC000FF36921B2261CDF800A04B4603AA214647
:107AD0004046FFF7E7FE01304AD14FF0FF3004B0D7
:107AE000BDE8F087236843F02003236032487827FD
:107AF00084F84570236831681F0651F8045B02D48E
:107B00005F0648BFADB23160D90744BF43F02003E0
:107B100023601DB11023ADE72648E9E7236823F071
:107B200020032360F6E71646BDE7336825686169E0
:107B3000181D30602E061B6801D5196002E068062A
:107B4000FBD51980002323611646BCE733681A1D54
:107B500032601E68626800213046D8F7D1FB08B158
:107B6000801B606063682361002384F84330AAE7C8
:107B70002369324649464046D0470130ADD023689C
:107B80009B0713D4E068039B9842B8BF1846A6E74A
:107B90000123324649464046D04701309DD0013549
:107BA000E36803995B1AAB42F2DCEBE7002504F1D2
:107BB0001906F5E75F0B0508700B05082DE9F04F76
:107BC00087B0914603938B685A1EB2F5AE7F81BF92
:107BD0006FF4AE7503EB050B40F25D138B600B6821
:107BE0000A464FF0000543F4F06342F81C3BCDE930
:107BF000045580460C4698BF4FF0000B0192164684
:107C0000AA462F460295A2685AB1D9F800301B78CF
:107C10004E2B63D8402B3BD8A3F12B01C8B20E28C2
:107C200039D91FB1236823F4807323600AF1FF3A26
:107C3000BAF1010F00F21481019B9E4200F205810E
:107C4000012007B0BDE8F08FA3F161020D2AE8D84A
:107C500001A151F822F000BFA17D0408237C040893
:107C6000237C0408237C0408FD7D0408D77D0408D8
:107C7000237C0408237C0408AF7D0408237C0408CB
:107C8000237C0408237C0408237C04086B7D0408FF
:107C9000A3F14102DAE70E29C3D801A050F821F080
:107CA0005B7D0408237C04085B7D0408EB7D0408ED
:107CB000237C0408FD7C0408417D0408417D040800
:107CC000417D0408417D0408417D0408417D04088C
:107CD000417D0408417D0408417D04086E2B09D8CC
:107CE000602BB1D8542B7BD0592B9AD1072D98D12A
:107CF00008252FE0742B73D0792BF6E72168C8058F
:107D00001ED521F0800121600137BBF1000F03D0A7
:107D100001320BF1FF3BA260A368013BA360236922
:107D200001332361D9F80430013B002BC9F804303A
:107D300040F38280D9F800300133C9F8003062E79F
:107D40001AEB05017FF46DAF226822F4C072226045
:107D50000D468A4606F8013BDEE7226810067FF5ED
:107D600060AF22F080022260F4E7BAF1000F0CD17C
:107D700077B9226802F4E061B1F5E06F08D122F42E
:107D8000F06222604FF0010AE4E7BAF1020F50D02E
:107D9000012D02D0042D7FF444AF0135EDB2D9E7B7
:107DA000BAF1010F7FF43DAF4FF0020AD2E775B987
:107DB000002F7FF437AF226802F4E061B1F5E06F85
:107DC00040F0FC8022F4F06222600125C2E7032D1E
:107DD000E3D0052DDFE7022D7FF423AF0325B9E7BC
:107DE000062D7FF41EAF0725B4E7226891057FF5C5
:107DF00018AF22F4207222600297ABE7226802F4E7
:107E0000A061B1F5806F05D050057FF50AAF002F56
:107E100000F0D480910558BF029922F4F06258BF57
:107E2000791A42F4C07258BFCDE9041622600027C7
:107E300090E74FF0030A8DE7D4F880314946404679
:107E4000984700283FF4DFAEEBE6D4F87C3116F813
:107E5000011D4A46404698472369013B2361EBE6F2
:107E60006B1E062B24D8022D36D8019B9E427FF62E
:107E7000E7AED4F87C3116F8011D4A4640469847D3
:107E80002369013B2361F0E7D4F87C311BF8011D25
:107E90004A46404698472369013B23610AF1FF3A6D
:107EA0005FFA8AFABAF1020FEED1033DEDB2761B0A
:107EB0002368DA0530D55B0511D5019B9E427FF61C
:107EC000BFAED4F87C3116F8011D4A4640469847AB
:107ED0002369013B2361F0E7AA46B346DEE716F8C3
:107EE000011C2369652903F1FF3306F1FF35236186
:107EF0000CD045290AD0D4F87C314A4640469847F0
:107F0000236916F8021C013BB51E2361D4F87C31AD
:107F10004A46404698472E46226812F0100201D089
:107F200000208EE63270236803F4C063B3F5806FDF
:107F300023D1029B9F420AD0DA1B04F26F139E42A8
:107F400028BF04F5B7761E49304600F0A5F901991F
:107F500000224046FFF766F9039B21681B6811F079
:107F6000020F03F1040215D003990A601B6883ED28
:107F7000000BE3680133E360D2E7049B002BE6D0FB
:107F800005990A2301314046FFF7D8F9049B059E65
:107F9000C21AD2E711F0040F03990A60E6D1B4EED9
:107FA000400BF1EE10FA1D6805D7064800F0B0FC52
:107FB00085ED000ADDE7B7EEC00BF9E7002735E6EF
:107FC000810B0508380C0508002310B50446C0E9EC
:107FD0000033C0E90433836081814366C2818361D9
:107FE000194608225C3000F06BFA0D4B63620D4BB2
:107FF000A3620D4BE3620D4B23630D4B24629C4245
:1080000006D003F16802944202D0D0339C4205D1DD
:1080100004F15800BDE8104000F058BC10BD00BF8E
:10802000DD820408FF820408378304085B830408A8
:1080300078010624024A0349034800F069B800BFEA
:10804000D005002405AC04084C07002441680C4B03
:10805000994210B5044601D002F0D4FDA168094B45
:10806000994202D0204602F0CDFDE168064B9942CC
:1080700004D02046BDE8104002F0C4BD10BD00BFD2
:1080800078010624E00106244802062410B50B4BB3
:108090000B4C0C4A1A60204600220421FFF794FF83
:1080A00004F1680001220921FFF78EFF04F1D000DE
:1080B0000222BDE810401221FFF786BFB00206245D
:1080C0007801062435800408014800F000BC00BF98
:1080D000B9020624014800F0FBBB00BFB902062428
:1080E00010B50446FFF7F0FF236A1BB1BDE810404E
:1080F000FFF7F0BF044B2362044B1B68002BF5D144
:10810000FFF7C4FFF2E700BF4D800408B002062469
:108110002DE9F8430746884614460026D4E9019520
:10812000B9F1010905D52468002CF7D13046BDE826
:10813000F883AB89012B07D9B5F90E30013303D091
:1081400029463846C04706436835E9E70FB407B506
:10815000064904AB086853F8042B8168019302F0C8
:10816000B5FB03B05DF804EB04B07047480700248A
:10817000036A70B5846805460E460BB9FFF7B0FF79
:10818000636EDB0705D4A389980502D4A06D00F0C7
:108190009EFBA389190702D52369002B35D12146FF
:1081A000284600F01DF980B34FF0FF35636EDA0703
:1081B00005D4A3899B0502D4A06D00F089FB284655
:1081C00070BD002B04DAA2699A4217DC0A2915D087
:1081D00023685A1C22601970A36816F8011F013B1E
:1081E000A3600029EDD1002B11DA22460A2128468E
:1081F00000F0B7F80130D7D00A25D7E72246284645
:1082000000F0AFF80130E7D1CEE7013EE4E72368A4
:108210005A1C22600A221A70EEE70000024B014647
:108220001868FFF7A5BF00BF480700240CB430B59D
:10823000184B0C1E1D689DB008DA8B232B604FF085
:10824000FF301DB0BDE8304002B070474FF40273FC
:10825000ADF814304FF000031B9314BF04F1FF334B
:108260002346049307934FF6FF7302900690ADF8F0
:108270001630209A21AB02A92846019302F000FA99
:10828000431CBCBF8B232B60002CDAD0029B002246
:108290001A70D6E7480700240EB410B59DB01FAB86
:1082A000029006906FF000410A48079104910A4934
:1082B00053F8042B0591002402A9006801931B9434
:1082C00002F0DEF9029B1C701DB0BDE8104003B047
:1082D000704700BF480700240802FFFF10B50C4696
:1082E000B1F90E1000F094FA0028ABBF636DA389BA
:1082F0001B1823F48053ACBF6365A38110BD2DE927
:10830000F0411F468B89DB0505460C46164605D510
:10831000B1F90E100223002200F068FAA389B4F923
:108320000E1023F48053A38132463B462846BDE815
:10833000F04100F08FBA10B50C46B1F90E1000F004
:1083400055FA431CA38915BF606523F4805343F499
:108350008053A38118BFA38110BDB1F90E1000F0A6
:10836000D7B9F8B50E461446054618B1036A0BB9DD
:10837000FFF7B6FEA369A360A3891A0701D5236995
:1083800043B92146284600F02BF818B14FF0FF37CB
:108390003846F8BD23682269981A6369F6B28342A9
:1083A000374605DC2146284602F02CFC0028EDD19A
:1083B000A368013BA36023685A1C22601E70626997
:1083C000431C9A4204D0A389DB07E1D50A2EDFD1F2
:1083D0002146284602F016FC0028D9D0D6E7000036
:1083E00038B5294B054618680C4618B1036A0BB915
:1083F000FFF776FEB4F90C30190722D4DA0607D459
:1084000009222A6043F04003A3814FF0FF3033E09C
:10841000580712D5616B41B104F14403994202D06F
:10842000284601F07FF800236363A38923F0240327
:10843000A3810023636023692360A38943F00803B9
:10844000A38123694BB9A38903F42073B3F5007F9B
:1084500003D02146284602F035FCB4F90C3013F065
:1084600001020AD00022A26062695242A26122691E
:1084700042B913F08000C5D138BD990758BF626971
:10848000A260F4E70020F7E748070024884210B50F
:1084900001EB020402D98442234607D8431EA142BD
:1084A00008D011F8012B03F8012FF8E70244014628
:1084B0008A4200D110BD13F8014D02F8014DF7E7D3
:1084C00002440346934200D1704703F8011BF9E7C9
:1084D00010B50246147813460132002CFAD1013B44
:1084E00011F8012B03F8012F002AF9D110BDC9B2F0
:1084F0000346184613F8012B12B18A42F9D170478E
:10850000002918BF0020704710B56AB101398418DE
:1085100010F8012B11F8013F9A4203D1A04201D07B
:10852000002AF5D1D01A10BD1046FCE710B501396C
:10853000034632B111F8014F03F8014B013A002C08
:10854000F7D11A440021934200D110BD03F8011B5A
:10855000F9E70A7870B56AB970BD9A4209D10C463C
:10856000054614F8013F002BF6D015F8016F9E4226
:10857000F7D001300378002BEFD11846ECE700006C
:1085800038B50B4B1D686B6B044653B92420FDF7BF
:108590009FFF0246686320B9064B07483D2100F063
:1085A000BDF9696B2046BDE8384000F007B800BF50
:1085B00048070024860B05089D0B05082DE9F041AE
:1085C0004D4A0C460023D0E90001D8F7ADF8002A47
:1085D000BCBF02F5A83202F5C0724FF4616100F52C
:1085E0002F20B2FBF1F301FB13224FF03C01ACBF93
:1085F00000F66C2000F66B20A360B2FBF1F301FBE8
:10860000132263602260C31C072293FBF2F2C2EBC9
:10861000C2029B1A394955D50733A361A0F50E3321
:10862000A3F52C7393FBF1F1354B03FB010048F6E6
:10863000AC63B0FBF3F3034440F2B45CB0FBFCF278
:108640009B1A40F26D172F4AB0FBF2F264269B1A78
:10865000B3FBF7F2B3FBFCF3B2FBF6F5EB1A034402
:1086600007FB1233992003EB8307023703F1010E56
:10867000B7FBF0FC00FB0CF002304FF00508B0FB3C
:10868000F8F0AEEB000040F2F95E77458CBF6FF07A
:108690000907022767444FF4C87C0CFB0121012F16
:1086A00098BF0131B3F5997F12D3A3F59973E361B4
:1086B000A1F26C710023E060C4E9047123622046DA
:1086C000BDE8F0810028A361A8DB90FBF1F1ABE7E6
:1086D00012F0030F02D106FB15255DB94FF4C875E2
:1086E000B2FBF5F605FB1622B2FA82F252093B33D1
:1086F0001344DCE70122FAE780510100B13A02009D
:108700004FC5FDFFB03A020000487047CC06002478
:1087100038B5064D0023044608462B60EEF768FA8C
:10872000431C02D12B6803B1236038BDB402062478
:108730002D4B1B68834270B5044653D0C3691BB3ED
:10874000DB6863B10025E369DB685959B1B90435C9
:10875000802DF8D1E3692046D96800F0E3FEE36993
:10876000196811B1204600F0DDFEE3699D685DB136
:10877000294620462D6800F0D5FEF8E70E68204611
:1087800000F0D0FE3146E1E7616911B1204600F00A
:10879000C9FEE16911B1204600F0C4FE216B11B1A0
:1087A000204600F0BFFE616B11B1204600F0BAFE1A
:1087B000A16B11B1204600F0B5FEA16C11B12046AD
:1087C00000F0B0FE616C11B1204600F0ABFEE16A32
:1087D00011B1204600F0A6FE236A1BB12046BDE879
:1087E0007040184770BD00BF4807002438B5074DDA
:1087F00004460846114600222A601A46EEF702FA9D
:10880000431C02D12B6803B1236038BDB402062497
:1088100038B5074D04460846114600222A601A461C
:10882000EEF7C8F9431C02D12B6803B1236038BDB1
:10883000B402062438B5064D0023044608462B60D2
:10884000EEF7E2F9431C02D12B6803B1236038BD77
:10885000B402062438B5074D0446084611460022E6
:108860002A601A46EEF7B6F9431C02D12B6803B111
:10887000236038BDB4020624014B1868704700BF5E
:108880004807002470B50D4D0D4C641BA410002644
:10889000A64209D10B4D0C4C05F0EEF8641BA41058
:1088A0000026A64205D170BD55F8043B9847013615
:1088B000EEE755F8043B98470136F2E7901F0508AC
:1088C000901F0508901F0508941F05087047704702
:1088D0007047034611F8012B03F8012B002AF9D148
:1088E00070470A44914200F1FF3300D1704710B540
:1088F00011F8014B03F8014F9142F9D110BD00006E
:108900009FED010B704700BF000000000000F87FE2
:108910009FED010A704700BF0000C07F1FB51446DD
:108920001A46094B1B680546D8684CB1074B0091A5
:10893000CDE9013406492B4602F08CF902F020FA09
:10894000044B1C46F3E700BF48070024FD0B050855
:108950000A0C0508380C05082DE9F74F03690C6966
:10896000A34207467EDB013C01F11408A30000F19D
:108970001405009305EB8403019358F8243055F84F
:10898000242001339A4208EB8409B2FBF3F62ED37C
:108990004FF0000AC446AE46D3465CF8043B98B29A
:1089A00006FB00A0020C1B0C06FB0323DEF80020D4
:1089B00080B292B2121A5A44DEF800004FEA134A0B
:1089C0009BB2C3EB224303EB104392B242EA034251
:1089D000E1454EF8042B4FEA234BDED2009BEB58C7
:1089E0002BB9019B043B9D421A462FD33C6138466C
:1089F00001F0EAFB002825DB2946002058F8042B6B
:108A0000D1F800C01FFA82FE1FFA8CF3A3EB0E030D
:108A10000344120CC2EB234202EB1C429BB243EA1A
:108A20000243C14541F8043B4FEA2240E6D255F8E3
:108A3000242005EB840322B9043B9D421A460BD344
:108A40003C610136304603B0BDE8F08F1268043B4C
:108A5000002ACBD1013CC6E71268043B002AEFD1C3
:108A6000013CEAE70020EEE72DE9F04F2DED028B07
:108A7000C76991B08DED020B55EC104B1C9E079110
:108A8000814609920D937FB91020FDF721FD024622
:108A9000C9F81C0020B9A04BEF21A048FFF73EFF0A
:108AA000C0E901770760C760D9F81C30196859B16F
:108AB0005A684A60012393408B60484601F008F9E8
:108AC000D9F81C3000221A602B1EBBBF23F00043D4
:108AD000039300230122ACBF33603260904B039EAE
:108AE000B34310D10D9A42F20F731360C6F3130310
:108AF000234300F0E6841D9B8A4F002B00F0E8849E
:108B0000FB1C00F0E3BC9DED028BB5EE408BF1EE5B
:108B100010FA0AD10D9A012313601D9B13B11D9AFF
:108B2000814B1360814F00F0D3BC0EAA0FA94846B9
:108B3000B0EE480B01F068FCC6F30A530E9A0190A0
:108B4000002B45D0B0EE487B18EE901AC1F313010C
:108B500041F07F5141F44011A3F2FF33002507EEAD
:108B6000901AB7EE086B9FED665B37EE467B9FED84
:108B7000666BA7EE056B9FED665B07EE903AB8EE6D
:108B8000E74BB0EE467BA4EE057BFDEEC76BB5EE82
:108B9000C07BF1EE10FA16EE908A08D5B8EEE66BBF
:108BA000B4EE476BF1EE10FA18BF08F1FF38B8F1D8
:108BB000160F2BD85E4901EBC80191ED007BB4EE96
:108BC000C78BF1EE10FA01D508F1FF3800211EE045
:108BD0000F9B134403F232412029C1BFC1F1400170
:108BE0008E4003F2124124FA01F1D6BFC1F12001F7
:108BF000314304FA01F107EE901AB8EE677B013BAE
:108C000017EE901A0125A1F1F871A8E70121D21AF7
:108C1000531E069345BFC2F10103049300230023B2
:108C20004CBF06930493B8F1000F0C9118DB069B20
:108C3000CDF82880434406930023079A092A45D893
:108C4000052AC4BF043A0792079AA2F10202CCBFD8
:108C500000240124032A44D8DFE802F03436170B3D
:108C6000049B0022A3EB080304930A92C8F10003BB
:108C7000E3E701220892099A08EB020B0BF1010AC3
:108C80005246012AB8BF012206E001220892099A41
:108C9000002A29DD93469246D9F81C700021042051
:108CA00000F11406964226D979604846059300F0F3
:108CB000CFFF059B074600283ED11E4B024640F2DF
:108CC000AF11EAE60022E1E70022D3E70124002207
:108CD000CDE907244FF0FF3B0021DA46122209912B
:108CE000DAE701220892F5E74FF0010BDA465A461F
:108CF000CDF824B0D0E701314000D1E7AFF30080D8
:108D000061436F63A787D23FB3C8608B288AC63F91
:108D1000FB799F501344D33F860B0508460C05088A
:108D20000000F07F420C05085E0B05085D0B05088E
:108D3000080F05089E0C0508D9F81C20BAF10E0F83
:108D400010606ED8002C6CD0B8F1000F40F3B480E6
:108D5000C84A08F00F0102EBC10218F4807F92EDBF
:108D6000007B4FEA281100F09B80C34A92ED086B0C
:108D700088EE066B8DED026B01F00F010322BE48F9
:108D8000002940F08F809DED026B86EE077B8DED14
:108D9000027B0C999DED027B002900F0B380B7EEB9
:108DA000006BB4EEC67BF1EE10FA40F1AB80BAF185
:108DB000000F00F0A780BBF1000F30DDB2EE046BB6
:108DC00027EE067B8DED027B08F1FF310591013224
:108DD0005C469DED026BB1EE0C5B07EE902AB8EE9F
:108DE000E77BA7EE065B15EE902A51EC150BA2F17E
:108DF0005071002C40F08A80B1EE047B36EE476B58
:108E000041EC170BB4EEC76BF1EE10FA00F36A8277
:108E1000B1EE477BB4EEC76BF1EE10FA23D48DEDC3
:108E2000028B0F9A002AC0F22981B8F10E0F00F3CD
:108E30002581904B03EBC80393ED006B099B002B3E
:108E400080F2C880BAF1000F00F3C4800BD1B1EEFC
:108E5000047B26EE076B9DED027BB4EEC76BF1EE53
:108E600010FAC0F23C8200242546099BDB4305939F
:108E70003E464FF000082146484600F029FF002DED
:108E800000F0A280B8F1000F05D0A84503D04146FC
:108E9000484600F01DFF2946484600F019FF93E0C0
:108EA00002226CE7CC0704D590ED006B013227EE6F
:108EB000067B4910083063E722D0C8F100016D4AF3
:108EC00001F00F0002EBC00292ED007B28EE077B61
:108ED0008DED027B684809110024022229B9002C7B
:108EE0003FF457AF8DED027B53E7CE0705D590EDEC
:108EF000006B0132012427EE067B49100830EDE7B4
:108F0000022246E7CDF81480544662E7594A02EB44
:108F1000C40212ED024B089A41EC170B3C444AB3D1
:108F2000B6EE003BB7EE002B3E4683EE045BB2EE9E
:108F3000043B35EE477BFDEEC64B14EE902AB8EEAF
:108F4000E45B303236EE456BB4EEC76BF1EE10FAEF
:108F500006F8012B38D432EE465BB4EEC75BF1EE77
:108F600010FA6ED4A6423FF45AAF27EE037B26EEEA
:108F7000036BE0E721463E4627EE047BB2EE043B5E
:108F8000FDEEC64B14EE902A303206F8012BA642B5
:108F9000B8EEE45B36EE456B19D1B6EE005B37EE0A
:108FA000054BB4EEC46BF1EE10FA4ADC35EE475BCC
:108FB000B4EEC56BF1EE10FA7FF531AF0E46013914
:108FC00016F8013C302BF9D0DDF8148027E026EEAE
:108FD000036BD5E79DED027BB2EE044B3E4687EE78
:108FE000065BBDEEC55B15EE103A303306F8013B6B
:108FF000F31B9A45B8EEC53BA3EE467B32D137EE64
:10900000077BB4EEC67BF1EE10FA18DCB4EE467BBB
:10901000F1EE10FA03D115EE103ADB070FD40199E7
:10902000484600F055FE00230D9A337008F1010305
:1090300013601D9B002B00F04B821E6048E2CDF8B0
:10904000148033461E4613F8012D392A06D19F425B
:10905000F8D1059A0132059230223A701A7801321D
:109060001A70B1E727EE047BB5EE407BF1EE10FA03
:10907000B5D1D4E7080F0508E00E050808990029C6
:1090800000F0E9800799012900F3CB80002D00F062
:10909000C48002F23342049E1C460593049B134491
:1090A0000493069B012113444846069300F00EFFEB
:1090B000059B054666B1069A002A09DDB24204996D
:1090C000A8BF3246891A04910699B61A8A1A0692DE
:1090D0000BB3089A002A00F0C580002C00F0BF8076
:1090E0002946224648460B9300F0A8FF019A014604
:1090F0000546484600F000FF01990590484600F0FB
:10910000E7FD0B9B1B1B00F0B08005991A464846F3
:1091100000F094FF01900121484600F0D7FE0A9B21
:109120000446002B00F0DA811A460146484600F05A
:1091300085FF079B012B044600F3A080029B002BB8
:1091400040F09680039BC3F31302002A40F0928004
:1091500023F00042120D1205002A00F08D80049BBE
:1091600001330493069B0133069301230B930A9B5F
:10917000002B00F0B981226904EB8202106900F033
:1091800059FEC0F12000069B184410F01F0000F0AB
:109190008180C0F12002042A73DD049BC0F11C0011
:1091A00003440493069B064403440693049B002B4C
:1091B00005DD01991A46484600F09AFF0190069B8A
:1091C000002B05DD21461A46484600F091FF044673
:1091D0000C9B002B60D00198214600F0F5FF002881
:1091E0005ADA08F1FF330593019900230A22484611
:1091F00000F090FD089B0190002B00F0778129463C
:1092000000230A22484600F085FDBBF1000F054609
:109210006EDC079B022B48DC6AE00E9AC2F1360234
:1092200039E70AF1FF34A34207DBBAF1000FA3EBE1
:1092300004040BDB049E52462FE7E21A0A9B049EAD
:1092400013440A9352462346002426E7049AA2EBCD
:109250000A06002221E7049E089D1C462AE7019A7F
:10926000059252E701991A4651E7059B019352E78F
:1092700000237BE7029B79E70B9278E700230B93AF
:1092800079E793D0049B1C3213440493069B164445
:1092900013448AE70246F5E7BAF1000FCDF81480CF
:1092A000D34621DC079B022B1EDDBBF1000F7FF4B0
:1092B000DCAD21465B460522484600F02BFD014609
:1092C0000446019800F080FF00287FF7CEAD3E46AF
:1092D000312306F8013B059B01330593C9E5CDF821
:1092E000148054462546F2E7089B002B00F00281CB
:1092F000002E05DD29463246484600F0F9FE0546B7
:109300000B9B002B58D06968484600F0A1FC06462C
:1093100028B9824B024640F2EF21FFF7BEBB2A6913
:109320000232920005F10C010C30FFF7DAFA01224B
:109330003146484600F0DCFE7B1C049307EB0B0330
:109340000993029B03F00103A84608930546049B7A
:109350000198214603F1FF3BFFF7FEFA41460290D8
:1093600000F1300A019800F02FFF2A4606902146AE
:10937000484600F045FFC2680646FAB90146019822
:1093800000F022FF0246314648460A9200F0A0FC57
:10939000079B0A9A049E42EA0301089B19430FD1D6
:1093A000BAF1390F28D0069B002B02DD029B03F196
:1093B000310A8BF800A05EE52846BDE70122E2E70E
:1093C000069B002B04DB07990B4308990B4320D124
:1093D000002AEEDD01990122484600F089FE21466F
:1093E000019000F0F1FE002803DCE2D11AF0010F39
:1093F000DFD0BAF1390FD9D139238BF80030334699
:109400001E46013B16F8012C392A52D001321A703F
:1094100031E5002A07DDBAF1390FEDD00AF1010379
:109420008BF8003027E5049B099A03F801AC9342BE
:1094300029D0019900230A22484600F06BFCA84578
:1094400001904FF000034FF00A024146484607D111
:1094500000F060FC80460546049B0133049376E7E8
:1094600000F058FC2946804600230A22484600F0B6
:1094700051FC0546F0E7BBF1000FCCBF5E4601266C
:109480003E444FF0000801990122484600F030FEAA
:109490002146019000F098FE0028B0DC02D11AF0BD
:1094A000010FACD133461E4613F8012D302AFAD0F5
:1094B000E1E49F42A4D1059B0133059331233B7026
:1094C000D9E41D9B164F1BB107F108031D9A1360C9
:1094D000384611B0BDEC028BBDE8F08F079B012B25
:1094E0007FF72CAE0A9B0B9301204CE6BBF1000FDB
:1094F0007FF7D8AE3E4601982146FFF72DFA00F1DE
:10950000300A06F801ABF21B9345B4DD0199002344
:109510000A22484600F0FEFB0190ECE79E0C05088D
:10952000390C050838B50546002941D051F8043CEE
:109530000C1F002BB8BFE418FDF77CF81D4A136818
:1095400033B9636014602846BDE83840FDF778B849
:10955000A34208D9206821188B4201BF19685B68B3
:1095600009182160EDE71A465B680BB1A342FAD9EE
:1095700011685018A0420BD1206801445018834252
:109580001160E0D118685B68536008441060DAE746
:1095900002D90C232B60D6E7206821188B4204BF28
:1095A00019685B68636004BF091821605460CAE7EA
:1095B00038BD00BF740106240369B3EB611F2DE9B8
:1095C000F0434FEA611200F1140445DD11F01F0170
:1095D00004EB830604EB82050CD100F11007294649
:1095E000B14234D39B1A9B00EA1E964238BF002337
:1095F000234415E054F82270C1F12008CF4005F152
:10960000040EA1467645F44615D89A1A9200043AFB
:109610000135AE4238BF0022A318A75007B104336A
:109620001A1BA3424FEAA20208BF0023026108BF2F
:109630004361BDE8F083DCF800C00CFA08FC4CEA9A
:10964000070749F8047B5EF8047BCF40DAE751F85E
:1096500004CB47F804CFC3E72346E1E7A0F130038A
:10966000092B02D82038C0B27047A0F16103052B46
:1096700001D84738F7E7A0F14103052B01D8273877
:10968000F1E70020704700002DE9F04F85B08A46D1
:1096900002930B68019090469C1CA14614F8010BA4
:1096A0003028FAD0A9EB0303A3F1020BFFF7D6FF92
:1096B0000546002868D1A04901224846FEF724FF4C
:1096C0000746002867D199F801002646FFF7C6FF34
:1096D000002862D0234618783028994603F1010308
:1096E000F9D0FFF7BBFFB0FA80F56D094FF0010B21
:1096F0004A46164601323078FFF7B0FF0028F8D10D
:109700008D4901223046FEF7FFFE00283FD144B9C3
:10971000741C2246164601323078FFF79FFF00285E
:10972000F8D1A41BA700337803F0DF03502B3ED100
:1097300073782B2B33D02D2B34D0711C0024087858
:10974000FFF78CFF431EDBB2182B30D8A0F11002BC
:1097500011F8010FFFF782FF00F1FF3C5FFA8CFC6C
:10976000BCF1180F4FF00A031ED904B1524217443E
:10977000CAF80010EDB1BBF1000F0CBF06250025A3
:10978000284605B0BDE8F08F00252C46B0E7002C38
:10979000C7D12746C7E74E462F460125C3E7002419
:1097A000B11CCCE70124FBE703FB0200CEE7314606
:1097B000DEE7A6EB0903013B2946072B0ADC0198EB
:1097C00000F046FA044640B95C4B0246E4215C488E
:1097D000FFF7A4F801315B10EFE700F1140A002352
:1097E00055469B46B14537D345F804BBA5EB0A0562
:1097F000AD102561584600F01DFB6D01D8F80060E2
:109800002D1AB54254DDAD1B2946204600F0A6FEB8
:10981000814678B16B1E591103F01F025AF82110CE
:109820004FF0010909FA02F20A4203D04B4536DC37
:109830004FF0020929462046FFF7BEFE2F44D8F814
:109840000830BB4242DA0198214600F041FA0E9AF4
:1098500000231360A32593E716F8012D2E2A12D0BA
:10986000202B04D145F804BB4FF0000B5B46307849
:109870000393FFF7F3FE039B00F00F0098404BEAC1
:10988000000B0433AEE7B145EAD82B49039301221C
:109890003046FEF739FE039B0028E1D1A2E7A91E5E
:1098A000204600F05BFE0028C2D04FF00309C1E75C
:1098B00009DA751B214601982A4600F019FC7F1B26
:1098C000044600F1140A4FF00009B8E7D8F8045034
:1098D000BD426FDDED1BAE4234DCD8F80C30022BFC
:1098E00022D0032B24D0012B15D1AE4213D1012E4F
:1098F0000BD1029AD8F80430136001232361CAF80F
:1099000000300E9B62251C603AE7711E204600F075
:1099100025FE0028EDD10198214600F0D9F90E9AD4
:109920000023136050252BE70F9B002BF3D1E0E7BA
:109930000F9B002BDDD1EEE74B0B05089E0C0508B5
:10994000AF0C05086F1EB9F1000F30D127B13946B1
:10995000204600F003FE81467A1101235AF82220A6
:1099600007F01F07BB4013422946204618BF49F0A5
:109970000209FFF721FED8F80470761B0225B9F121
:10998000000F47D0D8F80C30022B15D0032B17D07E
:10999000012B09D119F0020F06D0DAF8003049EA9C
:1099A000030919F0010F0ED145F0100532E04FF018
:1099B0000109D1E70125E2E70F9BC3F101030F93F2
:1099C0000F9B002BF0D0D4F810B004F114034FEA31
:1099D0008B0A03EB8B014FF0000C184653F8042B55
:1099E000B2F1FF3F1BD001320260022D04F11403DB
:1099F0003CD1D8F80020013AB24209D171110122BC
:109A000053F8213006F01F0602FA06F61E423AD13C
:109A100045F020050E9B1C60029B1F60B0E699423A
:109A200043F804CCD9D8A3689B4517DB616801983B
:109A3000013100F00DF9814618B91A4B0246842114
:109A4000C5E62269023204F10C0192000C30FEF7E7
:109A500048FF2146019800F03BF94C4623695A1C07
:109A600004EB8303226101225A61BEE722695A4551
:109A70000BDD01212046FFF79FFDD8F808300137A4
:109A8000BB42FFF6E0AE0125C2E716F01F06FAD092
:109A90005344C6F1200653F8040C00F0CBF9B04251
:109AA000E7DBF0E79E0C0508C2F10802920070B5F2
:109AB000C2F120064368046803FA06F52C43D3403C
:109AC000046040F8043F8842F4D370BD30B50368A9
:109AD000013311F8014B14B90360012030BD13F8B4
:109AE000012BA2F14105192D98BF2032A242F0D0DE
:109AF0000020F3E72DE9F04F0B6801685E1102EBDF
:109B0000860613F01F0387B018BF04360025371FE1
:109B100082469046019346F8045CB9463C4602955D
:109B2000AB464A784B1C039342B31046059104920E
:109B3000FFF794FD002851D1049A0599202A18D8DE
:109B4000029B9B4513DD4C4506D2072D04DC2A46BB
:109B500049462046FFF7A8FF444552D90023A4F107
:109B6000040944F8043CCDF808B04C461D4603995E
:109B7000D7E7292A57D10231CAF80010BBF1000FEC
:109B800051D04C4506D2072D04DC2A4649462046D2
:109B9000FFF78AFF444536D9A8F10402234653F85B
:109BA000041B42F8041F9F42F9D23B1B23F003031E
:109BB00004330134033EB44288BF042343440022EB
:109BC00043F8042B9F42FBD23B681BB9474528D181
:109BD00001233B60052007B0BDE8F08F0135082D5B
:109BE0000BF1010B06DD4445C1D9002344F8043CC8
:109BF0000125043C226800F00F0040EA02102060BA
:109C0000B5E70825B3E7019B002BDDD0C3F12003A6
:109C10004FF0FF32DA4056F8043C134046F8043C5B
:109C2000D2E7043FD0E70420D5E782B001B901A90B
:109C300042B14BB113780B601278101E18BF01208F
:109C400002B070471046FBE76FF00100F8E7000034
:109C500070B5C66904460D4676B91020FCF738FC8D
:109C60000246E06120B9184B18486B21FEF756FEFA
:109C7000C0E901660660C660E669F36883B1E3691E
:109C8000DB6853F82500B8B9012101FA05F6721D09
:109C90009200204601F07BF860B1C0E901560EE069
:109CA00021220421204601F072F8E369F060DB68AC
:109CB000002BE4D1002070BD026843F8252000236A
:109CC000C0E90333F7E700BF860B05080F0D050851
:109CD00070B5C66905460C4676B91020FCF7F8FB4E
:109CE0000246E86120B9094B09488F21FEF716FEAC
:109CF000C0E901660660C6603CB1EB696268DB687A
:109D000053F82210216043F8224070BD860B0508ED
:109D10000F0D05082DE9F0410D6907460C461E465A
:109D200001F1140C0020DCF8003099B202FB016153
:109D30001E0C0B0C02FB063389B2013001EB034110
:109D400085424CF8041B4FEA1346ECDC0EB3A368C3
:109D5000AB4219DC616838460131FFF779FF804674
:109D600028B902460C4B0D48BA21FEF7D7FD2269EF
:109D7000023204F10C0192000C30FEF7B2FD2146D4
:109D80003846FFF7A5FF444604EB850301355E61C5
:109D900025612046BDE8F0819E0C05080F0D0508E1
:109DA0002DE9F8430C4615461F460922083306469E
:109DB00093FBF2F3002101229A4209DB3046FFF7C0
:109DC00047FF40B90246194B1948D321FEF7A6FDBB
:109DD00052000131F0E7089B4361092D4FF0010368
:109DE000036116DD04F10909C8462C4418F8013B4B
:109DF0000146303B0A223046FFF78CFFA045F5D1E3
:109E0000A5F108044C442D1B6319BB4204DBBDE8DB
:109E1000F8830A340925F6E714F8013B0146303B84
:109E20000A223046FFF776FFEEE700BF9E0C0508DA
:109E30000F0D0508B0F5803F034636BF0304002030
:109E40001020B3F1807F3CBF1B020830B3F1805F6C
:109E50003CBF1B010430B3F1804F3CBF9B0002307C
:109E6000002B05DB13F0804F00F1010008BF20201C
:109E700070470368024613F007000BD0D90721D4BE
:109E8000980749BF5B089B08012013605CBF136003
:109E90000220704799B209B91B0C1020D9B209B938
:109EA00008301B0A190704BF1B090430990704BFB7
:109EB0009B080230D90703D45B0800F1010003D0EE
:109EC00013607047002070472020704710B50C4683
:109ED0000121FFF7BDFE024628B9054B054840F2B7
:109EE0004511FEF71BFD01234461036110BD00BF56
:109EF0009E0C05080F0D05082DE9F04F17460A695D
:109F00003B699A42A8BF3B468946A4BF0F46994683
:109F10003D69D9F810A0BB68796805EB0A06B34221
:109F200085B0B8BF0131FFF793FE30B90246414B0F
:109F300041484FF4B171FEF7F1FC00F1140404EB59
:109F4000860E23460022734520D307F1140809F139
:109F5000140108EB850501EB8A030293EB1B153B0B
:109F600023F0030304331537BD4238BF04230193A4
:109F7000029B03918B420CD8002E03DD5EF8043D5A
:109F8000002B55D0066105B0BDE8F08F43F8042BD7
:109F9000D9E7B1F800A0BAF1000F1FD0C446A1461E
:109FA00000275CF8042BD9F800301FFA82FB9BB223
:109FB0000AFB0B333B44D9F80070120C3F0C0AFB30
:109FC000027202EB13429BB243EA0243654549F831
:109FD000043B4FEA1247E4D8019BE750039BB3F8D8
:109FE00002900431B9F1000F20D023684746A446FF
:109FF0004FF0000AB7F800B0BCF8022009FB0B22B2
:10A0000052449BB243EA02434CF8043B57F8043BEA
:10A010004FEA134ABCF8003009FB0A3303EB124342
:10A02000BD424FEA134AE5D8019AA35004349FE792
:10A03000013EA1E79E0C05080F0D05082DE9F84328
:10A04000154612F0030207460E4607D0254C013A8A
:10A05000002354F82220FFF75DFE0646AD103DD0E8
:10A06000FC697CB91020FCF733FA0246F86128B984
:10A070001D4B1E4840F2B311FEF750FCC0E90144ED
:10A080000460C460D7F81C80D8F808404CB940F28E
:10A0900071213846FFF71AFF0023C8F8080004466C
:10A0A00003604FF00009EB070AD5314622463846D7
:10A0B000FFF722FF314680463846FFF709FE464645
:10A0C0006D100BD0206838B9224621463846FFF77C
:10A0D00013FF2060C0F800900446E4E73046BDE876
:10A0E000F88300BFD40E0508860B05080F0D050880
:10A0F0002DE9F0470C464968236903EB6218A36811
:10A10000074691464FEA621A08F10106B3420BDB9B
:10A110003846FFF79DFD054648B90246284B2948B9
:10A120004FF4EF71FEF7FAFB01315B00EEE700231D
:10A1300000F1140100F110021846534533DB206989
:10A140002AEAEA7A04F1140319F01F0901EB8A01E3
:10A1500003EB800C2BD0C9F1200E8A460022186830
:10A1600000FA09F010434AF8040B53F8042B9C45FD
:10A1700022FA0EF2F3D8ACEB0403153B23F00303F1
:10A18000043304F11500604588BF0423CA500AB1A6
:10A1900008F10206013E38462E612146FFF798FD80
:10A1A0002846BDE8F08742F8040F0133C5E70439BB
:10A1B00053F8042B41F8042F9C45F9D8EAE700BF77
:10A1C0009E0C05080F0D05080A6903460069801AF0
:10A1D00030B50ED11433143103EB820401EB82014C
:10A1E00054F8045D51F8042D954203D005D24FF088
:10A1F000FF3030BDA342F3D3FBE70120F9E70000B5
:10A200002DE9F74F89460646114648461446FFF7A2
:10A21000DBFF051E12D129463046FFF719FD024625
:10A2200028B93F4B40F237213E48FEF777FB012328
:10A23000C0E90435104603B0BDE8F08FBCBF4B4603
:10A24000A1463046D9F80410BABF1C4601250025A6
:10A25000FFF7FEFC024618B9314B40F24521E3E717
:10A26000D9F810702669C56009F1100309F11405C9
:10A2700004F1140E00F1140B05EB87080EEB8606B3
:10A280000193D9464FF0000C019B5EF8040B53F884
:10A2900004AF01931FFA8AF3194683B2CB1A000C5C
:10A2A0006344C0EB1A4000EB23409BB243EA0043F7
:10A2B000764549F8043B4FEA204CE5D8331B153B63
:10A2C00023F0030315340433A64238BF04231D448E
:10A2D0005B441E462C4644450ED308F10301491B3E
:10A2E00021F00301033DA84538BF00210B4453F87A
:10A2F000041D91B117619DE754F8041BE646080C54
:10A300001CFA81FC714400EB2C4089B241EA004107
:10A3100046F8041B4FEA204CDDE7013FE7E700BFAA
:10A320009E0C05080F0D050882B08DED000B019AFB
:10A330000F4B1340A3F15073002B08DC5B42B3F1C9
:10A34000A07F4FEA235204DA4FF400231341002286
:10A3500008E0A2F114031E2BDABF4FF00042DA40EE
:10A36000012200231946104641EC100B02B0704741
:10A370000000F07F2DE9F041066900F1140808EBB8
:10A380008606371F56F8042C1046FFF753FDC0F120
:10A3900020030A280B601B4915DCC0F10B0C22FAC4
:10A3A0000CF3B84543EA010534BF56F8083C0023D6
:10A3B000153002FA00F023FA0CF303431C4645EC77
:10A3C000104BBDE8F081B8453ABF56F8083CA6F1FD
:10A3D000080700230B3812D0C0F1200123FA01F442
:10A3E00082402243474542F07F558CBF57F8042CEA
:10A3F00000228340CA4045F440151343DEE742EA99
:10A400000105DBE70000F03F2DE9F7430F4601218E
:10A4100059EC108B1646FFF71BFC044630B9024678
:10A42000234B244840F20F31FEF778FAC9F30A555E
:10A43000C9F313030DB143F480130193B8F1000382
:10A4400023D068460093FFF714FDDDE90012D0B178
:10A45000C0F1200302FA03F30B43C240636101928F
:10A46000019BA361002B0CBF012202222261A5B136
:10A47000A5F2334505443D60C0F13500306020460B
:10A4800003B0BDE8F0836161EAE701A8FFF7F1FCE2
:10A49000019B636120300122E8E704EB8203A0F214
:10A4A000324038601869FFF7C5FCC0EB4210E5E7A1
:10A4B0009E0C05080F0D05082DE9F74F88466946E3
:10A4C0008146FFF757FF01A9404655EC104BFFF7B7
:10A4D00051FFD8F81030D9F81020D21ADDE9003138
:10A4E0005B1A03EB421357EC106B002BD6BFC3EB88
:10A4F00003332A463A46AB46A246CEBF02EB035B85
:10A5000002EB035300EE903A4BEC17AB87EE000BD7
:10A5100003B0BDE8F08F013970B5491114690131FC
:10A5200002F1140300EB810103EB8404051FA34235
:10A530000CD3A31A113B23F003031132A24288BFAC
:10A54000002318440023884205D370BD53F8046BE0
:10A5500045F8046FEBE740F8043BF4E700F1140220
:10A5600000694B11984210B511DB0ADD11F01F0193
:10A5700007D052F8234024FA01F000FA01F18C428E
:10A580000BD102EB8303934203D8002010BD034696
:10A59000F7E753F8041D0029F5D00120F6E751F83C
:10A5A000043C181F002BBCBF0B58C0187047034653
:10A5B000084641B1FF2A04D98A221A604FF0FF30C1
:10A5C00070470A70012070472DE9F0478E681F46DA
:10A5D000BE420B6882460C4690462DD8B1F90C203D
:10A5E00012F4906F26D06569096905EB4505A3EB68
:10A5F000010905EBD5757B1C4B446D109D4238BF9E
:10A600001D46530527D52946FBF794FF064660B340
:10A6100021694A46FEF765F9A38923F4906343F064
:10A620008003A381266165614E44A5EB0905266080
:10A63000A5603E46BE4200D93E46206832464146AD
:10A64000FDF724FFA3689B1BA360236833442360AA
:10A650000020BDE8F0872A46FCF700F806460028EF
:10A66000E0D121695046FEF75DFF0C23CAF80030A7
:10A67000A38943F04003A3814FF0FF30E9E70000D6
:10A680002DE9F04F98468B891B069DB007460D4675
:10A69000144610D50B6973B94021FBF74BFF2860B6
:10A6A000286130B90C233B604FF0FF301DB0BDE88E
:10A6B000F08F40236B610023099320238DF829300C
:10A6C000CDF80C803023DFF89C818DF82A304FF0D4
:10A6D000010923469A4613F8012B0AB1252AF9D11C
:10A6E000BAEB040B0BD05B46224629463846FFF7EF
:10A6F0006BFF013000F0A780099A5A4409929AF83A
:10A700000030002B00F09F8000234FF0FF32CDE996
:10A7100005230AF1010A049307938DF853301A9325
:10A720005446052214F8011B4E48D5F7E9FD049A5A
:10A73000D8B9D00644BF20238DF85330110744BF49
:10A740002B238DF853309AF800302A2B15D0079A16
:10A75000544600204FF00A0C214611F8013B303BD3
:10A76000092B4BD9B0B1079214E0A0EB080309FA0A
:10A7700003F313430493A246D2E7039B191D1B68FE
:10A780000391002BBBBF5B4242F002020793079389
:10A79000B8BF049223782E2B0AD163782A2B32D1AA
:10A7A000039B1A1D1B68039243EAE373023405936B
:10A7B000DFF8C0A0217803225046D5F7A1FD38B1BB
:10A7C000049BA0EB0A00402282401343013404930F
:10A7D00014F8011B24488DF828100622D5F790FDA7
:10A7E000002836D0214B1BBB039B073323F0070304
:10A7F00008330393099B334409936AE70CFB023245
:10A800000C460120A8E700230134059319464FF0B8
:10A810000A0C204610F8012B303A092A03D9002BE4
:10A82000C6D00591C4E70CFB012104460123F0E7E3
:10A8300003AB00932A460E4B04A93846FCF718FEDA
:10A84000421C0646D6D1AB895B063FF52DAF099871
:10A850002CE703AB00932A46054B04A93846FDF7C5
:10A860008FF8EDE7680D0508720D0508717404088E
:10A87000C9A504086E0D05089368013B002B10B4B0
:10A88000936008DA9469A34201DB0A2903D15DF8D9
:10A89000044BFDF766BD1368581C1060197008461C
:10A8A0005DF8044B7047F8B506460F461446D518B8
:10A8B000AC4201D1002007E014F8011B3A463046B3
:10A8C000FFF7DAFF431CF3D1F8BD00002DE9F04F8C
:10A8D0000D469DB014469846064618B1036A0BB95A
:10A8E000FDF7FEFB6B6ED90705D4AB899A0502D440
:10A8F000A86DFDF7ECFFAB891B0701D52B699BB950
:10A9000029463046FDF76CFD70B16B6EDC0704D54F
:10A910004FF0FF301DB0BDE8F08FAB899805F7D43C
:10A92000A86DFDF7D5FFF3E70023099320238DF8E9
:10A930002930CDF80C803023DFF8AC818DF82A3037
:10A940004FF0010923469A4613F8012B0AB1252A34
:10A95000F9D1BAEB040B0BD05B46224629463046B0
:10A96000FFF7A1FF013000F0A780099A5A4409922D
:10A970009AF80030002B00F09F8000234FF0FF3248
:10A98000CDE905230AF1010A049307938DF85330AA
:10A990001A935446052214F8011B5348D5F7B0FC0E
:10A9A000049AD8B9D10644BF20238DF85330130739
:10A9B00044BF2B238DF853309AF800302A2B15D042
:10A9C000079A544600204FF00A0C214611F8013B2B
:10A9D000303B092B4BD9B0B1079214E0A0EB080330
:10A9E00009FA03F313430493A246D2E7039B191D0C
:10A9F0001B680391002BBBBF5B4242F0020207932E
:10AA00000793B8BF049223782E2B0AD163782A2BA0
:10AA100032D1039B1A1D1B68039243EAE37302348D
:10AA20000593DFF8D4A0217803225046D5F768FCBF
:10AA300038B1049BA0EB0A0040228240134301344A
:10AA4000049314F8011B29488DF828100622D5F725
:10AA500057FC00283FD0264B1BBB039B073323F03A
:10AA6000070308330393099B3B4409936AE70CFBF4
:10AA700002320C460120A8E7002301340593194651
:10AA80004FF00A0C204610F8012B303A092A03D95E
:10AA9000002BC6D00591C4E70CFB0121044601231D
:10AAA000F0E703AB00932A46124B04A93046FCF7AB
:10AAB000DFFC0746781CD6D16B6ED90705D4AB896D
:10AAC0009A0502D4A86DFDF703FFAB895B063FF53D
:10AAD0001FAF09981EE703AB00932A46054B04A954
:10AAE0003046FCF74DFFE4E7680D0508720D0508D8
:10AAF00071740408A7A804086E0D0508B1F90C20AC
:10AB00002DE9F041160705460C4654D44B68002B3E
:10AB100002DC0B6C002B48DDE66A002E45D00023DA
:10AB200012F480522F68216A2B6030D0626DA389A5
:10AB3000590705D56368D21A636B0BB1236CD21A1F
:10AB40000023E66A216A2846B047431CA38906D140
:10AB500029681D292BD82A4ACA40D60727D50022A2
:10AB60006260D9042269226004D5421C01D12B689D
:10AB700003B96065616B2F60B9B104F14403994278
:10AB800002D02846FEF7CEFC002363630DE00123CC
:10AB90002846B0470246501CC9D12B68002BC6D0AE
:10ABA0001D2B01D0162B1ED12F60002022E043F078
:10ABB00040031BB21BE00F69002FF6D093070E680D
:10ABC00008BF4B690F6018BF0023A6EB07088B6016
:10ABD000B8F1000FE9DD216AA66A43463A462846E5
:10ABE000B047002808DCB4F90C3043F04003A381DF
:10ABF0004FF0FF30BDE8F0810744A8EB0008E7E71D
:10AC00000100402038B50B6905460C4613B90025F4
:10AC1000284638BD18B1036A0BB9FDF761FAB4F9DB
:10AC20000C30002BF3D0626ED00704D4990502D407
:10AC3000A06DFDF74CFE28462146FFF75FFF636ECF
:10AC4000DA070546E4D4A3899B05E1D4A06DFDF79E
:10AC50003FFEDDE70EB403B5014603AB054853F8EC
:10AC6000042B00680193FFF731FE02B05DF804EB9E
:10AC700003B070474807002470B50C46B1F90E10B8
:10AC8000002996B015461E460DDAA38913F0800FF1
:10AC90004FF0000114BF40234FF480630020316067
:10ACA0002B6016B070BD6A4600F048F80028ECDB57
:10ACB000019901F47041A1F50053594259414FF4F3
:10ACC0008063EBE78B89F7B59D0706460C4607D5F1
:10ACD00004F14703236023610123636103B0F0BDE6
:10ACE00001AB6A46FFF7C8FF009F0546394630466C
:10ACF000FBF720FC48B9B4F90C309A05EED423F0E8
:10AD0000030343F00203A381E2E7A389206043F039
:10AD10008003A381019BC4E904075BB1B4F90E1061
:10AD2000304600F01DF828B1A38923F0030343F057
:10AD30000103A381A3891D43A581CFE738B5074D42
:10AD400000230446084611462B60EBF754FF431CD2
:10AD500002D12B6803B1236038BD00BFB4020624C2
:10AD600038B5064D0023044608462B60EBF748FF34
:10AD7000431C02D12B6803B1236038BDB402062402
:10AD800008B5062000F040F80120EBF70DFF70B584
:10AD9000A1FB025434B92946FBF7CCFB064628B97F
:10ADA000304670BD0C2202600026F9E72A46214693
:10ADB000FDF786FBF4E71F2938B505460C4604D994
:10ADC000162303604FF0FF3038BDC26B12B152F84A
:10ADD00021304BB9284600F031F82246014628467A
:10ADE000BDE8384000F018B8012B0AD0591C03D137
:10ADF000162303600120E7E7002142F824102046D3
:10AE000098470020E0E70000024B01461868FFF772
:10AE1000D2BF00BF4807002438B5074D00230446C1
:10AE2000084611462B60EBF7B7FE431C02D12B6896
:10AE300003B1236038BD00BFB4020624EBF7AABEFD
:10AE400008B52DED048BB0EE408B00F08DFEB4EE16
:10AE5000488BF1EE10FAB0EE409B15D6B0EE480BE1
:10AE600000F0E2F9B7EE007BB4EEC70BF1EE10FA9A
:10AE70000ADDFDF701FDBDEC048B21230360BDE875
:10AE800008400448FDF73CBDB0EE490BBDEC048B17
:10AE900008BD00BF380C050808B52DED048BB0EED9
:10AEA000408B00F091FFB4EE488BF1EE10FAB0EE5B
:10AEB000409B15D6B0EE480B00F0B6F9B7EE007B1C
:10AEC000B4EEC70BF1EE10FA0ADDFDF7D5FCBDECD0
:10AED000048B21230360BDE808400448FDF710BD42
:10AEE000B0EE490BBDEC048B08BD00BF380C050863
:10AEF00008B52DED028BB0EE408B01F075F8B4EE85
:10AF0000488BF1EE10FA0FD6B5EEC08BF1EE10FAC9
:10AF10000AD8B5EE408BF1EE10FA08D1FDF7ACFC83
:10AF20009FED090B22230360BDEC028B08BDFDF7EA
:10AF3000A3FCBDEC028B21230360BDE8084004485C
:10AF4000FDF7DEBCAFF30080000000000000F0FF62
:10AF5000380C05080000000008B52DED048BB0EE9C
:10AF6000408B00F022FCB4EE488BF1EE10FA0CD6C8
:10AF70009FED079BB4EEC98BF1EE10FA05D5FDF7F6
:10AF80007BFC89EE090B21230360BDEC048B08BD1B
:10AF9000000000000000000038B5B0EE407B17EE66
:10AFA000905A734B25F000449C4213D9714B9C423C
:10AFB00003D807D110EE103A23B137EE077BB0EE7D
:10AFC000470B38BD9FED4E7B9FED4F6B002D36FE3E
:10AFD000077BF4E7684B9C4211D8A3F1DE739C42D7
:10AFE0000AD8B7EE005B9FED4A6B30EE066BB4EE0D
:10AFF000C56BF1EE10FAE2DC4FF0FF3313E000F026
:10B0000013F95E4B9C424FD8A3F550239C4241D884
:10B01000B0EE007BBFEE005B0023A0EE075B30EEDE
:10B02000070B85EE007B9FED3C6B27EE074B24EE74
:10B03000045B9FED3B3BA5EE063B9FED3B6BA3EE18
:10B04000056B9FED3B3BA6EE053B9FED3B6BA3EEF7
:10B05000056B9FED3B3B9FED3C2BA6EE053B9FED2B
:10B060003C6BA5EE062B9FED3C6BA2EE056B9FEDB6
:10B070003C2BA6EE052B9FED3C6B5A1CA2EE056BFC
:10B0800026EE056BA3EE046B27EE066B21D137EE9F
:10B09000467B94E7B7EE007B012330EE475B30EE52
:10B0A000070B85EE007BBEE7354B9C420BD2B7EE1B
:10B0B000087BB7EE006B30EE475BA0EE076B022318
:10B0C00085EE067BAFE7BFEE006B032386EE007BC9
:10B0D000A9E72C4A2C4902EBC30201EBC30393ED11
:10B0E000005B36EE456B36EE476B92ED007B002D34
:10B0F00037EE467BB8BFB1EE477B60E7AFF3008029
:10B10000182D4454FB21F9BF182D4454FB21F93F5D
:10B110009C7500883CE4377E11DA22E33AAD903F1B
:10B12000EB0D76244B7BA93F513DD0A0660DB13F7E
:10B130006E204CC5CD45B73FFF8300922449C23FE6
:10B140000D5555555555D53F9AFDDE522DDEADBFF7
:10B150002F6C6A2C44B4A2BF6D9A74AFF2B0B3BF27
:10B16000711623FEC671BCBFC4EB98999999C9BFEB
:10B17000FFFF0F440000F07FFFFFDB3FFFFFF23FC8
:10B1800000800340F00F0508D00F05080000000004
:10B190001FB5B0EE407B17EE903A214A23F00043F2
:10B1A000934206D89FED1C1B05B05DF804EB00F040
:10B1B000FFBA1C4A934204D930EE400B05B05DF84B
:10B1C00004FB684600F080FF00F00300012809D06E
:10B1D000022810D0B0B99DED021B9DED000B00F0D0
:10B1E000E7FAEBE79DED021B9DED000B00F048FB3D
:10B1F000B1EE400BE2E79DED021B9DED000B00F070
:10B20000D7FAF5E79DED021B9DED000B012000F044
:10B2100037FBD3E7AFF30080000000000000000020
:10B22000FB21E93FFFFFEF7F51EC100B024621F0BD
:10B23000004343EC102B70471FB5B0EE407B17EE78
:10B24000903A214A23F00043934207D89FED1C1BFC
:10B25000002005B05DF804EB00F012BB1B4A9342DE
:10B2600004D930EE400B05B05DF804FB684600F0F1
:10B270002BFF00F0030001280AD002280FD0C0B92C
:10B280009DED021B9DED000B012000F0F9FAEAE7AD
:10B290009DED021B9DED000B00F08AFAE3E79DEDAA
:10B2A000021B9DED000B012000F0EAFAB1EE400B0D
:10B2B000D9E79DED021B9DED000B00F079FAF5E753
:10B2C0000000000000000000FB21E93FFFFFEF7FCE
:10B2D0001FB5B0EE407B17EE903A154A23F00043BD
:10B2E000934207D89FED101B012005B05DF804EBD9
:10B2F00000F01EBB0F4A934204D930EE400B05B05C
:10B300005DF804FB684600F0DFFE400000F002003C
:10B310009DED021B9DED000BC0F1010000F008FB4C
:10B32000EDE700BFAFF30080000000000000000068
:10B33000FB21E93FFFFFEF7F08B52DED028BB0EE5B
:10B34000408A01F0E5F8B4EE488AF1EE10FAF0EE2A
:10B35000408A15D6B0EE480A00F046F8F7EE007ABB
:10B36000B4EEE70AF1EE10FA0ADDFDF785FABDEC5E
:10B37000028B21230360BDE808400448FDF7C8BAEA
:10B38000B0EE680ABDEC028B08BD00BF380C0508A2
:10B3900008B52DED028BB0EE408A01F0AFF9B4EEA6
:10B3A000488AF1EE10FAF0EE408A15D6B0EE480A5F
:10B3B00000F01AF8F7EE007AB4EEE70AF1EE10FAB0
:10B3C0000ADDFDF759FABDEC028B21230360BDE8CD
:10B3D00008400448FDF79CBAB0EE680ABDEC028B49
:10B3E00008BD00BF380C050810EE103A23F00043EA
:10B3F00000EE103A7047000010EE103A07B5124AFE
:10B4000023F00043934207D8DFED100A012003B078
:10B410005DF804EB00F09CBFB3F1FF4F04D330EEB6
:10B42000400A03B05DF804FB684601F04BFA4000A7
:10B4300000F00200DDED010A9DED000AC0F10100FF
:10B4400000F086FFEDE700BFDA0F493F0000000083
:10B45000CB0712D421EE005B90ED1A6B90ED187BB8
:10B46000A6EE017B90ED166B21EE051BA6EE050BFB
:10B47000A7EE010BB7EEC00B704790ED146B21EEF9
:10B48000015B90ED127B90ED0C0BA1EE067B90ED35
:10B490000E6BA1EE060B90ED106B21EE051BA5EED9
:10B4A000060BE5E70000000037B510EE104AC4F3C4
:10B4B0000A53B3F57D7FB7EEC06AF0EE407A18D23A
:10B4C00026EE061BB3F5667F0AD214F0FF4F03D1B8
:10B4D000B7EEC11B8DED011AB0EE670A03B030BDA7
:10B4E0003B48B0EE460B002103B0BDE83040FFF70B
:10B4F000AFBF40F22E42934224D8354B93ED087BE8
:10B5000026EE077BFDEEC77B03F1700017EE901A65
:10B5100001F50001091607EE901A01F0030203EB92
:10B52000C202B8EEE75B92ED000B93ED0A7B11F0DF
:10B53000020FA5EE476B08BF184626EE061B20EE4D
:10B54000060BD1E7B3F5FF6F37D22249C4F383600E
:10B5500001EB8002C4F31603C4F3C25551F8201066
:10B56000106A126943F40003AB40A0FB0350594337
:10B57000E3FB020101F100539D0F03F04043C91AA0
:10B58000D5F7A4F805EBD474114B04F0030203EBD8
:10B59000C2029FED0D6B92ED000B41EC170B14F006
:10B5A000020F27EE067B03F17000294608BF1846FC
:10B5B00027EE071B20EE070B96E703B0BDE83040EF
:10B5C00000F0E4B8AFF30080182D4454FB21193C7F
:10B5D0007010050810100508CB0712D421EE005B8F
:10B5E00090ED1A6B90ED187BA6EE017B90ED166B3B
:10B5F00021EE051BA6EE050BA7EE010BB7EEC00B67
:10B60000704790ED146B21EE015B90ED127B90ED95
:10B610000C0BA1EE067B90ED0E6BA1EE060B90EDF0
:10B62000106B21EE051BA5EE060BE5E70000000000
:10B6300038B510EE104AC4F30A53B3F57D7FB7EE68
:10B64000C07A1FD227EE077BB3F5667FC0F08280F9
:10B6500027EE074B444B93ED145B93ED126B93ED88
:10B660000C0BA7EE056B93ED0E5BA7EE050B93EDB0
:10B67000105B27EE047BA4EE050BA6EE070BB7EEDE
:10B68000C00B38BD40F22E42934229D8364B93ED81
:10B69000086B27EE066BFDEEC66B03F1700016EE2D
:10B6A000901A01F50001091606EE901A01F0030246
:10B6B00003EBC202B8EEE65B92ED000B93ED0A6B72
:10B6C00011F0020F81F00101A5EE467B08BF18467C
:10B6D00027EE071BBDE8384020EE070BFFF77CBFC5
:10B6E000B3F5FF6F32D22149C4F3836001EB8002CE
:10B6F000C4F31603C4F3C25551F82010106A12693E
:10B7000043F40003AB40A0FB03505943E3FB0201A9
:10B7100001F100539D0F03F04043C91AD4F7D6FF3F
:10B7200005EBD474104B9FED0E6B41EC170B04F03E
:10B73000030203EBC20292ED000B27EE067B03F13E
:10B74000700014F0020F85F00101BFE7BDE838403A
:10B7500000F01CB8B7EE000A93E700BFAFF300801B
:10B76000182D4454FB21193C7010050810100508D1
:10B7700010B52DED028BB0EE408A0446FDF77CF843
:10B78000B0EE480ABDEC028B046010BDF0EE407ACA
:10B7900030EE407AF4EE677AF1EE10FA87EE070A9F
:10B7A00002D62120FFF7E4BF7047B1EEC00B70470F
:10B7B000B0EE405B15EE901AB7EE000B21F00041A1
:10B7C000B1F1795F04D2FDEEC57B17EE903A43B339
:10B7D00025EE056B21EE451B9FED1B7B9FED1C4B62
:10B7E000A6EE074B9FED1C7BA4EE067B9FED1C4B4A
:10B7F000A7EE064B9FED1C7B1F4BA4EE067B9FED37
:10B800001C4B9942A7EE064BB6EE007B24EE064B8E
:10B8100026EE077BA6EE041B04D837EE417B30EE04
:10B82000470B7047154B994209D80022A1F5001328
:10B8300043EC162B30EE460B37EE467BEDE7B5EECC
:10B84000026BF7E7AFF30080D43888BEE9FAA8BDF1
:10B85000C4B1B4BD9EEE213EAD529C804F7E92BEDF
:10B860009015CB19A001FA3E7751C1166CC156BF95
:10B870004C5555555555A53F3233D33F0000E93F50
:10B8800010EE903A23F00043B3F1795F04D2FDEE5D
:10B89000C07B17EE903A5BB320EE006B20EE065BA8
:10B8A0009FED157B9FED164BA6EE074B9FED167B8C
:10B8B000A4EE067B9FED164BA7EE064B9FED167B85
:10B8C000A4EE067B30B99FED164BA6EE074BA4EE17
:10B8D000050B704727EE457BB6EE004BA1EE047BCF
:10B8E00097EE061B9FED107BA5EE071B30EE410B7C
:10B8F000704700BFAFF300807CD5CF5A3AD9E53D01
:10B90000EB9C2B8AE6E55ABE7DFEB157E31DC73E90
:10B91000D561C119A0012ABFA6F810111111813FEC
:10B92000495555555555C5BF495555555555C53FAB
:10B93000B0EE407B17EE903A894923F000428A42EC
:10B9400010B533D8FDEEC06B16EE901A002943D126
:10B9500010EE104A431C2343134308D1FFF764FC45
:10B96000B7EE006B86EE007BB0EE470B10BD0128F2
:10B97000FAD030EE016BBFEE007B53EC162B87EE56
:10B98000063B0A4643EC152BB7EE006B53EC132B2A
:10B9900035EE404B0A4643EC172B31EE444BA5EEF7
:10B9A000076BA4EE076BA6EE037BDDE76D498A42C9
:10B9B00012D99FED4B6B002BB8BFB1EE407B36EE3A
:10B9C000476B9FED497BB8BFB1EE411B37EE417B22
:10B9D0009FED471B37EE067B27EE075B9FED463B4F
:10B9E00025EE056B9FED464BA6EE034B9FED463BC8
:10B9F000A4EE063B9FED464BA3EE064B9FED463B68
:10BA0000A4EE063B9FED464B9FED472BA3EE064B66
:10BA10009FED473BA6EE023B9FED472BA3EE062B87
:10BA20009FED473BA2EE063B9FED472BA3EE062B77
:10BA30009FED473B4B49A2EE063B27EE052BB0EEB0
:10BA4000446BB0EE414BA3EE056BA6EE024B9FEDAF
:10BA5000426BA4EE051B8A42A2EE061B37EE013BA9
:10BA60001DD923EE032B9B1706EE900A03F0020369
:10BA7000C3F10103B8EEE65B06EE903A33EE053B08
:10BA8000B8EEE64B82EE036BB0EE003B36EE416B58
:10BA900037EE466BA6EE435B24EE057B64E7012898
:10BAA0001AD0B7EE006B51EC130B002041EC140BD5
:10BAB00034EE477B31EE471BBFEE007B87EE035B26
:10BAC00053EC152B024643EC172BA4EE076BA1EEAB
:10BAD000076BA6EE057B47E7B0EE437B44E700BF6C
:10BAE000182D4454FB21E93F075C143326A6813C02
:10BAF0000000000000000000735360DBCB75F3BE54
:10BB0000A69237A0887E143F0165F2F2D844433FE5
:10BB1000280356C9226D6D3F37D60684F464963FDC
:10BB20007AFE10111111C13FD47ABF74702AFB3E06
:10BB3000E9A7F0320FB8123F68108D1AF726303F90
:10BB40001583E0FEC8DB573F93846EE9E326823F0E
:10BB5000FE41B31BBAA1AB3F635555555555D53F73
:10BB6000FFFF2F3E2794E53F00B52DED108BB0EE83
:10BB7000408B18EE902A904922F000438B4287B008
:10BB800018D910EE101A03F1404303F580130B434C
:10BB90000BD19FED6B0B9FED6C7B002A37FE000BEA
:10BBA00007B0BDEC108B5DF804FB30EE408B88EEE7
:10BBB000080BF5E781498B423BD8814A93429FEDC0
:10BBC000640BEDD928EE087B9FED635B9FED646B02
:10BBD000A7EE056B9FED645BA6EE075B9FED646BC4
:10BBE000A5EE076B9FED645BA6EE075B9FED646BB4
:10BBF0009FED654BA5EE076B26EE076B9FED645B33
:10BC0000A7EE054B9FED645BA4EE075B9FED644BD5
:10BC1000A5EE074BB7EE005BA4EE075B9FED627BE2
:10BC200086EE054BA8EE447B38EE477B30EE470BA3
:10BC3000B6E7002A9FED48EBB7EE009BB6EE000B8F
:10BC40009FED47DB9FED48CB9FED49BB9FED4AAB96
:10BC50009FED4BFB9FED4C3B9FED4F2B9FED501B02
:10BC60002ADA38EE098B28EE000B9FED497BA0EE17
:10BC70000EDBADEE00CBA0EE073BACEE00BBA3EEBF
:10BC8000002BABEE00ABA2EE001BAAEE00FBA1EE78
:10BC9000009B2FEE008BFFF788FD88EE096B9FED70
:10BCA000447BA0EE067B37EE007B9FED250BB0EECC
:10BCB000006BA7EE460B73E739EE488B28EE008B3E
:10BCC000B0EE480B8DED041B8DED022B8DED003B8E
:10BCD000FFF76BFDB0EE485BA8EE0EDB53EC102BCC
:10BCE000ADEE08CB002243EC172BACEE08BB30EED8
:10BCF000076BA7EE475B9DED003B85EE064BABEE79
:10BD000008AB9FED236BAAEE08FB2FEE08FB9DED21
:10BD1000022BA8EE063BB0EE446B9DED041BA3EE98
:10BD2000082BA2EE081BA1EE089B8FEE095BA0EE8C
:10BD3000056B37EE060B30EE000B31E7AFF30080FA
:10BD4000182D4454FB2109400000000000000000B1
:10BD5000182D4454FB21F93F09F7FD0DE13D023F49
:10BD600088B20175E0EF493F3B8F68B52882A4BFD8
:10BD70005544880E55C1C93F7D6FEB0312D6D4BF21
:10BD8000555555555555C53F59018D1B6C06E6BF98
:10BD900082922EB1C5B8B33FC88A599CE52A0040AB
:10BDA0004B2D8A1C273A03C0075C143326A6913C0E
:10BDB000075C143326A691BCFFFFEF3FFFFFDF3F78
:10BDC0000000603C0000000038B510EE905A824B35
:10BDD00025F000449C422DED068B19D910EE103A47
:10BDE00004F1404404F580141C430CD19FED5C7BAE
:10BDF0009FED5D6B20EE077BA0EE067BB0EE470B60
:10BE0000BDEC068B38BD30EE407B87EE070BF7E7C5
:10BE1000724BB7EE009B9C420BD8B4F1795F52D2C3
:10BE20009FED537B30EE077BB4EEC97BF1EE10FA49
:10BE3000E6DCFFF7F9F9B6EE007B39EE408B9FEDBB
:10BE40004E6B28EE078BB0EE480B9FED4D7BA8EEB6
:10BE5000076B9FED4D7BA6EE087B9FED4D6B9FED35
:10BE60004EABA7EE086B9FED4E7BA6EE087B9FEDD9
:10BE70004E6BA7EE08AB2AEE08AB9FED4D7BA8EE0C
:10BE8000067B9FED4D6BA7EE086B9FED4D7BA6EEFD
:10BE9000087BA7EE089BFFF788FC8AEE095BB0EEF3
:10BEA000004B4F4B9C423DD9A0EE050B9FED467BCE
:10BEB000A0EE047B9FED2C0B30EE470B002DD8BF7E
:10BEC000B1EE400B9CE79FED2E5B20EE007B9FEDDB
:10BED0002A6BA7EE056B9FED2C5BA6EE075B9FED33
:10BEE0002C6BA5EE076B9FED2E5BA6EE075B9FED1F
:10BEF0002A6B9FED2D4BA5EE076B26EE076B9FED92
:10BF00002C5BA7EE045B9FED2C4BA5EE074B9FED42
:10BF10002C5BA4EE075BA5EE079B86EE097BA0EEEB
:10BF2000070B6DE753EC102B30EE003B002243EC87
:10BF3000162B9FED0B7B30EE060BA6EE468B88EEA4
:10BF4000002B9FED230BA2EE447B93EE057BB0EE1E
:10BF5000405BA6EE445B37EE457BADE7AFF3008078
:10BF6000075C143326A6913C182D4454FB21F93F5D
:10BF70009C7500883CE4377E88B20175E0EF493F4C
:10BF800009F7FD0DE13D023F3B8F68B52882A4BF54
:10BF90005544880E55C1C93F555555555555C53F52
:10BFA0007D6FEB0312D6D4BF82922EB1C5B8B33FDA
:10BFB00059018D1B6C06E6BFC88A599CE52A0040D2
:10BFC0004B2D8A1C273A03C0075C143326A691BC6C
:10BFD000182D4454FB21E93FFFFFEF3FFFFFDF3FF8
:10BFE0003233EF3F0000000010B510EE903AB3F589
:10BFF000801F2DED028B21DA10EE101A23F0004283
:10C000000A4308D19FED226B9FED237B86EE070B41
:10C01000BDEC028B10BD002B02DA30EE406BF3E773
:10C020009FED1F7B20EE070B10EE903A6FF035026C
:10C0300023498B4204DD30EE000BE9E70022F7E7ED
:10C040001815A0F2FF301044C3F3130140F2FF347F
:10C0500000EBD07308EE103AA4EBD07053EC102B29
:10C0600041EA005343EC102B00F092FD9FED0E7B54
:10C0700020EE070B9FED0E7BB8EEC88BA8EE070BEA
:10C080009FED0D7BA8EE070BC2E700BFAFF300806A
:10C0900000000000000050C300000000000000008D
:10C0A00000000000000050430EE526157BCBDB3F6F
:10C0B000362BF111F3FE593D00609F501344D33FDE
:10C0C000FFFFEF7F0000000070B5B0EE407B17EE81
:10C0D000905A994B25F000469E4288B0044607D8F6
:10C0E0000022002384ED000BC0E9022300201BE0A6
:10C0F000924B9E423BD8A3F51B23002D9FED7E6BF8
:10C10000A3F5F06319DD30EE467B9E420ED09FED25
:10C110007C5B37EE456B37EE467B84ED006B37EE8C
:10C12000457B84ED027B012008B070BD9FED766BEE
:10C130009FED775B37EE467BEBE79E4230EE067B6A
:10C140000ED09FED6F5B37EE056B37EE467B84EDCF
:10C15000006B37EE057B4FF0FF3084ED027BE3E7A9
:10C160009FED696B9FED6A5B37EE067BEBE7744BE7
:10C170009E4270D8FFF758F8B6EE007B9FED666BD5
:10C18000A0EE067BFDEEC77BB8EEE75B17EE900AEC
:10C19000B1EE454B9FED587BA5EE470B9FED587BCD
:10C1A0001F2825EE077B30EE476B05DC654B421EF2
:10C1B00053F82230B34209D116EE903AC3F30A5332
:10C1C000C3EB1653102B4FEA265202DC84ED006BB2
:10C1D0001AE09FED4D3BB0EE406BA4EE036B30EEEA
:10C1E000467BA4EE037B9FED4A3B95EE037B36EE48
:10C1F000473B13EE903AC3F30A53D31A312B17DCA3
:10C20000B0EE460B84ED003B94ED006B002D30EE5C
:10C21000460B30EE470B84ED020B85DAB1EE466B30
:10C22000B1EE400B84ED006B84ED020B40427BE7E6
:10C230009FED3B7BB0EE460BA4EE070B36EE406B5A
:10C24000A4EE076B9FED384BB0EE467B95EE047B7A
:10C2500030EE476BBAE73C4B9E4206D930EE407B4E
:10C2600080ED027B80ED007B40E710EE103A321546
:10C27000A2F216421846A6EB025141EC170BBDEE96
:10C28000C76B9FED2B5BB8EEC66B37EE467B8DED33
:10C29000026B27EE057BBDEEC76B08A8B8EEC66B38
:10C2A00037EE467B8DED046B27EE057B8DED067B2F
:10C2B000032130ED027BB5EE407BF1EE10FA0B4628
:10C2C00001F1FF31F5D0214901910221009102A82D
:10C2D000214600F059FD002DBFF626AF94ED007BFE
:10C2E000B1EE477B84ED007B94ED027BB1EE477BA2
:10C2F00084ED027B9AE700BF00004054FB21F93F28
:10C300003163621A61B4D03D0000601A61B4D03D5F
:10C310007370032E8A19A33B83C8C96D305FE43F55
:10C320000000002E8A19A33BC14920259A837B393E
:10C330000000000000007041FB21E93F7BD9024072
:10C34000FB21394150110508FFFFEF7FD01105088F
:10C3500008B510EE103A23F00042B2F1465FF0EE5D
:10C36000407A17D2BDEEC07A17EE101A41BB431CBB
:10C37000134308D1FFF738F8B7EE007AC7EE007A1A
:10C38000B0EE670A08BD0128FAD0BFEE007AC7EE0A
:10C39000007AF5E74C498A4212D3002B9FED4B7A85
:10C3A000B8BFF1EE407A37EE677ADFED497AB8BF71
:10C3B000F1EE600A77EEE07ADFED460A77EE877AF3
:10C3C00067EEA76ADFED445A9FED446A9FED445A39
:10C3D0003D4926EEA67A8A42A7EE256ADFED415A4C
:10C3E000E6EE075A9FED406AA5EE876ADFED3F5AF9
:10C3F000E6EE075A9FED3E6AA5EE876ADFED3D5AED
:10C40000E7EE055A9FED3C5AA5EE875ADFED3B5A01
:10C41000E5EE075A9FED3A5AA5EE875ADFED395AF5
:10C42000E5EE075AB0EE467AA5EEA67A27EEA65AB2
:10C43000B0EE606AA7EE056A9FED337AE6EE260A53
:10C44000E5EE070A37EEA06A1DD307EE100AB8EE34
:10C45000C77A26EE065A36EE076A9B17C5EE065ACD
:10C4600003F00203C3F1010306EE903A35EEE06AF1
:10C47000F8EEE66A77EEC67AB0EE006AA7EEC67A04
:10C4800066EE877A7CE701281BD0204B16EE102A37
:10C490001A4005EE902A75EEE77AB7EE007A70EE54
:10C4A000E70AFFEE007AC7EE866A16EE902A13407E
:10C4B00007EE903AA5EEA77AA0EEA77AE7EE267AE5
:10C4C0005EE7F0EE467A5BE740A12C3FDA0F493F8A
:10C4D00068212233000000005FAE9BB745F4A3380B
:10C4E0008453D937C8261A3A16696B3BA427B33C44
:10C4F0008988083E7AC09538B937813948DEBE3A16
:10C500001F37113CD10D5D3DABAAAA3E00F0FFFFE5
:10C5100008B510EE103A23F00042B2F17E5F2DED27
:10C520000C8B09D19FED640ADFED647A002B37FE96
:10C53000800ABDEC0C8B08BD04D930EE408A88EE31
:10C54000080AF6E7B2F17C5F3CD2B2F10C5F40F230
:10C55000AF8060EE007ADFED5A6A9FED5A7A9FED68
:10C560005A6AA7EEA67ADFED596AE7EE276A9FEDD1
:10C57000587AA6EEA77ADFED576AE7EE276A9FEDB5
:10C58000567AA6EEA77ADFED556AA7EEA66ADFED2A
:10C59000546AE6EE276A9FED536AA6EEA76AF7EEA5
:10C5A000006AE6EE276A27EE277ADFED4F7A87EEFC
:10C5B000266AE0EE467A70EE677A9FED4C0A30EE1E
:10C5C000670AB6E7002BDFED3EDADFED3ECA9FEDEE
:10C5D0003FCADFED3FBA9FED3FBADFED3F8A9FEDE7
:10C5E0003FDADFED39AA9FED3EAADFED3E9AB7EEC6
:10C5F000009AF6EE007A28DA30EE098A28EE270A49
:10C60000E0EE2DCAE0EE0DAAACEE80CAAAEE80AA3A
:10C61000ECEE00BAEAEE009AABEE80BAA9EE809A90
:10C62000EBEE008A68EE808A00F0AAFB88EE897A39
:10C63000DFED2F7AE0EE077AB0EE007A77EE807ABF
:10C640009FED2C0AA7EEC70A73E739EE408A28EE61
:10C65000278AB0EE480A00F093FBE8EE2DCAE8EE18
:10C660000DAAACEE88CAAAEE88AAECEE08BA10EEC3
:10C67000103AABEE88BA6FF30B03EAEE089A07EEB6
:10C68000903AEBEE088AB0EE486AA7EEE76AA9EEA8
:10C69000889A70EE276A68EE888A86EE267AC8EE57
:10C6A000896AA0EE267A37EE870A30EE000A40E764
:10C6B0009FED110A3DE700BFDB0F4940000000007D
:10C6C00008EF1138047F4F3A613330BF461124BD63
:10C6D000A80A4E3E90B0A6BEABAA2A3E2EC69D3DED
:10C6E0002D57014039D119C06821A233DA0FC93F53
:10C6F0006821A2B3DA0F4940DB0FC93F38B510EE0D
:10C70000105A25F00044B4F17E5F2DED048B0CD15E
:10C71000DFED5C7A9FED5C7A60EE277AE0EE077AD7
:10C72000B0EE670ABDEC048B38BD04D970EE407AD8
:10C7300087EEA70AF6E7B4F17C5FF7EE008A0BD22A
:10C74000B4F1485F52D2DFED517A70EE277AF4EE01
:10C75000E87AF1EE10FAE5DCFEF746FE38EEC08A24
:10C76000F6EE007A28EE278A9FED497ADFED497AC6
:10C770009FED499AA8EE277ADFED487AE7EE087A2E
:10C780009FED477AA7EE887ADFED467AE7EE087AE2
:10C790009FED457AA7EE889ADFED447AE8EE077AB6
:10C7A0009FED437AA7EE887ADFED427AE7EE087ACA
:10C7B000B0EE480AE7EE888A00F0E2FA3E4B29EE36
:10C7C000089A9C4289EE286AF0EE006A3DD9A0EEF4
:10C7D000060ADFED3A7AE0EE267A9FED2B0A30EE7C
:10C7E000670A002DD8BFB1EE400A9BE760EE007AE1
:10C7F000DFED286A9FED267A9FED2B6AA7EEA67AD9
:10C80000DFED266AE7EE276A9FED257AA6EEA77A86
:10C81000DFED246AE7EE276A9FED1F7AA6EEA77A7E
:10C82000DFED226AE7EE866A9FED216AA6EEA76A2F
:10C83000DFED206AE6EE276A27EE277AE6EEA78A82
:10C84000C7EE287AA0EE270A6CE710EE103A6FF3D5
:10C850000B0307EE103AA7EE478A70EE005A30EE4F
:10C86000070ADFED087A88EE005A9FED150AE5EE1B
:10C87000667AD5EE867AB0EE406AA7EE666A77EE03
:10C88000C67AACE72EBD3BB3DB0FC93FCAF2497194
:10C89000047F4F3A08EF1138ABAA2A3E461124BD57
:10C8A000A80A4E3E90B0A6BE2EC69D3D613330BF55
:10C8B0002D57014039D119C09999793F2EBD3B338D
:10C8C000DB0F493FF0B510EE106A884B26F00045AB
:10C8D0009D4287B0044605D8002380ED000A4360DE
:10C8E000002022E0824B9D423AD826F00043002EE1
:10C8F0009FED807A804A23F00F0318DD934270EE9B
:10C90000477A09BF9FED7D7ADFED7D6ADFED7D6AB5
:10C9100077EEC77A37EEE67A77EEC77A80ED007A5F
:10C9200077EEE67AC0ED017A012007B0F0BD9342C0
:10C9300070EE077A09BF9FED717ADFED716ADFED66
:10C94000716A77EE877A37EEA67A77EEC77A80ED4E
:10C95000007A77EEA67AC0ED017A4FF0FF30E4E777
:10C96000694B9D4273D8FEF73FFD9FED687AF6EE66
:10C97000007AE0EE077AFDEEE77AB8EEE77A17EE96
:10C98000900ADFED5C7AA7EE670A1F28DFED5C7A7C
:10C9900067EE277AB1EE476A70EE676A16EE901A74
:10C9A00009DC5B4A471E26F0004352F8272023F09B
:10C9B000FF03934207D1C1F3C752C2EBD552082AF5
:10C9C0004FEAE55314DC216094ED007A30EE470A1B
:10C9D000002E30EE670A84ED010AA6DAB1EE477A3E
:10C9E000B1EE400A84ED007A84ED010A40429CE7F2
:10C9F000DFED425AF0EE406AE6EE256A70EE667AA6
:10CA0000E6EE257ADFED3F5AD7EE257A76EEE75A45
:10CA100015EE902AC2F3C7515B1A192B04DCC4ED42
:10CA2000005AB0EE660ACFE7DFED3A5AB0EE660A7A
:10CA3000A6EE250A76EEC07ADFED376AE6EE257AB5
:10CA4000D7EE267A30EE677A84ED007ABCE7B5F14E
:10CA5000FF4F06D370EE407AC0ED017AC0ED007A48
:10CA60003EE7EA15863AA5EBC25307EE903ABDEED3
:10CA7000E77ADFED2A6AB8EEC77A77EEC77A8DEDEE
:10CA8000037A67EEA67ABDEEE77AB8EEC77A77EE5C
:10CA9000C77A8DED047A67EEA67AF5EE407AF1EE6C
:10CAA00010FACDED057A1ED1B5EE407AF1EE10FA0E
:10CAB0000CBF012302231A4901910221009103A80E
:10CAC000214600F0D5FB002EBFF62FAFD4ED007A43
:10CAD000F1EE677AC4ED007AD4ED017AF1EE677A6F
:10CAE000C4ED017A82E70323E5E700BFD80F493F91
:10CAF000E3CB1640800FC93FD00FC93F0044353704
:10CB00004344353708A3852E800F494384F9223FDB
:10CB1000D812050800A3852E32318D2400008043F1
:10CB20005813050810B52DED028BB0EE408B04466E
:10CB3000FBF7A2FEB0EE480BBDEC028B046010BD0B
:10CB400082B00028BFEE006BB7EE007B07FE067BCD
:10CB50008DED007B9DED000B9FED037B222080EE91
:10CB6000070B02B0FFF7DEBF00000000000000006E
:10CB7000B0EE407BB4EE477BF1EE10FA30EE406B46
:10CB800086EE060B02D62120FFF7CCBF70470000CF
:10CB9000F0B410EE900A10EE103A4FF0FF349C42C1
:10CBA00000F14041724C01F590118C412DED028B4A
:10CBB0004FEA10425AD36F4A904208BF002B00F050
:10CBC000C780B7EE007B30EE470B6B4B20EE002B9F
:10CBD00093ED126B20EE024B93ED107BA6EE007BE3
:10CBE00093ED146B93ED185BA6EE027B93ED166B41
:10CBF000A5EE006B93ED1A5B93ED1E3BA5EE026B69
:10CC000093ED1C5BA3EE005B93ED203BA3EE025B78
:10CC100093ED223BA3EE045BA5EE046B93ED0E5B5C
:10CC2000A6EE047BB0EE472B9FED4B7BB0EE406B46
:10CC3000B0EE403BA0EE076BA0EE476B30EE468BAC
:10CC400026EE061BA1EE053B30EE437B30EE060BD5
:10CC5000A1EE057B25EE085BA5EE007BA2EE047B32
:10CC600033EE070BBDEC028BF0BC7047A2F1100451
:10CC700047F6DF718C4223D9D91840EB00042143D9
:10CC800005D1BDEC028B0120F0BCFFF759BF3B4939
:10CC9000884208BF002BE5D0130403D447F6F07395
:10CCA000934304D1BDEC028BF0BCFFF761BF9FED55
:10CCB0002C7B20EE077B53EC172BA3F1507013460F
:10CCC00000F140422C49BFEE005B02F5D012C2F3E6
:10CCD00046344FEA125C01EB04154FEA0C5C95ED0B
:10CCE000247B1E1EA0EB0C0747EC166B1215A7EE5B
:10CCF000065B07EE902A25EE052BB8EEE76B91ED6B
:10CD0000004B25EE021B95ED267BA4EE067B35EE4F
:10CD1000074B37EE440B91ED027B30EE050BA7EE8F
:10CD2000060B91ED047B91ED086BA7EE020B91EDE4
:10CD3000067B91ED0C3BA6EE057B91ED0A6BA3EE15
:10CD4000056BA6EE027BA1EE070B30EE040B89E724
:10CD50009FED050B86E700BF000000000000A0412A
:10CD60000000000000003043000000000000000050
:10CD7000FF0803000000F03F701605080000F07F78
:10CD8000B1EEC00A704700002DE9F04F2DED068B83
:10CD9000ADF5137D9B460F46B94BA299A39E53F860
:10CDA0002190019012F1140FA8BFD31E0BF1FF3A8E
:10CDB000B8BF00236FF017059FEDAB6BA4BF182021
:10CDC00093FBF0F303FB0555A3EB0A04154409EBB1
:10CDD0000A0C1AA806EB840E002262450EDD1AAA80
:10CDE00002EBCB020DF5D47800244C4523DC9FEDFB
:10CDF0009E7BDDF804E09446002015E0D44209D47F
:10CE00005EF8221007EE901AB8EEE77BA0EC027BEA
:10CE10000132E2E7B0EE467BF8E7BEEC025B3CEDA8
:10CE2000026B0130A5EE067B5045F6DDA8EC027BD7
:10CE300001340832D9E706AA9FED8D9B9FED8EAB9A
:10CE400002EB890206EB8303039202934C46E30054
:10CE5000049392AB03EBC40313ED280B6AAA06AB51
:10CE600002EBC4021E46204600284ADC28460593F1
:10CE700000F066FCB0EE408BB4EE000B28EE000B29
:10CE800000F03EFDB2EE007BA0EE478BFDEEC87BCE
:10CE9000002D17EE908A059BB8EEE77B38EE478BA6
:10CEA00041DD601E06AAC5F1180C52F8206046FA52
:10CEB0000CF2904402FA0CF2B61A06AA42F820606C
:10CEC000C5F117021641002E3CDD4FF0000C08F1B1
:10CED000010860466FF07F4E644566DC002D03DD7F
:10CEE000012D72D0022D7AD0022E2BD1B7EE000B7D
:10CEF00030EE488B30B3284600F022FC38EE408BF1
:10CF000020E020EE097BBDEEC77B0138B8EEC77B81
:10CF1000A7EE4A0BBDEEC00BA6EC010A32ED020BE8
:10CF200037EE000BA0E705D1621E06A951F822607A
:10CF3000F615C8E7B6EE007BB4EEC78BF1EE10FA3B
:10CF400031DA0026B5EE408BF1EE10FA40F09C800D
:10CF5000621E00204A4549DA002862D0013C06AB37
:10CF6000183D53F82430002BF8D0B7EE000B2846BC
:10CF700000F0E6FB9FED3E6B621C6AA9D30001EB5B
:10CF8000C2012246002A80F2A9802246002AC0F26D
:10CF9000C7806AA901EBC2059FED337BDFF8E4C0CF
:10CFA0000020A11AB1E002268FE753F8042B48B9FC
:10CFB00022B1C2F1807243F8042C01220CF1010C61
:10CFC000104689E7AEEB0202F5E7621E06AB53F8A6
:10CFD0002230C3F3160306A941F8223084E7621E0B
:10CFE00006AB53F82230C3F31503F4E706AB53F84E
:10CFF0002230013A1843ADE7013352F8040D0028FE
:10D00000FAD0049A02F512726A4404EB0B001AA9D2
:10D01000661C983A01EBC0002344B34204DA1C4674
:10D0200015E7039A0123E8E70299DDF804C051F8F7
:10D030002610049107EE901AB8EEE77B0024A0ECCE
:10D04000027B9FED097B8646544503DDA2EC027B03
:10D050000136E2E7BCEC025B3EED026B0134A5EE6B
:10D06000067BF1E7AFF30080000000000000000045
:10D07000000000000000703E000000000000704151
:10D08000401F0508001F05086842B0EE480B00F07D
:10D0900057FB9FED716BB4EEC60BF1EE10FA17DB88
:10D0A0009FED6F7B20EE077BBDEEC77B06AAB8EE37
:10D0B000C75BA5EE460BBDEEC00B183510EE103A5F
:10D0C00042F8243017EE103A013442F824304CE78D
:10D0D000BDEEC00B06AA10EE103AF6E706A850F80F
:10D0E0002200019007EE900A013AB8EEE77B27EEA6
:10D0F000007B20EE060B21ED027B43E7BCEC025BDC
:10D10000B5EC026B0130A5EE067B484501DC884298
:10D11000F4DD42A800EBC10181ED007B013A35E767
:10D12000A29A022A0ADC002A29DC42D008F0070071
:10D130000DF5137DBDEC068BBDE8F08FA29A032A96
:10D14000F4D142A9A3F108020A441146204600285E
:10D1500050DC214601295DDC9FED437B42AA13444C
:10D16000012C67DC9DED425B9DED446B002E67D189
:10D1700087ED005B87ED026B87ED047BD6E79FEDC3
:10D180003A6B42AA13442246002A24DA4EB3B1EE87
:10D19000467B87ED007B9DED427B44AA012337EE61
:10D1A000467B9C4220DA0EB1B1EE477B87ED027BD5
:10D1B000BCE79FED2D7B42AA1344002C05DA0EB18B
:10D1C000B1EE477B87ED007BB0E733ED026B013CAE
:10D1D00037EE067BF1E733ED027B013A36EE076B63
:10D1E000D2E7B0EE467BD4E7B2EC026B013337EE08
:10D1F000067BD6E731ED027B91ED025B013837EE1D
:10D20000056B37EE467B81ED006B37EE057B81EDDC
:10D21000027B9CE732ED027B92ED025B013937EE37
:10D22000056B37EE467B82ED006B37EE057B82EDBA
:10D23000027B8FE733ED026B013C37EE067B8FE715
:10D24000B1EE455BB1EE466B87ED005BB1EE477B1F
:10D2500087ED026B90E700BF000000000000704106
:10D26000000000000000703E000000000000000010
:10D270002DE9F04F2DED048BD9B090460190B64AC0
:10D28000669818F1040F52F820A00F4603F1FF3BF7
:10D2900026DBB8F1030248BF08F10402D210551C86
:10D2A00067999FEDB17AE800A2EB0B060290A8EB1C
:10D2B000C5050AEB0B0C1CAC01EB860E002060458B
:10D2C00010DD1CA901EB83000DF588790026564579
:10D2D00024DCDDF804E0DFEDA47A8446002416E0C7
:10D2E0000022DCE7C6425DBF5EF8201007EE901A10
:10D2F000F8EEE77AF0EE477AE4EC017A0130DEE707
:10D30000FEEC016A3CED017AE6EE877A01345C4579
:10D31000F6DDE9EC017A01360430D8E708A901EB23
:10D320008A0104916799DFED8F8A9FED8D9A01EB59
:10D33000820203925446A200059258AA02EB84028C
:10D3400012ED140A44A908AA01EB8400944626466B
:10D35000002E4CDC2846CDE9062300F06BFAB0EE37
:10D36000408AB4EE000A28EE000A00F041FBF2EE1B
:10D37000007AA0EE678A002DDDE90623FDEEC87A6B
:10D3800017EE909AF8EEE77A38EE678A41DD04F1FD
:10D39000FF3C08A9C5F1080E51F82C6046FA0EF0C2
:10D3A000814400FA0EF0361AC5F1070041F82C60EE
:10D3B0000641002E3CDD4FF0000E09F101097046D8
:10D3C000744568DC002D03DD012D74D0022D7DD065
:10D3D000022E2DD1B7EE000A30EE488A40B328461F
:10D3E000069300F027FA069B38EE408A20E060EEB4
:10D3F000287A013EFDEEE77AF8EEE77AA7EEC90A51
:10D40000BDEEC00AACEC010A30ED010A37EE800A2D
:10D410009EE705D1601E08A951F82060F611C8E703
:10D42000F6EE007AB4EEE78AF1EE10FA31DA002671
:10D43000B5EE408AF1EE10FA40F09880601E0022AE
:10D4400050454BDA002A65D0013C08AB083D53F843
:10D450002430002BF8D02846B7EE000A00F0EAF995
:10D46000631C44AA9FED3F7A990002EB8302234696
:10D47000002B80F2A9802346002BC0F2C78044AA6B
:10D4800002EB8305DFF8D4C0DFED377A0020E21A23
:10D49000B1E002268FE752F8041B48B921B1C1F56B
:10D4A000807142F8041C01210EF1010E084687E745
:10D4B000C1F1FF01F5E704F1FF3C08AA52F82C2066
:10D4C00002F07F0208A941F82C2081E704F1FF3C1B
:10D4D00008AA52F82C2002F03F02F3E708A951F8FD
:10D4E000201001380A43ABE7013250F8046D002EDA
:10D4F000FAD0059901F5B0710DEB0100E6181CA9F1
:10D5000004F1010C4C3801EB86062244624504DA32
:10D51000144610E704980122E7E70399DDF804E0D8
:10D5200051F82C10059107EE901AF8EEE77A0024D6
:10D53000E6EC017ADFED0C7AB1465C4504DDE0EC07
:10D54000017A0CF1010CE1E7FEEC016A39ED017A98
:10D550000134E6EE877AF0E77C1F0508501F0508C6
:10D56000000080430000803B00000000029BB0EE02
:10D57000480AA3EB080000F05DF91FED077AB4EE4E
:10D58000C70AF1EE10FA19DB5FED0A7A60EE277A2E
:10D5900008AAFDEEE77A0835F8EEE77AA7EEC70AA3
:10D5A000FDEEE77ABDEEC00A10EE103A42F82430E4
:10D5B00017EE903A013442F824304CE7BDEEC00A31
:10D5C00008AA10EE103AF6E708A850F823000190D8
:10D5D00007EE900AF8EEE77A013B67EE807A20EEDC
:10D5E000070A62ED017A43E7FCEC016AB5EC017AC7
:10D5F000E6EE877A0130504501DC9042F4DD58A810
:10D6000000EB820242ED287A013B35E7669B022B54
:10D6100009DC002B27DC40D009F0070059B0BDEC35
:10D62000048BBDE8F08F669B032BF5D130AA0B1F4E
:10D6300013441A462046002850DC2246012A5DDCAD
:10D6400030AB5FED377A0B44012C67DCDDED306ADF
:10D650009DED317A002E67D1C7ED006A87ED017A22
:10D66000C7ED027AD8E730AB1FED417A0B44224672
:10D67000002A24DA4EB3F1EE477AC7ED007ADDEDE9
:10D68000307A77EEC77A31AA01239C4220DA0EB1B4
:10D69000F1EE677AC7ED017ABEE730AB5FED4E7A07
:10D6A0000B44002C05DA0EB1F1EE677AC7ED007A73
:10D6B000B2E733ED017A013C77EE877AF1E773ED5B
:10D6C000017A013A37EE277AD2E7F0EE477AD4E7CB
:10D6D000B2EC017A013377EE877AD6E772ED017A00
:10D6E000D2ED016A37EEA67A013877EEC77A82ED7D
:10D6F000007A77EEA67AC2ED017A9CE773ED017AA3
:10D70000D3ED016A37EEA67A013A77EEC77A83ED58
:10D71000007A77EEA67AC3ED017A8FE733ED017ACE
:10D72000013C77EE877A8FE7F1EE666AB1EE477AD1
:10D73000C7ED006A87ED017AF1EE677A90E700BFE6
:10D7400010EE901AC1F30A538BB910EE103A21F083
:10D75000004119430AD09FED2A7B354B20EE070B81
:10D7600098420BDA9FED287B20EE070B704740F2C2
:10D77000FF72934207D130EE000B704710EE901A03
:10D78000C1F30A53363B4CF2503290420DDD9FED0F
:10D79000207B10EE903AB0EE476B9FED1F5B002BA5
:10D7A00027FE057B27EE060B7047184440F2FE73F8
:10D7B0009842ECDC002808DD53EC102B6FF31E516F
:10D7C00041EA005343EC102B704710F1350F09DA92
:10D7D0009FED0D7B10EE903AB0EE476B9FED105B26
:10D7E000002BDDE753EC102B36306FF31E5141EA6E
:10D7F00000539FED0D7B43EC102BB5E7AFF300809A
:10D80000000000000000504359F3F8C21F6EA5014C
:10D810009C7500883CE4377E9C7500883CE437FEAC
:10D8200059F3F8C21F6EA581000000000000903C73
:10D83000B03CFFFF10EE103A33F000422AD0B2F1B4
:10D84000FF4F02D330EE000A704713F0FF4F22D192
:10D85000234BDFED247A984220EE270A16DB10EEE8
:10D86000103AC3F3C752193A4CF25031884214DDD2
:10D87000DFED1D7ADFED1D6A10EE103AB0EE677A2B
:10D88000002B67FEA67A27EE870A7047DFED187A2D
:10D8900027EE800A7047D20DE6E71044FE28E7DC49
:10D8A000002806DD23F0FF4343EAC05300EE103AA0
:10D8B000704710F1160F09DADFED0D7ADFED0D6A12
:10D8C00010EE103AB0EE677A002BDAE7193023F049
:10D8D000FF4343EAC0539FED080A07EE903AD7E7AB
:10D8E000B03CFFFF0000004CCAF24971CAF249F196
:10D8F0006042A20D6042A28D0000003300000000D3
:10D9000010EE903AC3F30A5010EE102AA0F2FF3145
:10D91000132930B5154633DC002918DA9FED307B2A
:10D9200030EE070BB5EEC00BF1EE10FA0ADD002B5E
:10D9300050DA23F000431343002293422A4B08BFDE
:10D940004FF000431946104641EC100B1FE02748EA
:10D95000084103EA0004144319D09FED217B30EE07
:10D96000070BB5EEC00BF1EE10FAEBDD002BBEBFDE
:10D970004FF480120A419B1823EA00030022E1E7DA
:10D98000332905DDB1F5806F01D130EE000B30BDDC
:10D99000A0F213444FF0FF30E0401042F7D09FED6B
:10D9A000107B30EE070BB5EEC00BF1EE10FAC9DDBF
:10D9B000002B02DA142903D1013322EA0002C1E765
:10D9C0000124C1F1340104FA01F10A44AA4238BF2A
:10D9D0001B19F2E700221346B4E700BFAFF3008043
:10D9E0009C7500883CE4377E0000F0BFFFFF0F000D
:10D9F00010EE103AC3F3C7527F3A162A23F00041C3
:10DA00002BDC002A12DADFED197A30EE270AB5EEA8
:10DA1000C00AF1EE10FA06DD002B24DA0029144BBF
:10DA200008BF4FF0004300EE103A70471149114112
:10DA30000B42FAD0DFED0D7A30EE270AB5EEC00AC0
:10DA4000F1EE10FAEFDD002BBEBF4FF4000040FAFC
:10DA500002F29B1823EA0103E5E7B1F1FF4FE4D39B
:10DA600030EE000A70470023DDE700BFCAF24971BB
:10DA7000000080BFFFFF7F00F8B500BFF8BC08BC06
:10DA80009E467047F8B500BFF8BC08BC9E4670477C
:10DA900074DC0408611102080000000000000000AE
:10DAA000001400000000000000000000D4E704089B
:10DAB000E94802080000000000000000001000001B
:10DAC0000000000000000000A8EB04082570020818
:10DAD000000000000000000000180000000000002E
:10DAE000000000009CF00408758702080000000098
:10DAF000000000000018000000000000000000000E
:10DB0000C0F5040819A80208020000000000000087
:10DB10000018000000000000000000002B505245DB
:10DB200043563D0000000000000000002B50325022
:10DB30003D000000000000000000000000000000A8
:10DB40000000000000000000000000009CF9040834
:10DB500091E0020802000000000000000014000034
:10DB6000000000000000000084FF0408B13F03082B
:10DB70000000000000000000001400000000000091
:10DB80000000000084060508E562040800000000AB
:10DB90000000000080000000000000000000000005
:10DBA00052533233325F3120706F7274207265616C
:10DBB0006420717565727920736C61766520697374
:10DBC000206E6F7420726573706F6E736520696E5E
:10DBD0002032303030206D730D0A0000434F4D5F0E
:10DBE00052533233325F3120506F7274206E6F7433
:10DBF0002056616C696461746520666F722051758E
:10DC000065727920753856616C69646174696F6EEC
:10DC10003A25640D0A00000052533233325F31203E
:10DC2000706F72742077726974652071756572798E
:10DC300020736C617665206973206E6F7420726545
:10DC400073706F6E736520696E2032303030206DD6
:10DC5000730D0A00434F4D5F52533233325F312010
:10DC6000506F7274205772697465205175657279AE
:10DC70000D0A0000434F4D5F504F52545F525332D4
:10DC800033325F315461736B000000004578744695
:10DC90006C6173685F7570646174655F4550524F65
:10DCA0004D5F47656E6572616C4D6F64656D5F4574
:10DCB000433230305F70726573656E6365203A2061
:10DCC00025640D0A4C6F72615F4672657175656EF1
:10DCD00063793A2025750D0A4C6F72615F5370723B
:10DCE000656164696E675F466163746F723A20258F
:10DCF000750D0A4C6F72615F42616E64776964747E
:10DD0000683A2025750D0A4C6F72615F436F646538
:10DD10005F526174653A2025750D0A4C6F72615F20
:10DD2000507265616D626C655F4C656E6774683AD0
:10DD30002025750D0A4C6F72615F54585F506F77E4
:10DD400065723A2025750D0A4C4F74615F4D7367FB
:10DD5000496E74657276616C3A2025780D0A000070
:10DD6000457874466C6173685F526561645F4550C5
:10DD7000524F4D5F47656E6572616C3A4550524F28
:10DD80004D5F47656E6572616C2E636865636B629B
:10DD90007974653A25642C2025640D0A0000000082
:10DDA00053747563742053697A65204368616E67A4
:10DDB0006520435243206D69736D61746368203A36
:10DDC0002025642C25642C25640D0A0073616D6583
:10DDD0002073697A652062757420435243206D690F
:10DDE000736D61746368203A2025642C25642C25AA
:10DDF000640D0A00312E302E30000000312E302EFE
:10DE000031340000782E782E7800000078797A007E
:10DE10002B353A33300000003230332E38382E3173
:10DE200032382E313431000063696D636F6E00004B
:10DE300063696D636F6E31323334350031323334A0
:10DE400035363738000000004D6F64656D5F45431F
:10DE50003230305F70726573656E6365203A2025DD
:10DE6000640D0A4C6F72615F4672657175656E6311
:10DE7000793A2025750D0A4C6F72615F5370726597
:10DE80006164696E675F466163746F723A202575DD
:10DE90000D0A4C6F72615F42616E647769647468E9
:10DEA0003A2025750D0A4C6F72615F436F64655FA0
:10DEB000526174653A2025750D0A4C6F72615F508E
:10DEC0007265616D626C655F4C656E6774683A205F
:10DED00025750D0A4C6F72615F54585F506F7765FE
:10DEE000723A2025750D0A4865785F566572736928
:10DEF0006F6E3A2025730D0A0000000045787446C5
:10DF00006C6173685F526561645F4550524F4D5F4D
:10DF100041495F43616C6962726174696F6E3A4531
:10DF200050524F4D5F41495F43616C696272617449
:10DF3000696F6E2E636865636B627974653A2564F8
:10DF40002C2025640D0A00004550524F4D5F414979
:10DF50005F43616C6962726174696F6E205374759E
:10DF600063742053697A65204368616E6765204356
:10DF70005243206D69736D61746368203A20256493
:10DF80002C25642C25640D0A000000004550524FDA
:10DF90004D5F41495F43616C6962726174696F6E84
:10DFA0002073616D652073697A6520627574204302
:10DFB0005243206D69736D61746368203A20256453
:10DFC0002C25642C25640D0A000000004578744659
:10DFD0006C6173685F526561645F4550524F4D5F7D
:10DFE0005363686564756C653A636865636B6279F1
:10DFF00074652064656661756C740D0A000000002C
:10E00000457874466C6173685F526561645F455022
:10E01000524F4D5F5363686564756C653A20537465
:10E020007563742053697A65204368616E67652063
:10E03000435243206D69736D617463683A202564AF
:10E040002C2025642C2025640D0A00004578744698
:10E050006C6173685F526561645F4550524F4D5FFC
:10E060005363686564756C653A73697A652073619A
:10E070006D652062757420435243206D6974636836
:10E080006D617463683A2025642C2025642C20255A
:10E09000640D0A00457874466C6173685F5265616F
:10E0A000645F4550524F4D5F44796E633A636865D3
:10E0B000636B627974652064656661756C740D0AC2
:10E0C00000000000457874466C6173685F526561BA
:10E0D000645F4550524F4D5F44796E633A205374EC
:10E0E0007563742053697A65204368616E676520A3
:10E0F000435243206D69736D617463683A202564EF
:10E100002C2025642C2025640D0A000045787446D7
:10E110006C6173685F526561645F4550524F4D5F3B
:10E1200044796E633A73697A652073616D65206224
:10E13000757420435243206D697463686D61746324
:10E14000683A2025642C2025642C2025640D0A00C3
:10E150005265626F6F7420436F756E742025640D75
:10E160000A000000457874466C6173685F5265610F
:10E17000645F4550524F4D5F4D6F646275735F51E0
:10E18000756172795F44657461696C206368656369
:10E190006B62797465732064656661756C740D0AD1
:10E1A00000000000457874466C6173685F526561D9
:10E1B000645F4550524F4D5F4D6F646275735F51A0
:10E1C000756172795F44657461696C5F3120537465
:10E1D0007563742073697A6520435243206D6973B7
:10E1E0006D6174636865643A2025642C2025642C75
:10E1F0002025640D0A000000457874466C61736840
:10E200005F526561645F4550524F4D5F4D6F646270
:10E2100075735F51756172795F44657461696C5F94
:10E22000323A2073616D652073697A6520435243E9
:10E23000206D69736D6174636865643A2025642C90
:10E240002025642C2025640D0A00000045787446C2
:10E250006C6173685F526561645F4550524F4D5FFA
:10E26000504342504C435F47454E4552414C5F52EC
:10E270004547203A20436865636B62797465206482
:10E28000656661756C740D0A00000000457874467F
:10E290006C6173685F526561645F4550524F4D5FBA
:10E2A000504342504C435F47454E4552414C5F52AC
:10E2B00045475F313A2053747563742073697A65FA
:10E2C00020435243206D69736D6174636865643ADD
:10E2D0002025642C2025642C2025640D0A000000D4
:10E2E000457874466C6173685F526561645F455040
:10E2F000524F4D5F504342504C435F47454E45524D
:10E30000414C5F5245475F323A2073616D6520731F
:10E31000697A6520435243206D69736D6174636847
:10E3200065643A2025642C2025642C2025640D0A80
:10E3300000000000457874466C6173685F52656147
:10E34000645F4550524F4D5F4672657175656E74DE
:10E350003A4550524F4D5F4672657175656E742E29
:10E36000636865636B627974653A25642C20256463
:10E370000D0A0000457874466C6173685F526561F0
:10E38000645F67506C63526563466C617368203AE2
:10E3900020436865636B62797465206465666175A6
:10E3A0006C740D0A00000000457874466C61736857
:10E3B0005F526561645F4F54415F44617461203A0C
:10E3C00020436865636B6279746520646566617576
:10E3D0006C740D0A00000000434D4400434D44534B
:10E3E0007461746500000000434D44547970650009
:10E3F0005254554944000000485756657273696F7E
:10E400006E000000504C4356657273696F6E0000D9
:10E4100052454356657273696F6E000048657856C1
:10E42000657273696F6E0000436C69656E74494470
:10E4300000000000526561646572494400000000FC
:10E4400050726F6A656374436F64650053697465E5
:10E450004E616D650000000054696D657A6F6E65F0
:10E460000000000054696D657A6F6E655F736967BF
:10E470006E00000054696D657A6F6E655F686F7538
:10E480007273000054696D657A6F6E655F6D696EB9
:10E4900075746573000000004C6174746974756470
:10E4A000650000004C6F6E6769747564650000005C
:10E4B000546F74616C444900546F74616C444F0034
:10E4C000546F74616C414900414900006964000067
:10E4D0007479706500000000734C6F7700000000D5
:10E4E000734869676800000043616C5A00000000CF
:10E4F00043616C5300000000456E61626C65000072
:10E5000050726F746F636F6C000000004D61737424
:10E5100065720000506F7274494400004261756476
:10E520005261746500000000506F6C6C467265713A
:10E530000000000052533233325F310043656C6C8F
:10E54000496E7465726661636500000041504E005B
:10E550004D51545442726F6B657249500000000077
:10E560004D51545442726F6B6572506F727400005B
:10E570004D515454436C69656E7449640000000049
:10E580004D515454557365724E616D650000000025
:10E590004D515454505744004D5154545075625489
:10E5A0006F706963000000004D51545453756254FC
:10E5B0006F706963000000004D5154544C697665DA
:10E5C00046726571000000004D515454436F6E6EE9
:10E5D000656374696F6E4D6F6465000053697A6599
:10E5E00000000000444400004D4D00005959000057
:10E5F0004D4E0000535300006C6F677261746500EC
:10E60000444F4D6F64650000444F56616C75650062
:10E61000546F74616C53636800000000546F746140
:10E620006C4672616D65000043757272656E74466A
:10E6300072616D65000000005363686564756C6508
:10E640000000000053636849440000005374617285
:10E650007448480053746172744D696E0000000084
:10E6600053746F704848000053746F704D696E00AA
:10E67000546F74616C51756572790000546F7461E8
:10E680006C506172610000005265747279436F755D
:10E690006E7400004D6F6462757351756572790018
:10E6A00051756572794944004D6173746572506F9C
:10E6B0007274494400000000536C6176654944005F
:10E6C0005374617274416464000000004C656E67AD
:10E6D00074680000517565727954797065000000A6
:10E6E0004461746154797065000000004C6F5241C0
:10E6F0002064426D3A0000004C6F524120436F6D20
:10E700003A000000496E204F544100004552524FDC
:10E710005200000042617420253A000050562056F5
:10E720006F3A000056616C76653A203132333435E9
:10E73000363738005374617475733A00465231208D
:10E740004C2F533A00000000544631206D33203ADC
:10E7500000000000465232204C2F533A00000000C7
:10E76000544632206D33203A0000000053312042DD
:10E7700061723A005332204261723A0047534D2091
:10E780005369676E616C3A004C6F5241204E6F6462
:10E7900065733A0025642F25640000002020205076
:10E7A000524F44554354494F4E2020200000000052
:10E7B00020204B4559204E4F542050524553532052
:10E7C0002000000020204B45592050524553532033
:10E7D000000000004449444F5461736B0000000086
:10E7E0004F726967696E202564206E6F742073759F
:10E7F00070706F7274656420696E206A705F6673F2
:10E8000065656B20286F6E6C79205345454B5F43DF
:10E8100055522C5345454B5F534554290A0000007F
:10E8200045514C20666F6C6C6F776564206279206F
:10E83000756E6578706563746564206279746520AF
:10E840002530327820253032780A0000456E642069
:10E850006F662053747265616D0D0A0065787446A9
:10E860006C6173685772697465206C65737320748A
:10E8700068616E206120736563746F722073697ABA
:10E88000650D0A00536F757263652066696C6520BB
:10E8900073697A6520697320256C640A00000000A2
:10E8A0004E6F77206D61782066696C652073697A98
:10E8B0006520697320256C640A00000045514C20D6
:10E8C0006C656E67746820696E76616C69640A00B5
:10E8D000506F736974696F6E73206172652C207359
:10E8E0006F757263653D256C642070617463683D6B
:10E8F000256C64206E65773D256C640A000000007D
:10E9000066726561642072657475726E6564202537
:10E91000642C20627574206578706563746564206A
:10E920006368617261637465720A0000424B54202F
:10E930006C656E67746820696E76616C69640A0044
:10E9400044454C206C656E67746820696E76616C16
:10E9500069640A002C0000002200000041540000FD
:10E960002B4346554E3D312C310000000D0A00006E
:10E970002B515245534554002B5153434C4B3D3181
:10E980000000000045300000453100002B434D459C
:10E99000453D31002B434C43433D31002B43474D14
:10E9A000490000002B43474D4D0000002B434753C7
:10E9B0004E0000002B43474D520000002B435245B0
:10E9C000473D31002B435245473F00002B43475200
:10E9D00045473F002B4346554E3D000031000000A7
:10E9E0002B4350494E3F00002B4353510000000081
:10E9F0002B434E554D0000002B434950534855546E
:10EA0000000000002B43474143543D302C310000AF
:10EA10002B43474143543D312C3100002B434741A8
:10EA200043543F002B43474154543D300000000005
:10EA30002B43474154543D31000000002B434741D4
:10EA400054543F002B434744434F4E543D00000075
:10EA50002C224950220000002B434750414444528D
:10EA60003D3100002B515057524241434B4F4646D7
:10EA70003D2247534D393030222C2C3137000000D5
:10EA80002B514D544346473D22726563762F6D6F7F
:10EA9000646522002B514D544F50454E3D000000FF
:10EAA0002B514D544F50454E3F0000002B514D54BB
:10EAB000434C4F53453D00002B514D54434F4E4E58
:10EAC0003D0000002B514D54434F4E4E3F0000007F
:10EAD0002B514D54444953433D0000002B514D549C
:10EAE0005355423D000000002B514D5450554245B6
:10EAF000583D00002B514750533F00002B514750C9
:10EB0000533D31002B514750534C4F433D32000091
:10EB10002B51475053474E4D45413D22524D4322C4
:10EB2000000000002B51475053454E4400000000A8
:10EB30002B51464C53543D2253443A2200000000CE
:10EB4000506572666F726D6564204D6F64656D20EF
:10EB50005265626F6F740000537461747573204E58
:10EB6000572C20474143542C20525353492C2052B8
:10EB7000436E74204C6174204C6F6E6720256420B6
:10EB800025642025642025642025662025660D0A3D
:10EB9000000000005475726E696E67204750532064
:10EBA0004F4E0D0A0000000045433230305554618D
:10EBB000736B00004261636B6C6967687454696DC4
:10EBC00065720000252E2A66200000004D5832355F
:10EBD0004C20515049206D6F646520656E61626CF8
:10EBE00065640D0A000000004661696C656420746C
:10EBF0006F2072656164204D5832354C2049440DB8
:10EC00000A0000004D5832354C2049443A20253046
:10EC10003258202530325820253032580D0A000055
:10EC20005761726E696E673A20556E6578706563DC
:10EC3000746564204D5832354C206465766963658F
:10EC40002049440D0A0000004D5832354C20696EB1
:10EC5000697469616C697A6174696F6E20636F6D44
:10EC6000706C6574650D0A0053656E6454696D655A
:10EC7000722045787069726564210D0A00000000F9
:10EC800022646576534E223A22000000446576697C
:10EC9000636520534E3A2025730D0A002264617487
:10ECA00061223A22000000004865782044617461C6
:10ECB0003A2025730D0A000053657474696E67204D
:10ECC00073656E642074696D657220746F202564AD
:10ECD000207365630D0A000053656E6454696D65A9
:10ECE000720000004661696C656420746F20637275
:10ECF000656174652053656E6454696D6572210D9C
:10ED00000A00000052656164204461746120436F11
:10ED10006D6D616E642054696D6572004661696C49
:10ED2000656420746F20637265617465205265614B
:10ED300064206461746120636F6D6D616E64205442
:10ED4000696D6572210D0A006D6F64656D5F4D51CF
:10ED500054545F646973636F6E6E6563743A2564BF
:10ED60000D0A000076312F646576696365732F257F
:10ED7000642F25642F2564006D6F64656D5F6D6180
:10ED80006B655F6D717474436F6E6E656374696FEC
:10ED90006E204950203A25732C20436C69656E74AF
:10EDA00049443A2025730D0A000000004D51545487
:10EDB00020636F6E6E656374206D736720207365CA
:10EDC0006E74207375636365737366756C6C7920FC
:10EDD000627574206E6F7420636F6E6E656374204D
:10EDE000746F2062726F6B65723A25640D0A0000C1
:10EDF0004D51545420636F6E6E656374206D73675C
:10EE0000206E6F742073656E742073756363657311
:10EE10007366756C6C793A25640D0A004D51545433
:10EE2000206E6F74206765742073656D6170686F04
:10EE30007265206166746572204C5747534D5F437D
:10EE40004D445F4D5154545F514D54434F4E4E5FAE
:10EE50005345540D0A0000004D515454206E6F74F8
:10EE6000206F70656E207375636365737366756C70
:10EE70006C793A25640D0A004D515454206E6F741C
:10EE8000206765742073656D6170686F72652061BD
:10EE900066746572204C5747534D5F434D445F4D38
:10EEA0005154545F514D544F50454E0D0A000000CF
:10EEB0004D515454206E6F74206765742073656DD6
:10EEC0006170686F7265206166746572204C574787
:10EED000534D5F434D445F4D5154545F514D544326
:10EEE00046475F524543565F4D4F44455F53455437
:10EEF0000D0A00004D515454206D6F64656D5F6DB7
:10EF0000616B655F6D717474436F6E6E6563746978
:10EF10006F6E207265733A25640D0A004D5154548A
:10EF2000206D6F64656D5F4D5154545F4368656338
:10EF30006B207265733A25640D0A00004D515454DC
:10EF40002073656D6170686F7265206E6F742072DA
:10EF5000656C65617365206166746572204C574706
:10EF6000534D5F434D445F4D5154545F514D545385
:10EF700055425F5345540D0A000000004D51545452
:10EF8000206D6F64656D5F4D51545473756273638A
:10EF900072696265207265733A25640D0A0000008B
:10EFA00076312F646576696365732F526573706F70
:10EFB0006E7365004D515454206D6F64656D5F4DE7
:10EFC0005154545F7075626C697368202276312FDA
:10EFD000646576696365732F526573706F6E7365D0
:10EFE000220D0A0076312F646576696365732F6D93
:10EFF000652F6C6F726100004D515454206D6F6429
:10F00000656D5F4D5154545F7075626C6973682013
:10F010002276312F646576696365732F6D652F6C79
:10F020006F7261220D0A0000666C61675F6D6F642C
:10F03000656D5F4D5154545F5265636F6E6E6563CD
:10F04000743A25640D0A000076312F646F776E6C78
:10F05000696E6B2F2573000076312F646F776E6CAD
:10F06000696E6B2F464646464646464646464646E7
:10F07000464646460000000076312F4C6F524164F0
:10F08000656C74614F54412F2573000076312F4C0D
:10F090006F524164656C74614F5441004D6F6465FB
:10F0A0006D5F4D5154545461736B00004368756E2D
:10F0B0006B5F6E6F0000000041434B00636C69653D
:10F0C0006E745F696400000067726F75705F6964D9
:10F0D000000000007274755F6964000076657269F3
:10F0E00066795F4F54415F4352433A203078253070
:10F0F00032780D0A0000000073657373696F6E4902
:10F100006400000046696C65547970650000000079
:10F1100067774944000000004F544173746174756F
:10F1200073000000546F74616C4368756E6B00006F
:10F1300043757272656E744368756E6B00000000F3
:10F140004F54416E6F64657300000000667756652A
:10F150007200000041434B2054696D657220457870
:10F1600070697265640000004F54412054696D65F8
:10F170007220457870697265640D0A0041636B54B2
:10F18000696D6572000000004661696C65642074F9
:10F190006F206372656174652041434B2074696D13
:10F1A0006572210A000000006F746154696D657218
:10F1B000000000004661696C656420746F20637212
:10F1C00065617465204F54412074696D6572210A30
:10F1D000000000004154450041545A002B534E3D5D
:10F1E0003F0000002B5645523D3F00002B48574D35
:10F1F0004F44454C3D3F00002B485749443D3F009C
:10F200002B424155443D3F002B434C4153533D3F1E
:10F21000000000002B4247573D3F00002B42414E6B
:10F22000443D3F002B42414E443D00002B4E574D84
:10F230003D3000002B4E574D3D3F00002B503250CB
:10F240003D3F00002B5053454E443D002B4341446D
:10F250003D3100002B454E4352593D002B454E4356
:10F260004B45593D30313032303330343035303623
:10F27000303730383031303230333034303530366A
:10F2800030373038000000002B4352595049563D6A
:10F290003030313132323333343435353636373736
:10F2A0003030313132323333343435353636373726
:10F2B0000000000025753A25753A25753A25753AFE
:10F2C00025753A25750000003635353334000000C9
:10F2D00053656E64696E67205054204556454E5400
:10F2E0000D0A00004445333100000000444531312F
:10F2F0000000000041433146303930350000000045
:10F3000025303258000000004D617820726574721B
:10F31000696573207265616368656420666F722039
:10F32000646F776E6C696E6B000000004E6F206D2D
:10F3300073672066726F6D204E6F64652025732C95
:10F340002073696E636520616E20686F75720000BE
:10F350004E6F772C20746F74616C20636F6E6E65D6
:10F3600063746564206E6F6465733A2025640D0ACA
:10F37000000000003031313030303636303030432C
:10F38000313800002020202020204D4F44452020EF
:10F39000202020200000000045726173696E672004
:10F3A000333130302044656C746120736563746F51
:10F3B0007220616464726573733A20253078200D81
:10F3C0000A000000333130302044656C74612057EE
:10F3D0007269746520616464726573733A202530C4
:10F3E00078200D0A0000000044656C7461204352CF
:10F3F00043206D69736D617463682E205265626F7E
:10F400006F74696E672E2E2E2E0D0A0052756E6E69
:10F41000696E672076657273696F6E2025640D0AC8
:10F420000000000046756C6C204F54412066696CEA
:10F4300065207375636365737366756C6C7920639F
:10F440007265617465642066726F6D2044656C74CA
:10F45000610D0A005461726765742046696C65200D
:10F4600076657269666965642C206E6F7720636FBC
:10F470007079696E670D0A0046756C6C204F5441B7
:10F480002046696C652076657269666965642E2020
:10F490005265626F6F74696E672E2E2E2E0D0A00F4
:10F4A000435243206D69736D6174636820616674B3
:10F4B000657220636F70792E205265626F6F746978
:10F4C0006E672E2E2E2E0D0A00000000436F7079FD
:10F4D0002074617267657420746F20736F75726336
:10F4E00065204641494C45442E205265626F6F7439
:10F4F000696E672E2E2E2E0D0A0000005461726771
:10F50000657420435243206661696C65642E205205
:10F5100065626F6F74696E672E2E2E2E0D0A0000C5
:10F520004552524F523A2046756C6C204F54412040
:10F5300046696C65204E4F54206372656174656442
:10F540000D0A00004F5441206E6F7420666F7220C8
:10F5500063757272656E74205665722C206F72200E
:10F5600046756C6C2066696C65206E6F74206176E0
:10F5700061696C61626C6520736B697070696E673C
:10F580000D0A000057726F6E672044656C7461202D
:10F590004F54412073746174650D0A0054696D65A0
:10F5A00020746F20706572666F726D2044656C7494
:10F5B00061204F54410000004D2E42494E00000092
:10F5C0004C6F72615461736B000000005B25303238
:10F5D000642D253032642D25303264200000000077
:10F5E0005B253032643A253032643A253032645D2E
:10F5F0000D0A00004E4F542052454144590000006E
:10F600004E4F5420494E534552544544000000008B
:10F6100053494D2050494E0053494D2050554B0001
:10F620002253443A00000000414331463039000083
:10F63000546F74616C206E6F64657320636F6E6EBF
:10F6400065637465643A2025640D0A004F4B0D0A0A
:10F650000000000053454E44204F4B0D0A000000AF
:10F660002B434D45204552524F5200002B434D53E2
:10F67000204552524F5200004552524F520D0A003F
:10F680004641494C0D0A000041545F504152414DE2
:10F690005F4552524F52000041545F425553595FEB
:10F6A0004552524F520000002B434752454700003D
:10F6B0002B4350494E0000002B4347415454000057
:10F6C0002B434744434F4E54000000002B43474117
:10F6D000435400002B434750414444520000000073
:10F6E0002B514D544F50454E000000002B514D54AE
:10F6F000434C4F53450000002B514D54434F4E4E49
:10F70000000000002B514D544449534300000000B9
:10F710002B514D54535542002B514D54554E5300CF
:10F720002B514D5450554245580000002B514D541B
:10F7300053544154000000002B514D545245435640
:10F74000000000002B514D5450494E47000000006E
:10F750002B51464C535400002B514750534C4F43B0
:10F76000000000002B514750530000002B45565419
:10F770003A545850325000002B4556543A52585083
:10F7800032503A00446F776E6C696E6B2041434B88
:10F79000205278640D0A00005374617274204F5433
:10F7A000412041434B205278642066726F6D2000E7
:10F7B0004F54412046696E6973682041434B205283
:10F7C00078642066726F6D20000000004F54412065
:10F7D0004E41434B205278642066726F6D200000CA
:10F7E00057696C6C20707573682025646E642063A3
:10F7F00068756E6B20616761696E0D0A000000001C
:10F80000446F776E6C696E6B2041434B20456E747C
:10F810007279206E6F74206D6174636865640D0A7F
:10F8200000000000496E76616C6964204352430D0C
:10F830000A00000054433A2025642C2049443A2011
:10F8400025642C2052655665723A2025642C20438D
:10F8500072633A2025640D0A00000000527864208B
:10F860006368756E6B4E6F3A2025750D0A000000B7
:10F87000496E76616C6964206368756E6B20696E91
:10F88000204C6F5241204F54412044574E4C440D60
:10F890000A000000496E76616C6964206368756EC9
:10F8A0006B0D0A004F54412064617461206F7574C0
:10F8B000206F6620626F756E640D0A00496E766176
:10F8C0006C69642073657373696F6E2049442064AA
:10F8D0007572696E67204C6F5241204F544120442D
:10F8E000574E4C440D0A00004368756E6B3A202554
:10F8F000752C2053697A653A2025752C20496E6451
:10F9000065783A2025750D0A00000000496E766181
:10F910006C69642043524320696E204C6F52412031
:10F920004F54412046696E697368206D73670D0AF4
:10F930000000000054696D65722063616E277420B9
:10F9400062652073746F70706564000041434B20E2
:10F9500072656365697665642025752025750000EC
:10F9600041542B524543563D0000000041542B5654
:10F9700045523D0041542B534E3D000041542B4E07
:10F98000574D3D0041542B5032503D005348555483
:10F99000204F4B0D0A00000041542B005278526951
:10F9A0006E6750726F636573735461736B00000010
:10F9B000EFBBBF0022220000752530347800000024
:10F9C0006E756C6C0000000066616C736500000071
:10F9D000747275650000000025322E336600000049
:10F9E000256500004368756E6B5F53697A6500009A
:10F9F00046696C6553697A65000000004352430014
:10FA00004F54417075736854696D6500666F725626
:10FA10006572000044656C746153697A650000008A
:10FA200044656C7461435243000000004368756E86
:10FA30006B5F446174610000434D44202564204E97
:10FA40006F742072656164206F72207772697465CB
:10FA500020636F6D6D616E642072656365697665A4
:10FA60006400000041436B206F6620636F6D6D6121
:10FA70006E64202564204E6F742063726561746526
:10FA80002073756363657373200000004E756D62AB
:10FA90006572206F66204149203A2564000000000D
:10FAA0004E756D626572206F66205363686564757C
:10FAB0006C65203A25640000526561644672616D90
:10FAC000654944004E756D626572206F66204D6F0A
:10FAD00064627573205175617279203A2564000063
:10FAE000434D44207374617465202564204E6F7407
:10FAF0002072656164206F7220777269746520637B
:10FB00006F6D6D616E642072656365697665640012
:10FB1000434D44207374617465202564206E6F74B6
:10FB2000206C697374656420000000004465766988
:10FB3000636549440000000048575F566572736969
:10FB40006F6E00005465737452657175657374004F
:10FB500041495F4368616E6E656C000041495F54C6
:10FB60007970650041495F506F696E740000000054
:10FB700041495F56616C75650000000063757272E3
:10FB8000656E745F636D64202564206E6F74204F12
:10FB9000544120616E6420436F6E666967200000E7
:10FBA00072657175657374007365745F646F5F6B04
:10FBB00065795F73746174757300000072657175A7
:10FBC0006573745F706172616D6574657273000056
:10FBD000646F5F6B65795F646174610070696E2D3D
:10FBE0006E6F000076616C75650000007365745F70
:10FBF0007661726961626C6500000000766172690D
:10FC000061626C655F6461746100000064617461CD
:10FC10002D6E6F007365745F7363686564756C65E2
:10FC2000000000007363686564756C655F6E756DD8
:10FC300000000000656E61626C65000073746172A3
:10FC4000745F686F7572000073746172745F6D69C0
:10FC50006E7574650000000073746F705F686F7577
:10FC60007200000073746F705F6D696E757465006B
:10FC70006765745F7363686564756C650000000098
:10FC80006765745F6D6F646500000000616C6C00F7
:10FC90007365745F6D6F646500000000706362706F
:10FCA0006C635F6D6F646500736F66745F7265622D
:10FCB0006F6F74007265626F6F745F76616C7565EB
:10FCC00000000000617374726F5F6F666673657425
:10FCD000000000006F66667365745F76616C756521
:10FCE00000000000646576534E000000646174619A
:10FCF000000000007273736900000000736E7200F0
:10FD00004672657175656E637900000053460000A8
:10FD10004368616E6E656C4E6F000000736C6F74AB
:10FD20004E6F000046575F56657273696F6E000034
:10FD30004C6F726144657645554900005253323329
:10FD4000325F434F4D310000253034582530345850
:10FD5000253034582530345825303458253034581F
:10FD60000000000053545F49440000007265626F58
:10FD70006F74436F756E74004241545F4641554C39
:10FD8000540000004241545F434847004241545FE1
:10FD900046554C4C000000004241545F555345000D
:10FDA000256425642564256425642564256425640B
:10FDB00025642564256425642564256425642564FB
:10FDC000256425642564256425640000444F52653C
:10FDD00073756C7400000000256425642564256437
:10FDE000000000004449526573756C740000000007
:10FDF0004C4F5241506879736963616C5F53746111
:10FE0000746500004C4F52415F4A4F494E5F537436
:10FE1000617465004C4F52415F52535349000000DA
:10FE2000466C6173685F5374617465004C43445F52
:10FE30004932435F53746174650000006C617469FA
:10FE400074756465000000006C6F6E67697475649A
:10FE5000650000003447506879736963616C5F53D3
:10FE60007461746500000000344753494D5F53745A
:10FE70006174650034475265675F5374617465004F
:10FE80003447496E7465726E65745F53746174654E
:10FE900000000000344752535349000034474D518D
:10FEA00054545F53746174650000000034474C542F
:10FEB000455F56657273696F6E000000494D454994
:10FEC00000000000506F7765725F436F6E74726F51
:10FED0006C0000005541525400000000534443415F
:10FEE0005244000041495F43616C5F5661756C6527
:10FEF000000000004A4A4D4844503B000D0A2E2E97
:10FF00002E2E2E2E2E2E2E2E2E2E2E2E2E2E2E2E11
:10FF10002E2E2E2E2E2E535441525420434F444504
:10FF2000204558435554494F4E2E2E2E2E2E2E2E00
:10FF30002E2E2E2E2E2E2E2E2E2E2E2E2E2E2E2EE1
:10FF40002E2E0D0A000000004865785F566572731A
:10FF5000696F6E3A2025730D0A00000043494D4336
:10FF60004F4E20534F465457415245200000000049
:10FF7000202020204C525455333130302020202076
:10FF80000000000064656661756C745461736B00F9
:10FF9000536574204750532053746174650D0A00F3
:10FFA0005475726E696E6720475053204F46460D58
:10FFB0000A00000041434B3D4F4B0000457874461A
:10FFC0006C6173685F526561645F52756E74696DD0
:10FFD00065506172610D0A002531642C2531642C55
:10FFE0002531642C253164442C253032642530328F
:10FFF00064253032642C253032642530326425305B
:020000040805ED
:1000000032642C00253032642C253032642C256477
:100010002C000000253032582C253032582C00009E
:1000200025332E3032662C0049444C450000000038
:10003000546D725100000000546D722053766300BD
:100040005363686564756C6528256429206E6F7438
:1000500020616C6C6F77206D6F72652074686174BD
:100060002025640D0A00000046756E633A25732052
:1000700065786563757465640A0000000A25730A73
:100080000000000045786563757465642025730A77
:1000900000000000212121212020414C41524D200F
:1000A00020212121210000002564000025332E326B
:1000B0006600000025362E32660000002046756E70
:1000C0006320506362506C635F416E616C6F675F69
:1000D0006F75747075745F506C63206578656375B7
:1000E0007465640D0A0000004572726F7220746FAF
:1000F00020777269746520696E2066696C652825B1
:1001000073290D0A000000004D5832354C5F5265CE
:100110006164526177206572726F7220617420256C
:10012000730D0A00526561642050565B25645D3D85
:1001300025332E32660D0A006269744E6F282564DD
:100140002920697320696E76616C69640D0A00006C
:1001500073747231206973206E756C6C0D0A000027
:100160006D6178456D724E6F64652825642920693C
:1001700073206C657373207468616E207A65726F8A
:100180000D0A0000456D657267656E6379207374B2
:1001900065707320657865637574696F6E206E6F26
:1001A0007420737461727465640D0A00506C63206E
:1001B00066696C6528256429204C656E677468281B
:1001C000256C64290D0A0000506572736F6E6E65B0
:1001D0006C20436F6D707574657220426173656445
:1001E0002050726F6772616D6D61626C65204C6F3B
:1001F00067696320436F6E74726F6C6C6572000088
:10020000504342504C4320686561646572204E6FD4
:1002100074206D6174636800504243504C433A202F
:100220004D6178204E6F646573282564290D0A009E
:10023000504243504C433A204D61782053657175CC
:10024000656E6365204E6F6465282564290D0A007C
:10025000504243504C433A204D61782044696769CD
:1002600074616C204E6F646573282564290D0A0043
:10027000504243504C433A204D617820416E616CAE
:100280006F67204E6F646573282564290D0A00008E
:100290004D656D6F727920616C6C6F636174696F0D
:1002A0006E206661696C656420666F72204D6178AE
:1002B000204E6F646573282564290D0A0000000034
:1002C0004572726F7220617420706C632064617477
:1002D000612D737472696E6720616C6C6F636174F9
:1002E000696F6E206661696C65640D0A000000002C
:1002F000535452494E473A25730D0A005043425019
:100300004C43204572726F722069282564292C2085
:100310006D61785365714E6F6465282564290D0AF7
:10032000000000004D415820504C43205641524996
:1003300041424C45282564290D0A00004572726F20
:10034000723A204D617820504C4320566172282526
:100350006429206E6F7420616C6C6F7765642C204B
:100360006F6E6C792035303020504C4320766172AE
:100370006961626C6520616C6C6F7765640D0A0061
:10038000504C4320564152204E414D455F2530325E
:1003900064203A2025730D0A0000000069282564B6
:1003A000292C206D6178506C635661722825642970
:1003B0000D0A0000504243504C433A20736571537C
:1003C000746172744E6F64653D25640D0A0000000F
:1003D000504243504C433A206D6178456D724E6FE8
:1003E00064653D25640D0A00504342504C43204D46
:1003F000656D6F727920616C6C6F636174696F6E8B
:10040000204572726F720D0A0000000069282530C5
:100410003264292C20286D61785365714E6F6465B4
:100420002B6D6178456D724E6F64652928256429AE
:100430000D0A0000456D72205374617274204E6F76
:1004400064653A2025640D0A0000000050424350C4
:100450004C433A206D6178496E744E6F64653D255A
:10046000640D0A00504342504C43206D656D6F721D
:100470007920616C6C6F636174696F6E2045727274
:100480006F720D0A00000000496E7465726C6F6334
:100490006B204E6F64652825303264293A2025731D
:1004A0000D0A000069282564292C20286D617853E5
:1004B00065714E6F64652B6D6178456D724E6F642A
:1004C000652B6D6178496E744E6F646529282564CB
:1004D000290D0A00696E7453746172744E6F6465FD
:1004E0003A25640D0A000000504C432046494C4513
:1004F000205245414420454E440D0A00524543498F
:1005000050452046494C453A204C656E6774683D1D
:10051000256C640D0A0000004D41582052454349A6
:100520005045205641523A2530326C640D0A000085
:100530005265636970652056617220496E64657802
:100540003A25303268642C200D0A0000506C635F3D
:10055000747970653A25642C200D0A005245435F7A
:10056000564152204E414D453A25732C0D0A00004C
:1005700056617231203D2025332E32662C20566183
:100580007232203D2025332E32662C205661723384
:10059000203D2025332E32662C2056617234203DBA
:1005A0002025332E32662C2056617235203D2025C1
:1005B000332E32660D0A000061697274656C6770D3
:1005C00072732E636F6D0000696E7465726E657470
:1005D0000000000062736E6C7374617469630000E4
:1005E00062736E6C6E65740062736E6C6C697665B6
:1005F000000000006A696F6E6574000025642E2596
:10060000642E25642E256400616464723A2025649A
:100610002C2056616C75653A2025660D0A00000095
:1006200046756E633A2573206578656375746564F5
:100630000D0A0000436F756C64206E6F7420666F46
:10064000756E6420504C43204C6F67696300000056
:1006500073657276696365207374617465202564BF
:100660000D0A000053746F72652067656E657261D4
:100670006C20707572706F736520646174610D0A0F
:1006800000000000706C6354696D65725461736B97
:100690000000000045787472616374696E672050D1
:1006A0004C432066696C650D0A000000506C6320A5
:1006B00046696C65204465636F6465204572726F9E
:1006C000720D0A004D656D65726F20416C6C6F6331
:1006D000206661696C65640D0A000000416C6C6FF6
:1006E00063204572726F720D0A0000000000000066
:1006F0001F0000003B0000005A00000078000000CE
:1007000097000000B5000000D4000000F3000000D6
:1007100011010000300100004E0100000405060038
:100720000102030030313233343536373839414233
:1007300043444546000000000102030405060F1073
:100740001F1C1F1E1F1E1F1F1E1F1E1F000000003C
:100750000102030401020304060708090100020064
:100760000400060008000A000C00100020004000F1
:1007700080000001080402040801010101010103D5
:1007800007010000506362506C635F5365745056FC
:10079000616C756500000000506362506C635F43DC
:1007A000686B5363686564756C65000050636250E4
:1007B0006C635F536574444F0000000050636250E7
:1007C0006C635F53656E64416C61726D0000000084
:1007D000506362506C635F44756D6D7948616E64FF
:1007E0006C657200506362506C635F444F5F4B6591
:1007F000795F537461747573000000005063625038
:100800006C635F53656E6444617461005063625051
:100810006C635F4275696C64536D73005063625022
:100820006C635F5365744D616E75616C4D6F64658B
:1008300000000000506362506C635F536574417543
:10084000746F4D6F64650000506362506C635F733A
:100850007472696E6773706C6974000050636250E3
:100860006C635F737472696E737472696E67000093
:10087000506362506C635F7374726D696400000052
:10088000506362506C635F61737369676E737472F7
:10089000696E6700506362506C635F74657874744E
:1008A0006F76616C00000000506362506C635F49BA
:1008B000736E756D6572696300000000506362506D
:1008C0006C635F737472696E676C656E67746800E1
:1008D000506362506C635F506C634C6F67313000E3
:1008E000506362506C635F506C63537172740000AC
:1008F000506362506C635F506C634174616E0000C2
:10090000506362506C635F506C6341636F730000AF
:10091000506362506C635F506C634173696E650035
:10092000506362506C635F506C6354616E000000F2
:10093000506362506C635F506C6353696E65000076
:10094000506362506C635F506C63436F73000000D0
:10095000506362506C635F506C636162736F6C755F
:1009600074650000506362506C635F506C61795332
:100970006F756E6446696C650000000050636250DC
:100980006C635F4C6F61644D696D696346696C654A
:1009900000000000506362506C635F5365744869E7
:1009A00054696D6572000000506362506C635F555E
:1009B000736572436C724269740000005063625048
:1009C0006C635F557365725365744269740000000F
:1009D000506362506C635F5573657247657442691A
:1009E00074000000506362506C635F4F7574506F09
:1009F00072744200506362506C635F496E506F7254
:100A000074420000506362506C635F4D616B6544DB
:100A100061746500506362506C635F4D616B655437
:100A2000696D6500506362506C635F436C65617211
:100A300057616974537461746500000050636250BB
:100A40006C635F5365745472616E730050636250DF
:100A50006C635F4765745472616E730050636250DB
:100A60006C635F52657365744379636C6500000065
:100A7000506362506C635F52656C65617365416C75
:100A80006C506C6354696D65727300005063625002
:100A90006C635F486F6C64416C6C506C6354696D3F
:100AA00065727300506362506C635F476574506C8D
:100AB0006354696D65720000506362506C635F49F6
:100AC0006E6974416C6C506C6354696D657273002F
:100AD000506362506C635F52656C65617365506C06
:100AE0006354696D65720000506362506C635F48C7
:100AF0006F6C64506C6354696D6572005063625032
:100B00006C635F5265736574506C6354696D657294
:100B100000000000506362506C635F506C63416C76
:100B200061726D446973706C61790000506362504A
:100B30006C635F436F6E6669726D0000526561643D
:100B400052656369706546696C65002E00494E46C2
:100B500000696E66004E414E006E616E00300030DE
:100B60003132333435363738394142434445460013
:100B70003031323334353637383961626364656613
:100B80000065256C64005245454E54206D616C6CC7
:100B90006F6320737563636565646564002F6275B8
:100BA000696C642F676E752D746F6F6C732D666F33
:100BB000722D73746D33325F31332E332E72656C48
:100BC000312E32303234303932362D313731352F03
:100BD0007372632F6E65776C69622F6E65776C69CF
:100BE000622F6C6962632F74696D652F676D74691C
:100BF0006D652E63004300504F534958002C20660A
:100C0000756E6374696F6E3A2000617373657274F8
:100C1000696F6E2022257322206661696C65643AD3
:100C20002066696C6520222573222C206C696E6514
:100C3000202564257325730A00496E66696E697400
:100C400079004E614E002F6275696C642F676E7576
:100C50002D746F6F6C732D666F722D73746D3332DC
:100C60005F31332E332E72656C312E323032343098
:100C70003932362D313731352F7372632F6E6577E8
:100C80006C69622F6E65776C69622F6C6962632F85
:100C90007374646C69622F64746F612E63004261C7
:100CA0006C6C6F6320737563636565646564002FA6
:100CB0006275696C642F676E752D746F6F6C732D20
:100CC000666F722D73746D33325F31332E332E7233
:100CD000656C312E32303234303932362D31373185
:100CE000352F7372632F6E65776C69622F6E65772F
:100CF0006C69622F6C6962632F7374646C69622F14
:100D00006764746F612D6765746865782E63002F62
:100D10006275696C642F676E752D746F6F6C732DBF
:100D2000666F722D73746D33325F31332E332E72D2
:100D3000656C312E32303234303932362D31373124
:100D4000352F7372632F6E65776C69622F6E6577CE
:100D50006C69622F6C6962632F7374646C69622FB3
:100D60006D707265632E6300232D302B2000686C3C
:100D70004C006566674546470000000034000000EF
:100D8000CEFBFFFFCB0300000100000000000000CD
:100D900035000000CEFBFFFFCB0300000100000088
:100DA0000000000000000000BC89D897B2D29C3C33
:100DB00033A7A8D523F649393DA7F444FD0FA53242
:100DC0009D978CCF08BA5B25436FAC6428066811E9
:100DD000002020202020202020202828282828200B
:100DE0002020202020202020202020202020202003
:100DF000208810101010101010101010101010106B
:100E0000100404040404040404040410101010105A
:100E10001010414141414141010101010101010124
:100E20000101010101010101010101011010101076
:100E300010104242424242420202020202020202F6
:100E4000020202020202020202020202101010104A
:100E50002000000000000000000000000000000072
:100E60000000000000000000000000000000000082
:100E70000000000000000000000000000000000072
:100E80000000000000000000000000000000000062
:100E90000000000000000000000000000000000052
:100EA0000000000000000000000000000000000042
:100EB0000000000000000000000000000000000032
:100EC0000000000000000000000000000000000022
:100ED0000000000005000000190000007D00000077
:100EE0000080E03779C34143176E05B5B5B8934626
:100EF000F5F93FE9034F384D321D30F94877825AF2
:100F00003CBF737FDD4F1575000000000000F03F0F
:100F100000000000000024400000000000005940D4
:100F20000000000000408F40000000000088C34027
:100F300000000000006AF8400000000080842E419C
:100F400000000000D01263410000000084D79741E8
:100F50000000000065CDCD41000000205FA00242EE
:100F6000000000E876483742000000A2941A6D4263
:100F7000000040E59C30A2420000901EC4BCD64256
:100F800000003426F56B0C430080E03779C3414301
:100F900000A0D8855734764300C84E676DC1AB4377
:100FA000003D9160E458E143408CB5781DAF154495
:100FB00050EFE2D6E41A4B4492D54D06CFF0804470
:100FC000F64AE1C7022DB544B49DD9794378EA4485
:100FD000E2652F227F2B7A3C075C143326A6813CE6
:100FE000BDCBF07A8807703C075C143326A6913C91
:100FF0004FBB610567ACDD3F182D4454FB21E93F31
:101000009BF681D20B73EF3F182D4454FB21F93F1F
:10101000A2000000F9A2000083F9A2006E83F9A2E9
:101020004E6E83F9444E6E8315444E6E2915444E20
:10103000FC29154427FC29155727FC29D15727FCE3
:10104000F5D1572734F5D157DD34F5D1C0DD34F56E
:10105000DBC0DD3462DBC0DD9562DBC0999562DB0D
:101060003C999562433C999590433C994190433C0F
:10107000000000000000F03F000000000000F0BF92
:10108000000000000000F0BF000000000000F03F82
:1010900083C8C96D305F6441182D4454FB21F93F6A
:1010A000000000000000F03F1C620CFDFFFFDFBFEE
:1010B000198F06E15355A53F9D359AE887C056BF65
:1010C000C3F87B024393F93E03A695595455C5BF17
:1010D000C40B23057610813F24CF7437EB9429BFCE
:1010E000000000000000F03F000000000000F0BF22
:1010F000000000000000F0BF000000000000F03F12
:1011000083C8C96D305F6441182D4454FB21F93FF9
:10111000000000000000F0BF1C620CFDFFFFDF3F7D
:10112000198F06E15355A5BF9D359AE887C0563FF4
:10113000C3F87B024393F9BE03A695595455C5BF26
:10114000C40B23057610813F24CF7437EB9429BF5D
:10115000FB21F93FFB2109407CD91240FB211940BA
:101160007A6A1F407CD92240BBFD2540FB212940E3
:101170003A462C407A6A2F405C4731407CD9324055
:101180009C6B3440BBFD3540DB8F3740FB21394041
:101190001BB43A403A463C405AD83D407A6A3F40F8
:1011A0004C7E40405C4741406C1042407CD94240FC
:1011B0008CA243409C6B4440AC344540BBFD454051
:1011C000CBC64640DB8F4740EB584840FB214940A7
:1011D00083F9A200444E6E00FC291500D157270068
:1011E000DD34F50062DBC0003C999500419043007E
:1011F0006351FE00BBDEAB00B761C5003A6E240050
:10120000D24D42004906E00009EA2E001C92D100AE
:10121000EB1DFE0029B11C00E83EA700F535820059
:1012200044BB2E009CE98400B4267000417E5F0020
:10123000D6913900538339009CF439008B5F8400C8
:1012400028F9BD00F81F3B00DEFF97000F9805004E
:10125000112FEF000A5A8B006D1F6D00CF7E3600F4
:1012600009CB2700464FB7009E663F002DEA5F007E
:10127000BA277500E5EBC7003D7BF100F7390700A1
:1012800092528A00FB6BEA001FB15F00085D8D007F
:10129000300356007BFC4600F0AB6B0020BCCF0057
:1012A00036F49A00E3A91D005E619100081BE60078
:1012B00085996500A0145F008D40680080D8FF000C
:1012C00027734D0006063100CA561500C9A87300E1
:1012D0007BE260006B8CC000000FC93F000F4940EB
:1012E00000CB9640000FC9400053FB4000CB164195
:1012F00000ED2F41000F49410031624100537B4115
:10130000003A8A4100CB9641005CA34100EDAF4119
:10131000007EBC41000FC94100A0D5410031E2412F
:1013200000C2EE410053FB4100F20342003A0A4280
:101330000083104200CB164200141D42005C234281
:1013400000A5294200ED2F4200363642007E3C4285
:1013500000C74242000F4942A2000000F90000000D
:10136000830000006E0000004E00000044000000FA
:101370001500000029000000FC000000270000000C
:1013800057000000D1000000F5000000340000000C
:10139000DD000000C0000000DB0000006200000073
:1013A00095000000990000003C0000004300000090
:1013B0009000000041000000FE000000510000000D
:1013C00063000000AB000000DE000000BB00000076
:1013D000C500000061000000B7000000240000000C
:1013E0006E0000003A000000420000004D000000C6
:1013F000D2000000E00000000600000049000000EC
:101400002E000000EA00000009000000D1000000EA
:10141000920000001C000000FE0000001D00000003
:10142000EB0000001C000000B100000029000000DB
:10143000A70000003E000000E8000000820000005D
:1014400035000000F50000002E000000BB00000089
:101450004400000084000000E90000009C0000003F
:101460007000000026000000B40000005F000000D3
:101470007E000000410000003900000091000000E3
:10148000D600000039000000830000005300000077
:1014900039000000F40000009C00000084000000FF
:1014A0005F0000008B000000BD000000F90000009C
:1014B000280000003B0000001F000000F8000000B2
:1014C00097000000FF000000DE00000005000000A3
:1014D000980000000F000000EF0000002F00000047
:1014E000110000008B0000005A0000000A000000FC
:1014F0006D0000001F0000006D00000036000000BD
:101500007E000000CF00000027000000CB0000009C
:1015100009000000B70000004F0000004600000076
:101520003F000000660000009E0000005F00000019
:10153000EA0000002D0000007500000027000000F8
:10154000BA000000C7000000EB000000E50000004A
:10155000F10000007B0000003D00000007000000DB
:1015600039000000F70000008A000000520000006F
:1015700092000000EA0000006B000000FB00000089
:101580005F000000B10000001F0000008D0000009F
:101590005D0000000800000056000000030000008D
:1015A0003000000046000000FC0000007B0000004E
:1015B0006B000000AB000000F0000000CF00000056
:1015C000BC000000200000009A000000F4000000B1
:1015D000360000001D000000A9000000E30000002C
:1015E00091000000610000005E000000E6000000C5
:1015F0001B000000080000006500000099000000CA
:10160000850000005F00000014000000A000000042
:1016100068000000400000008D000000FF00000096
:10162000D8000000800000004D00000073000000A2
:101630002700000031000000060000000600000046
:101640001500000056000000CA00000073000000F2
:10165000A8000000C900000060000000E2000000D7
:101660007B000000C00000008C0000006B00000048
:101670000038FAFE422EE63F3067C79357F32E3DFF
:10168000010000000000E0BF5B3051555555D53FCB
:101690009045EBFFFFFFCFBF1101F124B399C93F84
:1016A0009FC806E57555C5BF000000000000E0BFFB
:1016B000775555555555D53FCBFDFFFFFFFFCFBFA4
:1016C0000CDD95999999C93FA74567555555C5BFF3
:1016D00030DE44A32449C23F653D42A4FFFFBFBFA3
:1016E000CAD62A288471BC3FFF68B043EB99B9BFC2
:1016F00085D0AFF78281B73FCD45D1751352B5BFC5
:101700009FDEE0C3F034F73F0090E6797FCCD7BF8F
:101710001FE92C6A7813F73F00000DC2EE6FD7BFA8
:10172000A0B5FA0860F2F63F00E05113E313D7BF0B
:101730007D8C131FA6D1F63F007828385BB8D6BF42
:10174000D1B4C50B49B1F63F00788090555DD6BF46
:10175000BA0C2F334791F63F00001876D002D6BF5F
:10176000234222189F71F63F00909086CAA8D5BFE9
:10177000D91EA5994F52F63F00500356434FD5BF8F
:10178000C4248FAA5633F63F00406BC337F6D4BF4C
:1017900014DC9D6BB314F63F0050A8FDA79DD4BF89
:1017A0004C5CC65264F6F53F00A889399245D4BF17
:1017B0004F2C91B567D8F53F00B8B039F4EDD3BFE1
:1017C000DE905BCBBCBAF53F00708F44CE96D3BFA2
:1017D000781AD9F2619DF53F00A0BD171E40D3BF16
:1017E000875646125680F53F008046EFE2E9D2BFA9
:1017F000D36BE7CE9763F53F00E030381B94D2BF40
:10180000937FA7E22547F53F0088DA8CC53ED2BF1B
:1018100083450642FF2AF53F00902729E1E9D1BF21
:10182000DFBDB2DB220FF53F00F8482B6D95D1BF2D
:10183000D7DE34478FF3F43F00F8B99A6741D1BF40
:101840004028DECF43D8F43F0098EF94D0EDD0BFCE
:10185000C8A378C03EBDF43F0010DB18A59AD0BFE6
:101860008A25E0C37FA2F43F00B86352E647D0BFA9
:101870003484D4240588F43F00F0864522EBCFBFA2
:101880000B2D191BCE6DF43F00B017754A47CFBF23
:10189000541839D3D953F43F0030103D44A4CEBF7F
:1018A0005A84B444273AF43F00B0E9440D02CEBF55
:1018B000FBF81541B520F43F00F07729A260CDBFB9
:1018C000B1F43EDA8207F43F0090950401C0CCBF2A
:1018D0008FFE575D8FEEF33F001089562920CCBF55
:1018E000E94C0BA0D9D5F33F0010818D1781CBBFF8
:1018F0002BC110C060BDF33F00D0D3CCC9E2CABF3A
:10190000B8DA752B24A5F33F0090122E4045CABFCC
:1019100002D09FCD228DF33F00F01D6877A8C9BF8C
:101920001C7A84C55B75F33F003048696D0CC9BFF4
:10193000E236AD49CE5DF33F00C045A62071C8BF79
:1019400040D44D987946F33F003014B48FD6C7BFCA
:1019500024CBFFCE5C2FF33F0070623CB83CC7BF86
:10196000490DA1757718F33F0060379B9AA3C6BF56
:1019700090393E37C801F33F00A0B754310BC6BFC2
:1019800041F895BB4EEBF23F003024767D73C5BF26
:10199000D1A919020AD5F23F0030C28F7BDCC4BF47
:1019A0002AFDB7A8F9BEF23F0000D2512C46C4BFB1
:1019B000AB1B0C7A1CA9F23F000083BC8AB0C3BFEA
:1019C00030B514607293F23F0000496B991BC3BF9E
:1019D000F5A15757FA7DF23F0040A4905487C2BF4B
:1019E000BF3B1D9BB368F23F00A079F8B9F3C1BFBC
:1019F000BDF58F839D53F23F00A02C25C860C1BF69
:101A00003B08C9AAB73EF23F0020F7577FCEC0BFC0
:101A1000B640A92B012AF23F00A0FE49DC3CC0BF22
:101A20003241CC967915F23F00804BBCBD57BFBF09
:101A30009BFCD21D2001F23F004040960837BEBFFC
:101A40000B484D49F4ECF13F0040F93E9817BDBFFB
:101A500069658F52F5D8F13F00A0D84E67F9BBBF3A
:101A60007C7E571123C5F13F00602F2079DCBABF7F
:101A7000E926CB747CB1F13F008028E7C3C0B9BF31
:101A8000B61A2C0C019EF13F00C072B346A6B8BF37
:101A9000BD70B67BB08AF13F0000ACB3018DB7BF1B
:101AA000B6BCEF258A77F13F00003845F174B6BF28
:101AB000DA314C358D64F13F0080876D0E5EB5BF25
:101AC000DD5F2790B951F13F00E0A1DE5C48B4BF73
:101AD0004CD232A40E3FF13F00A06A4DD933B3BFC0
:101AE000DAF910728B2CF13F0060C5F87920B2BF93
:101AF00031B5EC28301AF13F00206298460EB1BF94
:101B0000AF3484DAFB07F13F0000D26A6CFAAFBF52
:101B1000B36B4E0FEEF5F03F0040774A8DDAADBF64
:101B2000CE9F2A5D06E4F03F000085E4ECBCABBF2D
:101B300021A52C6344D2F03F00C0124089A1A9BF67
:101B40001A98E27CA7C0F03F00C002335888A7BFB4
:101B5000D136C6832FAFF03F0080D6675E71A5BF38
:101B60003913A098DB9DF03F008065498A5CA3BFD4
:101B7000DFE752AFAB8CF03F00401564E349A1BFF3
:101B8000FB284E2F9F7BF03F0080EB82C0729EBFF0
:101B9000198F358CB56AF03F00805252F1559ABFCB
:101BA0002CF9ECA5EE59F03F008081CF623D96BF45
:101BB000902CD1CD4949F03F0000AA8CFB2892BF60
:101BC000A9ADF0C6C638F03F0000F9207B318CBFCC
:101BD000A93279136528F03F0000AA5D351984BF4A
:101BE0004873EA272418F03F0000ECC2031278BFC4
:101BF00095B114060408F03F00002479090460BF81
:101C00001AFA26F71FE0EF3F00009084F3EF6F3FD2
:101C100074EA61C21CA1EF3F00003D3541DC873F03
:101C20002E9981B01063EF3F0080C2C4A3CE933FD2
:101C3000CDADEE3CF625EF3F00008914C19F9B3FE0
:101C4000E7139103C8E9EE3F000011CED8B0A13FE1
:101C5000ABB1CB7880AEEE3F00C001D05B8AA53F30
:101C60009B0C9DA21A74EE3F0080D840835CA93F74
:101C7000B5990A83913AEE3F008057EF6A27AD3F4E
:101C8000569A6009E001EE3F00C098E59875B03FB4
:101C900098BB77E501CAED3F00200DE3F553B23F55
:101CA00003917C0BF292ED3F0000388BDD2EB43FA8
:101CB000CE5CFB66AC5CED3F00C057875906B63F73
:101CC0009DDE5EAA2C27ED3F00006A3576DAB73F2D
:101CD000CD2C6B3E6EF2EC3F00601C4E43ABB93F27
:101CE0000279A7A26DBEEC3F00600DBBC778BB3F79
:101CF0006D08376D268BEC3F0020E7321343BD3F64
:101D000004585DBD9458EC3F0060DE71310ABF3F5E
:101D10008C9FBB33B526EC3F0040912B1567C03F2D
:101D20003FE7ECEE83F5EB3F00B092828547C13F81
:101D3000C196DB75FDC4EB3F0030CACD6E26C23FB5
:101D4000284A860C1E95EB3F0050C5A6D703C33F1B
:101D50002C3EEFC5E265EB3F0010333CC3DFC33FD1
:101D60008B88C9674837EB3F00807A6B36BAC43F2F
:101D70004A301D214B09EB3F00F0D1283993C53F74
:101D80007EEFF285E8DBEA3F00F01824CD6AC63F1B
:101D9000A23D60311DAFEA3F009066ECF840C73FBE
:101DA000A758D33FE682EA3F00F01AF5C015C83FB6
:101DB0008B7309EF4057EA3F0080F65429E9C83F8A
:101DC000274BAB902A2CEA3F0040F80236BBC93FB4
:101DD000D1F29313A001EA3F00002C1CED8BCA3F07
:101DE0001B3CDB249FD7E93F00D0015C515BCB3F1C
:101DF00090B1C70525AEE93F00C0BCCC6729CC3FF8
:101E00002FCE97F22E85E93F006048D535F6CC3FBE
:101E1000754BA4EEBA5CE93F00C04634BDC1CD3F6E
:101E20003848E79DC634E93F00E0CFB8018CCE3F8B
:101E3000E652672F4F0DE93F009017C00955CF3F7D
:101E40009DD7FF8E52E6E83F00B81F126C0ED03FC0
:101E50007C00CC9FCEBFE83F00D0930EB871D03F3E
:101E60000EC3BEDAC099E83F0070869E6BD4D03FA7
:101E7000FB1723AA2774E83F00D04B338736D13FA6
:101E8000089AB3AC004FE83F004823670D98D13F54
:101E9000553E65E8492AE83F0080CCE0FFF8D13F95
:101EA0006002F4950106E83F006863D75F59D23FAE
:101EB00029A3E06325E2E73F00A8140930B9D23F27
:101EC000ADB5DC77B3BEE73F006043107218D33F77
:101ED000C2259767AA9BE73F0018EC6D2677D33F92
:101EE000570617F20779E73F0030AFFB4FD5D33FD6
:101EF0000C13D6DBCA56E73F00E02FE3EE32D43FA7
:101F000000000040FB21F93F000000002D44743E1A
:101F1000000000809846F83C0000006051CC783BFF
:101F200000000080831BF0390000004020257A3833
:101F3000000000802282E336000000001DF36935B6
:101F40000200000003000000040000000600000082
:101F50000000C93F0000F0390000DA370000A2336A
:101F60000000842E0000502B0000C2270000D02269
:101F70000000C41F0000C61B00004417040000003E
:081F8000070000000900000049
:081F880058E3FC7F010000009A
:041F9000C50202087C
:041F9400A10202089C
:101F98000800100020004000400040000040008081
:101FA80000100020004000800001000200040040F2
:101FB800008040008000000100020001001002586B
:101FC8000010025800100258001002580010025861
:101FD800001002580010025800100258000402585D
:101FE800000402580004025800040258000C025869
:101FF800000C0258000C0258000C0258000C025841
:102008000008025800080258000802580008025840
:1020180000000258385A0024001000000000000098
:10202800000000000000000000000000383A002412
:102038000010000000000000000000000000000088
:1020480000000000384A00240010000000000000D2
:102058000000000000000000000000008559020890
:10206800B559020855590208000000000000000098
:102078000000000076312F646576696365732F323E
:102088002F332F3500000000000000000000000082
:102098000000000000000000000000000000000038
:1020A8000000000000000000000000000000000028
:1020B8000000000000000000000000000000000018
:1020C8000000000000000000000000000000000008
:1020D8000000000000000000313200000000000095
:1020E80000000000000000000000000000000000E8
:1020F80000000000000000000000000000000000D8
:1021080000000000000000000000000000000000C7
:1021180000000000000000000000000000000000B7
:1021280000000000000000000000000000000000A7
:102138000000000000000000000000003132000034
:102148000000000000000000000000000000000087
:102158000000000000000000000000000000000077
:102168000000000000000000000000000000000067
:102178000000000000000000000000000000000057
:102188000000000000000000000000000000000047
:102198000000000000000000000000000000000037
:1021A80076312F646576696365732F312F312F314E
:1021B8000000000000000000000000000000000017
:1021C8000000000000000000000000000000000007
:1021D80000000000000000000000000000000000F7
:1021E80000000000000000000000000000000000E7
:1021F80000000000000000000000000000000000D7
:10220800000000005C0700003230332E38382E31D1
:1022180032382E3134310000000000000000000088
:1022280000000000000000000000000000000000A6
:102238000000000000000000000000000000000096
:102248000000000000000000000000000000000086
:102258000000000000000000000000000000000076
:102268000000000000000000000000000100000065
:102278000050EB00000020000050C90000002000C2
:1022880000E00C0000002000010000000000000039
:102298002E44DD63000000001F1C1F1E1F1E1F1F91
:1022A8001E1F1E1F6A696F6E657400000000000023
:1022B8000000000000000000000000000000000016
:1022C8000000011111000000D1640408E164040851
:1022D8004D66040850726F64756374696F6E5F545D
:1022E800657374000000000000000000000000009A
:1022F800000000005C0700003230332E38382E31E1
:1023080032382E3134310000000000000000000097
:1023180000000000000001FF0200000075FB030838
:1023280079FC03080B00160021002C00370042003E
:102338004D005800000000000000000000000000F0
:102348000000000000000000000000000000000085
:102358000000000000000000000000000000000075
:102368000000000000000000000000000000000065
:102378000000000000000000000000000000000055
:102388000000000000000000000000000000000045
:102398000000000000000000000000000000000035
:1023A8000000000000000000000000000000000025
:1023B8000000000000000000000000000000000015
:1023C8000000000000000000000000000000000005
:1023D80000000000000000000000000000000000F5
:1023E8000000000000000000000000000090D00382
:1023F8000090D0030A0000000A0000000A00000054
:102408000A0000000A00000001000000100000009F
:10241800AAAAAAAAF5000408350104082119040883
:10242800D91904080DFD0308511B0408E51B04080D
:10243800910104081502040871020408C102040885
:10244800E50504086D1C0408B10D0408ED02040834
:10245800551D0408CD1D04086DFD03089DFD0308E6
:10246800CDFD0308FDFD03082DFE03085DFE0308EE
:1024780035030408B1030408290404089D0404086A
:102488000D050408310504085505040879050408F4
:102498009D050408C1050408190E0408990E0408CE
:1024A800190F0408990F0408191004089910040852
:1024B8002155040819110408C1FE030899110408DC
:1024C800490B04086D0B0408490B04080D0C04089B
:1024D800490B0408910B0408490B040891FE0308F2
:1024E8008D0D040845590408490B040819120408FD
:1024F800F1070408D5080408ED1204087907040850
:10250800F5FC0308F5FC030875060408891404089B
:10251800E1FF0308F5FC0308F5FC0308F5FC0308D4
:10252800F5FC0308F5FC0308F5FC03085915040835
:102538000D0C0408A9FF03081D0A0408750A0408FD
:10254800DDFF0308AD170408D10A040815000408C4
:102558000201FF01FF01010020003200010100001B
:10256800000000000300000078010624430000007A
:102578000000000000000000000000000000000053
:102588000000000000000000000000004300000000
:102598000000000000000000000000000000000033
:1025A80000000000000000000000000043000000E0
:1025B8000000000000000000000000000000000013
:1025C80000000000000000000000000043000000C0
:1025D80000000000000000000000000000000000F3
:1025E80000000000000000000000000043000000A0
:1025F80000000000000000000000000000000000D3
:10260800000000000000000000000000430000007F
:1026180000000000000000000000000000000000B2
:10262800000000000000000000000000430000005F
:102638000000000000000000000000000000000092
:10264800000000000000000000000000AFA5040822
:102658002B9C040800000000D00D05084B0B050852
:10266800380C0508380C0508380C0508380C05081E
:10267800380C0508380C0508380C0508380C05080E
:10268800380C0508FFFFFFFFFFFFFFFFFFFFFFFFFD
:10269800FFFF0000010041534349490000000000CA
:1026A8000000000000000000000000000000000022
:1026B80000000000000041534349490000000000A9
:1026C8000000000000000000000000000000000002
:1026D80000000000000000004C070024000000007B
:1026E80078010624E00106244802062400000000C0
:1026F80000000000000000000000000000000000D2
:1027080000000000000000000000000000000000C1
:1027180000000000000000000000000000000000B1
:082728000000000000000000A9
:0400000508036F1964
:00000001FF
