:020000040802F0
:1000000000000824C96E0308E1660308E3660308DC
:10001000EB660308ED660308EF66030800000000C6
:1000200000000000000000000000000091F703083D
:10003000F16603080000000031F8030895F8030892
:10004000196F0308196F0308196F0308196F030864
:10005000196F0308196F0308F3660308FD660308A8
:100060000767030811670308196F0308196F03086E
:10007000196F0308196F0308196F0308196F030834
:10008000196F0308196F0308196F0308196F030824
:10009000196F0308196F0308196F03081B6703081A
:1000A000196F0308196F0308196F0308196F030804
:1000B000196F0308196F0308196F0308196F0308F4
:1000C000196F0308196F0308196F0308196F0308E4
:1000D000196F030825670308BD6803083169030821
:1000E000A5690308196F030800000000196F0308D1
:1000F000196F0308196F0308196F0308196F0308B4
:10010000196F0308196F0308196F0308196F0308A3
:10011000196F0308196F0308196F0308196F030893
:10012000196F0308196F0308196F0308196F030883
:10013000196F0308196F0308196F0308196F030873
:1001400000000000000000000000000000000000AF
:10015000196F0308196F0308196F0308196F030853
:10016000196F0308196F0308196F0308196F030843
:10017000196F0308196F0308196F0308196F030833
:10018000196F0308196F0308196F0308196F030823
:10019000196F0308196F0308196F0308196F030813
:1001A000196F0308196F0308196F0308196F030803
:1001B000196F0308196F0308196F0308196F0308F3
:1001C000196F0308196F0308196F0308196F0308E3
:1001D000196F0308196F0308196F0308196F0308D3
:1001E000196F0308196F0308196F0308196F0308C3
:1001F000196F0308196F0308196F0308196F0308B3
:10020000196F0308196F0308196F0308196F0308A2
:10021000196F0308196F0308B1690308196F030800
:10022000196F0308196F0308196F03080000000015
:10023000196F0308196F030800000000196F030805
:10024000196F0308196F0308196F0308196F030862
:10025000196F0308196F0308196F0308196F030852
:10026000196F0308196F0308196F0308196F030842
:10027000196F0308196F0308196F030800000000C5
:10028000196F0308196F0308196F030800000000B5
:0802900000000000196F0308D3
:1002A00010B5054C237833B9044B13B10448AFF3B0
:1002B00000800123237010BD980700240000000077
:1002C00028DA040808B5034B1BB103490348AFF310
:1002D000008008BD000000009C07002428DA040804
:1002E00010F8012B11F8013B012A28BF9A42F7D0E0
:1002F000D01A70470000000000000000000000005D
:1003000001F0FF01102A2BDB10F0070F08D010F8C6
:10031000013B013A8B422DD010F0070F42B3F6D1CA
:10032000F0B441EA012141EA014122F007047FF0E3
:1003300000070023F0E80256083C85EA010586EA3A
:10034000010685FA47F5A3FA87F586FA47F6A5FA76
:1003500087F68EB9EED1F0BC01F0FF0102F0070282
:1003600032B110F8013B013A83EA010313B1F8D12D
:100370000020704701387047002D06BF354603380E
:10038000073815F0010F07D1013015F4807F02BF47
:10039000013015F4C03F0130F0BC0138704700BF98
:1003A000034613F8012B002AFBD1181A01387047B5
:1003B00081F0004102E000BF83F0004330B54FEA16
:1003C00041044FEA430594EA050F08BF90EA020F83
:1003D0001FBF54EA000C55EA020C7FEA645C7FEA16
:1003E000655C00F0E2804FEA5454D4EB5555B8BF39
:1003F0006D420CDD2C4480EA020281EA030382EAAA
:10040000000083EA010180EA020281EA0303362D3B
:1004100088BF30BD11F0004F4FEA01314FF4801C0E
:100420004CEA113102D0404261EB410113F0004F20
:100430004FEA03334CEA133302D0524263EB4303D7
:1004400094EA050F00F0A780A4F10104D5F1200E75
:100450000DDB02FA0EFC22FA05F2801841F10001D0
:1004600003FA0EF2801843FA05F359410EE0A5F1A4
:1004700020050EF1200E012A03FA0EFC28BF4CF0D5
:10048000020C43FA05F3C01851EBE37101F000458B
:1004900007D54FF0000EDCF1000C7EEB00006EEB98
:1004A0000101B1F5801F1BD3B1F5001F0CD3490822
:1004B0005FEA30004FEA3C0C04F101044FEA445279
:1004C00012F5800F80F09A80BCF1004F08BF5FEA00
:1004D000500C50F1000041EB045141EA050130BDE0
:1004E0005FEA4C0C404141EB0101013C28BFB1F5F2
:1004F000801FE9D291F0000F04BF01460020B1FA3D
:1005000081F308BF2033A3F10B03B3F120020CDA0F
:100510000C3208DD02F1140CC2F10C0201FA0CF0ED
:1005200021FA02F10CE002F11402D8BFC2F1200C52
:1005300001FA02F120FA0CFCDCBF41EA0C01904008
:10054000E41AA2BF01EB0451294330BD6FEA040451
:100550001F3C1CDA0C340EDC04F11404C4F120023C
:1005600020FA04F001FA02F340EA030021FA04F34E
:1005700045EA030130BDC4F10C04C4F1200220FAA5
:1005800002F001FA04F340EA0300294630BD21FAE3
:1005900004F0294630BD94F0000F83F4801306BFA9
:1005A00081F480110134013D4EE77FEA645C18BF9D
:1005B0007FEA655C29D094EA050F08BF90EA020F34
:1005C00005D054EA000C04BF1946104630BD91EA2C
:1005D000030F1EBF0021002030BD5FEA545C05D12F
:1005E0004000494128BF41F0004130BD14F580046E
:1005F0003CBF01F5801130BD01F0004545F0FE41E2
:1006000041F470014FF0000030BD7FEA645C1ABF16
:10061000194610467FEA655C1CBF0B46024650EA4D
:10062000013406BF52EA033591EA030F41F4002179
:1006300030BD00BF90F0000F04BF0021704730B5FF
:100640004FF4806404F132044FF000054FF00001D4
:1006500050E700BF90F0000F04BF0021704730B595
:100660004FF4806404F1320410F0004548BF40426A
:100670004FF000013EE700BF42004FEAE2014FEABF
:1006800031014FEA02701FBF12F07F4393F07F4F9A
:1006900081F06051704732F07F4208BF704793F09D
:1006A0007F4F04BF41F40021704730B54FF46074B0
:1006B00001F0004521F000411CE700BF50EA0102B3
:1006C00008BF704730B54FF000050AE050EA01025C
:1006D00008BF704730B511F0004502D5404261EBCC
:1006E00041014FF4806404F132045FEA915C3FF40D
:1006F000D8AE4FF003025FEADC0C18BF03325FEAAA
:10070000DC0C18BF033202EBDC02C2F1200300FA5A
:1007100003FC20FA02F001FA03FE40EA0E0021FA7F
:1007200002F11444BDE600BF7BB972B90029BEBF17
:1007300000204FF0004106E008BF00281CBF6FF00A
:1007400000414FF0FF3000F00BBAADF1080C6DE93D
:1007500004CE002909DB002B1ADB00F085F8DDF858
:1007600004E0DDE9022304B07047404261EB41013F
:10077000002B1BDB00F078F8DDF804E0DDE9022354
:1007800004B0404261EB4101524263EB43037047C6
:10079000524263EB430300F067F8DDF804E0DDE963
:1007A000022304B0404261EB41017047524263EBC7
:1007B000430300F059F8DDF804E0DDE9022304B05A
:1007C000524263EB4303704753B94AB9002908BF4B
:1007D00000281CBF4FF0FF314FF0FF3000F0C0B9D0
:1007E000ADF1080C6DE904CE00F03EF8DDF804E050
:1007F000DDE9022304B0704708B502460B4643EC1E
:10080000172BB5EEC07BF1EE10FA03D4BDE808401B
:1008100000F00AB8B1EE477B51EC170B00F004F87A
:10082000404261EB410108BD9FED0B6B41EC170BA2
:100830009FED0B5B27EE066BBCEEC66BB8EE464B2E
:10084000A4EE457BFCEEC77B16EE101A17EE900A5D
:10085000704700BFAFF30080000000000000F03DD3
:10086000000000000000F0412DE9F047089D8E4691
:1008700004468846002B4AD18A42174662D9B2FA0A
:1008800082F64EB1C6F1200301FA06F820FA03F30E
:10089000B74043EA0808B4404FEA174E1FFA87FCF6
:1008A000B8FBFEF1230C0EFB118843EA084301FB61
:1008B0000CF29A4209D9FB1801F1FF3080F0EA806E
:1008C0009A4240F2E78002393B449A1AA3B2B2FB43
:1008D000FEF00EFB102243EA024300FB0CFC9C4599
:1008E00009D9FB1800F1FF3280F0D6809C4540F218
:1008F000D3803B44023840EA0140A3EB0C030021C3
:100900001DB1F3400022C5E90032BDE8F0878B42FB
:1009100005D90DB1C5E9000100210846F5E7B3FA94
:1009200083F1002946D1734502D3824200F205814A
:10093000841A6EEB030201209046002DE5D0C5E934
:100940000048E2E7002A00F09080B2FA82F6002E1A
:1009500040F0A4808A1A030C4FEA174E80B2BCB252
:100960000121B2FBFEFC0EFB1C2243EA024304FB06
:100970000CF29A4207D9FB180CF1FF3802D29A42C6
:1009800000F2E080C4469B1AB3FBFEF20EFB12336A
:1009900040EA034302FB04F49C4207D9FB1802F12E
:1009A000FF3002D29C4200F2CA8002461B1B42EA80
:1009B0000C40A5E7C1F120068B4022FA06F71F4341
:1009C0000EFA01F420FA06F32EFA06FE4FEA174952
:1009D000234300FA01F81FFA87FCBEFBF9F01C0C58
:1009E00009FB10EE44EA0E4400FB0CFEA64502FA99
:1009F00001F209D93C1900F1FF3A80F09C80A6452C
:100A000040F2998002383C44A4EB0E041FFA83FEA6
:100A1000B4FBF9F309FB13444EEA044403FB0CFC5A
:100A2000A44508D93C1903F1FF3E80F08280A4451B
:100A30007FD9023B3C4443EA0040A4EB0C04A0FBFA
:100A400002EC64457346E14662D35FD05DB1B8EB1A
:100A5000030264EB090404FA06F622FA01F31E43CA
:100A6000CC40C5E9006400214FE7B1FBF2FC010C6A
:100A700041EA0E4180B240EA01423B4638463C46DC
:100A8000B846BE462026B1FBF7F1A2EB080241EAC8
:100A90000C4166E7014618E710462CE7C6F1200234
:100AA0002EFA02F3B740B14020FA02F24FEA174E95
:100AB0000A43B3FBFEF8BCB20EFB1833110C41EA3B
:100AC000034108FB04F9B04089454FEA104380B266
:100AD0003ED9791808F1FF3C01D289451FD8A1EB16
:100AE0000901B1FBFEF909FB04F80EFB191192B2E2
:100AF00042EA0142424529D2BA1809F1FF31C4D273
:100B00004245C2D2A9F102013A44BEE7F0459DD266
:100B1000BEEB02036CEB070C0138E14696E7A7EB4E
:100B200009094944A8F1020CB1FBFEF909FB04F8DC
:100B3000DBE773467FE7504666E70846FDE63B4441
:100B4000023A33E7ACF1020C3B441CE749469CE710
:100B5000A1EB0901C446B1FBFEF909FB04F8C4E7A7
:100B6000704700BF00B585B0002301930293039343
:100B70001848194A02604FF4403242608360C360F3
:100B800004220261037543750122826102770262C9
:100B900043628362C3620363436380F838204FF487
:100BA0008061C1634FF4A07101644364826416F0F4
:100BB000EDFF48B90023019301A9064817F012F987
:100BC00028B905B05DF804FB13F024FBF2E713F03D
:100BD00021FBF6E7DCF500240020024000B589B0D7
:100BE00000230193029303930493059306930793C1
:100BF0000A4B0193062302930423039340F2FF72EE
:100C0000049205930DEB0301054816F0EBFA10B9B9
:100C100009B05DF804FB13F0FDFAF9E70800900C49
:100C2000DCF5002400B589B00023019302930393FF
:100C300004930593069307930A4B019306230293AB
:100C40000423039340F2FF72049205930DEB03011A
:100C5000054816F0C7FA10B909B05DF804FB13F0A7
:100C6000D9FAF9E72000F014DCF5002400B589B0CA
:100C70000023019302930393049305930693079330
:100C80000A4B0193062302930423039340F2FF725D
:100C9000049205930DEB0301054816F0A3FA10B971
:100CA00009B05DF804FB13F0B5FAF9E78000501DB8
:100CB000DCF5002400B589B000230193029303936F
:100CC00004930593069307930A4B0193062302931B
:100CD0000423039340F2FF72049205930DEB03018A
:100CE000054816F07FFA10B909B05DF804FB13F05F
:100CF00091FAF9E71000C010DCF5002400B589B0C6
:100D0000002301930293039304930593069307939F
:100D10000A4B0193062302930423039340F2FF72CC
:100D2000049205930DEB0301054816F05BFA10B928
:100D300009B05DF804FB13F06DFAF9E70000844B8D
:100D4000DCF5002400B589B00023019302930393DE
:100D500004930593069307930A4B0193062302938A
:100D60000423039340F2FF72049205930DEB0301F9
:100D7000054816F037FA10B909B05DF804FB13F016
:100D800049FAF9E70000B84FDCF5002400EBC00297
:100D9000424B03EBC20393F86831012B3AD000EBCE
:100DA000C0023E4B03EBC20393ED5C6AD3ED5B6A7A
:100DB00076EE665AB5EEC00AF1EE10FA6ADDF3EE91
:100DC0000E7A85EEA77A27EE007A36EE877A00EB68
:100DD000C002324B03EBC20393ED5E5AC5EE857A37
:100DE00067EE877A93ED5D7A77EE877AB4EEE76AFD
:100DF000F1EE10FA01D4B0EE676AF4EEC66AF1EED5
:100E000010FA01DCF0EE466A254B03EB8003C3EDDC
:100E1000006A7047214B03EBC20393ED5C6AD3ED8C
:100E20005B6A76EE665AF1EE007AB4EEE70AF1EE0E
:100E300010FA2CDD30EE670ADFED1A7A65EEA77A3C
:100E400067EE807A76EEA77A00EBC002134B03EBD5
:100E5000C20393ED5E5A85EE857A67EE277A93EDAD
:100E60005D7A77EE877AB4EEE76AF1EE10FA01D494
:100E7000B0EE676AF4EEC66AF1EE10FA01DCF0EE4D
:100E8000466A074B03EB8003C3ED006A70479FED92
:100E9000060AD1E79FED040A91E700BF6033002402
:100EA000B40700240000803D0000000082B00191E2
:100EB00000EBC001824B03EBC10393F86831012BB7
:100EC00003D0022B78D002B070477D4900EBC003FD
:100ED00001EBC303B3F87CC107EE90CAF8EE676A72
:100EE000B3F87EC107EE10CAB8EE477AB3F880C1F6
:100EF00006EE10CAB8EE466AB3F882C107EE90CA91
:100F0000F8EE675A93ED615AD3ED624A93ED634A66
:100F1000D3ED643ADDED017AF8EEE77AF4EEC77AC4
:100F2000F1EE10FA0EDD77EEC77A35EE645A67EE11
:100F3000857A76EEC76A87EEA67A77EE247AC2EDD6
:100F4000007AC0E7F4EEC67AF1EE10FA13DDF4EEA3
:100F5000C77AF1EE10FA0ED877EEC67A74EEC44A6C
:100F600067EEA47A37EE467AC7EE876A76EE847A21
:100F7000C2ED007AA7E7F4EEE57AF1EE10FA13DDA0
:100F8000F4EEC67AF1EE10FA0ED877EEE57A34EE8A
:100F9000634A67EE847A36EE656A87EE867A77EE84
:100FA000237AC2ED007A8EE7F4EEE57AF1EE10FADC
:100FB00089D80023136086E7414900EBC00301EBA9
:100FC000C303B3F894C107EE90CAF8EE675AB3F8BA
:100FD00096C107EE90CAF8EE676AB3F898C107EEBB
:100FE00010CAB8EE477AB3F89AC107EE90CAB8EEC5
:100FF000676AD3ED673A93ED684A93ED695AD3ED8A
:101000006A4ADDED017AF8EEE77AF4EEC77AF1EE9E
:1010100010FA0ED577EEC67A35EE645A67EE857A09
:1010200037EE467AC7EE876A76EEA47AC2ED007A8A
:1010300049E7F4EEC77AF1EE10FA13DDF4EEE67A42
:10104000F1EE10FA0ED577EEC77A34EE454A67EE28
:10105000847A76EEC76A87EEA67A77EE057AC2EDD5
:10106000007A30E7F4EEC77AF1EE10FA0EDD77EE93
:10107000E67A73EEC43A67EEA37A75EEE65A87EE27
:10108000A57A77EE047AC2ED007A1CE7F4EE477A8F
:10109000F1EE10FA02D182ED005A14E7F4EE667A0E
:1010A000F1EE10FA02D182ED004A0CE7F4EE657A17
:1010B000F1EE10FA7FF407AFC2ED003A03E700BF8C
:1010C0006033002438B50C46124D284616F0BAFBA2
:1010D0004FF47A71284615F0E9FF284616F07EF89D
:1010E0000D4B43F824000D4D05EB840281B22046E0
:1010F000FFF7DCFE95ED037AF0EE047AB4EEE77AC2
:10110000F1EE10FA01D50022EA60024816F06CFCFC
:1011100038BD00BFDCF50024F4070024DC07002400
:1011200038B505460C46052906D8DFE801F0030A64
:101130000D101316FFF7E2FD21462846FFF7C2FF08
:1011400038BDFFF7FFFDF7E7FFF748FDF4E7FFF7CE
:101150008DFDF1E7FFF7AEFDEEE7FFF763FDEBE78F
:1011600070B541F288301CF00FFD4FF49672A5491E
:10117000A5481CF013FC70E04FF496701CF004FDC1
:10118000A24EA34D06F1300EB446BCE80F00286015
:101190006960AA60EB6066461035F445F4D103CE71
:1011A000286069603288B3782A81AB72012298493D
:1011B00010460EF063FB09E0954D9649284627F04E
:1011C00043F80122294610460EF058FB0134924B99
:1011D0001B79A34235D904EB4402904B03EBC203C5
:1011E000DA7C002AE8D104EB44028C4B03EBC20307
:1011F0005B78002BEAD1834E4FF496720021304683
:1012000027F036F904EB4403844D05EBC30529466A
:10121000A6F2351013F0A1FC4FF4FA6101201DF085
:101220002BFF0028A8D064201CF0AEFC2946A6F2B3
:10123000351014F00FFD7A4BD3F8DC021CF0A4FC3F
:10124000C4E7784B1B78012B10D04FF47A701CF058
:101250009BFC4FF4FA701CF097FC734B00221A6051
:10126000724B1B78042B6FD10024B0E7704B5B6886
:10127000A3B1674D6F4C0FCC28606960AA60EB602A
:1012800007CC28616961AA612288A378AA83AB7719
:101290000122294610460EF0F1FAD6E70021614AF4
:1012A00011705E4C84F8D13B614B1A7A84F8D22BD2
:1012B0001A7884F8D32BDA68A4F8D42B1A7CA4F813
:1012C000D62B5869D4F8D82B10805A7884F8E22BA2
:1012D0009B7884F8D03B4B4D4FF49672284627F00C
:1012E000C7F804F53D61A5F2351013F036FC4FF454
:1012F000FA6101201DF0C0FE70B164201CF044FCB6
:1013000004F53D61A5F2351014F0A4FC444BD3F86C
:10131000DC021CF039FCACE7474D3D4C05F1300CCC
:101320002E460FCE20606160A260E3603546103427
:101330006645F5D107CD20606160A2600122344985
:1013400010460EF09BFA94E74FF4FA6101201DF06D
:1013500093FE00283FF47DAF32201CF015FC374B84
:101360001B78DBB2012B39D0354B1B78012B00F0F9
:101370003E81344B1B78DBB2012B00F03881324BBD
:101380001B78002B00F0B0821E4C2046FFF708F8B7
:101390000146204612F02CFA2C4B1A88002A40F005
:1013A0009282294B00221A70294B93F90030002BAE
:1013B00006DD013B5BB2264A1370002B00F08A82E7
:1013C000104C4FF496752A460021204627F050F81D
:1013D0002A4621460C481CF0E1FA29E1184B1C78FA
:1013E000002CC1D10021154B197040F2DC52194874
:1013F00027F03EF84BE0174A174902200EF048FB51
:1014000058E000BF85F7002460F4002450DB040896
:10141000080800248CDB0408E827002438FB00249B
:1014200060330024B4730424F014002450F6002424
:101430002818002404DC0408C8DB04088BCF00242F
:101440008ECF00248ACF002489CF002440E30024DB
:101450008703002434090024100F0024AC4D2846D3
:10146000FEF79EFF4FF0FF3382B22946A9481CF0D9
:10147000F7F80023A84A1370A84A536001F070FEE1
:10148000A74B1B78002B2ED0C8201CF07DFB012C15
:1014900000F2CE8040F2DC52A2499E481CF07EFA57
:1014A000002840F088809A4A9E4902200EF0F0FA07
:1014B0000028A0D1994B5B68032BE1D1974BDB68E7
:1014C000022BDDD1924B954A127C0021022007F0BD
:1014D0002DFB0028C2D08E4B904A127C00210220A6
:1014E00007F024FBBAE78A4D2846FEF759FF4FF074
:1014F000FF3382B2294687481CF0B2F8864B1B782E
:10150000012BC1D1854B5B68022BBDD1844B1B786D
:10151000002BB9D14FF4FA701CF036FB7F4BDB681F
:10152000022B1BD07A4B7D4A127C0021022007F04F
:10153000FDFA002837D14FF4FA701CF025FB744DEA
:101540002846FEF72DFF4FF0FF3382B2294671483F
:101550001CF086F8704B00221A7095E72B466F4AF4
:10156000127C0021022007F0E1FAA0B9684D28465C
:10157000FEF716FF4FF0FF3382B2294665481CF094
:101580006FF8654B00221A7012F0CAFD42F210701B
:101590001CF0FAFA78E72B46604A127C0021022000
:1015A00007F0C4FAE2E75A4B5C4A127C00210220A1
:1015B00007F0BCFABFE75C4B00221A70C8201CF091
:1015C000E3FA5A4B1B78012B7FF461AF574B002293
:1015D0001A704F4D2846FEF7E3FE4FF0FF3382B2FC
:1015E00029464C481CF03CF80134E4B24FE7484C23
:1015F00040F2DC520021204626F03AFF22464C49B8
:1016000001200EF045FAB8B9454B1B78022B19D0D2
:10161000032B00F0E180464C4FF496752A460021DA
:10162000204626F025FF2A4621463A481CF0B6F906
:1016300032201CF0A9FA0CE622463D4901200EF0AA
:1016400027FAE1E73B4B1B78012B2FD03A4B1B7855
:10165000012B43D0394B1B78012B47D0384B1B78DB
:10166000012B4BD0374B1B78012B79D0364B1B7895
:10167000012B7DD0354B1B78012B00F08680344B3D
:101680001B78012B00F08E80324B1B78012B00F071
:101690009680314B1B78012B0ED12F4B00221A70F4
:1016A00002221146104611F0D7FA05E00021214B25
:1016B0001970022011F014F8154C2046FEF770FE48
:1016C0004FF0FF3382B2214612481BF0C9FF234B73
:1016D0001B78002B9FD003F04FFD9CE7164B002298
:1016E0001A700121022010F0FBFFE5E7134B0022E6
:1016F0001A700121022011F04FF9DDE7104B002292
:101700001A7001221146022011F0A6FAD4E700BF98
:101710003409002460F40024508500243C85002412
:1017200034E30024100F00248BCF00248CCF00243E
:1017300085F700240BE300240AE3002409E30024D6
:1017400008E3002407E30024F9E20024F8E200247F
:10175000F7E20024F6E2002406E3002405E3002477
:10176000634B00221A700221084611F015F9A3E715
:10177000604B00221A7001245F4B1C7003F06CFC5C
:101780002146022011F084F996E75C4B00221A7082
:10179000594B01221A7003F05FFC0221084611F038
:1017A00077F989E7564B00221A70534B01221A70C1
:1017B00003F052FC0321022011F06AF97CE7514B3F
:1017C00000221A704C4B01221A7003F045FC0421D0
:1017D000022011F05DF96FE74B4B1B78012B26D0EF
:1017E0004A4B1A785ABB4A4B1A78002A3BD1494BCC
:1017F0001B78012B40D0484B1B78012B43D0474B23
:101800001B78012B47D0464B1B78012B4BD0454B07
:101810001B78012B4FD0444B1B78012B17D1424B27
:1018200000221A700221084611F0F2FB0FE002219B
:10183000084610F055FF344B00221A7007E0013AB9
:101840000021022011F0A0FD304B00221A70374C0D
:101850002046FEF7A5FD4FF0FF3382B22146344803
:101860001BF0FEFED7E6013A0121022011F08CFDAB
:10187000274B00221A70EAE70021264B197002203C
:1018800010F0ECFFE3E7244B00221A700121022044
:1018900010F0E4FFDBE7214B00221A70022108461A
:1018A00010F0DCFFD3E71E4B00221A70012102204A
:1018B00011F0AEFBCBE71B4B00221A700321022074
:1018C00010F0CCFFC3E741F288331A4918481BF0E7
:1018D000C7FE69E5C8201CF057F9174B00221A70A3
:1018E000164BFF221A706BE5002014F001FA9FE6F8
:1018F00007E30024F9E200248DCF0024F8E200245D
:10190000F7E20024F6E2002404E3002403E30024C9
:1019100002E3002401E3002400E30024FFE20024AA
:10192000FEE20024FDE20024FCE20024340900244D
:1019300060F4002444E3002489CF002487030024BA
:1019400010B51B481B4B03604FF4E1334360002389
:101950008360C36003610C2242618361C3610362DF
:10196000436283621BF049FFB0B9002110481CF0AC
:1019700083F8A0B900210E481CF0A3F890B90C48D8
:101980001CF05BF888B90A4C642120461BF080FAF1
:1019900020461BF089FA10BD12F03CFCE5E712F07E
:1019A00039FCE7E712F036FCE9E712F033FCEAE72E
:1019B00060F400240010014010B588B00DF1040C53
:1019C000074C0FCCACE80F0094E807008CE8070048
:1019D000002101A81CF0A5F8024B186008B010BD4A
:1019E00040DA0408EC1400240422002304E010F878
:1019F00002C06344DBB201329142F8DCD843C0B28A
:101A000070470000F0B5ADF2FC5D254B93F8DC3576
:101A1000013BDBB2FD2B03D9214B072283F8DC25E8
:101A20001F4C4FF4BC652A46214606A826F031FF1C
:101A300094F8D43594F8D52594F8D615B4F8D8058B
:101A400094F8DA7594F8DCC5164ECDF814C00497F6
:101A50000390029101920093D4F8D03594F8DB25DD
:101A60001149304626F0F0FB0122314610460DF0B8
:101A700005FF294606A8FFF7B7FF8DF81900ADF856
:101A80001A500022294606A805F090FE642015F0A1
:101A900085FA064B00221A700DF2FC5DF0BD00BF06
:101AA00060330024080800243CDC0408DC00012426
:101AB000F0B589B00446C04D00224FF4BC61284601
:101AC00005F0EEFE2D78AB2D12D1BB4B5E884FF6A4
:101AD000FF739E420CD0B6F5BC6F80F09280B64882
:101AE00047783146FFF780FF874279D100230DE028
:101AF000B24EB14B5B882A46B149304626F0A4FB72
:101B00000122314610460DF0B9FE0123012C08BF19
:101B100043F00103002B40F08F80AA4B1B78002B71
:101B200040F08882A448C3680133C360A649763078
:101B3000FEF7D6FB002840F0BB829F4B93F89C3306
:101B4000012B06D99C4B002283F89C239F4B01223A
:101B50001A70994B93F85131012B06D9964B0022FC
:101B600083F85121994B01221A70934B93F850310D
:101B7000032B06D9904B002283F85021934B01226E
:101B80001A708D4B93F85231172B06D98A4B0522C8
:101B900083F852218D4B01221A70874B93F85331F1
:101BA0003C2B06D9844B1E2283F85321874B0122FC
:101BB0001A70814B93F8DC35013BDBB2FD2B06D963
:101BC0007D4B072283F8DC25804B01221A707F4B66
:101BD0001B78002B00F02E827D4B0A221A6029E22E
:101BE000764F4FF4BC63009333462A467949384612
:101BF00026F02AFB0122394610460DF03FFE012354
:101C000084E76D4847784FF4BC61FFF7EDFE8742EB
:101C100001D100237AE7694F4FF4BC630093334648
:101C20002A466D49384626F00FFB012239461046F8
:101C30000DF024FE012369E75F4CAB2323704FF4C2
:101C4000BC612046FFF7D0FE60704FF4BC63638038
:101C50000022E2600A232361012323755F4903C93F
:101C6000E061218458490868C4F876008888897939
:101C7000A4F87A0084F87C1059490868C4F83A003E
:101C80008888E08703C9A065A4F85C10A36122716D
:101C9000032161712321E1710F21A17102212172C0
:101CA0005049C4F8981050490868C4F8B6004F4924
:101CB00003C9C4F8D400A4F8D81084F85121052130
:101CC00084F852111E2084F8530184F85021C4F87E
:101CD0003831C4F83C3134A7D7E90067C4E950670C
:101CE00033A7D7E90067C4E952670820C4F8580150
:101CF0001620C4F85C01C4F8601184F8CC324EE0C0
:101D0000551C2D4C02EBC20304EBC303C3F8645112
:101D10000021C3F86C114FF08340C3F87001C3F881
:101D20007411C3F87801012083F868014FF48B60C7
:101D3000A3F8820143F2E840A3F8800147F6F75088
:101D4000A3F87E014FF2C770A3F87C01C3F890118D
:101D50004FF08140C3F88C012548C3F8880125481D
:101D6000C3F8840140F26640A3F89A0141F24600AC
:101D7000A3F8980148F2E400A3F896014FF6236017
:101D8000A3F89401C3F8A8114FF07F51C3F8A41130
:101D90001949C3F8A011194AC3F89C21EAB2022AD2
:101DA000AED9032279E000BF86032159C00C374029
:101DB000F5F3A622152052406033002408080024C1
:101DC00010DD04088ECF0024ACDD0408DC00012403
:101DD0007004002450DD04087CDD0408A4DD040840
:101DE000B4DD040878797A00BCDD0408C0DD04089D
:101DF000000020410000A041000070410000F041BF
:101E0000551CB14C02EBC20304EBC303C3F864518D
:101E10000021C3F86C11AD48C3F87001C3F8741108
:101E2000C3F87801022683F868614FF48B66A3F843
:101E3000826143F2E846A3F8806147F6F756A3F8BB
:101E40007E614FF2C776A3F87C61C3F890114FF022
:101E50008146C3F88C619E4EC3F888619D4EC3F8DD
:101E6000846140F26646A3F89A6141F24606A3F8FF
:101E7000986148F2E406A3F896614FF62366A3F84A
:101E80009461C3F8A8114FF07F51C3F8A41192498F
:101E9000C3F8A011C3F89C01EAB2042AB0D98A4D54
:101EA000012785F8D07285F8D172032385F8D232E4
:101EB0004FF41653C5F8D432002485F8D842642371
:101EC000C5F8DC3285F8E07285F8E14285F8E24237
:101ED000824B05F5397C0FCBACE807002CF8023BB0
:101EE0001B0C8CF8003040F25C73C5F8983385F811
:101EF0009C437B4B93E80300C5F8F802A5F8FC125D
:101F0000090C85F8FE1293E80300C5F80C03A5F848
:101F10001013090C85F8121305F56173714A07CA8D
:101F200083E80700704B05F5487693E8070003C681
:101F3000327003CBC5F85203C5F856131B7885F8E9
:101F40005A336A4BC5F8A0330523C5F8C03385F86A
:101F5000C4730223C5F8C83385F8CC43C5F8D04311
:101F600085F8D433234606E0574A1A44002182F804
:101F7000D5130133DBB2222BF6D95D4C1E22002192
:101F8000204626F075FA022323621623636200239B
:101F90001CE04D4903EB830201EB82020020C2F8F2
:101FA000200402F224440020206002F58564514D93
:101FB000256002F22C42504C146003EB830201EBCB
:101FC000820101F5866108600133DBB2012BE0D9A3
:101FD000002212E002EB82013B4B0B44012183F80B
:101FE0006015002083F86105642483F8624583F856
:101FF000630583F864150A44D2B2152AEAD9324B34
:102000003E4AC3F8D025082183F8D415002283F86E
:10201000D525012083F8D605A3F8D815162183F815
:10202000DA1583F8DB25072183F8DC1583F81624FD
:10203000FFF7E8FC244C94F8D43594F8D52594F8AF
:10204000D615B4F8D80594F8DA652D4D04F1760765
:10205000069705960490039102920193D4F8D03527
:10206000009394F8DB35274A4FF49671284626F002
:10207000B5F80122294610460DF000FCD4F8D02511
:10208000214B1A6094F8D425204B1A7094F8D5256A
:102090001F4B1A7094F8D6251E4B1A70B4F8D82529
:1020A0001D4B1A8094F8DA251C4B1A7009B0F0BD4C
:1020B0001B4B1C4A106818609188927999809A711C
:1020C000194B01221A7038E5603300240000F041FA
:1020D000000020410000A04100007041C8DD04085C
:1020E000D8DD0408E0DD0408ECDD0408777777002C
:1020F00058370024CDCCCC3D0000604064CE8F33F7
:1021000008080024F8DD040848F6002446F60024F8
:1021100045F6002444F6002442F6002440F600244C
:10212000D6330024ACDD0408DC00012410B5E4B093
:102130004FF4C67422460A4901A826F0AAFB21469C
:1021400001A8FFF751FC8DF80500ADF806404FF4EB
:102150004042214601A805F029FB64B010BD00BF34
:10216000D0310024F0B583B00446934D4FF4404283
:102170004FF4C671284605F093FB2D78AB2D11D195
:102180008D4B5E884FF6FF739E420BD0B6F5C67F2F
:102190003CD2894847783146FFF726FC874224D154
:1021A00000230DE0854E844B5B882A4684493046E7
:1021B00026F04AF80122314610460DF05FFB01235C
:1021C000012C08BF43F00103002B00F0F2807A4C91
:1021D000AB2323704FF4C6712046FFF705FC6070F7
:1021E0004FF4C673638000217BE0744F4FF4C673D5
:1021F000009333462A467349384626F025F80122D3
:10220000394610460DF03AFB0123D9E76A48477872
:102210004FF4C671FFF7E8FB874201D10023CFE7F7
:10222000664F4FF4C673009333462A4666493846D4
:1022300026F00AF80122394610460DF01FFB012353
:10224000BEE701EBC102614B03EBC203D3F864416B
:10225000594800EBC2025460D3F86C41D460D3F803
:1022600070411461D3F874415461D3F8784194619A
:1022700093F868411472B3F882415484B3F88041F2
:102280001484B3F87E41D483B3F87C419483D3F8AB
:1022900090411463D3F88C41D462D3F8884194629E
:1022A000D3F884415462B3F89A415487B3F8984103
:1022B0001487B3F89641D486B3F894419486D3F842
:1022C000A8419464D3F8A4415464D3F8A0411464A1
:1022D000D3F89C3101EBC10200EBC200C3630131B2
:1022E000C9B20429ADD93A4C1E220021204626F05D
:1022F000BFF8384D0FCD0FC495E80F0007C42380F9
:10230000FFF714FF03B0F0BD01EBC1022A4B03EB52
:10231000C2031C7A2D4800EBC20282F868415C8C33
:10232000A2F882411C8CA2F88041DC8BA2F87E418D
:102330009C8BA2F87C411C6BC2F89041DC6AC2F80D
:102340008C419C6AC2F888415C6AC2F884415C8F07
:10235000A2F89A411C8FA2F89841DC8EA2F896410F
:102360009C8EA2F894419C6CC2F8A8415C6CC2F8A7
:10237000A4411C6CC2F8A041DB6B01EBC10200EB75
:10238000C200C0F89C310131C9B20429BCD9114C3A
:102390001E220021204626F06BF8A4460C4C0FCCE0
:1023A000ACE80F0094E80F00ACE80700ACF8003090
:1023B000A8E70021E9E700BFD03100240808002485
:1023C000ACDE0408F8DE04083CDF040860330024B7
:1023D0003C3300245837002410B5084C4FF40271E8
:1023E0002046FFF701FB60704FF4027161804FF4EB
:1023F0000052204605F0DAF910BD00BFC82F0024B6
:10240000F0B583B00646424C4FF400524FF40271CF
:10241000204605F045FA2478AB2C11D13C4B5D8861
:102420004FF6FF739D420BD0B5F5027F40D238487E
:1024300047782946FFF7D8FA874228D1002310E0D1
:10244000344F3C46344D0FCD0FC40FCD0FC40FCDCC
:102450000FC42B6823700122394610460DF00EFA86
:102460000123012E08BF43F00103002B4ED0284C5E
:10247000AB2323704FF402712046FFF7B5FA60706A
:102480004FF4027363801023636000223AE0214F0F
:102490004FF4027300932B4622462049384625F01C
:1024A000D3FE0122394610460DF0E8F90123D8E7A2
:1024B000174847784FF40271FFF796FA874201D127
:1024C0000023CEE7134F4FF4027300932B462246AE
:1024D0001349384625F0B8FE0122394610460DF062
:1024E000CDF90123BDE711460132D2B2084C01EB10
:1024F000410304EB43035A72002018729872D87299
:1025000018735873532AEED9FFF766FF03B0F0BD76
:10251000C82F0024F41400247CDF0408B0DF040872
:10252000FCDF040810B5074C08212046FFF75CFAD1
:102530006070082161804FF46042204605F036F952
:1025400010BD00BF08170024F0B583B00546414C0C
:102550004FF460420821204605F0A2F92478AB2C04
:1025600010D13C4B5E884FF6FF739E420AD0072E77
:1025700053D8384847783146FFF736FA87423CD17E
:10258000002214E0344EB446344C0FCCACE80F00BB
:102590000FCCACE80F0094E80F00ACE807008CF813
:1025A00000300122314610460DF068F90122294918
:1025B0004B6801334B60012D08BF42F00102002A35
:1025C00044D0AB220A70264AD2684A60214B5A682E
:1025D00007EE902AF8EE677A224BC3ED007A224C80
:1025E0002249204625F030FE0122214610460DF0FA
:1025F00045F9FFF797FF03B0F0BD174F082300938D
:10260000334622461A49384625F01EFE0122394635
:1026100010460DF033F90122C9E70E48477808212A
:10262000FFF7E2F9874201D10022C0E70A4F0823F1
:102630000093334622460F49384625F005FE012215
:10264000394610460DF01AF90122B0E7044AD3606A
:10265000BCE700BF08170024F414002444E0040879
:1026600060330024BC1904240808002400E1040895
:1026700074E00408BCE0040810B5ADF5FC6D4FF43F
:10268000FC6422460A49684626F003F9214668465A
:10269000FFF7AAF98DF80100ADF802404FF480422F
:1026A0002146684605F082F80DF5FC6D10BD00BFAF
:1026B000E8270024F0B583B00646464C4FF480422C
:1026C0004FF4FC61204605F0EBF82478AB2C11D1D7
:1026D000404B5D884FF6FF739D420BD0B5F5FC6F04
:1026E00045D23C4847782946FFF77EF987422DD1ED
:1026F000002312E0384F3C46384D0FCD0FC40FCDAC
:102700000FC40FCD0FC495E80F0007C4237001223A
:10271000394610460DF0B2F80123012E08BF43F0F0
:102720000103002B53D02B4CAB2323704FF4FC61DF
:102730002046FFF759F960704FF4FC636380002274
:1027400022716271A2601123E3603CE0224F4FF4DA
:10275000FC6300932B4622462149384625F074FD40
:102760000122394610460DF089F80123D5E71948B2
:1027700047784FF4FC61FFF737F9874201D1002316
:10278000CBE7154F4FF4FC6300932B4622461549C7
:10279000384625F059FD0122394610460DF06EF8F5
:1027A0000123BAE710460132D2B20A4C00EB800393
:1027B00004EB83039A7400211974597459611976D2
:1027C000D96183F82010632AECD9FFF755FF03B0D5
:1027D000F0BD00BFE8270024F414002414E104082D
:1027E00054E10408A8E1040810B5ADF6A87D40F650
:1027F000A47422460A4901A826F04BF8214601A8F4
:10280000FFF7F2F88DF80500ADF806404FF4C0422E
:10281000214601A804F0CAFF0DF6A87D10BD00BF37
:1028200044180024F0B583B00446474D4FF4C0422D
:1028300040F6A471284605F033F82D78AB2D12D15F
:10284000414B5E884FF6FF739E420CD040F6A37357
:102850009E4245D83C4847783146FFF7C5F8874245
:102860002DD1002317E0394DAC46394E0FCEACE8E0
:102870000F000FCEACE80F000FCEACE80F0096E8CB
:102880000F00ACE807008CF8003001222946104602
:102890000CF0F4FF0123012C08BF43F00103002BCF
:1028A0003BD0294BAB221A700023B3F57A7F32D28A
:1028B000254A02EB8302002151600133F5E7234FE3
:1028C00040F6A473009333462A462249384625F041
:1028D000BBFC0122394610460CF0D0FF0123DAE799
:1028E0001948477840F6A471FFF77EF8874201D176
:1028F0000023D0E7154F40F6A473009333462A46D1
:102900001549384625F0A0FC0122394610460CF046
:10291000B5FF0123BFE7FFF767FF00230EE003F5D4
:102920002F70094A02EB830251680C4A02EB8002C5
:1029300011600B4A02EB830211600133B3F5967FFD
:10294000EDD303B0F0BD00BF44180024F4140024FC
:10295000FCE104083CE2040890E20408280F042487
:10296000780A042410B584B00A4B6C460FCB84E877
:102970000F0010212046FFF737F88DF801001021D5
:10298000ADF802104FF45042204604F00FFF04B09F
:1029900010BD00BF10170024F0B583B00446424DAF
:1029A0004FF450421021284604F07AFF2D78AB2DC9
:1029B00010D13D4B5E884FF6FF739E420AD00F2E1A
:1029C00043D8394847783146FFF70EF887422CD173
:1029D00000230DE0354E344B5B882A46344930469F
:1029E00025F032FC0122314610460CF047FF01234E
:1029F000012C08BF43F00103002B3FD12A4B5A683A
:102A00002C49C1F820249B68C1F834342A490A6053
:102A10002A4A1360244AD389527B02FB03F3284AD3
:102A200013600023536003B0F0BD204F10230093C8
:102A300033462A462349384625F006FC012239460A
:102A400010460CF01BFF0123D2E7174847781021EE
:102A5000FEF7CAFF874201D10023C9E7134F1023B5
:102A6000009333462A461849384625F0EDFB0122EB
:102A7000394610460CF002FF0123B9E70A4CAB239C
:102A8000237010212046FEF7AFFF60701023638093
:102A900000236360A3602373012363734CF25033FC
:102AA000E381FFF75FFFB5E7101700240808002453
:102AB000E4E2040860330024043A0024003A0024CD
:102AC000D839002450DD04087CDD040830B583B01B
:102AD000D64AD74B03F67811D2ED047AF8EE677A2E
:102AE000C1ED007A03F67411D2ED067AF8EEE77ABA
:102AF000C1ED007A03F51A61D2ED4E7AF8EEE77A6D
:102B0000C1ED007A03F6A411D2ED4F7AF8EEE77A20
:102B1000C1ED007A517907EE901A03F52061F8EEC5
:102B2000677AC1ED007AD17907EE901A03F6082191
:102B3000F8EE677AC1ED007A117A07EE901A03F683
:102B40008811F8EE677AC1ED007A917907EE901A54
:102B500003F60421F8EE677AC1ED007A92F8DC15ED
:102B600007EE901A03F51761F8EE677AC1ED007A67
:102B700092ED507BB7EEC77B03F5256181ED007ABE
:102B800092ED527BB7EEC77B03F6542181ED007ABC
:102B900003F67C11D2ED577AF8EEE77AC1ED007AB0
:102BA00003F51861D2ED567AF8EEE77AC1ED007AB6
:102BB00003F68411D2ED587AF8EEE77AC1ED007A87
:102BC00092F8CC2207EE902A03F6E423F8EE677A17
:102BD000C3ED007A002033E000EBC002D30093493C
:102BE000194491F8683107EE903A00EB800202F642
:102BF000ED0C8F4B03EB8C0CF8EE677ACCED007A82
:102C000002F6EE0CD1F8744103EB8C0CCCF80040CA
:102C100002F6EF0CD1F8784103EB8C0CCCF80040B5
:102C200002F50F6CD1F86C4103EB8C0CCCF8004032
:102C300002F6F102D1F8701103EB82031960013042
:102C40000428C9D9794D95F8D13207EE903A784CDD
:102C500004F61823F8EE677AC3ED007A04F6F81349
:102C6000D5EDB57AF8EE677AC3ED007A04F628233D
:102C7000D5EDB77AF8EEE77AC3ED007A05F539734A
:102C8000009301A9684609F078FC9DF8043007EE2E
:102C9000903A04F6AC13F8EE677AC3ED007A9DF82B
:102CA000053007EE903A04F51B63F8EE677AC3ED42
:102CB000007A9DF8063007EE903A04F6B413F8EE69
:102CC000677AC3ED007A9DF8073007EE903A04F674
:102CD000B813F8EE677AC3ED007A04F6BC13D5EDAD
:102CE000E67AF8EEE77AC3ED007A95F89C3307EEC2
:102CF000903A04F52B63F8EE677AC3ED007A95F805
:102D0000513107EE903A04F6B823F8EE677AC3ED36
:102D1000007A95F8523107EE903A04F6BC23F8EEAB
:102D2000677AC3ED007A95F8533107EE903A04F5CF
:102D30002C63F8EE677AC3ED007A04F6C82300220C
:102D40001A6095F8503107EE903A04F6CC23F8EE6D
:102D5000677AC3ED007A04F52363D5EDF07AF8EED7
:102D6000E77AC3ED007A95F8D43307EE903A04F68B
:102D7000A814F8EE677AC4ED007A00203FE000EB7B
:102D8000400253002B4919440B7A07EE903A00EBAE
:102D9000800202F2CD5C264B03EB8C0CF8EE677AD6
:102DA000CCED007A8C7A07EE904A02F2CE5C03EB0F
:102DB0008C0CF8EE677ACCED007ACC7A07EE904A6C
:102DC00002F2CF5C03EB8C0CF8EE677ACCED007A64
:102DD0000C7B07EE904A02F5BA6C03EB8C0CF8EE14
:102DE000677ACCED007A497B07EE901A02F2D15255
:102DF00003EB8203F8EE677AC3ED007A01305328C3
:102E0000BDD90D4A137907EE903A094B03F68C11A0
:102E1000F8EE677AC1ED007AD2ED037A03F69413E7
:102E2000F8EE677AC3ED007A002052E060330024A8
:102E3000280F0424C82F0024E827002400EB800278
:102E400093008A49194400EB4002530003F2997C35
:102E5000874A02EB8C0CD1ED057AF8EEE77ACCEDDF
:102E6000007A0C7E07EE904A03F29A7C02EB8C0CFF
:102E7000F8EE677ACCED007A03F29B7C02EB8C0CC7
:102E8000D1ED077AF8EEE77ACCED007A4C7C07EECC
:102E9000904A03F29C7C02EB8C0CF8EE677ACCED46
:102EA000007A91F8204007EE904A03F29D7C02EBF5
:102EB0008C0CF8EE677ACCED007A097C07EE901A5C
:102EC00003F29E7302EB8302F8EE677AC2ED007A9A
:102ED00001303128B2D9002238E002EB8203990098
:102EE000644B0B4402EB820041F2FE04044460494F
:102EF00001EB8404D3F8205407EE905AF8EE677A79
:102F0000C4ED007A41F2FF04044403F224452D6825
:102F100001EB8404256000F5885403F585652D6870
:102F200001EB8404256041F20114044403F22C45B2
:102F30002D6801EB8404256041F20214044403F57A
:102F40008663186801EB840318600132012AC4D932
:102F50004FF0000C47E00CEB8C01464A0A4492F813
:102F6000603507EE903A41F24E100844404B03EBB7
:102F70008000F8EE677AC0ED007A92F8610507EEFE
:102F8000900A41F24F10084403EB8000F8EE677A94
:102F9000C0ED007A92F8620507EE900A41F25010F7
:102FA000084403EB8000F8EE677AC0ED007A92F8EF
:102FB000630507EE900A41F25110084403EB8000CC
:102FC000F8EE677AC0ED007A92F8642507EE902A51
:102FD00041F252120A4403EB8203F8EE677AC3ED22
:102FE000007A0CF1010CBCF1130FB4D900231CE0E2
:102FF000214AD25C07EE902A03F6FC011C4A02EB40
:10300000C101F8EE677AC1ED007A1C4931F813105E
:1030100007EE901A41F2F91101EB430102EB810234
:10302000F8EE677AC2ED007A01330E2BE0D9144A2C
:10303000137B07EE903A0E4B03F52D61F8EE677A9D
:10304000C1ED007A517B07EE901A03F6D421F8EE19
:10305000677AC1ED007AD28907EE902A03F6D82369
:10306000F8EE677AC3ED007A03B030BDE82700249C
:10307000280F042460330024C43900244C39002470
:103080001017002410B5ADF51E6D40F6DC14224675
:103090000A4901A825F0FDFB214601A8FEF7A4FC82
:1030A0008DF80500ADF806404FF4E022214601A856
:1030B00004F07CFB0DF51E6D10BD00BF7898052453
:1030C00070B50546234C4FF4E02240F6DC11204653
:1030D00004F0E6FB2378AB2B06D162884FF6FF7332
:1030E0009A4201D0002314E01B4EB4461B4C0FCC77
:1030F000ACE80F000FCCACE80F000FCCACE80F0031
:1031000023688CF800300122314610460CF0B6FBE3
:103110000123012D08BF43F00103CBB10D4AAB23BE
:103120001370002353609360D360136153610AE00E
:10313000084A991D02EB8101002008601A44002111
:1031400082F8E8170133B3F5FA7FF1D3FFF79AFF5E
:1031500070BD00BF78980524F414002424E304080B
:1031600010B5BAB0E4242246094901A825F091FB24
:10317000214601A8FEF738FC8DF80500ADF80640A1
:103180004FF43042214601A804F010FB3AB010BDC4
:103190002017002438B5174C4FF43042E421204664
:1031A00004F07EFB2378AB2B04D162884FF6FF73CB
:1031B0009A421BD1104DAC46104C0FCCACE80F001E
:1031C0000FCCACE80F0094E80F00ACE807008CF8D7
:1031D00000300122294610460CF050FB054CE42239
:1031E0000021204625F044F9AB232370FFF7B8FFF8
:1031F00038BD00BF20170024F414002458E304084D
:103200002DE9F0432DED048BADF2044D064609EE99
:10321000101A144608EE103A0CF070F980B3054607
:103220000027B8EE499BB0EE490BB24928460CF096
:10323000F1F870B307EE904AB8EE679BB0EE490B19
:10324000AD4928460CF0E6F870B3B8EE488BB0EE06
:10325000480BAA4928460CF0DDF880B3013C0B2C42
:1032600000F2AC83DFE814F036009400DB01490380
:103270004E048505E8051F06C706FC066807050914
:103280000CF03CF9054608B10027CAE74FF0FF37BC
:10329000C7E7B0EE490B974928460CF0BBF8002869
:1032A000C8D16FF00107C5E7B0EE490B9249284637
:1032B0000CF0B0F80028C8D16FF00107C5E7B0EEF8
:1032C000480B8E4928460CF0A5F80028C6D16FF0AF
:1032D0000107C3E78A4B93ED060AB8EEC00B894994
:1032E00028460CF097F838B3874A884928460CF0EE
:1032F000C5F800282ED0864A864928460CF0BEF82C
:10330000002831D0844A854928460CF0B7F80028B7
:1033100034D0834A834928460CF0B0F8002840F0A6
:103320004D837F4A7F4928460CF0A8F8002840F0DA
:1033300045836FF0010741E3714B93ED060AB8EE48
:10334000C00B704928460CF065F80028CCD16FF00E
:103350000107C9E76C4A6D4928460CF08FF8002830
:10336000C9D16FF00107C6E7694A6A4928460CF0DF
:1033700085F80028C6D16FF00107C3E7664A6749A0
:1033800028460CF07BF80028C3D16FF00107C0E796
:103390005B4B93ED060AB8EEC00B5A4928460CF079
:1033A00039F8002879D0564B93ED4E0AB8EEC00B91
:1033B0005D4928460CF02EF800287DD0504B93ED47
:1033C0004F0AB8EEC00B594928460CF023F80028E4
:1033D00000F08180564A574928460CF04FF80028E3
:1033E00000F0BC80544A554928460CF047F80028A4
:1033F00000F0BF80524A534928460CF03FF800289D
:1034000000F0C2803E4B93F8513100EE103AB8EE16
:10341000400B4D4928460BF0FDFF002800F0BF800F
:10342000374B93F8523100EE103AB8EE400B474953
:1034300028460BF0EFFF002800F0C280304B93F8D5
:10344000533100EE103AB8EE400B414928460BF0DC
:10345000E1FF002800F0C580294B93ED500B3D495A
:1034600028460BF0D7FF002800F0CC80244B93EDCA
:10347000520B394928460BF0CDFF002840F09E82C0
:103480001F4B93ED520B344928460BF0C3FF002825
:1034900040F094826FF0010790E2194B93ED060A19
:1034A000B8EEC00B174928460BF0B4FF00287FF494
:1034B0007AAF6FF0010776E7114B93ED4E0AB8EE45
:1034C000C00B194928460BF0A5FF00287FF476AF02
:1034D0006FF0010772E70A4B93ED4F0AB8EEC00B8D
:1034E000124928460BF096FF00287FF473AF6FF067
:1034F00001076FE788E304088CE3040898E30408F5
:1035000060330024A0E304087C330024A8E304080B
:103510009A330024B4E30408B8330024C0E3040859
:10352000ACDD0408CCE30408D8E30408E4E30408B1
:10353000F8330024F0E3040816340024FCE3040804
:103540003434002408E4040814E4040824E40408DF
:1035500034E4040848E4040854E40408924A934913
:1035600028460BF08BFF00287FF43CAF6FF001077B
:1035700038E78F4A8F4928460BF080FF00287FF4F8
:1035800039AF6FF0010735E78B4A8C4928460BF0BD
:1035900075FF00287FF436AF6FF0010732E7884BE4
:1035A00093F8513100EE103AB8EE400B85492846A9
:1035B0000BF030FF00287FF433AF6FF001072FE7E7
:1035C0007F4B93F8523100EE103AB8EE400B7E4933
:1035D00028460BF01FFF00287FF430AF6FF0010783
:1035E0002CE7774B93F8533100EE103AB8EE400BCE
:1035F000764928460BF00EFF00287FF42DAF6FF0C0
:10360000010729E76E4B93ED500B714928460BF0EB
:1036100001FF00287FF42AAF6FF0010726E7684B0F
:1036200093ED560AB8EEC00B6A4928460BF0F2FE3D
:10363000D8B1634B93ED570AB8EEC00B66492846E4
:103640000BF0E8FEF8B15E4B93ED580AB8EEC00BF4
:10365000624928460BF0DEFE18B3614928460BF09C
:1036600033FF814658B30024CBE0554B93ED560A07
:10367000B8EEC00B574928460BF0CCFE0028D8D135
:103680006FF00107D5E74E4B93ED570AB8EEC00B2C
:10369000514928460BF0BEFE0028D4D16FF0010737
:1036A000D1E7474B93ED580AB8EEC00B4B4928467B
:1036B0000BF0B0FE0028D0D16FF00107CDE74849EC
:1036C00028460BF001FF002840F078816FF00307D7
:1036D00074E10BF013FF8046002840F09B804FF010
:1036E000FF3797E004EBC402354B03EBC20393EDC5
:1036F000590AB8EEC00B3B4940460BF08BFE002840
:1037000040F098806FF0010794E004EBC4022C4B6A
:1037100003EBC20393F8683100EE103AB8EE400BA9
:10372000314940460BF076FE002840F095806FF05E
:10373000010791E004EBC402214B03EBC20393EDBC
:103740005B0AB7EEC00A294940460BF063FE002829
:1037500040F092806FF001078EE004EBC402184B3A
:1037600003EBC20393ED5C0AB7EEC00A2049404662
:103770000BF050FE002840F08F806FF001078BE0C7
:1037800004EBC4020E4B03EBC20393ED5D0AB7EEEC
:10379000C00A184940460BF03DFE002840F08C80DE
:1037A0006FF0010788E000BFF8330024F0E304085D
:1037B00016340024FCE304083434002408E404082C
:1037C0006033002414E4040824E4040834E4040806
:1037D00048E4040860E4040868E4040870E40408A9
:1037E00078E404087CE4040880E4040888E404081D
:1037F00090E4040898E40408414648460BF0C4FDF0
:103800000134042C00F3DA800BF078FE80460028A7
:103810003FF45FAF04EBC402AC4B03EBC20393ED88
:10382000590AB8EEC00BAA4940460BF0F3FD002838
:103830003FF458AF04EBC402A44B03EBC20393F86C
:10384000683100EE103AB8EE400BA24940460BF04A
:10385000E1FD00283FF459AF04EBC4029B4B03EB9E
:10386000C20393ED5B0AB7EEC00A9B4940460BF0DA
:10387000D1FD00283FF45EAF04EBC402934B03EB91
:10388000C20393ED5C0AB7EEC00A944940460BF0C0
:10389000C1FD00283FF461AF04EBC4028B4B03EB86
:1038A000C20393ED5D0AB7EEC00A8D4940460BF0A6
:1038B000B1FD00283FF464AF04EBC402834B03EB7B
:1038C000C20393ED5E0AB7EEC00A864940460BF08C
:1038D000A1FD002890D104EBC4027C4B03EBC20392
:1038E00093ED5E0AB7EEC00A7E4940460BF092FDAA
:1038F000002881D16FF001077EE70BF0FFFD044641
:10390000002865D000270BF0F9FD002869D00BF0E6
:10391000F5FD00286CD00BF0F1FD00286FD06B4B4B
:1039200093F8D03200EE103AB8EE400B6E492046C4
:103930000BF070FD002869D0644B93F8D13200EE93
:10394000103AB8EE400B694920460BF063FD0028A1
:103950006CD05E4B93F8D23200EE103AB8EE400BCA
:10396000634920460BF056FD00286FD0574B93F863
:10397000D83200EE103AB8EE400B5E4920460BF00C
:1039800049FD002872D0514B93EDB50AB8EE400BBB
:10399000594920460BF03EFD002878D04B4B93ED63
:1039A000B70AB8EEC00B554920460BF033FD00288E
:1039B0007CD02246524928460BF0EAFC002E00F04B
:1039C000498738460DF2044DBDEC048BBDE8F08309
:1039D0000BF094FD044608B1002794E74FF0FF3741
:1039E00091E70BF08BFD002891D14FF0FF378EE768
:1039F0000BF084FD00288ED14FF0FF378BE70BF0E2
:103A00007DFD00288BD14FF0FF3788E72F4B93F8CF
:103A1000D03200EE103AB8EE400B334920460BF09E
:103A2000F9FC002888D16FF0010785E7274B93F850
:103A3000D13200EE103AB8EE400B2C4920460BF084
:103A4000E9FC002885D16FF0010782E71F4B93F84E
:103A5000D23200EE103AB8EE400B254920460BF06A
:103A6000D9FC002882D16FF001077FE7174B93F84C
:103A7000D83200EE103AB8EE400B1E4920460BF04B
:103A8000C9FC00287FF47FAF6FF001077BE70F4B85
:103A900093EDB50AB8EE400B174920460BF0BAFC7F
:103AA00000287FF47BAF6FF0010777E7074B93EDBA
:103AB000B70AB8EEC00B114920460BF0ABFC00284A
:103AC0007FF477AF6FF0010773E700BF6033002426
:103AD0007CE4040880E4040888E4040890E4040812
:103AE00098E40408A0E40408A8E40408B0E4040886
:103AF000BCE40408C4E40408CCE40408D8E40408E2
:103B0000E4E40408B64B93F8E03200EE103AB8EE65
:103B1000400BB44928460BF07DFC002800F08B8058
:103B2000AF4B93F8E13200EE103AB8EE400BAE49DD
:103B300028460BF06FFC002800F08E80AB4AAC49A1
:103B400028460BF09BFC002800F09780A44B93F8CC
:103B5000E23200EE103AB8EE400BA64928460BF0D0
:103B600059FC002800F09480A34AA44928460BF091
:103B700085FC002800F09D80994B93EDE60AB8EE95
:103B8000C00B9F4928460BF045FC002800F09C80A4
:103B90009C4A9D4928460BF071FC002800F0A38048
:103BA0009A4A9B4928460BF069FC002800F0A68041
:103BB000984A994928460BF061FC002800F0A9803A
:103BC000964A974928460BF059FC002800F0AC8033
:103BD000944A954928460BF051FC002800F0AF802C
:103BE0007F4B93EDF00AB8EEC00B904928460BF0DE
:103BF00011FC002800F0AE80794B93F89C3300EE66
:103C0000103AB8EE400B8A4928460BF003FC002816
:103C10007FF4D4AE724B93F89C3300EE103AB8EEBA
:103C2000400B834928460BF0F5FB00287FF4C6AE15
:103C30006FF00107C2E66A4B93F8E03200EE103AEB
:103C4000B8EE400B674928460BF0E4FB00287FF4F0
:103C500067AF6FF0010763E7614B93F8E13200EE65
:103C6000103AB8EE400B604928460BF0D3FB002811
:103C70007FF464AF6FF0010760E75C4A5C49284657
:103C80000BF0FCFB00287FF461AF6FF001075DE7EC
:103C9000534B93F8E23200EE103AB8EE400B554920
:103CA00028460BF0B7FB00287FF45EAF6FF00107EA
:103CB0005AE7514A514928460BF0E0FB00287FF4AF
:103CC0005BAF6FF0010757E7454B93EDE60AB8EE9F
:103CD000C00B4B4928460BF09DFB00287FF458AFE2
:103CE0006FF0010754E7474A474928460BF0C6FBE7
:103CF00000287FF455AF6FF0010751E7434A44496C
:103D000028460BF0BBFB00287FF452AF6FF0010791
:103D10004EE7404A404928460BF0B0FB00287FF4AC
:103D20004FAF6FF001074BE73C4A3D4928460BF087
:103D3000A5FB00287FF44CAF6FF0010748E7394A34
:103D4000394928460BF09AFB00287FF449AF6FF001
:103D5000010745E7224B93EDF00AB8EEC00B33495B
:103D600028460BF057FB00287FF446AF6FF00107A1
:103D700042E71B4B93F8C43300EE103AB8EE400B09
:103D8000184928460BF046FBD0B1154B93EDF20ACB
:103D9000B8EEC00B274928460BF03CFB00287FF407
:103DA0000DAE0F4B93EDF20AB8EEC00B2149284639
:103DB0000BF030FB00287FF401AE6FF00107FDE54A
:103DC000074B93F8C43300EE103AB8EE400B0549A8
:103DD00028460BF01FFB0028D7D16FF00107D4E76E
:103DE00060330024A8E40408ECE40408003700244D
:103DF000FCE40408B0E404084436002400E50408A8
:103E000010E50408E436002420E5040858360024B0
:103E100030E504086C36002440E5040880360024B0
:103E200048E50408B236002458E5040868E50408AB
:103E300078E50408D8E40408B14B93F8CC3300EEDD
:103E4000103AB8EE400BAF4928460BF0E3FAD0B178
:103E5000AB4B93EDF40AB8EEC00BAB4928460BF020
:103E6000D9FA00287FF4AAADA54B93EDF40AB8EE79
:103E7000C00BA54928460BF0CDFA00287FF49EAD73
:103E80006FF001079AE59E4B93F8CC3300EE103AA1
:103E9000B8EE400B9B4928460BF0BCFA0028D7D15E
:103EA0006FF00107D4E7994B9B7800EE103AB8EE1B
:103EB000400B974928460BF0ADFA00284ED0934BA3
:103EC0005B7800EE103AB8EE400B924928460BF0B2
:103ED000A1FA002851D08D4BDB7803F5FA6300EE90
:103EE000103AB8EEC00B8C4928460BF093FA002824
:103EF00052D08A4B1B7800EE103AB8EE400B88493E
:103F000028460BF087FA002857D0844B5B7800EEE8
:103F1000103AB8EE400B834928460BF07BFA002894
:103F20005AD07E4B9B7800EE103AB8EE400B7E499B
:103F300028460BF06FFA00287FF440AD774B9B7852
:103F400000EE103AB8EE400B774928460BF062FAC3
:103F500000287FF433AD6FF001072FE56B4B9B78A2
:103F600000EE103AB8EE400B694928460BF052FAC1
:103F70000028A4D16FF00107A1E7644B5B7800EE45
:103F8000103AB8EE400B634928460BF043FA00287C
:103F9000A1D16FF001079EE75C4BDB7803F5FA6374
:103FA00000EE103AB8EEC00B5B4928460BF032FA2F
:103FB00000289ED16FF001079BE7584B1B7800EE5D
:103FC000103AB8EE400B564928460BF023FA002869
:103FD0009BD16FF0010798E7504B5B7800EE103AE9
:103FE000B8EE400B4F4928460BF014FA002898D140
:103FF0006FF0010795E7424B1B7D00EE103AB8EEDB
:10400000400B404928460BF005FAD0B13C4B93EDEC
:10401000040AB8EE400B454928460BF0FBF900288E
:104020007FF4CCAC364B93ED040AB8EE400B3F491D
:1040300028460BF0EFF900287FF4C0AC6FF00107C1
:10404000BCE42F4B1B7D00EE103AB8EE400B2D491F
:1040500028460BF0DFF90028D8D16FF00107D5E72B
:10406000274B93F8D43300EE103AB8EE400B3049AA
:1040700028460BF0CFF908B1002315E0204B93F848
:10408000D43300EE103AB8EE400B294928460BF025
:10409000C1F90028F0D16FF00107EDE7012A0FD038
:1040A00030220DF8032001330B2B0DD8144A1A448B
:1040B00092F8D523002AF1D130220DF80320F2E73F
:1040C00031220DF80320EEE70C2303E030220DF837
:1040D000032001331F2BF9D96A46164928460BF0F5
:1040E000CDF900287FF46AAC6A46124928460BF0E5
:1040F000C5F900287FF462AC6FF001075EE400BFF1
:1041000060330024A8E404088CE50408A88C00248B
:1041100094E5040898E504089CE50408948C0024C0
:1041200014E60408A0E50408A4E50408A8E50408CA
:10413000B0E50408B8E504087B4B93ED010AB8EE3E
:10414000C00B7A4928460BF065F948B3764B5A689C
:1041500012F0070F34D01346002A2FDBDB10013397
:1041600007EE903AB8EEE70B714928460BF052F98A
:1041700088B3704B93ED000AB8EEC00B6E49284629
:104180000BF048F900284AD06C4928460BF09CF9FE
:104190008146002851D0674B1C68013CE400DEE0FA
:1041A000614B93ED010AB8EEC00B604928460BF055
:1041B00031F90028CAD16FF00107C7E7D31DCDE759
:1041C0001346002A05DBDB1000EE103AB8EEC00BF8
:1041D000CAE7D31DF7E7544B5A6812F0070F13D004
:1041E0001346002A0EDBDB10013307EE903AB8EEDF
:1041F000E70B4F4928460BF00DF90028B9D16FF0B5
:104200000107B6E7D31DEEE71346002A05DBDB10F6
:1042100000EE103AB8EEC00BEBE7D31DF7E7454BC5
:1042200093ED000AB8EEC00B434928460BF0F2F8B4
:104230000028A9D16FF00107A6E7404928460BF0F6
:1042400043F981460028A6D16FF00307A3E70BF0DE
:1042500055F9002840F094804FF0FF3790E004EBD0
:104260004402314B03EB42035B7A00EE103AB8EEA6
:10427000400B334940460BF0CDF8002840F09180C8
:104280006FF001078DE004EB4402274B03EB420380
:104290001B7A00EE103AB8EE400B2A4940460BF06C
:1042A000B9F8002840F08E806FF001078AE004EB37
:1042B00044021D4B03EB42039B7A00EE103AB8EE2A
:1042C000400B214940460BF0A5F8002840F08B80B8
:1042D0006FF0010787E004EB4402134B03EB42034A
:1042E000DB7A00EE103AB8EE400B184940460BF06E
:1042F00091F8002840F088806FF0010784E004EB1B
:104300004402094B03EB42031B7B00EE103AB8EE6C
:10431000400B0F4940460BF07DF8002840F08580A7
:104320006FF0010781E000BFC82F0024C0E504083A
:10433000CCE50408F0E20024D8E50408E8E5040828
:10434000F4E50408A8E40408FCE5040804E604080D
:1043500010E60408414648460BF016F80134BE4BFF
:104360005A68BE4B1B68DB009342A8BF1346A342AA
:104370007FF724AB0BF0C2F8804600283FF467AF0C
:1043800004EB4402B44B03EB42035B7A00EE103AB9
:10439000B8EE400BB24940460BF03CF800283FF421
:1043A0005EAF04EB4402AC4B03EB42031B7A00EE1E
:1043B000103AB8EE400BAB4940460BF02BF8002802
:1043C0003FF461AF04EB4402A34B03EB42039B7A3F
:1043D00000EE103AB8EE400BA34940460BF01AF835
:1043E00000283FF464AF04EB44029B4B03EB420311
:1043F000DB7A00EE103AB8EE400B9C4940460BF0D9
:1044000009F800283FF467AF04EB4402924B03EB3A
:1044100042031B7B00EE103AB8EE400B9449404635
:104420000AF0F8FF00283FF46AAF04EB44028A4B1D
:1044300003EB42035B7B00EE103AB8EE400B8D4974
:1044400040460AF0E7FF002884D104EB4402824B87
:1044500003EB42035B7B00EE103AB8EE400B85495C
:1044600040460AF0D7FF00287FF474AF6FF00107D1
:1044700070E7814B1B7900EE103AB8EE400B7F4994
:1044800028460AF0C7FF00283ED07B4B93ED020A76
:10449000B8EEC00B7A4928460AF0BCFF002842D08B
:1044A000754B5B7900EE103AB8EE400B7549284623
:1044B0000AF0B0FF002844D06F4B1B7913F0070FB0
:1044C0004ED0DB08013307EE903AB8EEE70B6E49A9
:1044D00028460AF09FFF002848D0604B93ED000A61
:1044E000B8EEC00B694928460AF094FF002857D05F
:1044F000674928460AF0E8FF814600285ED0574BFE
:104500001C68013CE4000AE15B4B1B7900EE103AA9
:10451000B8EE400B594928460AF07CFF0028B4D178
:104520006FF00107B1E7544B93ED020AB8EEC00BF0
:10453000534928460AF06EFF0028B1D16FF00107F9
:10454000AEE74D4B5B7900EE103AB8EE400B4D49AB
:1045500028460AF05FFF0028AED16FF00107ABE7F5
:10456000DB0800EE103AB8EEC00BB0E7424B1B7907
:1045700013F0070F0ED0DB08013307EE903AB8EEC8
:10458000E70B414928460AF045FF0028A5D16FF006
:104590000107A2E7DB0800EE103AB8EEC00BF0E727
:1045A0002E4B93ED000AB8EEC00B384928460AF0AE
:1045B00031FF00289CD16FF0010799E73449284664
:1045C0000AF082FF8146002899D16FF0030796E731
:1045D0000AF094FF8046002840F0B2804FF0FF3789
:1045E000AEE004EB8402244B03EB82039B7C00EEE1
:1045F000103AB8EE400B274940460AF00BFF00285E
:1046000040F0AF806FF00107ABE004EB84021A4B7F
:1046100003EB820393ED050AB8EEC00B1E4940463A
:104620000AF0F8FE002840F0AC806FF00107A8E027
:1046300004EB8402104B03EB82031B7E00EE103A66
:10464000B8EE400B154940460AF0E4FE002840F061
:10465000A9806FF00107A5E0C82F0024F0E2002434
:10466000F4E50408A8E40408FCE5040804E60408EA
:1046700010E6040818E60408E827002420E60408E9
:104680002CE6040838E60408CCE50408D8E504085C
:1046900044E6040850E6040858E6040868E60408FE
:1046A00004EB84027A4B03EB820393ED070AB8EE26
:1046B000C00B784940460AF0ADFE002840F08280E9
:1046C0006FF001077EE004EB8402714B03EB820381
:1046D00093F8203000EE103AB8EE400B6E49404699
:1046E0000AF098FE00287FD16FF001077CE004EB10
:1046F0008402674B03EB82031B7C00EE103AB8EE9A
:10470000400B664940460AF085FE00287DD16FF0D7
:1047100001077AE0414648460AF036FE01345C4B18
:104720001B795F4A1268D2009342A8BF1346A34286
:104730007FF744A90AF0E2FE804600283FF448AF24
:1047400004EB8402524B03EB82039B7C00EE103A95
:10475000B8EE400B534940460AF05CFE00283FF497
:1047600040AF04EB84024A4B03EB820393ED050A4E
:10477000B8EEC00B4C4940460AF04CFE00283FF40E
:1047800044AF04EB8402424B03EB82031B7E00EE3A
:10479000103AB8EE400B454940460AF03BFE00286F
:1047A0003FF446AF04EB8402394B03EB820393EDF5
:1047B000070AB8EEC00B374940460AF02BFE002826
:1047C0003FF46EAF04EB8402314B03EB820393F8AA
:1047D000203000EE103AB8EE400B2F4940460AF068
:1047E00019FE00283FF46FAF04EB8402284B03EB63
:1047F00082031B7C00EE103AB8EE400B274940467E
:104800000AF008FE00283FF472AF04EB8402204B4C
:1048100003EB82035B7C00EE103AB8EE400B2449B8
:1048200040460AF0F7FD00287FF474AF04EB8402E1
:10483000174B03EB82035B7C00EE103AB8EE400BA3
:104840001B4940460AF0E6FD00287FF463AF6FF095
:1048500001075FE74FF4806422460021684623F099
:1048600007FE00232246694628460AF041FD08B9A2
:104870006FF002076946DDF8340424F002F8002DD9
:104880003FF49FA828460AF01DF8FFF79AB800BF2A
:10489000E827002470E604087CE6040884E604089F
:1048A000F0E2002450E6040858E6040868E604082C
:1048B00090E604080000000030B585B04FF47A702F
:1048C00019F062F980E00021012002F031FEC248B7
:1048D00002F0F8FD0021022002F02AFEBF4802F09B
:1048E000F1FD0921012002F023FEBD4B93F9333085
:1048F00000EE103A0020B8EEC00A02F02BFE0921AB
:10490000022002F015FEB74B5B781BB1B64802F0EF
:10491000D9FD59E0B54B1B781BB1B54802F0D2FD6B
:1049200052E0B44802F0CEFD4EE00021012002F03A
:10493000FFFDB14802F0C6FD0021022002F0F8FDA3
:10494000AE4802F0BFFD0621012002F0F1FDAC4BA4
:10495000D3ED047AF5EE407AF1EE10FA25D0A94BAA
:1049600093ED046AB7EEC66A9FED937B37EE467B04
:104970009FED936B27EE067B9FED935B87EE056BB8
:104980009FED937B37EE467BB7EEC70BDFED9E7A4C
:10499000B4EEE70AF1EE10FA36DCB5EEC00AF1EE3D
:1049A00010FA04D59FED990A01E09FED980A0020C6
:1049B00002F0D0FD0621022002F0BAFD0220914B48
:1049C00093ED030A02F0C6FD914B1B78002BFBD13F
:1049D0004FF47A7019F0D8F802F07EFD8D4B1B78F9
:1049E000062BF1D801A252F823F000BFC7480208F5
:1049F0002B4902080F4A0208734A0208B94A020802
:104A0000FF4A02084B4B02089FED7F0ACFE70021C7
:104A1000012002F08DFD804802F054FD00210220AB
:104A200002F086FD7D4802F04DFD7D4BD3ED007A0E
:104A3000FCEEE77A17EE903A98B260F30F04002389
:104A400006E0302103F110026A4402F80C1C013325
:104A5000072B07DC9A1D40FA02F212F0010FF0D08A
:104A60003121EFE700238DF80C3001A802F02AFD78
:104A7000AAE70021012002F05BFD6A4802F022FD56
:104A80000021022002F054FD674802F01BFD0821BE
:104A9000012002F04DFD0320644B93ED000A02F06B
:104AA00059FD0821022002F043FD0220604B93EDE6
:104AB000000A02F04FFD87E70021012002F038FDD7
:104AC0005C4802F0FFFC0021022002F031FD5A4850
:104AD00002F0F8FC0821012002F02AFD0320574BC8
:104AE00093ED000A02F036FD0821022002F020FDBD
:104AF0000220534B93ED000A02F02CFD64E70021E5
:104B0000012002F015FD4F4802F0DCFC00210220DC
:104B100002F00EFD4C4802F0D5FC0721012002F006
:104B200007FD4A4D05F6F423022093ED000A02F03A
:104B300011FD0721022002F0FBFC05F6F8250220FA
:104B400095ED000A02F006FD3EE7414B93F8DB3598
:104B50001BB9304B00221A7036E70021012002F009
:104B6000E7FC3C4802F0AEFC0021022002F0E0FC31
:104B7000394802F0A7FC0B21012002F0D9FC374B89
:104B8000B3F9003000EE103A0020B8EEC00A02F08F
:104B9000E1FC0B21022002F0CBFC314B1B78134AC5
:104BA0001278304901A823F04FFB01A802F08AFCDB
:104BB0000AE700BFAFF300803333333333332C4085
:104BC00000000000000054409A9999999999054075
:104BD00000000000000059409CE60408A8E6040814
:104BE000D8BE00244C880024B4E60408798500244B
:104BF00068FF0408BCE60408C4E60408CCE6040820
:104C0000143A0024DC0700240000C8420000000021
:104C10008ECF0024506A0024D4E60408E4E6040899
:104C2000581A0424ECE60408F8E604089037002437
:104C3000481A042404E7040810E70408A4370024F1
:104C40004C1A04241CE7040824E70408280F042451
:104C5000603300242CE7040838E70408168D00248C
:104C6000188D002444E7040810B588B00DF1040C39
:104C7000074C0FCCACE80F0094E807008CE8070065
:104C8000002101A818F04DFF024B186008B010BDBC
:104C90005CDA0408343A002408B50138132810D827
:104CA000DFE800F00A10161C222930373E454C532D
:104CB0005A61686F757B828901220821414813F08F
:104CC00014FF08BD012210213E4813F00EFFF8E743
:104CD000012220213B4813F008FFF2E70122402186
:104CE000384813F002FFECE701224FF480413548C9
:104CF00013F0FBFEE5E700224FF40041314813F0CA
:104D0000F4FEDEE701224FF480512F4813F0EDFE50
:104D1000D7E700224FF400512B4813F0E6FED0E70E
:104D200001224FF48041284813F0DFFEC9E700223A
:104D30004FF40041244813F0D8FEC2E701224FF49B
:104D40008071224813F0D1FEBBE700224FF40071BE
:104D50001E4813F0CAFEB4E701224FF480611B48DD
:104D600013F0C3FEADE700224FF48041174813F063
:104D7000BCFEA6E701224FF40041144813F0B5FE33
:104D80009FE700224021124813F0AFFE99E701226D
:104D900080210F4813F0A9FE93E700224FF48071A1
:104DA0000B4813F0A2FE8CE701224FF40071084873
:104DB00013F09BFE85E700224FF48071054813F045
:104DC00094FE7EE70010025800040258000C0258BE
:104DD000000802580000025808B50138132810D8FE
:104DE000DFE800F00A10161C222930373E454C53EC
:104DF0005A61686F757B828900220821414813F04F
:104E000074FE08BD002210213E4813F06EFEF8E744
:104E1000002220213B4813F068FEF2E700224021E7
:104E2000384813F062FEECE700224FF48041354829
:104E300013F05BFEE5E700224FF40041314813F028
:104E400054FEDEE700224FF480512F4813F04DFE50
:104E5000D7E700224FF400512B4813F046FED0E76D
:104E600000224FF48041284813F03FFEC9E700229A
:104E70004FF40041244813F038FEC2E700224FF4FB
:104E80008071224813F031FEBBE700224FF400711D
:104E90001E4813F02AFEB4E700224FF480611B483D
:104EA00013F023FEADE700224FF48041174813F0C2
:104EB0001CFEA6E700224FF40041144813F015FE33
:104EC0009FE700224021124813F00FFE99E70022CD
:104ED00080210F4813F009FE93E700224FF4807100
:104EE0000B4813F002FE8CE700224FF400710848D3
:104EF00013F0FBFD85E700224FF48071054813F0A5
:104F0000F4FD7EE70010025800040258000C02581D
:104F1000000802580000025808B50138132810D8BC
:104F2000DFE800F00A10161C222930373E454C53AA
:104F30005A61686F757B828900220821414813F00D
:104F4000D4FD08BD002210213E4813F0CEFDF8E745
:104F5000002220213B4813F0C8FDF2E70022402147
:104F6000384813F0C2FDECE700224FF48041354889
:104F700013F0BBFDE5E701224FF40041314813F087
:104F8000B4FDDEE700224FF480512F4813F0ADFD51
:104F9000D7E701224FF400512B4813F0A6FDD0E7CC
:104FA00000224FF48041284813F09FFDC9E70122F9
:104FB0004FF40041244813F098FDC2E700224FF45B
:104FC0008071224813F091FDBBE701224FF400717C
:104FD0001E4813F08AFDB4E700224FF480611B489D
:104FE00013F083FDADE701224FF48041174813F021
:104FF0007CFDA6E700224FF40041144813F075FD34
:105000009FE701224021124813F06FFD99E700222B
:1050100080210F4813F069FD93E701224FF480715E
:105020000B4813F062FD8CE700224FF40071084832
:1050300013F05BFD85E701224FF48071054813F002
:1050400054FD7EE70010025800040258000C02587C
:10505000000802580000025808B5414B1B78012B8C
:1050600003D1404B1B78002B35D002213E4813F072
:1050700035FD002860D03D4B4FF07E521A6008216C
:10508000394813F02BFD00285AD0384B4FF07E5290
:105090005A604FF48061364813F020FD002853D049
:1050A000324B4FF07E529A604FF40061304813F05B
:1050B00015FD00284CD02D4B4FF07E52DA604FF496
:1050C00080512B4813F00AFD002845D0274B4FF0A4
:1050D0007E521A6108BD0121234813F0FFFCD8B1AC
:1050E000244B01221A7004211F4813F0F7FCB8B1B9
:1050F000204B01225A7002211B4813F0EFFC98B19B
:105100001C4B01229A700821174813F0E7FC78B174
:10511000184B0122DA70DDE7164B00221A70E2E725
:10512000144B00225A70E6E7124B00229A70EAE70D
:10513000104B0022DA70CDE70C4B00221A609EE77C
:105140000A4B00225A60A4E7084B00229A60ABE7A2
:10515000064B0022DA60B2E7044B00221A61B9E77D
:105160008ECF00248DCF002400000258143A002472
:10517000001002580C3A0024F0B597B0C04B1D78CF
:1051800015B9C04B1B79D3B9BE4B1B79002B00F06E
:10519000B981BD4B1B78012B00F0B48117B0F0BD75
:1051A0002046FFF779FD0134E4B2042CF8D94FF41E
:1051B000FA6018F0E9FCFFF74FFF2B460AE00124E4
:1051C000F3E7B24AD15C03F158026A4402F81C1CAE
:1051D0000133DBB2032BF4D9012404E02046FFF7AE
:1051E000FBFD0134E4B2042CF8D94FF4FA6018F056
:1051F000CBFCFFF731FF2B4608E0A44AD15C03F15A
:1052000058026A4402F8381C0133DBB2032BF4D98C
:10521000052404E02046FFF73FFD0134E4B20C2CE6
:10522000F8D94FF4FA6018F0AFFCFFF715FF974B71
:105230001A788DF840208DF841205A788DF8422058
:105240008DF843209A788DF844208DF84520DB783E
:105250008DF846308DF84730052404E02046FFF7EE
:10526000BBFD0134E4B20C2CF8D94FF4FA6018F00D
:105270008BFCFFF7F1FE854B1A788DF824208DF812
:1052800025205A788DF826208DF827209A788DF8D9
:1052900028208DF82920DB788DF82A308DF82B30E6
:1052A000052404E02046FFF737FE0134E4B20C2C5D
:1052B000F8D94FF4FA6018F067FCFFF7CDFE734B96
:1052C0001A788DF808208DF809205A788DF80A2070
:1052D0008DF80B209A788DF80C208DF80D20DB7856
:1052E0008DF80E308DF80F30052404E02046FFF7CE
:1052F00073FD0134E4B20C2CF8D94FF47A7018F035
:1053000043FC0D2404E02046FFF7C6FC0134E4B260
:10531000142CF8D94FF4FA6018F036FCFFF79CFE15
:105320005A4B1A788DF848208DF849205A788DF814
:105330004A208DF84B209A788DF84C208DF84D201E
:10534000DB788DF84E308DF84F300D2404E0204688
:10535000FFF742FD0134E4B2142CF8D94FF4FA609F
:1053600018F012FCFFF778FE484B1A788DF82C20C5
:105370008DF82D205A788DF82E208DF82F209A78D0
:105380008DF830208DF83120DB788DF832308DF8B3
:1053900033300D2404E02046FFF7BEFD0134E4B2B3
:1053A000142CF8D94FF4FA6018F0EEFBFFF754FE16
:1053B000364B1A788DF810208DF811205A788DF818
:1053C00012208DF813209A788DF814208DF815206E
:1053D000DB788DF816308DF817300D2404E0204668
:1053E000FFF7FAFC0134E4B2142CF8D94FF47A70C8
:1053F00018F0CAFB264F01221146384613F075FB00
:105400004FF4FA6018F0C0FBFFF726FE1F4E347809
:105410008DF8504000220121384613F066FB4FF40E
:10542000FA6018F0B1FBFFF717FE96F800C08DF890
:1054300034C02B4604E0174A0121D1540B44DBB29F
:10544000032BF8D906E000221349CA541149CA5463
:105450000135EDB2032D21D82B4605F158026A44DF
:1054600012F81C2C002AEED105F158026A4412F8F9
:10547000382C012AE7D1084A01215155E8E700BF3D
:105480008DCF00246033002405E300240C3A00246F
:105490000004025864CF00246CCF0024042304E0ED
:1054A0003C49002088540133DBB2132B19D81A462B
:1054B00003F15801694411F81C1C0029F0D103F1D3
:1054C0005801694411F8381C0129E9D103F1580148
:1054D000694411F8541C0029E2D12E490120C85416
:1054E000E1E714B9BCF1010F08D02A4B00221A756C
:1054F0000123294A1370294A137045E6254B0122DE
:105500001A75F5E7264B00221A701DE0012211469C
:10551000244813F0EAFA01221146234813F0E5FA71
:1055200001F0DAFF0021012002F002F81F4801F02B
:10553000C9FF0021022001F0FBFF1D4801F0C2FF5E
:105540004FF47A7018F020FB0221164813F0C6FAC7
:105550000028DBD000220121124813F0C6FA0022F5
:105560000121114813F0C1FA01F0B6FF002101201A
:1055700001F0DEFF0D4801F0A5FF0021022001F03F
:10558000D7FF0C4801F09EFF4FF47A7018F0FCFA38
:10559000DAE700BF6CCF00248DCF00240EE3002497
:1055A00005E3002400100258000C02584CE70408E0
:1055B00074E7040860E704082DE9F04105460E464B
:1055C00017469846069C036D00226169206998473A
:1055D000AD6C2369424639463046A84763690344A7
:1055E0006361BDE8F0812DE9F04105460E4617469E
:1055F0009846069C036D0022616920699847ED6C0E
:105600002369424639463046A847636903446361CB
:10561000BDE8F08112B9416110467047012A04D1FA
:1056200043690B4443610020704710B5064C07499D
:10563000204622F009FE0122214610460AF01EF9FA
:105640004FF0FF3010BD00BF0808002490E70408A9
:105650002DE9F04182B05569002D46DB07460E4624
:1056600014465168B5FBF1F89368434514D0B3F183
:10567000FF3F21D16168002208FB01F12046FFF7BE
:10568000C9FF00946368012221683046FFF794FF48
:105690006368E360C4F808806268B5FBF2F302FB5C
:1056A00013532268D7540022691C2046FFF7B2FF2B
:1056B000002002B0BDE8F081002203FB01F120468A
:1056C000FFF7A8FF0094E368012221683046FFF746
:1056D0008AFFB36D002BCDD0642005FB00F0F26D86
:1056E00090FBF2F0C0B29847C4E74FF0FF30E0E71C
:1056F000F0B583B04D69002D29DB06460C4649689C
:10570000B5FBF1F7A368BB4211D16268B5FBF2F3B8
:1057100002FB1353E26893421CD22268D65C00223B
:10572000691C2046FFF776FF304603B0F0BD00222B
:1057300007FB01F12046FFF76DFF0094636801222B
:1057400021683046FFF738FFE060A760DDE74FF0E3
:10575000FF30EAE74FF0FF30E7E72DE9F843054671
:10576000894616461F469DF820800EE001224FF024
:10577000FF314846FFF74EFFBDE8F8833A46294619
:10578000FFF766FFB8F1000F29D131462846FFF731
:10579000AFFFB0F1FF3FE9D0A728EFD1314628464F
:1057A000FFF7A6FF0446B0F1FF3F1ED0A72823D085
:1057B000A0F1A203042B2CD93A462946A720FFF7D3
:1057C00047FF3A4629462046FFF742FFB8F1000F4F
:1057D000DBD0012202214846FFF71CFFD5E701225A
:1057E00011464846FFF716FFCFE701224FF0FF3181
:1057F0004846FFF70FFFBFE73A462946FFF728FF65
:10580000B8F1000FC1D0012211464846FFF702FF50
:10581000BBE701226FF001013046FFF7FBFEABE76B
:10582000F0B583B005460C464E694968B6FBF1F702
:1058300001FB1766A368BB4202D0B3F1FF3F13D14F
:105840006168002207FB01F12046FFF7E3FE0094A8
:105850003346012221682846FFF7C5FEAB6D0BB128
:105860006420984703B0F0BD002203FB01F12046FD
:10587000FFF7D0FE0094E368012221682846FFF775
:10588000B2FEDDE770B505460E46FFF731FFC3B245
:10589000FB2B1DD90446FC2B1DD0FD2B23D0FE2B4A
:1058A0002CD131462846FFF723FF0406314628460F
:1058B000FFF71EFF04EB004431462846FFF718FFB0
:1058C00004EB002431462846FFF712FF204470BD48
:1058D00018460130FBE731462846FFF709FF50FA2A
:1058E00084F00130F3E731462846FFF701FF040258
:1058F00031462846FFF7FCFE2044E8E7074DC3B2D7
:10590000A3220749284622F09FFC0122294610467F
:1059100009F0B4FF4FF0FF30D9E700BF08080024BA
:10592000D0E704087AB908B543688B4203D369B15C
:10593000016010460BE001220549104609F09EFF68
:105940004FF0FF3003E04FF0FF307047084608BDCE
:10595000FCE7040838B50D4614461A6811195B684F
:10596000994200D99C1A15FB04F189B201F098FF05
:1059700008B1002038BD012018F006F905FB04F03D
:10598000F8E700002DE9F04107460E4614461D4693
:105990001A6811195B68994200D99C1A06FB04F336
:1059A000B3F5805F0AD0B3F5805F18D300240120DF
:1059B00018F0EAF806FB04F0BDE8F0814FF48051DE
:1059C000384601F0F3FE0028F1D10A2018F0DCF887
:1059D0002A684FF48051384601F0E8FEE7E70122DB
:1059E0000F49104609F04AFF2868C0F30B039BB12A
:1059F00016FB04F81FFA88F82A684146384611F069
:105A000081F90028D3D00A2018F0BEF82A68414650
:105A1000384611F077F9CAE7012111F05BF9E7E7A1
:105A20000CE8040884B070B582B006AC84E80F00BE
:105A30001E9D1F9C209A4FF0FF3308930E931493E2
:105A40002B680B9323681193136817930A9510948E
:105A500016921C9B002B35D01B9B002B32D00222B0
:105A6000002128461A9B984728461B9B98470246C8
:105A70001D90944E9449304622F0E6FB01223146B7
:105A8000104609F0FBFE0022114628461A9B984753
:105A90000222002120461A9B984720461B9B9847CC
:105AA0001D9A02441D928949304622F0CDFB012205
:105AB0003146104609F0E2FE0022114620461A9BAC
:105AC000984776E000231C9373E00CA906A8FFF723
:105AD0000FFEB0F1FF3F00F0D980C0F2DE80A628B3
:105AE00000F3DB80A228C0F2D880A238042800F29C
:105AF000D480DFE800F07703A16E56000CA906A859
:105B0000FFF7C0FE0546B0F1FF3F0FD00024AC42C6
:105B10004FDA06A90846FFF7EBFDB0F1FF3F22DBA5
:105B200012AA06A9FFF794FD0134F0E7654C684D11
:105B30000FCD20606160A260E360286820610122CF
:105B40002146104609F09AFE179B0093119B0B9A71
:105B50006049204622F078FB01222146104609F0D8
:105B60008DFE012018E0574C02465B49204622F08A
:105B70006BFB01222146104609F080FE179B009323
:105B8000119B0B9A5349204622F05EFB01222146CD
:105B9000104609F073FE012002B0BDE8704004B069
:105BA00070470123009312AB0CAA06A90846FFF721
:105BB000D4FD0CA906A8FFF79BFDB0F1FF3F7BD0F9
:105BC000A72882D001224FF0FF310CA8FFF722FD59
:105BD000E7E70023009312AB0CAA06A90846FFF7DB
:105BE000BCFDE6E70CA906A8FFF74CFEB0F1FF3FAD
:105BF00005D00122414206A8FFF70CFDD9E7314C40
:105C0000364D0FCD20606160A260E360286820619E
:105C100001222146104609F031FE179B0093119B8B
:105C20000B9A2C49204622F00FFB012221461046F8
:105C300009F024FE0120AFE70CA906A8FFF722FE19
:105C40000146B0F1FF3F04D0012206A8FFF7E2FCB5
:105C5000AFE71C4C224D0FCD20606160A260E36075
:105C60002868206101222146104609F007FE179B93
:105C70000093119B0B9A1749204622F0E5FA012266
:105C80002146104609F0FAFD012085E701224FF078
:105C9000FF3106A8FFF7BEFC8BE701226FF0010180
:105CA0000CA8FFF7B7FC0123009312AB0CAA06A9BE
:105CB0000846FFF752FD7CE712A906A8FFF7B0FDE2
:105CC000002069E70808002434E8040850E80408C4
:105CD0006CE8040880E80408B0E80408DCE804087C
:105CE000F0E8040838B505460024AC421AD20E4A42
:105CF00022444FF480510D4801F0D2FD0028F4D128
:105D0000012017F041FF04F54E224FF4805107485F
:105D100001F04CFD0028E8D1012017F035FF04F513
:105D20008054E2E7012038BD0050EB00384A0024DF
:105D300010B51B481B4B03604FF4E1334360002355
:105D40008360C36003610C2242618361C3610362AB
:105D50004362836217F051FDB0B90021104817F07B
:105D60008BFEA0B900210E4817F0ABFE90B90C488D
:105D700017F063FE88B90A4C0A21204617F088F80C
:105D8000204617F091F810BD0EF044FAE5E70EF04A
:105D900041FAE7E70EF03EFAE9E70EF03BFAEAE7F0
:105DA000CCF300240044004010B588B00DF1040C81
:105DB000074C0FCCACE80F0094E807008CE8070014
:105DC000002101A817F0ADFE024B186008B010BD0D
:105DD00078DA0408406A002410B58CB241F28833A6
:105DE00022460146024817F03BFC204610BD00BF8A
:105DF000CCF3002470B582B004460E4615465C22F2
:105E00008DF8072063B985B93CB1EEB92046FAF7A1
:105E1000C7FA01462046FFF7DFFFFDB902B070BDAB
:105E200001211148FFF7D8FFEDE701210F48FFF7E7
:105E3000D3FFE9E701210DF10700FFF7CDFF0121B5
:105E40002046FFF7C9FF01342378002BE5D0222B31
:105E500018BF2C2BEED05C2BF1D1EBE701210348CE
:105E6000FFF7BAFFDAE700BF04E9040808E904080D
:105E700030B585B00C46154600231A4601A909F035
:105E800069FB55B974B901A8FAF78AFA014601A865
:105E9000FFF7A2FF5CB905B030BD01210648FFF74E
:105EA0009BFFEFE701210548FFF796FFEBE7012194
:105EB0000248FFF791FFEEE704E9040808E9040847
:105EC00010B50C460138CC2800F2E684DFE810F06B
:105ED000CD00E000040112012401E404E404E40420
:105EE000360248025A029E02B002C202D402F602F0
:105EF000080336029E02E404E404E404E404E40437
:105F0000E404E404E404E404E404E404E404E40451
:105F1000E404E404E404E404E404E404E404E40441
:105F2000E404E404E404E404E404E404E404E40431
:105F3000E404E404E404E404E404E404E404E40421
:105F4000E404E404E404E404E404E404E404E40411
:105F5000E404E404E404E404E4045A016C01900160
:105F60007E014801E404E404E404E404E404E404F9
:105F7000E404E404E404E404E404E404E404E404E1
:105F80003601E404E404E404E404E404E404E40482
:105F9000E404E404E404E404EE01E404E404E404BA
:105FA000E4040002D801E404A201B401C601E4043F
:105FB0001202E404E404E404E404E404E404E40475
:105FC000E404E404E404E404E404E404E404E40491
:105FD000E404E404E404E404E404E404E404E40481
:105FE000E404E404E404E404E404E4042402E40433
:105FF000E404E404E404E404E404E404E404E40461
:10600000E404E404E404E404E404E404E404E40450
:10601000E404E404E404E404E404E404E404E40440
:10602000E404E404E404E404E404E404E404E40430
:10603000E404E404E404E404E404E404E404E40420
:10604000E404E404E4041A033B036F035D038603E2
:10605000AF03C103D80301045E04E40478048A0496
:10606000C0049C04AE04F200D2040221CE48FFF723
:10607000B3FE0921CD48FFF7AFFE0221CC48FFF760
:10608000ABFE00210846FFF7A7FE002000F005BC8C
:106090000221C548FFF7A0FE0721C648FFF79CFE76
:1060A0000221C348FFF798FE00210846FFF794FE3F
:1060B0000020F2E30221BC48FFF78EFE0821BE4813
:1060C000FFF78AFE0221BA48FFF786FE0021084644
:1060D000FFF782FE0020E0E30221B348FFF77CFED9
:1060E0000221B348FFF778FE00210846FFF774FE4F
:1060F0000020D2E30221AC48FFF76EFE0221AF4838
:10610000FFF76AFE0221AA48FFF766FE0021084653
:10611000FFF762FE0020C0E30221A348FFF75CFE08
:106120000221A748FFF758FE0221A148FFF754FEBD
:1061300000210846FFF750FE0020AEE302219A48F6
:10614000FFF74AFE07219F48FFF746FE02219848C5
:10615000FFF742FE00210846FFF73EFE00209CE3C9
:1061600002219148FFF738FE07219748FFF734FED8
:1061700002218F48FFF730FE00210846FFF72CFE72
:1061800000208AE302218848FFF726FE05218F4878
:10619000FFF722FE02218648FFF71EFE0021084677
:1061A000FFF71AFE002078E302217F48FFF714FE74
:1061B00005218748FFF710FE02217D48FFF70CFEFE
:1061C00000210846FFF708FE002066E3022176481A
:1061D000FFF702FE05217F48FFF7FEFD022174480C
:1061E000FFF7FAFD00210846FFF7F6FD002054E313
:1061F00002216D48FFF7F0FD05217748FFF7ECFD20
:1062000002216B48FFF7E8FD00210846FFF7E4FD97
:10621000002042E302216448FFF7DEFD07216F48BA
:10622000FFF7DAFD02216248FFF7D6FD002108469C
:10623000FFF7D2FD002030E302215B48FFF7CCFDE1
:1062400006216748FFF7C8FD02215948FFF7C4FD42
:1062500000210846FFF7C0FD00201EE3022152483E
:10626000FFF7BAFD07215F48FFF7B6FD022150484E
:10627000FFF7B2FD00210846FFF7AEFD00200CE35A
:1062800002214948FFF7A8FD06215748FFF7A4FD62
:1062900001215648FFF7A0FD02214548FFF79CFD6C
:1062A00000210846FFF798FD0020F6E202213E4853
:1062B000FFF792FD06214E48FFF78EFD02213C4874
:1062C000FFF78AFD00210846FFF786FD0020E4E283
:1062D00002213548FFF780FD04214648FFF77CFD89
:1062E00002213348FFF778FD00210846FFF774FDCF
:1062F0000020D2E202212C48FFF76EFD05213E4826
:10630000FFF76AFD02212A48FFF766FD00210846D3
:10631000FFF762FD0020C0E202212348FFF75CFD89
:1063200008213648FFF758FD02212148FFF754FDA8
:1063300000210846FFF750FD0020AEE202211A4876
:10634000FFF74AFD0A212E48FFF746FD02211848B3
:10635000FFF742FD00210846FFF73EFD00209CE2CA
:1063600002211148FFF738FD0A212648FFF734FDC6
:1063700002210F48FFF730FD00210846FFF72CFDF2
:1063800000208AE202210848FFF726FD07211E4867
:10639000FFF722FD02210648FFF71EFD00210846F7
:1063A000FFF71AFD002078E20CE9040810E9040860
:1063B0001CE9040820E9040828E9040834E9040871
:1063C00038E904083CE9040844E904084CE90408F5
:1063D00054E904085CE9040864E904086CE9040869
:1063E00074E904087CE9040884E904088CE90408D9
:1063F00090E9040898E90408A0E90408A8E9040859
:10640000B4E90408C0E90408CCE904080221CB4837
:10641000FFF7E2FC0821CA48FFF7DEFC0221C94869
:10642000FFF7DAFC00210846FFF7D6FC002034E233
:106430000221C248FFF7D0FC0821C348FFF7CCFC7B
:106440000221C048FFF7C8FC00210846FFF7C4FC42
:10645000002022E20221B948FFF7BEFC0721BB4819
:10646000FFF7BAFC0221B748FFF7B6FC0021084647
:10647000FFF7B2FC002010E20221B048FFF7ACFCAD
:106480000921B348FFF7A8FC00221146B14B187848
:10649000FFF7EEFC0521B048FFF79EFC01231A46EA
:1064A0001946AE48FFF7A6FC0221A648FFF794FC68
:1064B00000210846FFF790FC0020EEE102219F48F2
:1064C000FFF78AFC0A21A648FFF786FC02219D48B7
:1064D000FFF782FC00210846FFF77EFC0020DCE18C
:1064E00002219648FFF778FC19219E48FFF774FCBB
:1064F00002219448FFF770FC00210846FFF76CFC6E
:106500000020CAE102218D48FFF766FC132196485E
:10651000FFF762FC012200212078FFF7A9FC01228D
:1065200000212079FFF7A4FC012200216079FFF708
:106530009FFC02218348FFF74FFC00210846FFF72C
:106540004BFC0020A9E102217C48FFF745FC092112
:106550008648FFF741FC002211462078FFF788FCAF
:1065600001231A460021A068FFF744FC0122002104
:10657000A089FFF77DFC02217248FFF72DFC002166
:106580000846FFF729FC002087E102216B48FFF74E
:1065900023FC09217648FFF71FFC02216948FFF719
:1065A0001BFC00210846FFF717FC002075E10221C3
:1065B0006248FFF711FC0A216E48FFF70DFC00222C
:1065C00011462078FFF754FC02215E48FFF704FCD7
:1065D00000210846FFF700FC00205EE10221574839
:1065E000FFF7FAFB09216448FFF7F6FB002211468A
:1065F0002078FFF73DFC01231A4600216069FFF770
:10660000F9FB01231A460021E069FFF7F3FB0123A0
:106610001A460021A069FFF7EDFB02214948FFF768
:10662000DBFB00210846FFF7D7FB002035E1022104
:106630004248FFF7D1FB09215048FFF7CDFB02216B
:106640004048FFF7C9FB00210846FFF7C5FB0020C3
:1066500023E102213948FFF7BFFB09214848FFF732
:10666000BBFB002211462078FFF702FC02213548CF
:10667000FFF7B2FB00210846FFF7AEFB00200CE15C
:1066800002212E48FFF7A8FB08213E48FFF7A4FB94
:10669000002211462078FFF7EBFB01220021B4F81D
:1066A0004000FFF7E5FB01231A460021E06AFFF7EF
:1066B000A1FB0122002194F82800FFF7D9FB022159
:1066C0002048FFF789FB00210846FFF785FB0020E3
:1066D000E3E002211948FFF77FFB0A212A48FFF770
:1066E0007BFB002211462078FFF7C2FB012200212C
:1066F000B4F84000FFF7BCFB0122002194F8300001
:10670000FFF7B6FB0122002194F83100FFF7B0FB40
:1067100001231A460021606BFFF76CFB0122002168
:10672000E06BFFF7A5FB02210648FFF755FB0021B0
:106730000846FFF751FB0020AFE000BF0CE904085A
:10674000D4E904081CE90408E0E90408ECE90408B9
:10675000F4E904083203002400EA040814030024C6
:1067600008EA040814EA040830EA040844EA0408C1
:1067700050EA04085CEA040868EA040874EA0408B9
:1067800080EA04088CEA040898EA0408434A13687B
:1067900001331360424A136801331360C96BA06B65
:1067A000FFF71AFB3F4A13680133136002213E488A
:1067B000FFF712FB00210846FFF70EFB00206CE0FC
:1067C00002213A48FFF708FB06213948FFF704FB8E
:1067D00002213548FFF700FB00210846FFF7FCFACD
:1067E00000205AE002213148FFF7F6FA072131482C
:1067F000FFF7F2FA02212C48FFF7EEFA00210846D3
:10680000FFF7EAFA002048E002212848FFF7E4FAFF
:106810000A212948FFF7E0FA02212348FFF7DCFAB2
:1068200000210846FFF7D8FA002036E002211F4871
:10683000FFF7D2FA10212148FFF7CEFA02211A48B9
:10684000FFF7CAFA00210846FFF7C6FA002024E045
:1068500002211648FFF7C0FA08211948FFF7BCFAD1
:1068600002211148FFF7B8FA00210846FFF7B4FAF1
:10687000002012E002210D48FFF7AEFA0C2111486A
:10688000FFF7AAFA02210848FFF7A6FA00210846F6
:10689000FFF7A2FA002000E0022010BDE08C0024E7
:1068A000DC8C0024D88C00241CE904080CE90408C2
:1068B000A4EA0408ACEA0408B4EA0408C0EA04083C
:1068C000D4EA0408E0EA040838B52149214B1868E5
:1068D00017F0F2FC10B90024204638BD1E4B1022E0
:1068E0001A8047F230511D4B186817F0E5FC30B3A1
:1068F0001B4D01242C8000212046FFF7E1FA43F6CE
:10690000982017F041F9022028800021FFF7D8FADB
:1069100043F6982017F038F900231A4619460F4815
:10692000006817F0EFFA00210D4B19800A4B19800F
:106930000B460A460748006817F0E4FACCE7002344
:106940001A4619460548006817F0DCFA0024EAE701
:10695000804F1200386A0024048D00243C6A002411
:10696000446A002410B53949394B186817F0A4FC63
:1069700008B9002010BD374B0F221A804FF47A71EE
:10698000354B186817F098FC58B90021334B198023
:10699000304B19800B460A462D48006817F0B2FAB2
:1069A000E7E74FF4FA6017F0EFF82C4C482020800E
:1069B0000021FFF785FA4FF47A7017F0E5F84920C7
:1069C00020800021FFF77CFA4FF4FA7017F0DCF812
:1069D000462020800021FFF773FA4FF4FA7017F079
:1069E000D3F8472020800021FFF76AFA4FF4FA70AD
:1069F00017F0CAF8112020800021FFF761FA4FF448
:106A0000FA6017F0C1F8164B1B783BB100231A4609
:106A100019461148006817F075FAB6E71120208072
:106A20000021FFF74DFA4FF4FA6017F0ADF80C4B68
:106A30001B78002BEAD1112020800021FFF740FABB
:106A40004FF4FA6017F0A0F8E0E700BF804F1200A3
:106A5000386A0024048D00243C6A0024446A00241F
:106A6000F98C002410B5A649A64B186817F024FC31
:106A700008B9002010BDA44B03221A804FF47A718C
:106A8000A24B186817F018FC48B900219E4B1980DA
:106A90000B460A469B48006817F034FAE9E79C4B1E
:106AA00011221A7004209B4B18800021FFF708FA6E
:106AB00041F28831954B186817F0FEFB50B1944BAA
:106AC0001B78954A1278934201D0934A1370924BE7
:106AD0001B78FBB1904B11221A70904B00221A7058
:106AE0008F4B00221A708F4B00221A708E4B00229F
:106AF0001A708E4B412283F84420052283F822200D
:106B00000021844B19800B460A468048006817F024
:106B1000F9F9BAE70021864B197065207D4B188082
:106B2000FFF7CEF94FF47A71784B186817F0C4FB71
:106B30000028D2D041F2883017F026F814243CB156
:106B40007B4B1B7823B9013C322017F01DF8F6E788
:106B5000774B1B78714A1278934201D06F4A1370B9
:106B60006E4B1B78012BB8D16A206A4B188000212C
:106B7000FFF7A6F94FF47A71644B186817F09CFB85
:106B80000028ADD000216B4B19706F20614B18802D
:106B9000FFF796F940F6B8315C4B186817F08CFB9C
:106BA00000289DD014243CB1624B1B7823B9013CD2
:106BB000322016F0E9FFF6E75E4B1B78584A127850
:106BC000934201D0564A13700C20524B188000217A
:106BD000FFF776F94FF47A714C4B186817F06CFB9D
:106BE000002880D00D204B4B18800021FFF768F95A
:106BF00042F21071454B186817F05EFB00283FF415
:106C000072AF00214C4B19700E20424B1880FFF7D9
:106C100057F94FF47A713D4B186817F04DFB002877
:106C20003FF461AF142444B1434B1B78012B04D0D3
:106C3000013C322016F0A8FFF5E73F4B1B78394A9C
:106C40001278934201D0374A1370364B1B78012BD0
:106C50007FF44CAF09202F4B18800021FFF730F94B
:106C600042F21071294B186817F026FB00283FF4F8
:106C70003DAF4FF47A7016F087FF0F20254B188038
:106C80000021FFF71DF942F21071204B186817F030
:106C900013FB00283FF42AAF4FF4FA6016F074FF9C
:106CA0000A201C4B18800021FFF70AF942F21071EC
:106CB000164B186817F000FB00283FF417AF4FF48D
:106CC0007A7016F061FF00211C4B19700B20114BDC
:106CD0001880FFF7F5F84FF47A710C4B186817F02D
:106CE000EBFA00283FF402AF14244CB3134B1B788B
:106CF000012B25D0013C322016F046FFF5E700BFFE
:106D0000804F1200386A0024048D00243C6A00245D
:106D100033030024446A002434030024158D002426
:106D2000138D0024118D00240F8D00245C6A002433
:106D3000148D0024128D0024108D00240E8D00244B
:106D40000C4B1B780C4A1278934201D00A4A1370FC
:106D5000094B1B78012B7FF4D3AE1020074B188012
:106D60000021FFF7ADF84FF47A71054B186817F062
:106D7000A3FAC5E60E8D00240F8D0024446A00247A
:106D80003C6A002410B58B498B4B186817F094FAB5
:106D900008B9002010BD894B04221A804FF47A7183
:106DA000874B186817F088FA00283CD14FF47A71A5
:106DB000834B186817F080FA58B1824B1B78824ACF
:106DC0001278934201D0804A13707F4B1B78002BBE
:106DD00033D07D4B11221A707C4B00221A707C4BF1
:106DE00000221A707B4B00221A707B4B00221A7013
:106DF0007A4B412283F84420052283F82220002484
:106E0000774B1C802346224621466D48006817F0C8
:106E100079F86A4B1C802346224621466648006862
:106E200017F070F8B5E7674B11221A7003206C4B0E
:106E300018800021FFF744F8B8E70021694B19706A
:106E40006520674B1880FFF73BF84FF47A715C4B75
:106E5000186817F031FA0028C1D014243CB1614BF6
:106E60001B7823B9013C322016F08EFEF6E75D4B0D
:106E70001B78564A1278934201D0544A1370534BF0
:106E80001B78012BABD16A20554B18800021FFF7EE
:106E900017F84FF47A714A4B186817F00DFA00286A
:106EA0009DD00021504B19706F204D4B1880FFF77B
:106EB00007F84FF47A71424B186817F0FDF9002873
:106EC00090D0142403E0013C322016F05DFE1CB18A
:106ED000454B1B78002BF6D0434B1B783C4A12786D
:106EE000934201D03A4A1370394B1B78052B18BFD7
:106EF000012B7FF477AF00213C4B19700E20384BEB
:106F00001880FEF7DDFF4FF47A712D4B186817F0EB
:106F1000D3F900283FF466AF142403E0013C32208B
:106F200016F032FE1CB1314B1B78012BF6D12F4BE2
:106F30001B78284A1278934201D0264A1370254BB9
:106F40001B78012B7FF451AF0021294B19700B20C6
:106F5000234B1880FEF7B4FF4FF47A71184B186872
:106F600017F0AAF900283FF44AAF142444B1204B8B
:106F70001B78012B04D0013C322016F005FEF5E70A
:106F80001B4B1B78144A1278934201D0124A13709B
:106F9000114B1B78012B7FF432AF1020104B18805F
:106FA0000021FEF78DFF4FF47A71054B186817F03A
:106FB00083F924E7804F1200386A0024048D0024EE
:106FC0003C6A00243303002434030024158D00247C
:106FD000138D0024118D00240F8D00245C6A002481
:106FE000446A0024148D0024128D0024108D002486
:106FF0000E8D002400B58BB04FF496629A499B48E1
:1070000016F0CCFC03220021012016F057FF984B0C
:10701000186000231A46194616F074FF0322002157
:10702000012016F04BFF934B186000231A461946B7
:1070300016F068FF904B1B7813B1FFF793FCB8E094
:10704000FFF742FCF9E741F2883016F09DFDB0E011
:10705000894B1B78002B40F0BB80FFF735FC0028E4
:1070600000F0B6800024854B1C70854B1C60FFF738
:1070700079FC844B1C70844B1C70844B052283F874
:10708000222001228249104608F0F8FBA0E0FFF719
:10709000E9FC804B78221A60794A1368591C116008
:1070A000322B40F29D80754B01221A7098E0794B8B
:1070B00000221A60FFF766FE774B1B7F53B9764BB1
:1070C0001B6B53B30EF0BAFE734B1B7F023BDBB25C
:1070D000012B27D9704B93ED037A93ED046A6F4C23
:1070E000B7EEC66A8DED046BB7EEC77A8DED027B05
:1070F000634B1B6801936A4BB3F900300093624BFA
:107100001B78604A12786749204621F09DF80122D9
:107110002146104608F0B2FB6AE00FF039FF5E4BE3
:107120001863CFE707A80EF051FF07A80EF0C6FFBF
:1071300004F0FAFA5C4B01221A70CBE75B4B1B7828
:10714000012B72D05A4B03F516625A49097807EEA3
:10715000901AF8EE677AC2ED007A03F66412564987
:10716000097807EE901AF8EE677AC2ED007A03F616
:1071700068124449097807EE901AF8EE677AC2ED72
:10718000007A03F66C124049097807EE901AF8EE7F
:10719000677AC2ED007A03F69C13414AB2F90020E7
:1071A00007EE902AF8EEE77AC3ED007A642016F035
:1071B000EBFC424B93F8DB35002B3FF444AF354AF0
:1071C0001368013313602D4B1B78012B3FF440AF44
:1071D0002D4B1B78002B3FF45AAF294B00221A602D
:1071E000374B1B7823B92B4B1B68772B3FF65FAFD0
:1071F000344B9A78344BA3FB0213D11A03EB51039F
:107200009B08C3EBC303D21A12F0FF0F96D12F4B8A
:107210001B88002B92D1204B00221A771A6301227F
:107220002B49104608F02AFB88E72A49114B1868B9
:1072300017F042F8002885D0274B17221A8047F212
:1072400030510B4B186817F037F8002846D1002151
:10725000214B1980154B19700B460A4605480068EA
:1072600016F050FE6EE700BFACC60024CCF300243D
:107270003C6A0024386A00248ECF0024476A002428
:10728000486A0024138D00240F8D00245C6A0024BA
:10729000F0EA04084C6A00244C0001240808002489
:1072A000168D002408EB0408466A0024FBE2002443
:1072B000280F042434030024158D00246033002497
:1072C00038850024A88C002425499224948C00241D
:1072D00044EB0408804F1200048D002441F28830F2
:1072E00016F052FC0021CD20FEF7EAFD4FF4FA60C3
:1072F00016F04AFC00222021184811F0F6FB41F25A
:10730000883016F041FC164C112323700320154BD6
:1073100018800021FEF7D4FD2378134A1278934297
:1073200001D0114A1370104B1B789BB10F4B0122F7
:107330001A7001222021094811F0D7FB4FF47A700E
:1073400016F022FC00231A4619460948006816F078
:10735000D9FD7CE7054B00221A70EAE700040258C9
:1073600033030024446A002434030024FAE2002496
:107370003C6A002408B501221146034811F0B5FB10
:10738000024B01221A7008BD00100258516A0024F5
:1073900008B500220121034811F0A7FB024B00228F
:1073A0001A7008BD00100258516A002400B583B05D
:1073B000FFF7EEFF064B009300231A4646F2A81192
:1073C000044817F0CBFF044B186003B05DF804FBD2
:1073D000DD73020864EB0408546A002408B5FFF763
:1073E000D7FF08BD10B582B0FFF7C4FF184B18686F
:1073F00018F05DF9E8B9164B1C6817F0D9FA024687
:10740000002300930121204617F0C4FF114B1B7885
:107410006BB9114A13780133DBB213700F4A92F83B
:10742000DB257AB1062B02D90B4B00221A7002B071
:1074300010BD00220092134603210548006817F092
:10744000A9FFD8E7052BF2D9034B00221A70EEE70B
:10745000546A00248ECF0024506A00246033002434
:1074600010B584B000238DF80C308DF80D004FF46A
:10747000FA730093022303AA7821054811F006FD50
:10748000044605200FF08AFD204604B010BD00BF61
:1074900064F5002400B585B040238DF80C308DF8DC
:1074A0000D004FF4FA730093022303AA78210448D5
:1074B00011F0ECFC05200FF071FD05B05DF804FB48
:1074C00064F5002410B5044602E00134FFF7E2FF42
:1074D00020780028F9D110BD08B50120FFF7C0FFC2
:1074E00002200FF05BFD08BD08B53820FFF7B8FF9C
:1074F000C0B90E4B01221A7002200FF04FFD0C2074
:10750000FFF7AEFF02200FF049FD0120FFF7A8FFB3
:1075100002200FF043FD0620FFF7A2FF02200FF02C
:107520003DFD08BD014B00221A70E5E760CF002445
:1075300008B5012804D0022807D081F0800001E0BE
:1075400081F08000FFF78CFF08BDA1F14000C0B2C0
:10755000F8E7000000B587B00246002302930393CA
:1075600004930593B7EEC00A8DED000B044902A801
:1075700020F06AFE02A8FFF7A5FF07B05DF804FB44
:1075800074EB040800B58FB038220021684620F063
:107590006FFF4FF440730693062300934FF0FF32C2
:1075A0006946044811F0E4FE10B90FB05DF804FB21
:1075B0000120FAE718F5002410B590B03822002118
:1075C00002A820F055FF00238DF807304FF44073D8
:1075D0000893052302934FF040730B9301230C9300
:1075E000084C4FF0FF3202A9204611F0C1FE4FF0C7
:1075F000FF320DF10701204611F072FF9DF80700E0
:1076000010B010BD18F5002408B5FFF7D5FF10F035
:10761000010000D108BD0320FCE708B502E001200D
:107620000FF0BCFCFFF7F0FF0328F8D008BD000006
:1076300030B58FB00446FFF7F0FFFFF7A3FF054614
:1076400010B128460FB030BD38220021684620F026
:107650000FFF4FF440730693202300934FF44063D1
:1076600007934FF40053039301944FF0FF326946A0
:10767000044811F07DFE054608B10125E1E7FFF75A
:10768000CCFFDEE718F50024F0B58FB0B1F5807FB0
:1076900033D807460C461646FFF7BFFFFFF772FFC9
:1076A000054658BB38220021684620F0E1FE4FF421
:1076B00040730693022300934FF4406307934FF403
:1076C0000053039301964FF0407309930A944FF0CF
:1076D000FF3269460B4811F04BFE08B101250DE061
:1076E0004FF0FF323946074811F091FE054608B1C8
:1076F000012503E0FFF791FF00E0022528460FB0C7
:10770000F0BD00BF18F5002410B58EB00446382235
:107710000021684620F0ACFE4FF440730693AF237F
:1077200000934FF04073099303230A934FF0FF3205
:107730006946084811F01CFE10B101200EB010BDC2
:107740004FF0FF322146034811F0CAFE0028F5D061
:107750000120F3E718F5002410B5A8B03822002165
:107760001AA820F085FE4FF48073209335231A93D6
:107770004FF0FF321AA90B4811F0FAFD0DF1040C7D
:10778000094C0FCCACE80F0094E80700ACE803000C
:107790008CF80020012201A9104608F06FF828B0EB
:1077A00010BD00BF18F500247CEB04082DE9F84358
:1077B0008046894614460F468E18154601E005F5A9
:1077C0000055B54208D22046FFF732FF0346002895
:1077D000F5D01846BDE8F883E3B2C3F58073994548
:1077E00005D31F4603E04FF48077A642F1D9224625
:1077F00039464046FFF748FF03460028E9D13C449C
:10780000B84404F58072B242EDD9371BEDE70000B1
:1078100010B59CB0FFF7A0FF0A200FF0BFFB1BA81C
:10782000FFF772FF38BB9DF86E3000939DF86D3006
:107830009DF86C20164902A820F006FD012202A93D
:10784000104608F01BF89DF86C30C22B03D19DF850
:107850006D30202B16D001220E49104608F00EF88C
:1078600001220D49104608F009F8FFF78BFE044687
:1078700020461CB010BD044601220849104607F0FE
:10788000FDFFF5E79DF86E30192BE4D1E8E700BF66
:10789000B4EB0408D0EB0408F8EB040898EB0408F8
:1078A00070B58EB006460C46154638220021684653
:1078B00020F0DEFD4FF440730693EC2300934FF469
:1078C000406307934FF44053039301954FF0407387
:1078D00009930A94062305934FF0FF32694608483E
:1078E00011F046FD10B101200EB070BD4FF0FF3217
:1078F0003146034811F0F4FD0028F5D00120F3E7EC
:1079000018F5002408B50120044B1870044B002220
:107910001A700246034907F0B1FF08BD586A0024F7
:107920003885002418EC0408F0B5BBB00446C82222
:10793000002108A820F09CFD0023039304930593E5
:10794000069307936749204620F0DBFD48B10546C2
:1079500009352221284620F0A2FD10B1461B132E26
:107960002BD96149204620F0CCFD044640B10834B3
:107970002221204620F093FD10B1051BC72D34D9DC
:107980009DF80C30002B00F08E809DF82030002BED
:1079900000F08980554903A8F8F7A2FC00283CD0E4
:1079A0000023062B6FD8524A5C2101FB0322527E32
:1079B000002A4DD00133DBB2F3E73246294603A853
:1079C00020F08CFD06F1E8030DEB0306002306F81A
:1079D000DC3C484D03AA4849284620F035FC0122EA
:1079E0002946104607F04AFFBBE72A46214608A869
:1079F00020F074FD05F1E8030DEB0305002305F805
:107A0000C83C3C4C08AA3D49204620F01DFC012200
:107A10002146104607F032FFB2E70124384B1C70B4
:107A2000384E314608A801F05DF908A8F8F7B8FC0F
:107A3000354D20FA04F23146284620F02AFF08A8E6
:107A4000F8F7AEFCE040A5F82D01304B1C702AE0A1
:107A5000274F01FB03F43D1901236B7600262E7698
:107A600003A9284620F00DFF04F11803D81940227D
:107A700008A9023020F032FD254B1B786B74AE74E0
:107A80000FF086FA6861224C08AA217803A802F058
:107A900097FC2378013323709DF82230302B04D0DB
:107AA0001C4B00221A703BB0F0BD9DF82330332BE5
:107AB000F6D1104C184B1A7A1849204620F0C4FB16
:107AC00001222146104607F0D9FE154B1C6816F01E
:107AD0006FFF0246002300930121204617F05AFC55
:107AE000DEE700BF30EC04084CEC0408DBBE0024E9
:107AF000A47E0024080800243CEC040858EC040888
:107B0000F08C002474BC0024F9F90024586A002485
:107B10006B8C0024388500246033002468EC040852
:107B20009C7E002410B588B00DF1040C074C0FCCDE
:107B3000ACE80F0094E807008CE80700002101A8DA
:107B400015F0EFFF024B186008B010BD94DA04087E
:107B5000987E002400B583B00D4B99790D4B03FB43
:107B600001F10D4BA3FB01310C4B009300231A468E
:107B700089090B4817F0F2FB0A4B186010B103B0EB
:107B80005DF804FB01220849104607F077FEF6E78E
:107B90006033002440420F00D34D62100579020883
:107BA00088EC0408A07E002494EC040800B583B09F
:107BB0000D4B197A0D4B03FB01F10D4BA3FB01316A
:107BC0000C4B009300231A4689090B4817F0C6FB9B
:107BD0000A4B186010B103B05DF804FB012208499C
:107BE000104607F04BFEF6E76033002440420F00DA
:107BF000D34D621005790208B4EC04089C7E002481
:107C0000CCEC040810B41D4B0021197078225A8066
:107C1000197101225A711A4898601A48008898818F
:107C200006209873D8731A745A74174C5C61174CF9
:107C30009C61174CDC6183F8200083F8210005204B
:107C400083F8220083F8230083F8242083F825207A
:107C500083F828200F4ADA62A3F84010032283F841
:107C6000422083F84310042283F8442003F5805314
:107C700083F838145DF8044B704700BF5C6A002439
:107C8000780200247402002410020024AC010024B5
:107C900048010024E400002490F84430032B01D074
:107CA00000207047012070472DE9F84304460E4636
:107CB00017461D469DF820909DF82480B9F1020FCB
:107CC00001D94FF00009B8F1010F01D94FF00008B8
:107CD00035493648006816F0EFFA18B900252846ED
:107CE000BDE8F883324B07221A804FF47A71314B8A
:107CF000186816F0E1FAA0B9002500242E4B1C806C
:107D00002346224621462B48006816F0FBF8284BF4
:107D10001C802346224621462448006816F0F2F8CB
:107D2000DDE7C420244B188084F8309084F831803B
:107D30006663E563032384F84230B4F840300133CE
:107D4000A4F840302146FEF7BBF84FF47A71194B86
:107D5000186816F0B1FA08B90025CEE70A2015F028
:107D600013FFC520144B1880A763E5632146FEF777
:107D7000A7F84FF47A710F4B186816F09DFA08B9FE
:107D80000025BAE7642545B194F84230032B04D1AD
:107D9000013D322015F0F8FEF5E794F842300BB1C2
:107DA0000025AAE70125A8E7804F1200386A0024C1
:107DB000048D00243C6A0024446A002470B5054602
:107DC00029492A4B186816F077FA08B9012070BDC6
:107DD000274B0A221A804FF47A71264B186816F046
:107DE0006BFA18BB244E00243480234622462146D9
:107DF0002048006816F086F80623AB7385F820301B
:107E00001B4B1C802346224621461848006816F06A
:107E100079F81A4CB6F900201949204620F014FAD6
:107E200001222146104607F029FDCFE7C220124B60
:107E300018802946FEF744F84FF47A710D4B186804
:107E400016F03AFA0028CDD04FF47A71094B186831
:107E500016F032FA0028C5D000231A461946054804
:107E6000006816F04FF8BDE7804F1200386A002412
:107E7000048D00243C6A0024446A0024080800247D
:107E8000F8EC0408F0B583B00446B14B1B78002B26
:107E90003FD0B049B04820F0F4FCB04B1A68B04B6A
:107EA0001A80B04E64220021304620F0E1FAAE4D37
:107EB000AB690093D5F83C31D5F83821AB49304651
:107EC00020F0C2F9AA49304620F0DBFC05F53E71EE
:107ED000A84820F0D6FC05F54371A74820F0D1FC56
:107EE0002046FFF76BFFA549A54B186816F0E4F98B
:107EF000002847D10025A34C2A46A349204620F05C
:107F0000A3F901222146104607F0B8FC284603B029
:107F1000F0BD9E4D2946904820F0B3FCD5F8B42022
:107F2000A5F539758E4B1A80642200218D4820F00A
:107F30009FFAAB69012B20DD0093D5F83C31D5F8D1
:107F400038218A49874820F07FF9914D2946894890
:107F500020F097FC05F11401874820F092FC894E2F
:107F6000804BA5F114028B49304620F06DF90122B7
:107F70003146104607F082FCB2E78749794820F085
:107F800080FCE2E7854B05221A804FF47A71844B1E
:107F9000186816F091F950B9002500217F4B19801F
:107FA0000B460A467648006815F0ACFFA3E7BC20F4
:107FB0007C4B188000232371012363712146FDF758
:107FC0007FFF4FF47A71764B186816F075F9002828
:107FD00055D141F28831724B186816F06DF90028BE
:107FE00000F0398194F90E30002B55D0BD206D4B37
:107FF0001880594BA3605A4B1B88A3810623E37357
:108000002146FDF75DFF41F28831654B186816F097
:1080100053F9002800F0078194F90E30002B43D16A
:1080200094F90E20002A40F0DC80C0205D4B1880BF
:108030004C4B63614F4BA3614F4BE361062384F8C4
:108040002130032384F842302146FDF739FF4FF4F5
:108050007A71534B186816F02FF9002800F0A880A9
:108060003C25A5B394F82130062B30D194F842304A
:10807000032B2CD1013D322015F086FDF1E7BE2007
:10808000484B1880012363742146FDF719FF4FF414
:10809000FA6015F079FD9CE700231A46194640481E
:1080A000006815F02FFFAEE7142545B194F90F30A5
:1080B000062B04D1013D322015F066FDF5E794F959
:1080C0000F3094F90E209342AAD0A373A8E794F836
:1080D0004230012B16D094F8422072BB94F8212034
:1080E000062A1FD084F82020002A00F08980254D20
:1080F0002D49284620F0A8F801222946104607F00D
:10810000BDFB7AE06425002DE5D094F82130062BE4
:10811000E1D194F84230012BDDD1013D322015F040
:1081200033FDF0E7174D2049284620F08DF8012255
:108130002946104607F0A2FB5FE0124D1B49284676
:1081400020F082F801222946104607F097FB54E000
:108150008ECF0024680300247802002464030024E6
:1081600074020024100200246033002414ED04087B
:1081700044030024AC01002448010024804F120075
:10818000386A002408080024A4EE040844360024B9
:108190005836002428ED0408ECBF0024048D002488
:1081A0003C6A0024446A00245CED0408A0ED040845
:1081B000314E324D06F1300C37460FCF28606960E2
:1081C000AA60EB603E4610356745F5D103CE2860C6
:1081D000696033882B8101222849104607F04EFB45
:1081E00009E0264D2649284620F02EF8012229468E
:1081F000104607F043FB0623A373062384F82030C0
:108200000021204B19800B460A461F48006815F0D4
:1082100079FE94F90E30062B2BD094F82030062BE3
:1082200025D00125B9E6194F144E07F1300C3D4613
:108230000FCD30607160B260F3602F461036654537
:10824000F5D128683060AB88B38001220B49104615
:1082500007F014FBCFE7094D43220D49284620F0D3
:1082600018FB01222946104607F008FBC3E700254A
:1082700093E6002591E600BFCCED04080808002431
:1082800008EE0408446A00243C6A002428EE04082E
:1082900060EE040838B504462A492B4B186816F0DE
:1082A0000BF8F8B90024294B1C80234622462146AE
:1082B0002748006815F026FE264B1C8023462246E0
:1082C00021462148006815F01DFE234D2246234912
:1082D00028461FF0B9FF01222946104607F0CEFAC2
:1082E000204638BD1B4B06221A804FF47A71184B7A
:1082F000186815F0E1FF0028D4D0C120134B188076
:10830000052384F823302146FDF7DAFD4FF47A7116
:108310000F4B186815F0D0FF0028C3D0642545B175
:1083200094F82330052B04D1013D322015F02CFCAC
:10833000F5E794F8233094F822209342B2D084F8E1
:108340002230AFE7804F1200386A0024446A0024CC
:108350003C6A0024048D002408080024CCEE0408A4
:1083600070B504460E4615463B493C4B186815F05F
:10837000A3FF68B900253A4C2A463A4920461FF027
:1083800063FF01222146104607F078FA284670BDA7
:10839000354B08221A804FF47A71344B186815F067
:1083A0008BFFA0B900250024314B1C8023462246B8
:1083B00021462E48006815F0A5FD2B4B1C80234656
:1083C000224621462548006815F09CFDD3E7C320CE
:1083D000274B188084F82850E662B4F84030013307
:1083E000A4F84030032384F842302146FDF768FDAD
:1083F0004FF47A711D4B186815F05EFF78B1642553
:1084000045B194F84230032B04D1013D322015F0E0
:10841000BBFBF5E794F84230E3B10025C3E7154D07
:108420000F4C05F1300C2E460FCE20606160A2602B
:10843000E360354610346645F5D107CD20606160B4
:10844000A2602B78237301220549104607F016FA23
:108450000025A8E70125A6E7804F1200386A00240E
:10846000080800242CEF0408048D00243C6A002432
:10847000446A0024ECEE040870B582B0764B1B68A9
:1084800053B1754B00221A600323012B60D0032BDC
:1084900000F0898002B070BD704B1B78C3B9704B7F
:1084A0001B78002B3FD16F4B1B78002BF2D06E4B0B
:1084B0001B78002BEED0012009F046FF6B4B1B7898
:1084C000C82202FB03F36A4AD35C9BB30123DCE7B7
:1084D000624B00221A70674B197801200AF000F8ED
:1084E000654C2046F7F75CFF03460022019201220B
:1084F0000092224661496248FFF7D6FB614D624C0B
:1085000005F13006AC46BCE80F0020606160A26057
:10851000E36065461034B445F4D101225A4910464F
:1085200007F0ACF9B6E74E4B00221A7001200AF0B2
:1085300089F8D5E700224B4B1A704B4B1A7000920A
:10854000134603215148006816F024FF01239CE7DD
:10855000494C2046F7F724FF0346002201920122EE
:10856000009222464A494648FFF79EFB494D464C39
:1085700005F12006AC46BCE80F0020606160A260F7
:10858000E36065461034B445F4D107CD20606160E6
:10859000A2602A88AB78A281A37301223A491046CF
:1085A00007F06CF976E7344C2046F7F7F9FE0346FE
:1085B000002201920092224630493148FFF774FBB5
:1085C000354B1B78012B13D02E4E2F4D06F1300C5E
:1085D00034460FCC28606960AA60EB6026461035EF
:1085E0006445F5D101222849104607F047F951E7C3
:1085F0002A4B5B68022BE7D1294B1B78002BE3D178
:10860000284B1B68254A127C0021084600F08EFA90
:10861000C8B9194D2846F7F7C3FE03460024019454
:1086200000942A4615491648FFF73EFB1A4B1C706A
:108630001A4BDB68022BC7D10BF072FD42F21070AF
:1086400015F0A2FAC0E7174B1B68144A127C0021F0
:10865000084600F06BFADCE7548500240FE30024A1
:1086600011E3002410E30024586A00242881002428
:10867000948D0024F5E200243081002450EF04089A
:108680005C6A002464EF040808080024A07E00242B
:1086900094EF0408A8EF0408508500243C850024CA
:1086A00034E300242C81002408B51949194B1868BB
:1086B00015F002FE00B908BD174B0F221A804FF4C7
:1086C0007A71164B186815F0F7FD58B90021144B54
:1086D0001980114B19800B460A460E48006815F0A8
:1086E00011FCE8E7642015F04FFACC200C4B188001
:1086F0000021FDF7E5FB4FF47A7015F045FA0023F1
:108700001A4619460548006815F0FCFBDEE700BF75
:10871000804F1200386A0024048D00243C6A002433
:10872000446A0024F0B583B040F6B83015F02CFA56
:10873000814B824A1A60FFF765FAFFF70BFAFFF7E1
:1087400035FA00220092134603217D48006816F096
:1087500021FEDBE041F2883015F016FA794B93F8F0
:10876000DB35002BF6D0784B00221A60774A13686D
:1087700001331360764A136801331360754A136836
:1087800001331360744A136801331360734B1B7811
:10879000012B2BD0724B1B78012B40F0C18071480C
:1087A000FFF77AFA00283AD06F4B93F83834022B4F
:1087B00075D0FFF761FE654B1B68772B00F2908048
:1087C000684B93F84430032B40F0AA80674B1B782A
:1087D000002B40F0A58001220421654810F085F9A6
:1087E000FFF762FF642015F0CFF999E05B4D00239D
:1087F0002B705C4C2046FFF7E1FA262384F84430C6
:10880000052384F822305B4C2A785B4920461FF010
:108810001BFD01222146104607F030F8BAE7514807
:10882000FFF730FB78B9554A1368591C11600A2BC1
:1088300005D9534B01221A70504B00221A60434B4A
:1088400078221A606CE04F4C6426324600212046A4
:108850001FF00EFE4C4F3A464C4920461FF0F4FCE8
:10886000404D012221462846FFF77AFD304615F09B
:108870008BF9012246492846FFF772FD304615F074
:1088800083F93A46434920461FF0DEFC0122214687
:108890002846FFF765FD394B00221A60CFE73E4AB4
:1088A0001368013313600F223C493D481FF004FE5A
:1088B00090B9224A3B4907F0EBF838B93A4B01220C
:1088C0001A60294B002283F8382472E71B4A354985
:1088D000002007F0DDF8F1E73248FFF725F8F0E770
:1088E0001A4B00221A601F48FFF7D4FC68E70022E9
:1088F00004211F4810F0F9F8642015F045F92B4BBE
:1089000000221A700CE03C2015F03EF9274B1B7832
:10891000DBB2012B7FF422AF144B1B78002BE6D186
:10892000234B1B68012BEED10B4B1B68782BEAD92C
:108930001F4B00221A60E6E72C81002430810024BE
:108940009C7E00246033002434850024308500247C
:10895000288500241C85002438E30024596A00245B
:108960000F8D00245C6A00245C7A0024586A00247D
:10897000000C025808080024D8EF04082C850024B5
:10898000476A0024E4000024DBBE0024F8EF04085A
:1089900008F0040828F00408188500243CF00408B6
:1089A000A16A00240C6B002454850024388500241F
:1089B0003CE300242DE9F04182B005460E460192C9
:1089C0001F4606F09BFD044650B14FF0000856B11B
:1089D000002D3ED0022D70D0404602B0BDE8F0819F
:1089E0004FF0FF38F3E707EE906AB8EE670B4249A5
:1089F000204606F00FFDC8B1404B93ED010AB8EEDA
:108A0000C00B3F49204606F005FD90B13B4B9B68EB
:108A100093B9DDED017AB8EE670B3A49204606F0CE
:108A2000F9FC0028D4D16FF00108D1E76FF00108FC
:108A3000E2E76FF00108E9E707EE903AB8EEE70BDE
:108A40003149204606F0E6FC0028E2D16FF001082B
:108A5000DFE72E4DD5ED4E7AB8EEE70B2C492046D8
:108A600006F0D8FCD5ED4F7AB8EEE70B2949204641
:108A700006F0D0FC95ED060AB8EEC00B264920465C
:108A800006F0C8FC254D4FF47A7632460021284680
:108A90001FF0EEFC002332462946204606F028FC53
:108AA00018B11F4B01221A6001E06FF00208002C80
:108AB00092D0204605F006FF8EE71A4D4FF4AF66C0
:108AC0003246002128461FF0D3FC002332462946B7
:108AD000204606F00DFC08B96FF00208114938462F
:108AE0001FF0CFFE104B01221A60002C3FF474AF30
:108AF000204605F0E7FE6FE788E304083C85002484
:108B00008CE3040868F004085CF004086033002477
:108B10006CF0040878F0040884F004083081002424
:108B2000548500242CE70024588500242DE9F041C9
:108B300004460D461F4606F0E1FC064648B14FF0DC
:108B40000008012D08D944B3022C5AD04046BDE894
:108B5000F0814FF0FF38F4E707EE905AB8EE670B5C
:108B60003749304606F056FC88B1B0EE080B35495F
:108B7000304606F04FFC68B1B7EE000B3249304684
:108B800006F048FC0028DED16FF00108DBE76FF04B
:108B90000108EAE76FF00108EEE72C4CD4ED4E7ABD
:108BA000B8EEE70B2A49304606F034FCD4ED4F7A94
:108BB000B8EEE70B2749304606F02CFC94ED060A88
:108BC000B8EEC00B2449304606F024FC234C4FF489
:108BD000AF652A46002120461FF04AFC00232A46A2
:108BE0002146304606F084FB08B96FF002081B49A5
:108BF00038461FF046FE002EA8D0304605F062FE33
:108C0000A4E7164C4FF4AF652A46002120461FF01A
:108C10002FFC00232A462146304606F069FB08B99E
:108C20006FF002080D4938461FF02BFE0C4B012255
:108C30001A70002E8AD0304605F044FE86E700BF49
:108C400088E304088CE3040868F004086033002417
:108C50006CF0040878F0040884F004082CE7002481
:108C60008CCF00242DE9F04782B007468846914614
:108C70000025ADF804502C462E4606E09DF8043041
:108C80002B44DDB2013446F10006444576F1000381
:108C90000ED209EB040A5246012101A8FEF700FE9C
:108CA0000028EBD05246012101A8FEF7F9FDE5E7C7
:108CB000ED43EDB2094C2A46094920461FF0C4FA9B
:108CC00001222146104606F0D9FDBD4203D0012005
:108CD00002B0BDE8F0870020FAE700BF08080024D2
:108CE0008CF004082DE9F84307468946F7F758FB4E
:108CF00010F001041DD0012020E0385D06F098FC42
:108D00000501EDB204E0385D06F092FC0501EDB21C
:108D10000134B44211D2002CEFD014F0010FF2D084
:108D2000385D06F085FC284309F8080008F10108C1
:108D3000EEE70646A0460025EBE70020BDE8F883F5
:108D40002DE9F84305460C4617460026A64B1E6043
:108D5000A6490A685A60886898604968D960022AFA
:108D600011D0089B002B00F08B82A14B1B68002BBD
:108D700000F08682032C00F28782DFE814F0D60030
:108D80005B01BE0122029A4B1E60012C7ED024DCC6
:108D9000002C40F079824FF42B22964B1968964BA9
:108DA0001878FFF75FFF0446012014F0EDFE012C58
:108DB0005BD001238C4A1374904A8E4909689160F4
:108DC0008D49096811618E4A13708E4A1370FAF743
:108DD00059F90A2014F0D8FE56E2A31E022B00F225
:108DE0005382894B1E68894B1F78022C7FD0032C3D
:108DF00000F08480DFF834924A4631463846FFF767
:108E000031FF01287DD0002840F03E82804B196858
:108E1000804B9960784A12785A71734B012018740C
:108E2000022C7ED07B4B78480068986777480078A2
:108E300083F87C007848007883F8700077480088D1
:108E4000A3F8720076480088A3F87400C3F888106D
:108E500083F88420654A5268023AC3F88020684B40
:108E600001221A70FAF77CF90EE24FF42B22614BC3
:108E70001968614B1878FFF7F5FE012840F004826D
:108E800000235F4A1370584A1374FDE14FF44422E3
:108E9000644B1968584B1878FFF7E4FE044601202C
:108EA00014F072FE012C11D001234F4A1374534A5F
:108EB0005C490968D16050490968516150490B709B
:108EC00059490B705360FAF7DDF8DDE14FF44422A5
:108ED000544B1968484B1878FFF7C4FE012840F03E
:108EE000D3810023464A13703F4A1374CCE1484BA8
:108EF0001E68414B1F784FF44E297DE7DFF8309113
:108F00007AE714F041FE4A4631463846FFF7AAFE9A
:108F100001287FF478AF0023394A1370324A137462
:108F200071E75A683B4B1A7199E7002F57D0012F10
:108F300027D00898F7F734FA400816F0F3FD0446F6
:108F40000898F7F72DFA4208002120461FF090FA02
:108F500021460898FFF7C6FE58B90DBB0898F7F7E9
:108F60001FFA07F1AA021203C0F34F012046FEF7D1
:108F70001DFC16B91C4B01221A74204616F054FE33
:108F800082E119214FF42B200DF0A4FE06460028A3
:108F9000CFD019214FF42B200DF09CFE0646C8E7D8
:108FA00007F257577F023A464FF4007120460DF002
:108FB000A9FE06460A2014F0E7FD002EDAD03A4654
:108FC0004FF4007120460DF09DFE07460A2014F074
:108FD000DBFD002FCED0044B00221A74CDE7024BEC
:108FE00001221A7450E100BF3C850024A4EC002447
:108FF00030E3002428E300242CE30024789805249F
:10900000508500247560042414E3002412E3002436
:1090100020E30024201700241CE300241AE300248A
:1090200018E3002424E30024746004240050E900C1
:109030000050C900002F5CD0012F23D00898F7F70B
:10904000AFF9400816F06EFD04460898F7F7A8F946
:109050004208002120461FF00BFA21460898FFF72E
:1090600041FE58B9DDB90898F7F79AF907F1C3023C
:109070001203C0F34F012046FEF798FB204616F07E
:10908000D3FD01E105214FF444200DF023FE00281B
:10909000D4D005214FF444200DF01CFECEE70898F3
:1090A000F7F77EF907F21F677F023A46C0F34F01D8
:1090B00020460DF027FE80460A2014F065FDB8F129
:1090C000000F03D1794B01221A74D7E70898F7F7FC
:1090D00067F93A46C0F34F0120460DF013FE0746EC
:1090E0000A2014F051FD002FECD0704B00221A74AE
:1090F000C4E76E4B01221A74C6E0002F5DD06DB13B
:10910000012F03D07B1E13F0070F07D107F26F6406
:109110006402012120460DF0DDFD18BB0898F7F729
:109120003FF9400816F0FEFC04460898F7F738F9B6
:109130004208002120461FF09BF921460898FFF7BE
:10914000D1FD58B99DB90898F7F72AF907F1CD0272
:109150001203C0F34F012046FEF728FB204616F00D
:1091600063FD91E0012120460DF0B4FDD6E707F242
:109170006F677F023A464FF4007120460DF0C2FD42
:1091800080464FF4FA7014F0FFFCB8F1000F03D1E1
:10919000464B01221A74E1E73A464FF4007120462B
:1091A0000DF0B0FD07464FF4FA7014F0EDFC002FFF
:1091B000EED03E4B00221A74D0E73C4B01221A74C9
:1091C00062E03B1E18BF0123002D18BF0023002BB7
:1091D00052D0012F03D07B1E13F0070F08D146F2A7
:1091E000A7433B445C02012120460DF073FDB8B952
:1091F0000898F7F7D5F8400816F094FC044608984C
:10920000F7F7CEF84208002120461FF031F9214639
:109210000898FFF767FD40B1204616F005FD33E0E2
:10922000012120460DF056FDE2E746F2A7433B44FC
:109230005F023A464FF4007120460DF063FD804610
:109240004FF4FA7014F0A0FCB8F1000F03D1174BE3
:1092500001221A74E0E73A464FF4007120460DF0FF
:1092600051FD07464FF4FA7014F08EFC002FEED03B
:109270000E4B00221A74CFE70C4B00221A7403E045
:1092800017B90A4B01221A74099B084A127C002163
:109290002846FFF78FFB08B9BDE8F883099B034A0E
:1092A000127C00212846FFF785FBF5E73C8500246A
:1092B000F8B57D4B93F870308B4240F0EA800C4655
:1092C000174606F01BF90546002800F0E58006F079
:1092D000F1F8064638B3754B05221A6004225A602D
:1092E000B1EE040B7249284606F094F808B36F4BB0
:1092F00093ED010AB8EEC00B6E49284606F08AF8D5
:10930000E8B107EE904AB8EEE70B6B49284606F045
:1093100081F8D0B1694B1B78EBB1023300EE103A03
:10932000B8EEC00B19E0284605F0CCFA6FF001004A
:109330009CE0284605F0C6FA6FF0010096E028464A
:1093400005F0C0FA6FF0010090E0284605F0BAFA87
:109350006FF001008AE09FED520B5949284606F054
:1093600059F800283BD0574A5749284606F086F856
:1093700000283AD0514B5B7800EE103AB8EE400B23
:109380005249284606F046F8A8B34C4B5B8800EEDD
:10939000103AB8EE400B4E49284606F03BF880B331
:1093A000464B9B8800EE103AB8EE400B49492846E0
:1093B00006F030F858B30024474B1B78A34232D94B
:1093C00004EB4400454B03EBC00006F03DF80146BA
:1093D000304605F0D9FF00B30134E4B2ECE728468B
:1093E00005F070FA6FF0010040E0284605F06AFAD7
:1093F0006FF001003AE0284605F064FA6FF00100D2
:1094000034E0284605F05EFA6FF001002EE02846B1
:1094100005F058FA6FF0010028E0284605F052FAEE
:109420006FF0010022E032462D49284605F0B0FFDA
:10943000E8B12C4A2C49284606F020F8E8B12B4C1C
:109440004FF4AF663246002120461FF011F800238A
:1094500032462146284605F04BFFA0B12349384645
:109460001FF00FFA284605F02DFA0020F8BD284617
:1094700005F028FA6FF00100F8E7284605F022FA17
:109480006FF00100F2E7284605F01CFA6FF00100CA
:10949000ECE76FF00100E9E76FF00100E6E700BFDD
:1094A0000000000000000000201700243C8500247C
:1094B00088E304088CE30408A8F004084C8800241E
:1094C000B4F00408DBBE0024C0F00408C8F00408AF
:1094D000D4F00408E0F00408798500247C85002499
:1094E000F0F00408D6330024FCF004082CE7002434
:1094F00008B50F4B1B78A3B90E4B5A790E4B1B784E
:109500009A4209D901330C4A13700C4B5B7843B96A
:109510000B4B01221A7004E00023074A1370094A1A
:10952000137001220849104606F0A8F908BD00BFD3
:10953000688C002460330024698C00244C8800244B
:109540000EE300247985002404F1040808B5184BC3
:1095500093F8DB35C3B1174B5B78012B09D0154B62
:10956000012283F85F2101221349104606F086F993
:1095700008BD104BB3F85431032BF0D90D4B00222A
:109580005A70A3F85421EEE70A4B5B881BB1094AD5
:109590009288934205D00023064A5370074A1370FD
:1095A000E1E7044B04225A70012283F85F21DAE7D5
:1095B000603300244C88002418F1040879850024C5
:1095C00000B583B00D4BD9790D4B03FB01F10D4B69
:1095D000A3FB01310C4B009300231A4689090B4869
:1095E00015F0BCFE0A4B186010B103B05DF804FB27
:1095F00001220849104606F041F9F6E760330024DD
:1096000040420F00D34D6210F19402082CF104087F
:109610006885002438F1040800B583B0134B93F833
:10962000DC154FF47A7202FB01F193F8DB3513B9C4
:10963000C1EB011189004FF47A7303FB01F10C4B6C
:10964000A3FB01310B4B009300231A4689090A48FA
:1096500015F084FE094B186010B103B05DF804FBEF
:1096600001220749104606F009F9F6E760330024A5
:10967000D34D62104D95020858F10408648500240A
:1096800064F1040810B588B00DF1040C074C0FCC40
:10969000ACE80F0094E807008CE80700002101A85F
:1096A00014F03FFA024B186008B010BDB0DA04089D
:1096B0006C85002410B51B481B4B03604FF4E1334D
:1096C000436000238360C36003610C2242618361B5
:1096D000C36103624362836214F08FF8B0B9002162
:1096E000104814F0C9F9A0B900210E4814F0E9F9A6
:1096F00090B90C4814F0A1F988B90A4C0A21204607
:1097000013F0C6FB204613F0CFFB10BD0AF082FD1C
:10971000E5E70AF07FFDE7E70AF07CFDE9E70AF0FC
:1097200079FDEAE738F300240048004010B58CB218
:1097300041F2883322460146024813F091FF204649
:1097400010BD00BF38F30024F0B597B00C461928BF
:1097500027D8DFE810F01A00280026003500420064
:10976000530064007500860026002600260097003E
:109770002600A800B900CA00DB00EC00FD002801AB
:10978000530164017C01C70107020221C048FFF7B1
:10979000CDFF0221BF48FFF7C9FF00210846FFF7B0
:1097A000C5FF17B0F0BD0321BB48FFF7BFFF022183
:1097B000B848FFF7BBFF00210846FFF7B7FFF0E707
:1097C0000321B648FFF7B2FF0221B248FFF7AEFF10
:1097D00000210846FFF7AAFFE3E70221AC48FFF7A4
:1097E000A5FF0521AE48FFF7A1FF0221A948FFF719
:1097F0009DFF00210846FFF799FFD2E70221A44808
:10980000FFF794FF0621A748FFF790FF0221A14828
:10981000FFF78CFF00210846FFF788FFC1E7022110
:109820009B48FFF783FF0A219F48FFF77FFF022134
:109830009848FFF77BFF00210846FFF777FFB0E766
:1098400002219348FFF772FF07219848FFF76EFF48
:1098500002219048FFF76AFF00210846FFF766FFE4
:109860009FE702218A48FFF761FF07219048FFF731
:109870005DFF02218748FFF759FF00210846FFF7E7
:1098800055FF8EE702218248FFF750FF08218948E3
:10989000FFF74CFF02217F48FFF748FF00210846F1
:1098A000FFF744FF7DE702217948FFF73FFF0621DC
:1098B0008148FFF73BFF02217648FFF737FF002181
:1098C0000846FFF733FF6CE702217148FFF72EFFD0
:1098D00007217A48FFF72AFF02216E48FFF726FF8B
:1098E00000210846FFF722FF5BE702216848FFF7E7
:1098F0001DFF06217248FFF719FF02216548FFF797
:1099000015FF00210846FFF711FF4AE702216048D2
:10991000FFF70CFF06216B48FFF708FF02215D48A7
:10992000FFF704FF00210846FFF700FF39E7022197
:109930005748FFF7FBFE06216348FFF7F7FE0221B9
:109940005448FFF7F3FE00210846FFF7EFFE28E733
:109950000BAB5E4A92E8030083E8030000230D93FB
:10996000ADF83830BCB121460BA81EF089FD0221AC
:109970004748FFF7DBFE0BA8F6F712FD01460BA8E0
:10998000FFF7D4FE02214348FFF7D0FE002108462E
:10999000FFF7CCFE05E70BAC2046F6F701FD4C4B7C
:1099A0001B882352E3E74B4B93E803000B90ADF881
:1099B00030100025CDF83250CDF83650CDF83A5061
:1099C000CDF83E50CDF84250CDF8465021460BA878
:1099D0001EF056FD02212E48FFF7A8FE0BA8F6F751
:1099E000DFFC01460BA8FFF7A1FE02212948FFF783
:1099F0009DFE29462846FFF799FED2E6022124481B
:109A0000FFF794FE06213448FFF790FE022121481B
:109A1000FFF78CFE00210846FFF788FEC1E6022111
:109A20001B48FFF783FE07212C48FFF77FFE2046E7
:109A3000F6F7B6FC01462046FFF778FE02211548EE
:109A4000FFF774FE00210846FFF770FEA9E6244BDD
:109A50000BAD93E8030085E8030002210C48FFF7F3
:109A600065FE2846F6F79CFC01462846FFF75EFE99
:109A70002046F6F795FC01462046FFF757FE0221E7
:109A80000448FFF753FE00210846FFF74FFE88E623
:109A90000CE904081CE9040884F1040888F10408AE
:109AA0008CF1040894F104089CF10408A8F104085E
:109AB000B0F10408B8F10408C4F10408CCF10408BA
:109AC000D4F10408DCF10408E4F10408CCDA040859
:109AD000A8DD0408DCDA0408ECF10408F4F1040859
:109AE00004F204086C46284D0FCD0FC40FCD0FC4EF
:109AF00095E8070003C42270244F02213846FFF77F
:109B000015FE6846F6F74CFC01466846FFF70EFE68
:109B10001F4E02213046FFF709FE00210846FFF7DD
:109B200005FE64200DF03AFA0BAC1A4D0FCD0FC4B0
:109B30000FCD0FC495E8070003C4227002213846F8
:109B4000FFF7F4FD0BA8F6F72BFC01460BA8FFF777
:109B5000EDFD02213046FFF7E9FD00210846FFF741
:109B6000E5FD1EE602210948FFF7E0FD06210A484F
:109B7000FFF7DCFD02210648FFF7D8FD002108466B
:109B8000FFF7D4FD0DE600BF0CF204080CE9040851
:109B90001CE9040838F20408FCF1040838B504464E
:109BA0001149124B186814F087FB10B9002528469C
:109BB00038BD16200E4B18802146FFF7C5FD002446
:109BC0000C4B1C70322013F0DFFF0134E4B2094B60
:109BD0001D780DB9272CF5D900231A4619460348DC
:109BE000006814F08FF9E2E7804F120070850024BE
:109BF0006C8C0024678C002408B50C490C4B186849
:109C000014F05AFB00B908BD12200A4B188000213D
:109C1000FFF79AFD642013F0B7FF00231A46194698
:109C20000348006814F06EF9EDE700BF804F1200A2
:109C3000708500246C8C002470B59EB0284C1325D0
:109C4000258000212846FFF77FFD642013F09CFF4C
:109C5000112020800021FFF777FD642013F094FF8E
:109C6000142323801F4A92F8D53592F8D615B2F8FE
:109C7000D80592F8DA65039602900191009392F864
:109C8000D435D2F8D025184905A81EF0DDFA05A96B
:109C90002078FFF759FD642013F076FF192020800B
:109CA0000021FFF751FD642013F06EFF1820208083
:109CB0000E49FFF749FD642013F066FF172020804E
:109CC0000B49FFF741FD642013F05EFF2580094931
:109CD0002846FFF739FD642013F056FF1EB070BD13
:109CE0006C8C00246033002464F20408A8DD0408AE
:109CF0008CE9040878F20408234AD2F8D0352349C5
:109D0000A1FB03139B0992F8D405082812D0092857
:109D100003D007281BD0002070471D4A934223D050
:109D200002F5AA72934221D002F2472293421FD039
:109D300000207047164A93421CD002F5AA72934243
:109D40001AD002F24722934218D000207047104ADE
:109D5000934218D002F5AA72934211D002F2472220
:109D600093420FD0002070470120704702207047B7
:109D70000320704704207047052070470620704775
:109D8000082070470920704760330024D34D6210CB
:109D900026330D0010B53749374B186814F08CFA8C
:109DA00008B9002010BD354C00224FF480512046E8
:109DB0000EF09BFEC82013F0E7FE01224FF4805105
:109DC00020460EF092FE4FF47A7013F0DDFE02236F
:109DD0002B4A13702B4C237000202B4B188001460C
:109DE000FFF7B2FC4FF4FA7013F0CEFE2378012B8C
:109DF0001BD00223224A1370224C23700020224BD6
:109E000018800146FFF7A0FC4FF47A7013F0BCFEF7
:109E10002378012B1AD000211B4B19800B460A46D0
:109E20001548006814F06EF8BBE7154B1B78012B42
:109E3000DFD10021124B19700120134B1880FFF75E
:109E400083FC4FF4FA7013F09FFED2E70C4B1B78A3
:109E5000022BE0D104200C4B18800021FFF774FC8A
:109E6000642013F091FEFFF7E7FEFFF745FF074B75
:109E70001870D0E7804F1200708500240008025847
:109E80000D8D00240C8D00246C8C00246A8C002421
:109E900010B50DF07DF804461D4B1B788BB91D4B9A
:109EA0001B68C31A1C4A934200D810BD01221146F8
:109EB0001A480EF01AFE164B01221A70154B1C6040
:109EC000F3E7012B11D0134B1B68C31A4EF65F2228
:109ED0009342EAD90022012110480EF006FE0C4BF5
:109EE00000221A700B4B1C60DFE70A4B1B68C31A79
:109EF00047F22F529342D8D9054B02221A70012003
:109F0000074B18700246074905F0B8FCCDE700BFC3
:109F10002CF3002430F300243FD10C00000402583D
:109F20000EE3002480F2040808B50022064B1A70E4
:109F3000064B1A70064B1A70064B1A700121064820
:109F40000EF0D3FD08BD00BFAE890024AF89002408
:109F5000B0890024AC890024000C025808B5194BC4
:109F60001870194B00221A700138032821D8DFE835
:109F700000F0020B12190223144A1370144A1370D2
:109F8000144B00221A7008BD104B08221A70104B97
:109F900002221A70F4E70D4B02221A700C4B0322B6
:109FA0001A70EDE7094B14221A70094B00221A703F
:109FB000E6E70022054B1A70012107480EF095FDD7
:109FC000DEE700BFAE890024AC890024AF890024FD
:109FD000AD890024B0890024000C025808B51B4B41
:109FE0001B78EBB11A4B1B78D3B11A4B1B7833B1EA
:109FF000194A1278934214D8174B00221A70174B43
:10A000001B7893B90122114615480EF06EFD134BD3
:10A0100001221A700E4A1378013BDBB213706BB148
:10A0200008BD01320C4B1A70FAE7002201210C48DE
:10A030000EF05BFD094B00221A70EBE70022034B88
:10A040001A70012106480EF050FDE9E7AE890024A0
:10A05000AF890024AD890024AC890024B089002494
:10A06000000C025808B50120FFF778FF08BD00007A
:10A0700038B504461B491C4B186814F01DF910B97B
:10A080000025284638BDFFF7EDFF184D1320288026
:10A090000021FFF759FB962013F076FD162028804B
:10A0A0002146FFF751FB0024114B1C70322013F0A6
:10A0B0006BFD0134E4B20E4B1D780DB9272CF5D998
:10A0C0000A4C132020800B49FFF73EFB962013F02B
:10A0D0005BFD002121800B460A460348006813F00F
:10A0E00011FFCEE7804F1200708500246C8C002495
:10A0F000678C002478F2040808B50B48FFF7B8FF16
:10A1000028B1C822002108481EF0B2F908BD642019
:10A1100013F03AFD0448FFF7ABFF0028F1D1034BE1
:10A12000012283F83D20ECE710BE0024D8BE0024B5
:10A1300008B50220FFF712FF08BD000038B52C4B10
:10A140001B78012B46D0022B4BD02A4C2046F6F729
:10A1500027F902460519284B03CBA05069601B78EC
:10A160002B72264D022204F10801284605F00EFB51
:10A17000012204F10C01681D05F008FB022204F124
:10A180000E01A81D05F002FB012204F1120105F5E4
:10A19000AE7005F0FBFA042204F1140105F5AB7072
:10A1A00005F0F4FA043C202120460AF0A1FBA5F8B2
:10A1B0005A01022204F1200105F5AD7005F0E6FA1E
:10A1C000302384F82430372384F82530002384F8A2
:10A1D000263038BD0A4B0B4A1068186012791A7184
:10A1E000B3E7074B084A1068186012791A71ACE798
:10A1F0004C88002414BE0024A4F204084E880024D5
:10A2000010BE002494F204089CF20408F8B52E4D08
:10A210002E4C01222946204605F0B8FAAE1C3046E5
:10A22000F6F7BEF802468719294B03CBB050796088
:10A230001B783B72022205F10801E01E05F0A6FA28
:10A24000012205F10C01601E05F0A0FA14F8073C8C
:10A25000012B2ED01F48828881791F4B01FB0232CF
:10A260000A30FDF71DFB1B4E1C4DB279294606F145
:10A270000A0005F08BFAB479640004F10E070E3D74
:10A2800007F0FE0128460AF033FBA6F85C01022223
:10A29000E91906F5AE7005F079FA04F1120204F13D
:10A2A00013033021A95414343822EA5400232B55C7
:10A2B000F8BDE01F82888179094B01FB02320A3028
:10A2C000FDF7EEFACFE700BF10BE0024538800244C
:10A2D000A4F204084C8800240050E9001EBE0024AB
:10A2E0000050C90038B50C4C0C4920461EF0C9FA84
:10A2F0000B4D012204F11001284605F047FA022215
:10A3000004F11201E81E05F041FA3023A375392348
:10A31000E3750023237638BDB4890024DBBE002416
:10A320005388002470B582B0214C224D0122214671
:10A33000284605F02BFAA61C3046F6F731F80246FF
:10A3400000EB060C1C4B03CBB050CCF804101B7870
:10A350008CF80830022204F10A01E81E05F016FA12
:10A36000164E012204F10E01304605F00FFA0422C8
:10A3700004F11001301F05F009FA182120460AF0F7
:10A38000B7FAA5F85501022204F1180105F255109B
:10A3900005F0FCF90B238DF80730012204F11C01B4
:10A3A0000DF1070005F0F2F90023A37702B070BDAC
:10A3B00010BE002453880024A4F204089C17002433
:10A3C00030B59BB0044615460A461E4968461DF046
:10A3D0003BFF294601A81EF054FA214601A81EF0B1
:10A3E0004FF8694601A81EF04BF801A8F5F7D8FF11
:10A3F000C3B25A1C00F168010DEB0100302100F8D6
:10A40000641C02331AA951FA82F2322102F8641C48
:10A410001AAA52FA83F3002203F8642C01A8FFF76A
:10A4200027FE08B11BB030BD642013F0ADFB01A8BE
:10A43000FFF71EFE0028F5D1034B012283F83D20D3
:10A44000F0E700BFB0F20408D8BE00242DE9F843BD
:10A450000CF09EFD054600240CE03F4B5C2202FB05
:10A46000043300225A7601223C49104605F006FAD0
:10A470000134E4B2062C2FD8374B5C2202FB0433A4
:10A480005B7E002BF4D0344B02FB04331B7E002B8D
:10A49000EED1314B02FB04335B69EB1AB3F5FA6F73
:10A4A000E6D92D4B02FB04339A7C2D4B5B799A4203
:10A4B000D3D25C2304FB03F3274A9E1818331A44B3
:10A4C0000232717C3046FFF77BFFB37C0133B374FB
:10A4D0000CF05EFD7061CBE7224B5C7844B3BDE8C5
:10A4E000F883670004EB4402DFF88890DFF88C8083
:10A4F00009EBC2021C4940461DF0A6FE012241465E
:10A50000104605F0BBF92744FF00002309F8073087
:10A51000164B1A78013AD2B21A70154940461DF00E
:10A5200093FE01224146104605F0A8F90134E4B239
:10A530001D2CD4D804EB44030E4A12F83330002B00
:10A54000F4D004EB44020B4B03EBC2035B69EB1A40
:10A55000094A9342EAD9C4E7A47E0024B8F2040869
:10A56000603300244C880024DCF204087985002440
:10A5700000F304087C85002480EE360008080024DF
:10A5800030B587B0594C5A4B07CB20606160A26050
:10A590001A889B78A281A373564DAB7800EE103ACF
:10A5A000B8EE400A0BF034FC8DED050A042202A936
:10A5B00005A805F0EBF802A920461DF061FF6B78B5
:10A5C00000EE103AB8EE400A0BF022FC8DED050AC1
:10A5D000042202A905A805F0D9F802A920461DF019
:10A5E0004FFFEB7803F5FA6300EE103AB8EEC00ABD
:10A5F0000BF00EFC8DED050A042202A905A805F05A
:10A60000C5F802A920461DF03BFF3B4D2B7800EE1C
:10A61000103AB8EE400A0BF0FBFB8DED050A042260
:10A6200002A905A805F0B2F802A920461DF028FFEE
:10A630006B7800EE103AB8EE400A0BF0E9FB8DEDB6
:10A64000050A042202A905A805F0A0F802A92046DF
:10A650001DF016FFAB7800EE103AB8EE400A0BF092
:10A66000D7FB8DED050A042202A905A805F08EF896
:10A6700002A920461DF004FF2046F5F791FEC1B265
:10A6800020460AF035F9ADF80600022202A90DF1C4
:10A69000060005F07BF802A920461DF0F1FE2046D9
:10A6A000F5F77EFE02460519144B03CBA0506960F6
:10A6B0001B782B722046F5F773FEC5B2104B1A7843
:10A6C000511C19700F4920441DF0BEFDAA1CD2B2C6
:10A6D000EB1CDBB23021A1540435EDB23622E2543A
:10A6E00000236355FFF708FD07B030BD10BE0024FE
:10A6F00024F30408A88C0024948C0024A4F20408F9
:10A700006B8C0024B0F2040838B502210C480EF01E
:10A71000E5F904460CF03CFC0A4B1B78A34206D03A
:10A720000546094B1B68C31A322B00D914B1054BDF
:10A730001C7038BDFCF756FE034B1D60F7E700BFE9
:10A7400000100258DC0200245C85002410B41B4B6E
:10A75000B3F872201A4BA3FB021359090B4664206D
:10A7600000FB1122174C2078C0EB0010810089B249
:10A770006078014489B2C3EB0313980080B210FAE9
:10A7800082F39BB203F11E0292B2B2F5B46F09D20A
:10A79000994234BF00200120914288BF00205DF81B
:10A7A000044B7047A3F2825080B281428CBF0020DC
:10A7B0000120994228BF40F00100F0E72017002453
:10A7C0001F85EB51948C00242DE9F043A1B04FF08C
:10A7D000000841F2883013F0D7F9FFF7A5FB40F2EB
:10A7E0000D22A849A84813F0D9F8032241460120B8
:10A7F00013F064FBA54B186043464246414613F0F4
:10A8000081FB03224146012013F058FBA04B186046
:10A8100043464246414613F075FB1BF0F1F90A200E
:10A8200013F0B2F917200DF00BFC9A4B1B78012B9B
:10A8300001D0002317E0FCF74FFE41460120FCF752
:10A8400077FE9548FCF73EFE41460220FCF770FE7D
:10A850009248FCF737FEECE720AA02EB83020021C6
:10A8600042F8141C0133042BF6DDFFF793FAFEF7D0
:10A87000A7FE00240094234622460321884800684E
:10A8800014F088FDFEF7C8FE0094234622460321FB
:10A890008448006814F07EFD7E4B1B7833B9002796
:10A8A0003C2600F017BE642013F06EF97E4B1B7837
:10A8B000002BF8D0F3E77D4C01232370FFF79CF9C0
:10A8C000642013F061F9237833B994F83D30012BFB
:10A8D00002D0002600F00BBE75496D4B186813F0CE
:10A8E000EBFC10B9002600F002BE00266F4B83F887
:10A8F0003D60704C32464FF4805120460EF0F5F822
:10A90000642013F041F901224FF4805120460EF0EB
:10A91000ECF8642013F038F9FFF78EF9FFF7ECF943
:10A92000654B1870654B1E80334632463146584899
:10A93000006813F0E7FA00F0DABD614B93F8DB35FD
:10A940008BB1604B00221A7001200BF0D1F95E4BE5
:10A9500093F8AA33032B09D101235C4A13705C4A94
:10A96000137000F0C9BDFFF7E3FBEAE7594C237809
:10A9700003EB4302C3EBC205DFF88091564909EBB4
:10A9800005001DF07EFF05F11001012249445348E6
:10A9900004F0FCFE237803EB4302C3EBC2029144B4
:10A9A000302289F81220342289F81320002289F8F5
:10A9B00014200133DBB22370092B40F29D852270F5
:10A9C00000F09ABD0022464B1A70464B1A70009256
:10A9D000134603213248006814F0DCFCFFF7A8FBA3
:10A9E00000F093BD404B00221A70FFF7A1FB00F06E
:10A9F00091BD3E4B5B78002B40F09185334B00229C
:10AA00001A701AF0F7FD234B93F80080B8F1010F8C
:10AA10002FD02B4B93F8DB35002B71D12F4B1A78AD
:10AA2000511C1970324D294619A81DF00DFC012248
:10AA300029461AA81DF008FC2E4D19A928461DF01C
:10AA40001FFD1AA928461DF01BFD0025244B1D7073
:10AA5000134B1F6813F0ACFF024600952B460121F3
:10AA6000384614F097FCFFF747FBA046042700F098
:10AA700056BDFFF741FB204B01221A70042700F05E
:10AA80004EBD00BFF0F0002438F30024748500248C
:10AA9000708500248ECF00244CE7040834F30408AA
:10AAA00068850024648500240CE30024D8BE0024BB
:10AAB000804F1200000802586A8C00246C8C00241D
:10AAC00060330024F08C002450F600240EE30024B0
:10AAD000F8020024198D0024DBBE00246B8C0024B6
:10AAE000688C0024698C0024668C00244C88002427
:10AAF000B0F2040810BE002478850024B489002434
:10AB00009A4F97F800809A49C8209A4B00FB08306A
:10AB10001DF0B7FE984B1A88984B03F808200025C3
:10AB2000974B03F80850974B1D704FF00108964B58
:10AB300083F80080954BD3F8009013F039FF02465C
:10AB400000952B464146484614F024FC3B7843448C
:10AB5000DBB23B703B2B00D93D70844B1A788C4B99
:10AB60001B789A4203D0A046042700F0D8BC894B3A
:10AB700001221A70A046042700F0D1BC0CF008FA9C
:10AB8000854B1B68C01A40F6B833984240F2D18416
:10AB9000FFF768FA1320814B18800021FEF7D4FDDF
:10ABA000C82012F0F1FF40E0642012F0EDFF7C4B72
:10ABB000187800EB4003C0EBC3007A4B1844FEF753
:10ABC000EDFF00283BD1642012F0DEFF744B1878B3
:10ABD00000EB4003C0EBC300724B1844FEF7DEFFEE
:10ABE00020B1714B002283F83D2028E06E4B0122FA
:10ABF00083F83D206C4B93F83D3013B96B4B00222A
:10AC00001A70654B00221A601320644B1880684943
:10AC1000FEF79AFD322012F0B7FF00F08ABC604BBD
:10AC20001A78644B1B789A42E4D05D4B1B7803EB97
:10AC30004302C3EBC2035B4AD35C002BB4D1584A36
:10AC4000107800EB4003C0EBC30356490024CC54FA
:10AC50000130C0B210701D28E1D91470DFE7564DE5
:10AC6000002485F85F41554BD3F8009013F0A0FE07
:10AC70000246009423460121484614F08BFB6B7872
:10AC8000013B032B00F26682DFE813F0040055005D
:10AC9000A8000F014A4B93F8DB358BB3494BD3F82F
:10ACA0008020454C227093F87020E271B3F8742034
:10ACB000228193F8842084F85E21D3F88820C4F898
:10ACC00058219A6F534252FA83F39B0963800025FF
:10ACD000A5804023A371FFF731FAB4F85431013352
:10ACE000A4F854314FF43472294637481DF0C0FBA4
:10ACF000364B1D70364B1D70FFF7FEF900F02EBC71
:10AD00004FF47A7012F040FF194C324920461DF082
:10AD1000B8FD012204F110012F4804F037FD0A2389
:10AD20008DF86830012204F112011AA804F02EFDFA
:10AD300000232375E0E7224B93F8DB35002B00F06E
:10AD40000D84FFF763FAFFF7D7F91B4A93880133A5
:10AD50009BB2938052889342C0F00084164B042229
:10AD60005A700022A3F85421F8E300BF1A8D002482
:10AD700010BE0024948D0024168D0024588D0024CC
:10AD80001C8D0024F802002410E30024A07E00247F
:10AD900028810024586A0024F48C00246C8C002440
:10ADA000B1890024B4890024D8BE0024F88C002482
:10ADB00078F20408198D00244C880024648500244E
:10ADC00060330024201700247C850024188D002483
:10ADD00079850024DBBE002453880024B44B1B7803
:10ADE000012B40F0BB83B34B1B78002B3FD1B04B02
:10ADF0009B8813F03F0F01D0012B16D1AC4A9279FA
:10AE000003FB02F2012B44D0AB4C14440121204639
:10AE10000BF060FFA94D2246A94928461DF014FAFF
:10AE200001222946104604F029FDA14BB3F8543104
:10AE3000FF2B40F293839E4B9C88043C9A7902FB43
:10AE400004F41B78012B26D001229C49104604F003
:10AE500015FD9C4D22464FF4807128460BF052FFA1
:10AE6000B5F84A31A3F58073A5F84A3176E34FF47B
:10AE70007A7012F089FE8F4C2046FFF7F9F84FF4F4
:10AE80007A7012F081FE2046FFF7F2F8002323705B
:10AE9000ADE7894CBAE704F5490404F5A04422461D
:10AEA000894986481DF0D0F9CEE7884B93F8DB3509
:10AEB000002B3DD07E4BB3F85441FCB1844B1A7843
:10AEC000844B1B789A4201D2012C26D9002400948D
:10AED0002346224603218048006814F05BFA7F4B2A
:10AEE000A3F87240F8F73CF9642012F04DFE704B65
:10AEF0001B78012B51D009F013F92FE3744D2A78F8
:10AF0000744B1A704FF43472002175481DF0B0FA7A
:10AF100000232B70734A1370D0E7FFF703FAFFF793
:10AF2000EBF8634AB2F854310133A2F8543115E317
:10AF30004FF47A7012F028FE6B4C6C4920461DF0DD
:10AF4000A0FC6B4D012204F11001284604F01EFC08
:10AF50000A238DF86830012204F112011AA804F0C6
:10AF600015FC00232375FFF7C7F815F8073C012BE4
:10AF700040F0F482594B504A996F93F87C00FDF7EA
:10AF800071FE50B101225B49104604F077FC642049
:10AF900012F0FAFD09F0C4F8E0E20024564900E09E
:10AFA00001310B7863B1A3F13002D2B2092AF7D88C
:10AFB00004EB840403EB44039BB2303B9CB2EFE709
:10AFC0003E4D22464D4928461DF03EF901222946B4
:10AFD000104604F053FC364B1B89A34202D13F4B71
:10AFE0009B6853B901224649104604F047FC64208F
:10AFF00012F0CAFD09F094F8B0E203F54E23414A7D
:10B000005360364B996F2C4B0B443F494B60284B98
:10B01000D3F858013D4B03443D4843603D4C1690E6
:10B0200015911492502204F1100168461DF031FC74
:10B0300094E80F00FAF7F6FC002840F08580012222
:10B040003549104604F01AFC194B304AD3F8581110
:10B0500093F85E01FDF706FE00286FD101222F490B
:10B06000104604F00BFC124BD3F85801FAF73AFEE5
:10B0700000285DD00E4B4FF44E22D3F8581193F8B0
:10B080005E01FDF7EFFD00284CD1094AD2F85811B6
:10B09000124B996092F85E215A7102221A71F8F7E8
:10B0A0005FF801221E49104604F0E8FB9FE700BF4D
:10B0B0004C880024B48900240050C90008080024EA
:10B0C00048F304085688002474F30408603300240D
:10B0D00079850024608500246485002420170024DD
:10B0E0007C850024188D002410BE0024DBBE0024C3
:10B0F0005388002498F30408D6330024BCF30408D2
:10B10000F4F40408F0020024E80200240050EB00EC
:10B11000E002002484000024D4F3040804F40408AA
:10B1200028F404080122AD49104604F0A7FB5EE7AD
:10B130000122AB49104604F0A1FB58E70122A949BE
:10B14000104604F09BFB52E70122A749104604F089
:10B1500095FB4CE70122A549104604F08FFB002225
:10B16000A34B5A70009213460321A248006814F0C2
:10B1700011F9F3E1A04B93F8DB35002B00F0EE81E1
:10B18000FFF7E4FA002800F0E981994B012083F8E9
:10B190005F0158700246994904F070FBDEE1FFF749
:10B1A000EFF9974B00221A70DDE14FF00008E3E160
:10B1B000F9F7E2FF934B9A78934BA3FB0213DB085A
:10B1C000C3EB0313D21A12F0FF0F02D18F4B0122EF
:10B1D0001A70642012F0D8FCFBE18D4A1368013B21
:10B1E0001360002B40F0FE818A4B00221A704FF44E
:10B1F0007A71894B186813F05FF8012805D0012394
:10B20000844A1370824A1360ECE1F6F7FBFB0023DB
:10B210001A4619468048006812F074FEE2E17F4A3F
:10B220001368013B1360002B40F0E1817C4B00224E
:10B230001A704FF47A71784B186813F03DF80128B2
:10B2400005D00123764A1370744A1360CFE1F7F7F3
:10B2500089FB00231A4619466F48006812F052FE17
:10B26000C5E1704A1368013B1360002B40F0C481B4
:10B270006D4B00221A704FF47A71674B186813F007
:10B280001BF8012805D00123674A1370654A136033
:10B29000B2E1F6F74BFF00231A4619465E480068F4
:10B2A00012F030FEA8E1614A1368013B1360002BE5
:10B2B00040F0A7815E4B00221A704FF47A71564B12
:10B2C000186812F0F9FF012805D00123584A1370BD
:10B2D000564A136095E1F7F77FF800231A4619469E
:10B2E0004D48006812F00EFE8BE1524A1368013B94
:10B2F0001360002B40F08A814F4B00221A704FF4EC
:10B300007A71454B186812F0D7FF012805D0012348
:10B31000494A1370474A136078E1F7F7ADF9002303
:10B320001A4619463C48006812F0ECFD6EE1434AAB
:10B330001368013B1360002B40F06D81404B0022ED
:10B340001A704FF47A71344B186812F0B5FF012867
:10B3500005D001233A4A1370384A13605BE139483B
:10B3600016F0BEFD00231A4619462B48006812F05D
:10B37000C9FD50E1344B00221A604FF47A71264B1C
:10B38000186812F099FF012804D02F4B40F22B12BD
:10B390001A6046E10023B3F5967F0BDA03F52F71AF
:10B3A0002A4A02EB81021168294A02EB83025160AA
:10B3B0000133F0E7F7F718FA264B1A68264B5A6064
:10B3C000264A12689A60F7F7CDFA00231A46194602
:10B3D0001148006812F096FD23E100BF50F4040804
:10B3E0007CF40408ACF40408D0F4040834F5040830
:10B3F0004C88002464850024603300244CF5040844
:10B40000466A0024948C0024898888880EE30024EE
:10B4100070040024DC00012428F30024D00001245F
:10B42000D80001246C040024DB00012468040024FB
:10B43000DA00012464040024D900012474040024E7
:10B44000DD00012468F50408D4000124280F042439
:10B4500044180024043A002410170024003A002461
:10B4600004EBC402734B03EBC203214693F868015B
:10B47000F5F756FEA500704B03EB8403204693EDD1
:10B48000000AF5F783FC6D4B2B44D3ED007A05F1F0
:10B4900080030DEB030515ED057A77EE877A45ED10
:10B4A000057A0134042CDBDD00230CE020AA02EB3A
:10B4B000830151F8140C624A02EB830210600022EF
:10B4C00041F8142C0133042BF0DDFEF787FD372003
:10B4D00012F05AFB721C40F6B8339E423FF6EBA9BD
:10B4E000584B93F83D30012B3FF4E5A91646564BD7
:10B4F0001B78012B3FF421AA544B1B782BB14D4BE9
:10B5000093F8DB35002B3FF45DAA514B1B78012BE0
:10B510003FF468AA4F4B1C78012C3FF46AAA4E4BAB
:10B520001B78002B7FF434AB4C4B1B68002B7FF453
:10B5300025AB4B4B93F85F31002B7FF490AB494B1D
:10B54000B3F8723053B1464B5B783BB9464B1A683F
:10B55000464B1340B3F5807F3FF40CAE444B1B7851
:10B56000002B7FF41CAE3FB1013FFFB2B8F1010FD9
:10B570003FF41BAE4FF00108FEF768FF3D4B03F5AB
:10B5800016623D49097807EE901AF8EE677AC2ED27
:10B59000007A2C4A92F9331007EE901A03F66811DC
:10B5A000F8EEE77AC1ED007A127807EE902A03F6FA
:10B5B0009C13F8EE677AC3ED007A304B00221A60D4
:10B5C0002F4A1368013313602E4B1B78012B3FF475
:10B5D000EFADF9F741FDFFF797F82B4B1B78012BE7
:10B5E0003FF4FBAD294B1B78012B3FF418AE284BE1
:10B5F0001B78012B3FF435AE264B1B78012B3FF413
:10B6000052AE254B1B78012B3FF46FAE234B1B78BA
:10B61000012B3FF48CAE1A4B1B68B3F5167F3FF439
:10B62000A9AE00241E4B1C6000F07EF8FEF730FC33
:10B6300038E700BF60330024DC070024B40700248F
:10B64000C8070024D8BE0024F08C0024688C002495
:10B65000668C00240EE30024F88C0024F48C002473
:10B660004C88002420170024948C00240001FF0043
:10B67000466A0024280F04240C8D0024083A002474
:10B68000D40001248ECF0024DC000124D800012442
:10B69000DB000124DA000124D9000124DD000124AB
:10B6A000F007002400B58BB02822002168461CF06A
:10B6B000DFFE1B4B1B49196000225A607F209860F7
:10B6C000FF20D8601A619A61DA615A61CB6813F081
:10B6D000100F1AD000238DF800308DF801308DF84E
:10B6E0000230019303930493059306930793012279
:10B6F0008DF820204FF4807309936946084810F0B4
:10B7000017FC50B90BB05DF804FB054810F0FCFACB
:10B710000028DFD008F07EFDDCE708F07BFDF1E7D4
:10B72000F4F400240040005870B582B0104C114E63
:10B7300000222146304610F0C9FC0F4D0022294658
:10B74000304610F0E9FCEB7803F5FA6300936B7870
:10B75000AA780A490A481CF077FDA3780093637819
:10B760002278084908481CF06FFD02B070BD00BF88
:10B77000948C0024F4F40024A88C00247CF50408A4
:10B7800000F3002490F5040814F3002470B58446F7
:10B7900003684268C2EB021203EB820E83684FF427
:10B7A000616202FB03EE4FEAEE71C368013B02697E
:10B7B000724850F822000344012A1CDDDCF81420F2
:10B7C00012F0030F17D16E4C84FB0204D017C0EBAC
:10B7D0006410642404FB102060B902F26C72684C9F
:10B7E00084FB0204D017C0EBE4104FF4C87404FBD0
:10B7F000102000B90133CCF81C30DCF8140042F200
:10B800001072024444F62064A24200F2B38046283B
:10B8100058DC452840F38180D817DA1840EB000443
:10B82000D21840EB0405280140EA12701401A41A52
:10B8300060EB05052A0142EA14722001001B62EB4D
:10B840000502D20142EA5062C0011EEB000041EB4A
:10B85000020104334B4C84FB03241C44DA17C2EB73
:10B86000A402C2EBC2029A1ACCF81820002A7DDB8F
:10B8700070BD40F26D14234401329042CCDD12F0D1
:10B88000030FF6D13E4D85FB0245D417C4EB65147A
:10B89000642505FB14247CB902F26C75384E86FBD6
:10B8A0000546EC17C4EBE6144FF4C87606FB1454B7
:10B8B0002CB140F26D14DEE74FF4B774DBE74FF4C0
:10B8C000B774D8E74622D8E740F26D141B1B013A43
:10B8D000904224DA12F0030FF6D1294D85FB024580
:10B8E000D417C4EB6514642505FB14247CB902F25B
:10B8F0006C75234E86FB0546EC17C4EBE6144FF43B
:10B90000C87606FB14542CB140F26D14DEE74FF4F8
:10B91000B774DBE74FF4B774D8E74522D8E712F0E5
:10B92000030F19D1164C84FB0204D017C0EB64102E
:10B93000642404FB102098B902F26C72104C84FB52
:10B940000204D017C0EBE4104FF4C87404FB1020BD
:10B9500048B140F26D1201E040F26D129B1A5BE7B4
:10B960004FF4B772FAE74FF4B772F7E70732CCF843
:10B9700018207DE74FF0FF30014679E79C06050867
:10B980001F85EB5193244992054BA3FB0023DB0851
:10B9900003EB8302A0EB420000EB0310C0B2704740
:10B9A000CDCCCCCC00F00F03000900EB800003EB02
:10B9B0004000C0B27047000084B010B586B008AC3B
:10B9C00084E80F002D4C01226946204610F07EFBD2
:10B9D000012205A9204610F09FFB9DF80000FFF70B
:10B9E000E1FF0A909DF80100FFF7DCFF09909DF848
:10B9F0000200FFF7D7FF08909DF81400FFF7D2FF71
:10BA000001380E909DF81500FFF7CCFF01380C901F
:10BA10009DF81600FFF7C6FF0B909DF81700FFF783
:10BA2000C1FF64300D90164C0DF1200CBCE80F00E6
:10BA30000FC4BCE80F000FC4DCF80030236008A876
:10BA4000FFF7A4FE0F4C206061604A0142EAD06219
:10BA500043011B1A62EB0102920042EA93729B00BF
:10BA60001B1841EB0201C90041EA5371DB0023605E
:10BA7000616006B0BDE8104004B07047F4F40024E3
:10BA8000708C00240003002470B4574D2A600021FC
:10BA9000564B1970564B1970564BA3FB0264640940
:10BAA0002646C4EB0414A2EB840404602E60A3FBBE
:10BAB00006235B091C46C3EB0313A6EB8303436019
:10BAC0002C604D4BA3FB04231B091A4603EB4303D5
:10BAD000A4EBC30383602A60484C2260484BA3FB5D
:10BAE0000253D51A03EB55039B08C3EBC303D31AC8
:10BAF000444DEB5C8361A2F2D9222260424B196073
:10BB000006E0A3F26D133D490B6001323E4B1A6013
:10BB10003A4B1B68B3F5B77F09D93B4A126812F05C
:10BB2000030FEED1A3F5B77334490B60EDE729D0CD
:10BB3000354A136803F2B4731360436113F0030FC3
:10BB400007D1324AA2FB03125209642101FB1232CF
:10BB500042B92E4AA2FB0312D2094FF4C87101FB6D
:10BB60001232E2B92A4B1D225A70214B01221A705F
:10BB70000023284A1380214A1168274A1160274A66
:10BB8000137018E0204A126812F0030FD0D0A3F20D
:10BB90006D131A490B6001321B4B1A60C8E71C4B2E
:10BBA0001C225A70E4E71A4CE45C2244194C2280AF
:10BBB00001331A4A1370194B1B780B2B03D8154A03
:10BBC00012889142EFD80361013B114AD45C114ABB
:10BBD00013881B1B9BB21380C91AC9B2104B197072
:10BBE000C16070BC704700BFB88C0024BF8C0024BB
:10BBF000BE8C002489888888ABAAAAAAB08C0024AD
:10BC000025499224CC060508B48C00241F85EB51ED
:10BC100008030024BC8C0024AC8C0024C08C0024BD
:10BC2000C18C002484B0F0B587B00CAC84E80F0060
:10BC3000304BD3E900232046FFF726FF9DF838005C
:10BC4000FFF7A2FE8DF804009DF83400FFF79CFE7C
:10BC50008DF805009DF83000FFF796FE8DF8060080
:10BC6000002704970597129DE8B2FFF78DFE8DF827
:10BC70000000109EF0B2FFF787FE8DF801009DF8DE
:10BC80003C00FFF781FE8DF80200119C1A4B83FBEC
:10BC90000423E017C0EB6310642303FB1040C0B221
:10BCA000FFF772FE8DF80300A4F26C741194013E4C
:10BCB0001096013D12951497012201A90F4810F02A
:10BCC00081F880B9012269460C4810F0DFF868B9A4
:10BCD00043F2F2220121094810F03CFA07B0BDE816
:10BCE000F04004B0704708F095FAEBE708F092FADC
:10BCF000EEE700BF000300241F85EB51F4F400249D
:10BD00000C4B93F85131012B0FD00B4B00221A70C2
:10BD1000084B93F8521193F85331C3EB03139A0075
:10BD20004FF4616000FB01207047034B01221A7041
:10BD3000EEE700BF603300246E8C0024000000009A
:10BD40009FED057B20EE070B9FED057B80EE070B3B
:10BD5000704700BFAFF300806E861BF0F9210940E9
:10BD600000000000008066409FED057B20EE070B81
:10BD70009FED057B80EE070B704700BFAFF300809F
:10BD800000000000008066406E861BF0F92109402B
:10BD900003E032EE417B30EE070BB4EEC10BF1EE67
:10BDA00010FAF6D403E032EE417B30EE470BB4EEEE
:10BDB000C20BF1EE10FAF6DA704700000000000046
:10BDC00070B52DED0E8B06460025012401E01F35D0
:10BDD0000134B34B5878FFF7E5FDA04233DD631E15
:10BDE0000B2BF5D801A252F823F000BFCFBD0208FB
:10BDF00031BE0208CFBD02082DBE020821BE0208D6
:10BE00002DBE020821BE020829BE02081DBE02087E
:10BE100029BE02081DBE020825BE02081F35D7E74D
:10BE20001F35D5E71E35D3E71E35D1E71E35CFE7E1
:10BE30009B4BD878FFF7B6FD10F0030F01D11D35ED
:10BE4000C6E71C35C4E7964B9878FFF7ABFD43195E
:10BE500008EE103A934B93ED526BB2EE0E7B86EEEA
:10BE600007CB002E40F0D680B8EEC88BB1EE087B31
:10BE700037EE4C7BB3EE085B87EE056B38EE068B36
:10BE80009FED6B7B9FED6C9B18EE079BB0EE490B13
:10BE9000FFF756FFB7EEC00B1FF0DEFAB0EE40AA78
:10BEA00039EE090BFFF74CFFB7EEC00B1FF0D4FAC9
:10BEB000B7EECAAA9FED626B0AEE069BB7EEC00A08
:10BEC0009FED617B00EE079B9FED61DB9FED62BB09
:10BED000B0EE4D2BB0EE4B1B9FED610B39EE000B1E
:10BEE000FFF756FFB0EE40ABFFF72AFFB7EEC09B5F
:10BEF000B0EE490A1FF058FAB7EEC00A9FED5A7B20
:10BF000020EE070B1FF020F8FFF72EFFB0EE4D2BB1
:10BF1000B0EE4B1BFFF73CFF9FED555B8AEE056BC8
:10BF2000B7EEC66BBDEEC66AB8EEC66AB7EEC66AB5
:10BF300080EE057BB7EEC77BBDEEC77AB8EEC77A59
:10BF4000B7EEC77A27EE057B16EE057B37EE000BC2
:10BF5000B2EE0E7B80EE07DBB0EE490A1FF07CFAF2
:10BF6000B7EEC09A9FED447B29EE079BB7EEC90B55
:10BF70001FF0E6F91FF034FBB7EEC0BA9FED400B9F
:10BF8000FFF7DEFE1FF0DCF8B0EE40AB454B93ED63
:10BF9000500BFFF7D5FEB0EE40EB1FF025F900EE99
:10BFA00049ABB0EE4E0B1FF0CBF820EE0BBB8AEE88
:10BFB0000B0BB7EEC00B1FF097F9B7EEC00AFFF7F7
:10BFC000D3FE1EB99FED227B37EE400BB2EE0E6B17
:10BFD00080EE067B3DEE07DB9FED2B7B08EE47DB1B
:10BFE0009FED2B0B3DEE400BB3EE082B9FED1A1B84
:10BFF00030EE4C0BFFF7CCFE9FED277B20EE070BBE
:10C00000FDEEC07B17EE900A00EBC0008000BDEC97
:10C010000E8B70BDB8EEC88BB3EE027B37EE4C7B57
:10C02000B3EE085B87EE056B38EE068B28E700BFA2
:10C03000D200DE02098AEF3F1D5A643BDF4F0A40FF
:10C040000E2DB29DEFA7FE3F7B14AE47E17A943FE1
:10C0500000000000008076400000000000000000AA
:10C06000A01A2FDD24AA7140CC0BB08F4E5DED3F9E
:10C0700000000000008056404B766C04E275D93F0A
:10C080000000000000A05640352905DD5ED2B03F1B
:10C09000B0726891ED7C1A40000000000000594029
:10C0A000A88C00246033002430B583B00022002324
:10C0B000CDE90023FFF724FE0446C5173C4B1B784F
:10C0C000002B63D00020FFF77BFE001B65EB4503D0
:10C0D0000090019368461CF02BFA8268354981FB79
:10C0E0000231D317C3EBA10303EB4303A2EBC3035A
:10C0F000314A02F6982107EE903AF8EEE77AC1ED60
:10C10000007A02F69C23D0ED017AF8EEE77AC3EDCF
:10C11000007AD0ED007A02F52A62F8EEE77AC2EDF5
:10C12000007A234B1B78002B39D00120FFF748FE03
:10C13000001B65EB45050090019568461CF0F8F979
:10C1400082681C4981FB0231D317C3EBA10303EBC7
:10C150004303A2EBC303184A02F6A42107EE903A68
:10C16000F8EEE77AC1ED007A02F6A823D0ED017A65
:10C17000F8EEE77AC3ED007AD0ED007A02F6AC2251
:10C18000F8EEE77AC2ED007A03B030BD0020FFF789
:10C1900017FE001945F10003009001939AE7012072
:10C1A000FFF70EFE001945F1000500900195C4E768
:10C1B0006E8C0024ABAAAA2A280F042410B588B0DC
:10C1C0000DF1040C074C0FCCACE80F0094E807000D
:10C1D0008CE80700002101A811F0A3FC024B1860B5
:10C1E00008B010BDFCDA0408EC8C002408B507F098
:10C1F00023FC08BDF8B506460F469DF81850022DE1
:10C200001BD9234949682348A0FB054000F0FE0CD8
:10C210000CEB500CA5EB0C0C1CF0FF0C10D1D41A3D
:10C22000A14209D019D2621A39443046FFF7DEFF25
:10C2300005BB174B00221A60F8BD15490968E2E7F3
:10C24000BCF1010F04D0BCF1020F04D00024E7E7D9
:10C25000A2EB5204E4E71446E2E7521A39443046AE
:10C26000FFF7C4FF002CE3D0224639463046FFF7E3
:10C27000BDFFDDE7032D04D0022D06D9044B5C6021
:10C28000DAE7034B00225A60D6E7014B1C60D3E784
:10C29000D08C0024ABAAAAAA0346407920BB002276
:10C2A0001A71197011F0800F0DD001F0E002C02A50
:10C2B0000DD001F0F002E02A0CD001F0F801F029D5
:10C2C0000BD0022070475A7101221A717047012267
:10C2D0005A7104E002225A7101E003225A715A791C
:10C2E00001321A710820704701F0C002802A01D083
:10C2F000022070470138C0B258711A79121A013AF7
:10C30000995400B970470820FCE710B484460268CD
:10C310001378202B17D01378222B16D013782C2BC0
:10C3200015D01378222B14D013782F2B13D0137819
:10C330003A2B12D013782B2B11D013782D2B10D031
:10C340000024002016E00132E5E70132E6E7013281
:10C35000E7E70132E8E70132E9E70132EAE70132D3
:10C36000EBE701320124ECE700EB8000303B03EB0C
:10C37000400001321378A3F13001C9B20929F3D981
:10C38000222B06D0CCF8002004B140425DF8044BCB
:10C3900070470132F6E7000010B503681A78202ACA
:10C3A00017D01A78222A16D01A782C2A15D01A7883
:10C3B000222A14D01A782F2A13D01A783A2A12D0A7
:10C3C0001A782B2A11D01A782D2A10D00024002296
:10C3D00016E00133E5E70133E6E70133E7E7013330
:10C3E000E8E70133E9E70133EAE70133EBE701333B
:10C3F0000124ECE702EB8202303901EB4202013307
:10C400001978A1F1300C5FFA8CFCBCF1090FF1D95D
:10C4100004B1524207EE902AB8EEE70A0133002237
:10C42000944609E002EB8202303901EB420201330B
:10C430000CF1010C5FFA8CFC1978A1F1300E5FFA57
:10C440008EFEBEF1090FEDD90CF1FF3CBCF1050FDA
:10C450000ED8DFE80CF003111C27323D07EE902ABE
:10C46000F8EEE77AF2EE046A87EEA67A30EE070A73
:10C47000222938D0036010BD07EE902AF8EEE77A43
:10C48000DFED1A6A87EEA67A30EE070AF0E707EECC
:10C49000902AF8EEE77ADFED166A87EEA67A30EE9C
:10C4A000070AE5E707EE902AF8EEE77ADFED116A72
:10C4B00087EEA67A30EE070ADAE707EE902AF8EE62
:10C4C000E77ADFED0D6A87EEA67A30EE070ACFE74E
:10C4D00007EE902AF8EEE77ADFED086A87EEA67A93
:10C4E00030EE070AC4E70133C4E700BF0000C842CA
:10C4F00000007A4400401C460050C34700247449A1
:10C5000030B505682C782C2C0AD02C78222C09D038
:10C510002C783A2C08D002B1013A4FF0000C1AE006
:10C520000135F2E70135F3E70135F4E795F801E06D
:10C53000BEF10D0F18BFBEF12C0F02D0BEF10A0FD5
:10C540000ED1013509B100230B700560012030BD0B
:10C55000002BF7D001352C78002CF3D0222CE5D01D
:10C560000A2C18BF0D2CECD00029F3D09445EFD243
:10C5700001F8014B0CF1010CECE730B583B0044637
:10C580000D46036801931A782C2A12D0019B1A7861
:10C59000222A11D0019B1B78303BDBB2092B0ED92C
:10C5A000019B1A78222A24D0019B2360012003B02A
:10C5B00030BD01330193E9E701330193EAE701A8B4
:10C5C000FFF7A3FE2870019B0133019301A8FFF739
:10C5D0009CFE6870019B0133019301A8FFF795FE53
:10C5E000A870019B0133019301A8FFF78EFEE8704C
:10C5F000D6E701330193D7E700B583B00190037804
:10C600002B2B09D059B901A8FFF77FFE064B1870F4
:10C61000012003B05DF804FB07300190F2E701A8A8
:10C62000FFF773FEEFE700BF128D002400B583B063
:10C63000019003782B2B08D001A8FFF766FE044B6E
:10C640001880012003B05DF804FB06300190F3E789
:10C65000168D002410B5044603782B2B1ED005221E
:10C66000184920461BF028FFD0B109221649204660
:10C670001BF022FFE8B115492046F3F731FED0B197
:10C680000722134920461BF017FFB0B107221149BA
:10C6900020461BF011FF90B9042302E00734DEE7C7
:10C6A00001230D4A12789A4201D00B4A13700120DF
:10C6B00010BD0223F5E70023F3E70323F1E702238C
:10C6C000EFE700BFA8F50408A4F50408B0F50408D6
:10C6D000C0F50408C8F50408148D002400B583B023
:10C6E000019003782B2B08D001A8FFF70EFE044B16
:10C6F0001870012003B05DF804FB08300190F3E7E7
:10C70000108D002400B583B0019003782B2B09D045
:10C7100059B901A8FFF7F9FD064B1870012003B0C5
:10C720005DF804FB07300190F2E701A8FFF7EDFD8B
:10C73000EFE700BF0E8D002400B585B001900378AF
:10C740002B2B15D0B9B903A901A8FFF716FF9DF847
:10C750000C200B4B1A709DF80D205A709DF80E207E
:10C760009A709DF80F20DA70012005B05DF804FB87
:10C770000A300190E6E701A8FFF7C7FDE3E700BF35
:10C78000088D002430B583B001900C4603782B2B24
:10C7900007D001A8FFF7B9FD05462CB9012003B069
:10C7A00030BD0A300190F4E701A8FFF7AEFDEDB20D
:10C7B000034B41F23C4202FB0533D873EEE700BF66
:10C7C0005C6A002410B582B0019003782B2B10D046
:10C7D00001A8FFF79AFD044601A8FFF796FDE4B211
:10C7E000054B41F23C4202FB04335874012002B075
:10C7F00010BD0B300190EBE75C6A002430B583B0CC
:10C8000001900D4603782B2B1AD001A8FFF77DFD70
:10C8100004460DB301A8FFF778FDE4B2174D41F2CD
:10C820003C4303FB045585F8420001A8FFF76DFD6A
:10C83000C0B285F8210030B9032285F8442019E000
:10C840000A300190E1E720300C4B41F23C4202FB00
:10C85000043383F844000DE001A8FFF756FDE4B26D
:10C86000C0B2064B41F23C4202FB043383F8230082
:10C8700083F84400012003B030BD00BF5C6A00248F
:10C8800010B582B0019003782B2B11D001A8FFF7CF
:10C890003CFD044601A8FFF738FDE4B2064B41F227
:10C8A0003C4202FB043383F82500012002B010BD96
:10C8B0000A300190EAE700BF5C6A002430B583B01B
:10C8C000019003782B2B12D001A8FFF71EFDC4B2F4
:10C8D0000E4B41F23C4202FB0433B3F8405001A836
:10C8E000FFF713FD854205D0012003B030BD0930AC
:10C8F0000190E9E701A8FFF708FD044B41F23C4233
:10C9000002FB043383F84200EEE700BF5C6A0024B8
:10C9100030B583B0019003782B2B12D001A8FFF71C
:10C92000F4FCC4B20E4B41F23C4202FB0433B3F8B8
:10C93000405001A8FFF7E9FC854205D0012003B073
:10C9400030BD09300190E9E701A8FFF7DEFC044B98
:10C9500041F23C4202FB043383F84200EEE700BFA1
:10C960005C6A002430B583B0019003782B2B12D081
:10C9700001A8FFF7CAFCC4B2134B41F23C4202FBD0
:10C980000433B3F8405001A8FFF7BFFC854205D03F
:10C99000012003B030BD0B300190E9E701A8FFF79B
:10C9A000B4FCC0B2084B41F23C4202FB043383F8B2
:10C9B00042000028ECD1054A136801331360044B90
:10C9C00000221A60E4E700BF5C6A0024248500248A
:10C9D0002085002410B582B0019003782B2B15D050
:10C9E00001A8FFF792FC044601A8FFF78EFCE4B211
:10C9F000C3B2084A41F23C4101FB042282F84330B1
:10CA0000103382F84430012002B010BD0A3001908A
:10CA1000E6E700BF5C6A002470B582B0019003783D
:10CA20002B2B2AD001A8FFF770FCC4B201A8FFF796
:10CA30006CFC41F23C4604FB06F606F14001104D49
:10CA4000294401236422053101A8FFF759FD01A8FB
:10CA5000FFF75BFC3544C5F8AC0041F287339842E0
:10CA600008D841F238420121A954064B1C70064BEC
:10CA700000221A60012002B070BD0A300190D1E797
:10CA80005C6A0024FC8C0024008D002410B582B068
:10CA9000019003782B2B12D001A8FFF736FC044637
:10CAA00001A8FFF732FC3030E4B2064B41F23C42C1
:10CAB00002FB043383F84400012002B010BD0A30A9
:10CAC0000190E9E75C6A002408B505491BF019FDEF
:10CAD00018B10120034B187008BD0020FCE700BF0F
:10CAE000D0F50408E88C002410B582B001900378DA
:10CAF0002B2B00F09180019A13785178303B03EB97
:10CB0000830301EB4303303B504C2370911C019194
:10CB10009378D178303B03EB830301EB4303303B45
:10CB20006370111D019113795179303B03EB83033D
:10CB300001EB4303303BA370931D0193D01D019083
:10CB4000D179137A303901EB810101EB8101303B5E
:10CB500003EB83035B0003EB8103DBB2517A0B44ED
:10CB6000303BE3700A32019201A8FFF715FC84ED17
:10CB7000030A01A8FFF710FC84ED040A01A8FFF7DF
:10CB80000BFC84ED050A01A8FFF706FC84ED060AFC
:10CB900001A8FFF7BAFB207701A8FFF7FDFB84EDA2
:10CBA000080A01A8FFF7F8FB84ED090A01A8FFF7BE
:10CBB000F3FB84ED0A0A019B591C01915A7899787C
:10CBC000303A02EB820201EB4202303A2271D91C68
:10CBD0000191DA781979303A02EB820201EB4202D4
:10CBE000303A6271591D01915A79303A02EB820252
:10CBF0009979303901EB4202A2600733019301A811
:10CC0000FFF783FB84F82C00237F023BDBB2012B70
:10CC100005D9012002B010BD0A3001906BE7D4EDB8
:10CC2000037AB7EEE76A0A4A82ED506B094B03F5C7
:10CC30002560C0ED007AD4ED047AB7EEE76A82EDA4
:10CC4000526B03F65423C3ED007AE2E74C00012453
:10CC500060330024280F042400B583B001900378CA
:10CC60002B2B09D001A8FFF750FB054B83F82D00B3
:10CC7000012003B05DF804FB07300190F2E700BF2C
:10CC80004C00012400B583B001900378412B08D0FB
:10CC900001A8FFF73AFB044B1870012003B05DF8C0
:10CCA00004FB07300190F3E7D8BE002438B50849EB
:10CCB0001BF027FC50B1851D00F108042046F3F756
:10CCC0006FFB421C214628461BF0B8FB38BD00BF55
:10CCD000D8F5040810B582B001900378412B13D029
:10CCE0000B4C002323606360A360E36023616361F6
:10CCF00001231822214601A8FFF702FC2046FFF776
:10CD0000D5FF012002B010BD06300190E8E700BF5A
:10CD1000DBBE002400B583B001900378412B10D016
:10CD2000094900230B604B608B60CB600B614B614A
:10CD30000123182201A8FFF7E3FB012003B05DF8EF
:10CD400004FB07300190EBE7F3BE002470B582B01E
:10CD500001900378412B09D001A8FFF7D6FAC0B2A1
:10CD6000174B187028B9012002B070BD083001902F
:10CD7000F2E7144CC8263246002120461BF078FB0F
:10CD8000114DCE22002128461BF072FB01233246B2
:10CD9000214601A8FFF7B4FB29462046FBF7A2FF76
:10CDA0002046F3F7FDFA094E4208294630461BF0AB
:10CDB00070FD2046F3F7F4FA4008A6F82D01D2E7FB
:10CDC0000CBE002444BD002474BC0024F9F90024E6
:10CDD00010B582B001900378412B1FD001A8FFF756
:10CDE00094FA104C206401A8FFF78FFA84F84400ED
:10CDF00001A8FFF78AFA84F8450001A8FFF785FA31
:10CE000084F8460001A8FFF780FA84F8470001A8DB
:10CE1000FFF77BFA84F8480002B010BD073001909C
:10CE2000DCE700BFD8BE002470B586B001461022F2
:10CE300001A81BF053FB00248DF81440FF2603E0EB
:10CE4000FF2E1CD00134E4B21D2C1AD804EB44038D
:10CE5000204A12F83330002BF2D004EB440001A931
:10CE600002EBC000F3F73CFA0028EBD10AF090F88F
:10CE700004EB4405174B03EBC503586102E026465B
:10CE8000E0E7FF24FF2C01D006B070BD750006EB73
:10CE90004600104C01A904EBC0001BF0F2FC0AF0A4
:10CEA00077F8354404EBC50460610B4B1A78013206
:10CEB000D2B21A7009490B7801330B70084C09493A
:10CEC00020461BF0C1F901222146104602F0D6FC93
:10CED000DAE700BF7C85002479850024188D0024C2
:10CEE00008080024E0F504082DE9F047C8B004461E
:10CEF000D0F8F851022D16D0042D1AD0092D21D0CA
:10CF000025782B2D27D02B2D2FD05A492046F3F7EB
:10CF1000E7F9002833D058492046F3F7E1F9002813
:10CF200078D101252CE0028840F60D239A42E3D106
:10CF30006DE052492046F3F7D3F90028DED10126EF
:10CF400000251FE04E492046F3F7CAF90028D7D143
:10CF50000126002516E00A224A4920461BF0ACFAB9
:10CF60000028D0D1002601250CE00A22464920469F
:10CF70001BF0A2FA0028C8D10026012502E00125F5
:10CF8000ADB200262378412B46D023784F2B66D0B4
:10CF900023782B2B00F08C80218845F2414291426E
:10CFA00000F0E385532B00F01D86384BB3F9007079
:10CFB000A7F146039BB2492F18BF012B40F21D86F3
:10CFC000482F00F01A86202F00F051862F4BB3F91E
:10CFD0000030652B00F05D86DA1E92B2012A40F225
:10CFE0006286002D0CBF324646F001027AB1112B49
:10CFF00000F06486012B00F06F86022B00F07A8629
:10D0000000231A4619462248006810F07BFF48B0FA
:10D01000BDE8F0870025B3E702221E4920461BF039
:10D020004BFA0028B1D101231B4A13701B4A13701D
:10D030000E221B4920461BF03FFA20B9194B012252
:10D0400083F83D20A1E70D22174920461BF034FA52
:10D0500000289AD1134B012283F83D2095E7022244
:10D06000124920461BF028FA002891D10A4B0122D0
:10D070001A708DE728F6040830F60408FCF5040859
:10D0800004F6040810F604081CF60408446A002498
:10D090003C6A00240CE904080C8D00240D8D00244A
:10D0A00038F60408D8BE002448F6040868FF0408CF
:10D0B0000422B54920461BF0FFF9002800F0CF807C
:10D0C0000522B24920461BF0F7F9002800F0CB807A
:10D0D0000522AF4920461BF0EFF9002800F0C88078
:10D0E0000622AC4920461BF0E7F9002800F0C58075
:10D0F0000822A94920461BF0DFF9002800F0C18072
:10D100000622A64920461BF0D7F9002800F0BD8072
:10D110000822A34920461BF0CFF9002800F0BA806E
:10D120000822A04920461BF0C7F9002800F0B7806C
:10D1300009229D4920461BF0BFF9002800F0BA8063
:10D1400008229A4920461BF0B7F9002800F0B68063
:10D150000822974920461BF0AFF9002800F0B9805B
:10D160000722944920461BF0A7F9002800F0B5805B
:10D170000722914920461BF09FF9002800F0B1805A
:10D1800009228E4920461BF097F9002800F0AD8057
:10D1900008228B4920461BF08FF9002800F0A98057
:10D1A0000822884920461BF087F9002800F0A58056
:10D1B0000822854920461BF07FF9002800F0A18055
:10D1C0000622824920461BF077F9002800F09D8056
:10D1D00008227F4920461BF06FF9002800F0998053
:10D1E00005227C4920461BF067F9002800F0958055
:10D1F0000A22794920461BF05FF9002800F091804F
:10D200000B22764920461BF057F900287FF4DEAE4A
:10D21000039404F10B03039303A8FFF776F8704F10
:10D2200087F8330003A8FFF770F887F8340001236C
:10D23000FA2209A903A8FFF763F96A4909A81BF0B4
:10D2400060F930B109A8F3F7ABF8804687B2132F25
:10D250006FD801222146104602F010FBB6E62046A8
:10D26000FFF7E4F9B2E601212046FFF7C5F9ADE684
:10D2700001212046FFF7EEF9A8E62046FFF72EFA37
:10D28000A4E62046FFF72AFAA0E601212046FFF790
:10D2900039FA9BE601212046FFF74EFA96E6524BFB
:10D2A000B3F90010BD2914BF002101212046FFF76A
:10D2B00069FA8BE62046FFF785FA87E64A4BB3F911
:10D2C0000010C02914BF002101212046FFF796FA63
:10D2D0007CE62046FFF7D4FA78E62046FFF7EEFA20
:10D2E00074E62046FFF714FB70E62046FFF73AFB92
:10D2F0006CE62046FFF76EFB68E62046FFF78CFBE6
:10D3000064E62046FFF7C2FB60E62046FFF7DCFB41
:10D310005CE62046FFF7E8FB58E62046FFF79CFC5A
:10D3200054E60120314B18700246214602F0A6FA5D
:10D330004CE6B81E012202A909AB184402F04AFAD1
:10D340002B4B93F8DB15002900F095819DF80830F0
:10D35000013B092B3FF63AAE01A252F823F000BF81
:10D36000F5D30208CDCF0208CDCF020817D60208A8
:10D37000F5D30208CDCF0208CDCF0208CDCF0208E9
:10D38000B9D5020847D5020898E9040858F60408F8
:10D3900060F6040868F6040870F604087CF60408D1
:10D3A00084F6040890F604089CF60408A8F604081D
:10D3B000B4F60408C0F60408C8F60408D0F6040859
:10D3C000DCF60408E8F60408F4F6040800F704089C
:10D3D00008F7040814F704081CF7040828F70408E1
:10D3E000D8BE0024D8F50408446A0024678C0024C1
:10D3F000603300240124B34B1C70B34B1C70B34B3F
:10D40000D3F8008011F0D4FA02460023009321469D
:10D41000404611F0BFFF039B23440393DFF8FC92C7
:10D4200099F80040A7F10408424609A9C820A84B72
:10D4300000FB04301BF052F8A64B93F93310A64AB8
:10D44000115593F83420A54B1A55631CDBB289F8AB
:10D4500000303B2B02D9002289F80020A048037835
:10D46000172103FB01F1DFF884C201EB0C02143F2A
:10D470000DF1240E0EEB07045EF807A0D4F804901B
:10D48000D4F808E0E7684CF801A0C2F80490C2F8AC
:10D4900008E0D760218A1182302191743321D17440
:10D4A0000133DBB20370002111751D2B00D901700F
:10D4B0008B4B1A788B4B1B789A421CD009F068FD75
:10D4C000894B1860864B1B78013B01221720874946
:10D4D00000FB0311104602F0D1F9012284491046E5
:10D4E00002F0CCF9012204A909AB03EB080002F019
:10D4F00071F9002305E07F4B01221A70DEE701334A
:10D50000DBB2062B1BD819467B4A5C2000FB0322AA
:10D51000527E002AF3D0784A00FB0322507C9DF80B
:10D5200010209042EBD1744B5C2202FB01330120AE
:10D53000187600225A760246704902F09FF920467A
:10D54000FFF772FC42E5012204A90DA802F042F99E
:10D550006B4BDA799DF810309A427FF437AD09A809
:10D56000FFF762FC664B5B78012B0FD0644B5B7856
:10D570000B2B7FF42BAD01226249104602F07EF99D
:10D58000012209A9104602F079F91FE55C4BB3F8B6
:10D590005431012B05D95A4B0022A3F85421022201
:10D5A0005A7001225849104602F068F9012209A96F
:10D5B000104602F063F9D9E7022204A90DF1360002
:10D5C00002F008F901225149104602F057F90122F0
:10D5D00009A9104602F052F9494B9B88BDF810206A
:10D5E000934209D8464B5B889A427FF4EFAC444B98
:10D5F000012283F85F21E9E4414B9A8002215970AE
:10D60000434C444920461AF01FFE01222146104691
:10D6100002F034F9DAE4012204A90DA802F0DAF8E4
:10D62000002403E0062C20D00134E4B2062C3FF69F
:10D63000CDAC314B5C2101FB04335B7E002BF1D080
:10D640002D4B01FB0433597C9DF810309942E9D1F0
:10D65000294B5C2101FB04330120187600225A7605
:10D660000246264902F00AF9B0E401222A4910468E
:10D6700002F004F9D8E7142F02D9F9B21439C9B26B
:10D68000002304930593069307938DF8203010220E
:10D6900009AB19440DEB02001AF020FF01222146CC
:10D6A000104602F0EBF89DF80840A31F052B00F28E
:10D6B0000582DFE813F0E4013500BD000302030238
:10D6C000770100BF10E30024668C0024A07E0024B4
:10D6D000948D0024D8BE0024588D00241C8D002475
:10D6E000198D0024B1890024F48C0024B48900240D
:10D6F0001CE90408F88C0024A47E002434F70408F4
:10D700004C88002460F7040848F704087CF70408F4
:10D710000808002490F70408B0F704081A8D0024C4
:10D72000AC4C4FF4B072002120461AF0A1FEB81F95
:10D73000022204F5AE7109AB184402F04BF8B4F8BC
:10D740005C41B91FC9B209A807F0D2F884424ED192
:10D750009DF82430442B51D09E4B1B78002B3FF476
:10D7600035AC9D4C022221460CA802F033F8012270
:10D77000611D0DA802F02EF80222A11D0DF1360048
:10D7800002F028F8012204F5AE710DF13A0002F022
:10D7900021F8042204F5AB710FA802F01BF834F84D
:10D7A0000229238994F85E118C4F01910093E3794B
:10D7B0008B4938461AF048FD01223946104602F0DE
:10D7C0005DF86388002B3FF401AC824BDB79002BC2
:10D7D0003FF4FCAB7F4B93F85E31002B3FF4F6AB8C
:10D7E0007C4B01225A7083F85F21FFF7EFBB0122C7
:10D7F0007C49104602F042F8FFF7E8BB9DF825305F
:10D80000452BA9D19DF82630332B09D0312BA3D13C
:10D810009DF82730312B9FD16E4B02221A709BE767
:10D820009DF82720312AF1D16A4B01221A7093E723
:10D830006D4B00221A7001220DF1090109A801F0B7
:10D84000C9FF644BDA799DF809309A421CD0012255
:10D850006649104602F012F8FCF744FD5D4B0122C8
:10D8600083F85F215B4AB2F854315C4C00939379A2
:10D8700092885F4920461AF0E7FC012221461046B3
:10D8800001F0FCFFFFF7A2BB02220DF10A010BA879
:10D8900001F0A0FF514CBDF80A20564920461AF06D
:10D8A000D3FC01222146104601F0E8FF494B1B78CA
:10D8B000022B10D0474B5B78032B13D0012B1FD0CA
:10D8C000444B9A88BDF80A309A4228D0414B012235
:10D8D00083F85F21C6E73F4B03225A70BDF80A2048
:10D8E0009A80F3E73B4B9A88BDF80A309A42E7D218
:10D8F00001224149104601F0C1FFFCF7F3FCDFE7CC
:10D90000344B03225A70BDF80A30002BD8D00122C4
:10D910003A49104601F0B2FFFCF7E4FCD0E72D4B8A
:10D920005B78032BD2D1364C012221460CA801F0A2
:10D9300051FFB81F022204F5AB7109AB184401F086
:10D9400049FFB4F85641B91FC9B209A806F0D0FF83
:10D95000844207D001222349104601F08FFFFCF7D3
:10D96000C1FCB3E71B4AB2F8543192799918B1F56A
:10D97000A57F11D20833174C191902310DF132006D
:10D9800001F028FFB4F85431A2791344A4F85431BB
:10D99000A3880133A38099E701221A49104601F0B8
:10D9A0006DFF93E7B81F184C0222214609AB1844BB
:10D9B00001F010FF2488B91FC9B209A806F098FF2A
:10D9C000844225D001221149104601F057FFFFF78C
:10D9D000FDBA00BF4C8800244E88002408080024AB
:10D9E000E4F70408D4F70408B48900246CF80408A8
:10D9F00098F804080CF8040820F8040844F804080F
:10DA00005288002454F80408A8890024BCF80408AB
:10DA100001220DF1090109A801F0DCFE02220DF13D
:10DA20000A010DF12E0001F0D5FEB94BDA799DF80F
:10DA300009309A421BD1B64B9A88BDF80A309A42F7
:10DA400017D1B44C002384F87C30A367012204F181
:10DA50007C010DF1320001F0BDFE042204F17801D9
:10DA60000DA801F0B7FEAA4B04225A7001E0FCF7A2
:10DA700039FCA74B012283F85F21FFF7A7BAA64B19
:10DA800001221A7008F58A736B44002203F8FC2CFB
:10DA9000A24F394609A8FBF725F909A8F2F780FC3F
:10DAA0009F4C4208394620461AF0F3FE09A8F2F7C7
:10DAB00077FC4308A4F82D31FFF788BA994904A8E8
:10DAC000F2F70EFC00287FF481AA032C27D0022C49
:10DAD0007FF47CAA0122904B1A70381F924909AB3F
:10DAE000184401F077FE07F586736B44002203F8B3
:10DAF000FC2C8A4F394609A8FBF7F4F809A8F2F77D
:10DB00004FFC874C4208394620461AF0C2FE09A84D
:10DB1000F2F746FC4308A4F82D31FFF757BA01236A
:10DB2000824A1370824A13700022824B1A7000924C
:10DB3000134603218048006811F02CFC78B17F4C1B
:10DB40007F4B1B78794A12787E4920461AF07CFB7D
:10DB500001222146104601F091FEFFF737BA01225B
:10DB60007949104601F08AFEE9E7A2782B2A7FF472
:10DB700019AA0822754920461AF09EFCF0B1072226
:10DB8000734920461AF098FCE8B1062271492046F4
:10DB90001AF092FCE0B107226F4920461AF08CFC83
:10DBA000D8B107226D4920461AF086FC00287FF480
:10DBB0000DAA2046FFF70CF9FFF708BA2046FFF739
:10DBC000C5F8FFF703BA2046FFF7A4F8FFF7FEB940
:10DBD0002046FFF77FF8FFF7F9B92046FFF752F824
:10DBE000FFF7F4B909225E4920461AF065FC0028C7
:10DBF0007FF4DBA90126FFF7E9B9B5FA85F35B09E4
:10DC0000002E7FF4E0A9002B3FF4DDA90322554943
:10DC100020461AF051FC00283FF4D5A90994463F4C
:10DC2000032F3FF6D3A9DFE807F0020A1A120123F7
:10DC300064224D4909A8FEF763FCFFF7C7B9012329
:10DC400064224A4909A8FEF75BFCFFF7BFB901232C
:10DC50006422474909A8FEF753FCFFF7B7B901232F
:10DC60006422444909A8FEF74BFCFFF7AFB9B5FAA7
:10DC700085F35B09002E7FF4A9A9002B3FF4A6A928
:10DC80000994012364223B4909A8FEF739FCFFF7F8
:10DC90009DB90A2D02D00126FFF79EB9364A002110
:10DCA0001170FFF799B926B1344A00211170FFF7BE
:10DCB00098B9324A11211170FFF793B926B1304A51
:10DCC00001211170FFF796B9002D3FF493A92C4A5A
:10DCD00001211170FFF78EB926B12A4A0121117076
:10DCE000FFF78BB9002D3FF488A9264A0021117057
:10DCF000FFF783B926B1244B01221A70FFF780B9D0
:10DD0000002D3FF47DA9204B00221A70FFF778B94F
:10DD10004C88002420170024F08C002474BC0024BC
:10DD2000F9F90024DBBE00246B8C0024688C0024ED
:10DD300079850024F802002468850024080800245E
:10DD4000698C0024FCF80408E4F8040810F90408BD
:10DD50001CF9040824F904082CF9040834F904080F
:10DD60003CF9040848F9040824BF002488BF0024B3
:10DD7000ECBF002450C00024148D00243303002481
:10DD8000F98C0024FB8C0024FA8C00242DE9F04748
:10DD900007460E461546ADE0904B1B78D3B1904B2D
:10DDA00041F23C4101FB0233D3F8AC308D490968A4
:10DDB0008B4220D3481C8B4B1860894B41F23C4C62
:10DDC0000CFB0233194481F8B0400344002283F86D
:10DDD000B0208AE00A200FF0D7FE0022814B1A60A3
:10DDE000814B19787E4B41F23C4000FB013341F2FC
:10DDF00038415A5479E00A200FF0C6FE794B0022D0
:10DE00001A60794B1A78764B41F23C4101FB0233A0
:10DE100041F238420221995467E0744A0123137198
:10DE200000235371002B52D1704A92F804C0BCF108
:10DE3000010F40F0B080C5EBC5126D4B03EB8203C0
:10DE4000D3F8F821B2F5FA7F0AD2501CC5EBC51100
:10DE5000674B03EB8103C3F8F8019C5400221A546A
:10DE6000C5EBC513624A02EB8308082261494046AC
:10DE70001AF022FB002876D1222C5DD05E4B1B7855
:10DE8000032B5ED05D4B1B780A2B2ED15C4B1B788D
:10DE90003E2B2AD1202C28D15A4BB3F90030C42B69
:10DEA00023D100231A4619465748006810F02AF873
:10DEB000564A13680133136017E021464B48FEF7BA
:10DEC000EBF903460228ADD1484A00215171082BD5
:10DED0000BD0474AC5EBC51302EB83030021C3F8FF
:10DEE000F811C5EBC5139B00D154454B1978434A33
:10DEF00011701C70002E6DD017F8014B013E3A4B8B
:10DF00001A78374B41F23C4101FB023341F2384170
:10DF10005B5C012B3FF440AFA4F12003DBB20D2C7E
:10DF200018BF5E2B7FF679AF0A2C3FF476AF14F062
:10DF3000800FC2D10223C7E72F4A13780133137031
:10DF40009CE74046FEF768FD00222B4B1A702849DB
:10DF5000C5EBC51301EB8303C3F8F821C5EBC5136B
:10DF60009B00CA548EE70A2C8CD14FEAC518C5EB2A
:10DF7000C51ADFF87C9009EB8A0A5046FEF7B4FF19
:10DF80000022CAF8F821A8EB05039B0009F803203A
:10DF900078E70133DBB29C45A7D9C5EBC511144A1C
:10DFA00002EB8102D2F8F821B2F5FA7FF1D202F148
:10DFB000010E0F49C5EBC51001EB8000C0F8F8E178
:10DFC000DFF8288018F8038000F80280002200F8AB
:10DFD0000E20DEE70020BDE8F08700BF0F8D002493
:10DFE0005C6A0024008D0024FC8C0024C88C002472
:10DFF00060CB0024E8F60408C48C0024C38C002401
:10E00000C28C0024446A00243C6A0024E48C00246E
:10E0100070B505460E4600E08CB1284605F0ACFD13
:10E0200004460028F8D0284605F08AFD32462146ED
:10E03000FFF7ACFE2146284605F0C4FDECE770BDB5
:10E0400008B541F270700FF09FFD03E001210B480D
:10E05000FFF7DEFF42F21071012011F00DF80028E9
:10E06000F8D0074B00221A60064B93F8DB35002BE3
:10E07000ECD011460448FFF7CBFFE7E7D4F00024CB
:10E080005CCB00246033002490C60024002918BF14
:10E09000002826D000B586468C4688420BD1002049
:10E0A0001DE001F120000FE0984217D1D9B10EF127
:10E0B000010E0CF1010C9EF800100C4B5B5C03F0A0
:10E0C0000303012BEDD008469CF80030074AD25CD0
:10E0D00002F00302012AE7D12033E5E7C01A5DF818
:10E0E00004FB012070470020F9E700BF810D0508FF
:10E0F0002E2070478446002210460BE0A1F1410318
:10E10000DBB2052B12D80B18A3F13700022A00D876
:10E1100000010132032A12D81CF80210A1F13003C9
:10E12000DBB2092BEAD808443038EFE7A1F16103EC
:10E13000DBB2052B04D80B18A3F15700E6E77047B4
:10E1400000207047F8B50B1A052B61DD06460F4617
:10E1500015460230FFF7CEFF0446A0F55C43B3F549
:10E16000806F57D3A0F55843B3F5806F1CD2B31D11
:10E17000FF1A052F50DDB3795C2B4FD1F379752B46
:10E180004ED106F10800FFF7B5FFA0F55C43B3F5EB
:10E19000806F47D2254B03EA8423C0F30900034371
:10E1A00003F580340C2002E07F280CD90620B4F55A
:10E1B000006F0ED3B4F5803F0ED3B4F5881F33D271
:10E1C000F027042602E0062000270126731EDBB29A
:10E1D0000EE0C0270226F9E7E0270326F6E704F061
:10E1E0003F012A6841F08001D154A409013BDBB210
:10E1F000002BF4D1012E06D92B6827431F702B6802
:10E2000033442B6005E02B6804F07F041C70F6E7B4
:10E210000020F8BD0020FCE70020FAE70020F8E726
:10E220000020F6E70020F4E70020F2E700FC0F00F2
:10E230002DE9F04182B080460E460F688B685D1C68
:10E240003D4400220192F818FB5C222B43D12C465E
:10E25000944600E00134E11B726891420BD22378AE
:10E26000222B08D05C2BF5D10134E31B934232D230
:10E270000CF1010CEEE791422DD22378222B2AD10A
:10E28000201AA0EB0C00336901309847074610B301
:10E29000019030E0631B002B1ADD6B78752B17D8CB
:10E2A0005C2B11D35C3B192B12D8DFE803F04C1127
:10E2B000111111111D111111301111111111111123
:10E2C000371111113E114553222B3CD02F2B3AD040
:10E2D000736938469847002D54D03368ED1AB560FD
:10E2E000002002B0BDE8F081019B5A1C0192082277
:10E2F0001A7002231D44A54235D22B785C2BC9D05D
:10E30000019B5A1C019215F8012B1A70F3E7019B2F
:10E310005A1C01920C221A700223EBE7019B5A1C33
:10E3200001920A221A700223E4E7019B5A1C01920F
:10E330000D221A700223DDE7019B5A1C019209226B
:10E340001A700223D6E7019B5A1C01926A781A7050
:10E350000223CFE701AA21462846FFF7F3FE034632
:10E360000028C7D1B4E7019B00221A701023C8F817
:10E370000C30C8F810703368E41AB4600134B4602B
:10E380000120AEE70020ACE70246D8B110B4046823
:10E39000B4B183684068834202D30AE001339360DA
:10E3A0009368984202D9E15C2029F7D99368984292
:10E3B00003D010465DF8044B7047013B9360F8E7CB
:10E3C0002246F6E7704750B1806801E001390068E5
:10E3D0000B1E18BF012310B1002BF7D170477047F7
:10E3E000016048607047002818BF002913D038B575
:10E3F0000C460546814210D083683BB1586870B125
:10E40000FFF7EEFFAB685C60012038BD81604960BA
:10E410000B600120F9E7002070470020F5E701209C
:10E42000F3E7704750B138B50546006828B1AC68CD
:10E430002044F1F7B5FF0444AC6038BD704770B5B7
:10E44000064670B10D46F1F7ABFF441C2B68204621
:10E450009847054618B1224631461AF01AFA28465E
:10E4600070BD0546FBE7002918BF00282FD02DE915
:10E47000F04114461E4605460B46904214BF00224A
:10E48000012234B32ABB069ABAB10846FFF7C9FF86
:10E490008046E76847F40077E36813F4007F03D110
:10E4A000206A08B173689847C4F82080E760214665
:10E4B0002846FFF798FFBDE8F08131461846FFF780
:10E4C000BEFF804638B1E76827F40077E4E7002014
:10E4D00070470020EFE70698EDE770B50546002885
:10E4E00046D0066836B3436813B18268934241D977
:10E4F000002941DBAA68114401318B420AD22B6901
:10E50000002B3BD1B1F1804F08D3002904DB6FF021
:10E51000004404E016440DE000260BE04C002B6A9A
:10E520008BB1214630469847064628B16C602E6074
:10E53000AB681E44304670BDEB69286898470023DD
:10E540006B602B60F6E7AB6920469847064640B102
:10E55000AA68013229681AF09CF9EB692868984783
:10E56000E4E7EB692868984700236B602B60E1E7DC
:10E570000646DFE70026DDE70026DBE70026D9E7D1
:10E5800010B5036828209847044618B128220021B6
:10E5900019F06EFF204610BD38B5044678B100680A
:10E5A00078B1A5687DB92B1D6268934207D203221A
:10E5B0000649284419F080FF08B90335A5602046B4
:10E5C00038BD0446FBE70024F9E700BF60F9040802
:10E5D00070B592B005460C4600231193FFF788FDF5
:10E5E000002C5ED02368002B5DD000232AE0652A32
:10E5F00022D048336B44002203F8442C01AE11A909
:10E60000304618F0EDFD119BB3424ED085ED060B60
:10E610009FED277BB4EEC70BF1EE10FA31DB6FF004
:10E6200000426A610822EA60A26801A95B1A1A44E2
:10E63000A260012012B070BD03F14801694401F8E5
:10E64000442C01333E2BD4D8A2681A4461688A4214
:10E65000CFD221688A5C452AC9D82B2AC9D3A2F116
:10E660002B06F6B20121B140154E0E40002EE3D12B
:10E6700011F0080FBDD003F148026A4402F8440CBF
:10E68000DFE79FED0D7BB4EEC70BF1EE10FA03D878
:10E690004FF000426A61C5E7BDEEC00B85ED050A8B
:10E6A000C0E70020C6E70020C4E70020C2E700BFA3
:10E6B0000000C0FFFFFFDF41000000000000E0C1DC
:10E6C000E57F0004002900F09480F8B5054608466F
:10E6D00015B12A46002614E00321FFF7FEFE0028AC
:10E6E00000F08980464A118892780180827001206A
:10E6F0007EE05C2B03D01F2B02D8053600E00136EC
:10E700000132137863B1222BF3D8082BF3D3A3F192
:10E710000804E4B23B49E14011F0010FEFD1EAE710
:10E72000521B9419E11CFFF7D8FE0746002864D05D
:10E7300026B10646222306F8013B30E0222600F8E7
:10E74000016B224629461AF0A4F8631CFE540234D9
:10E7500000233B5501204BE030465C2300F8013B91
:10E760002A78222A15D8082A36D3A2F108031A2BB0
:10E7700032D8DFE803F0222E2831252B3131313118
:10E780003131313131313131313131313131313179
:10E790001F005C2A20D15C2373700135461C2B7846
:10E7A000FBB1222B18BF1F2BD6D95C2BD4D03370D2
:10E7B0003046F2E722237370EFE762237370ECE7D1
:10E7C00066237370E9E76E237370E6E77223737054
:10E7D000E3E774237370E0E70B4919F035FD701D12
:10E7E000DBE7631C2222FA54023400233B5501204C
:10E7F000F8BD002070470020FAE70020F8E700BFCE
:10E8000064F904083700000468F9040808B50069D1
:10E81000FFF758FF08BD38B5002918BF00281AD0E7
:10E820000D4684680AB90AE024687CB1216A69B19E
:10E830002846F1F755FD0028F6D107E024682CB1F1
:10E84000216A2846FFF722FC0028F7D12CB1236A61
:10E850002BB1204638BD0024FBE70024F9E7002453
:10E86000F7E700000346A0B1124A1349116002689D
:10E870000AB110490A600F4A104951605B6803B140
:10E8800053600C4B00229A601A680B4B9A4208D0D6
:10E890007047084B084A1A60084A5A60084A9A604A
:10E8A0007047044B5A68054B9A42F1D1014B044A18
:10E8B0009A60EDE738030024816404089164040839
:10E8C000FD65040838B5044616E0E36813F4807F5C
:10E8D00004D1206910B10F4B5B689847E36813F4CB
:10E8E000007F04D1206A10B10A4B5B689847094B3E
:10E8F0005B68204698472C4654B12568E36813F4BA
:10E90000807FE2D1A0680028DFD0FFF7DBFFDCE7E3
:10E9100038BD00BF38030024CB68B3F57A7F80F0A0
:10E920008B802DE9F04106460C460133CB6000296F
:10E9300000F084808B684A68934280F081800A6886
:10E94000D25C7B2A02D00020BDE8F08101338B60CD
:10E950000846FFF719FDA3686268934203D2226854
:10E96000D35C7D2B59D0A3686268934204D2013BEB
:10E97000A36000252F4634E0013BA3600020E3E7BD
:10E980000746A3680133A3602046FFF7FDFC21463C
:10E990002846FFF74DFC002839D02046FFF7F4FC4D
:10E9A0002B692B6200232B61A368626893422ED2ED
:10E9B0002268D25C3A2A2AD10133A3602046FFF7AD
:10E9C000E3FC2146284600F03FF800B32046FFF75D
:10E9D000DBFCA3686268934211D22268D35C2C2BC3
:10E9E0000DD1A84604F11000FFF7CAFD054670B12D
:10E9F000002FC5D0C8F80000C0F80480C1E7A368A4
:10EA00006268934203D22268D35C7D2B07D0CFB1DA
:10EA10003846FFF757FF002096E700252F46E368AA
:10EA2000013BE36007B17D604023F360B760A368FA
:10EA30000133A360012087E700207047002083E7AF
:10EA4000002081E700207FE700296BD02DE9F84303
:10EA500080460D460F68002F66D08C6804F10409CB
:10EA60004E68B14505D804223249381919F024FD01
:10EA700058B3631D9E4205D305222F49381919F05A
:10EA80001BFD50B3B14505D804222C49381919F0A3
:10EA900013FD48B3B44202D23B5D222B2ED0B442C8
:10EAA00007D23A5DA2F13003DBB22D2A18BF092B41
:10EAB00029D9B44202D23B5D5B2B29D0B44235D276
:10EAC0003B5D7B2B29D0002031E00423C8F80C30BB
:10EAD000AB680433AB60012029E00120C8F80C00CA
:10EAE000AA680532AA6022E00223C8F80C3001208F
:10EAF000C8F81400AA680432AA6018E02946404603
:10EB0000FFF796FB13E029464046FFF761FD0EE054
:10EB10002946404600F014F809E029464046FFF730
:10EB2000FBFE04E000207047002000E00020BDE86C
:10EB3000F88300BF70F9040878F9040880F9040824
:10EB4000CB68B3F57A7F6DD22DE9F04106460C46CD
:10EB50000133CB600A688B68D25C5B2A02D000204C
:10EB6000BDE8F08101338B600846FFF70DFC84B1EE
:10EB7000A3686268934203D22268D35C5D2B42D0C3
:10EB8000A3686268934204D2013BA36000252F462C
:10EB90001CE0A368013BA3600020E1E70746A368EF
:10EBA0000133A3602046FFF7EFFB21462846FFF71D
:10EBB0004BFF10B32046FFF7E7FBACB1A3686268D8
:10EBC000934211D22268D35C2C2B0DD1A84604F1BC
:10EBD0001000FFF7D5FC054678B1002FDED0C8F84D
:10EBE0000000C0F80480DAE73CB1A3686268934291
:10EBF00003D22268D35C5D2B07D0AFB13846FFF754
:10EC000061FE0020ACE700252F46E368013BE3608E
:10EC100007B17D602023F360B760A3680133A36070
:10EC200001209DE700207047002099E7013900236B
:10EC300007E0C25C10F801C000F803C04254013381
:10EC400001398B42F5DB704770B5154600241BE097
:10EC5000012220E022442B4CA4FB026C2CF0030682
:10EC600006EB9C06921B821A61F100004FF0CC313A
:10EC700002FB01F104FB0011A2FB04242144520811
:10EC800042EAC1704908744650EA010230D00022BD
:10EC900010EB010CDCD294441A4EA6FB0C2E2EF085
:10ECA000030202EB9E02ACEB020CB0EB0C0C61F128
:10ECB000000E4FF0CC3202FB0CF206FB0E22ACFB36
:10ECC00006C632444FEA5C0C4CEAC27C0CEB8C0C5E
:10ECD000A0EB4C0C04F1010E0CF1300C05F804C053
:10ECE00000244218B6D30124B4E730222A55013457
:10ECF0009C42FADB21462846FFF798FF00232B555C
:10ED0000204670BDCDCCCCCC03E04B1C425CC25441
:10ED100001390029F9D14B1C425CC25470470000F4
:10ED2000F0B52DED028B89B00D4690ED068B51ECC0
:10ED3000180BF1F779FD07460E4600230193029365
:10ED40000393049305930693ADF81C30FFF7D0F9B5
:10ED5000002D00F0AE800446B4EE488BF1EE10FAC0
:10ED600008D6B0EEC87B9FED566BB4EE467BF1EE55
:10ED700010FA0EDD564B93E8030001908DF8081051
:10ED800004200646192877D9002009B0BDEC028B73
:10ED9000F0BDB5EE408BF1EE10FA06D130238DF8C0
:10EDA000043001A8F1F7FCFAEBE738463146F1F7F9
:10EDB00085FC41EC170B37EE487BB5EE407BF1EE5E
:10EDC00010FA12D0B5EEC08BF1EE10FA14D49FED0C
:10EDD0003E7BB4EEC78BF1EE10FA46D553EC182B00
:10EDE0003C4901A819F030FADBE7002301AA3846B4
:10EDF0003146FFF729FFD4E7B1EE487B51EC170B02
:10EE0000F1F712FD07460E46F1F758FC41EC170BDF
:10EE100037EE087BB5EE407BF1EE10FA0DD09FED9A
:10EE20002A7BB4EEC78BF1EE10FA17DD53EC182BEA
:10EE3000284901A819F008FAB3E7002301AA3846C7
:10EE40003146FFF701FF01A8F1F7AAFA014601A830
:10EE5000FFF75AFF2D238DF80430A2E753EC182B4F
:10EE60001D4901A819F0F0F99BE753EC182B1A493A
:10EE700001A819F0E9F994E7411C2846FFF72DFB9A
:10EE80000146C0B1002302E02E22CA5401339E4243
:10EE900008D903F120026A4412F81C2CA242F3D0D4
:10EEA000CA54F3E70022CA54AB681E44AE60012086
:10EEB0006BE7002069E7002067E700BFAFF3008041
:10EEC000FFFFFFFFFFFFEF7F000000000000E043B7
:10EED00070F9040888F9040890F9040870B500294D
:10EEE00018BF002869D005460E46047B202C16DC8E
:10EEF000002C65D0631E1F2B64D8DFE803F035417A
:10EF000063286363634E6363636363636352636332
:10EF10006363636363636363636363636356402C28
:10EF200047D0802C11D10069002853D0F1F738FA6E
:10EF3000441C21463046FFF7D0FA00284CD0224628
:10EF4000296919F0A6FC012438E0002436E00521E7
:10EF50003046FFF7C2FA0346B0B3204A1068186083
:10EF600012791A71012429E006213046FFF7B5FA1B
:10EF7000034658B31A4A1068186092889A801DE0B8
:10EF800005213046FFF7A9FA034608B3154A106871
:10EF9000186012791A71012410E0FFF7C1FE0446CF
:10EFA0000CE0FFF733FC044608E000F01DF80446CF
:10EFB00004E000F06DF8044600E00024204670BD37
:10EFC0000024FBE70024F9E70024F7E70024F5E735
:10EFD0000024F3E70024F1E70024EFE770F90408C8
:10EFE00078F9040880F9040870B58568002946D0CE
:10EFF0000C4601212046FFF770FA002842D05B2220
:10F000000270A3680133A360E3680133E36007E0A3
:10F01000012616E000221A70A3683344A3602D680D
:10F02000FDB121462846FFF759FF034640B320466D
:10F03000FFF7F8F92B68002BF1D06369002BE7D0BC
:10F040000226711C2046FFF748FAE8B103462C213E
:10F0500003F8011B61690029DCD0831C2021417069
:10F06000D8E702212046FFF738FA78B15D22027016
:10F0700000224270E368013BE360012300E00023CB
:10F08000184670BD0023FBE70023F9E70023F7E7EC
:10F0900070B58568002900F0A3800C464B69A3B1C8
:10F0A0000226711C2046FFF718FA002800F09B800A
:10F0B0007B230370E3680133E36063690BB10A23C8
:10F0C0004370A3683344A36022E00126E9E7E168C6
:10F0D0002046FFF702FA0346002800F0868000224F
:10F0E00003E0092103F8011B0132E1689142F8D8DD
:10F0F000A3681944A16010E001261CE0002637E057
:10F10000002339E000221A70A3683344A3602D68FD
:10F11000002D44D06369002BD9D12146286AFFF71E
:10F12000D1FA034600285CD02046FFF77BF96369DB
:10F13000002BE1D0022631462046FFF7CEF9002809
:10F1400055D03A22027062690AB109224270A3685E
:10F150003344A36021462846FFF7C0FE034600283B
:10F160003FD02046FFF75EF96369002BC6D0012629
:10F170002B68002BC4D001231E44711C2046FFF7CE
:10F18000ACF90346A8B32A6812B12C2203F8012B6C
:10F190006269002AB6D00A2203F8012BB2E763693C
:10F1A0008BB1E16801312046FFF797F9034610B3B0
:10F1B00062699AB97D221A7000225A70E368013B95
:10F1C000E36001230DE00221EDE7092203F8012BA2
:10F1D0000131E268013A8A42F7D8EBE70021F8E70B
:10F1E0000023184670BD0023FBE70023F9E7002346
:10F1F000F7E70023F5E70023F3E70000F0B58BB055
:10F2000015461E460024039404940594069407941E
:10F21000089409942A4B1C605C600446002918BFBE
:10F22000002817D1002C49D0019400230293059A9D
:10F23000049B9A423DD2029215B1029B23442B605B
:10F240001F4B01AA92E8030083E803000027384619
:10F250000BB0F0BD039004911A4B93E807000AAF7E
:10F2600007E907001846FFF78BF907460028D9D0B1
:10F2700003A8FFF791F9FFF787F801463846FFF733
:10F28000E3FB90B136B9002DE1D0039B059A1344FE
:10F290002B60DCE703A8FFF777F8059B049A9342FD
:10F2A00003D2039AD35C002BEDD03846FFF70AFB5C
:10F2B000B8E7002BC0D0013B0293BDE72746C6E765
:10F2C00058CF00243803002470B5044648B10D46D9
:10F2D0001646F1F765F833462A46411C2046FFF7EB
:10F2E0008DFF70BD08B500221146FFF7EDFF08BD88
:10F2F000F0B58BB006460D4614461F462422002169
:10F3000001A819F0B5F8B5FA85FC4FEA5C1C5CEA77
:10F31000D47C02D000200BB0F0BD019502940123F3
:10F3200005930697054B93E807000AAB03E907002E
:10F3300001A93046FFF7D2FDEDE700BF38030024F6
:10F3400038B18368002001E001301B68002BFBD13D
:10F35000704700207047002903DB08B5FFF733F83A
:10F3600008BD0020704708B50022FFF754FA08BD19
:10F3700008B50122FFF74FFA08BD08B5FFF7F3FF04
:10F38000003818BF012008BD08B5FFF72CF808BDEC
:10F3900000B583B000230093024BFFF764F803B07D
:10F3A0005DF804FB3803002408B52DED028BB0EEA8
:10F3B000408B1748FFF7E4F8034668B10822C260A3
:10F3C00080ED068B9FED0E7BB4EEC78BF1EE10FA4D
:10F3D00006DB6FF0004242611846BDEC028B08BDAF
:10F3E0009FED097BB4EEC78BF1EE10FA03D84FF016
:10F3F00000424261F0E7BDEEC88B80ED058AEBE785
:10F400000000C0FFFFFFDF41000000000000E0C17E
:10F410003803002470B582B005460E46FFF7C4FFDE
:10F42000044600230093074B024631462846FFF767
:10F430001AF810B1204602B070BD2046FFF742FA1C
:10F440000024F7E73803002438B504460A48FFF7DC
:10F4500097F8054640B11023C36007492046FEF7E0
:10F46000EEFF0446286108B1284638BD2846FFF75C
:10F4700029FA2546F8E700BF3803002470B582B0AA
:10F4800005460E461046FFF7DFFF044600230093B3
:10F49000074B024631462846FEF7E5FF10B12046ED
:10F4A00002B070BD2046FFF70DFA0024F7E700BF59
:10F4B0003803002408B50348FFF762F808B1202399
:10F4C000C36008BD3803002470B582B005460E46FF
:10F4D000FFF7F0FF044600230093074B0246314636
:10F4E0002846FEF7C0FF10B1204602B070BD20468E
:10F4F000FFF7E8F90024F7E73803002408B50348CC
:10F50000FFF73EF808B14023C36008BD380300246C
:10F5100028B1007B102814BF002001207047002074
:10F52000704728B1007B202814BF002001207047BD
:10F530000020704728B1007B402814BF0020012024
:10F54000704700207047002361F3070360F30F2327
:10F5500098B2704730B530240C7058B3044692B955
:10F56000944624E0373001F80C0024090CF1010C1A
:10F570005FFA8CFC04B304F00F000928F2D8303095
:10F5800001F80C00F1E74FF0000CF3E71C48A0FB7A
:10F5900004E0C008864600EB8000A4EB4000303059
:10F5A00001F80C0074460CF1010C5FFA8CFC002C85
:10F5B000ECD101E04FF0010C2AB901EB0C0500235E
:10F5C00001F80C3011E09C45F7D2302201F80C20F4
:10F5D0000CF1010C5FFA8CFCF5E7121A013A885C19
:10F5E000CC5C8C54C8540133DBB2184662460CF133
:10F5F000010EB3EB6E0FF0DB00232B70084630BD1D
:10F60000CDCCCCCCF8B507460D461646002406E016
:10F610003A5D064905EB440018F016FE0134B44289
:10F62000F6DB002305F81430F8BD00BFB0F2040883
:10F6300003463038C0B209280AD9A3F14102D2B238
:10F64000052A06D9A3F16102D2B2052A04D9FF2006
:10F650007047373BD8B27047573BD8B2704710B5A8
:10F660000446002001E093B1013004EB000C235C60
:10F670005BB10A461378002BF5D09CF800E0734587
:10F68000F1D10CF1010C0132F4E74FF0FF3010BD65
:10F6900010B50124294B1C704FF496722849294853
:10F6A0000EF07CF940F6B83007F078FC264B1C7061
:10F6B00008E0DBB9254B1B780A2B21D8224B1B789D
:10F6C000012B1DD140F2DC5007F068FC1F4A137873
:10F6D000013313701E4B1B68002BEAD11D4A1279AF
:10F6E000002AE6D1184B01221A70E3E71A4A136088
:10F6F000184A1371F2F786F9134B00221A70D9E7F2
:10F7000000230E4A1370154A1370114B1B6813B96E
:10F71000104B1B794BB10F4B1A790F4B1A60012319
:10F720000F4A13700F4A137010BD00230D4A137057
:10F730000B4A13700C4A1370F6E700BF88CF002401
:10F7400085F7002460F40024860300249CCF002465
:10F7500098CF00246033002494CF00248BCF002462
:10F7600087CF00248ECF002486CF0024844600203B
:10F77000034607E000EB80001CF80320303A02EB60
:10F78000400001338B42F5DB7047000000239342B9
:10F790001AD230B510F803C04FEA1C154FEA430ED9
:10F7A0000B4C655D01F813500CF00F0C0EF1010EBF
:10F7B00014F80C4001F80E400133DBB29342E9D358
:10F7C000002301F8123030BD002301F812307047D9
:10F7D000D4060508002393424ED230B51EE0A4F1B2
:10F7E000610C5FFA8CFCBCF1050F03D8573C5FFA43
:10F7F00084FE2CE04FF0000E29E0A5F16104E4B294
:10F80000052C35D8A5F157045FFA84FC4CEA0E1C90
:10F8100001F803C00133DBB293422CD24FEA430C10
:10F8200010F813400CF1010C10F80C50A4F1300E3C
:10F830005FFA8EFEBEF1090F09D9A4F1410C5FFAFF
:10F840008CFCBCF1050FCAD8373C5FFA84FEA5F1E9
:10F85000300C5FFA8CFCBCF1090FD7D9A5F141043B
:10F86000E4B2052CC9D8A5F1370C5FFA8CFCCDE7C2
:10F870004FF0000CCAE730BD70470000012800D0EF
:10F88000704710B50C460C4B1B7843B90B4B1B78DB
:10F890002BB90B4B1B7813B90A4B1B7803B110BD66
:10F8A0000846F0F77DFD4FF47A7382B22146064890
:10F8B0000DF0D6FEF3E700BF8BCF00248ECF0024DF
:10F8C0008ACF002489CF002460F40024034B036016
:10F8D000034B0B6080231360704700BF48E2002495
:10F8E00048E00024034B0360034B0B604FF480633C
:10F8F00013607047A0DF0024A0CF002400BE704733
:10F90000F0B52DED028B83B006460D4608EE102AA9
:10F910000193FFF7F3FD0446002849D0002707EEC6
:10F92000905AB8EE670B51492046FFF773FD002847
:10F9300041D0B8EE480B4E492046FFF76BFD00283A
:10F940003CD0002D3DD0012D58D09DF8283000EE40
:10F95000103AB8EE400B47492046FFF75BFD002800
:10F9600059D0002E5AD0022E7AD1434D4FF4AF66B3
:10F9700032460021284618F07BFD002332462946F6
:10F980002046FFF7B5FC08B96FF002073A490B981B
:10F9900018F077FF394B01221A6014B12046FEF7A8
:10F9A00091FF4FF4AF620021334818F061FD57E03A
:10F9B0004FF0FF37B3E76FF00107BAE76FF00107C9
:10F9C000BFE7DDED017AB8EE670B2D492046FFF762
:10F9D00021FD80B12B4B9B68002BB6D007EE903AEF
:10F9E000B8EEE70B28492046FFF714FD0028ACD1FC
:10F9F0006FF00107A9E76FF00107EBE7DDED017A92
:10FA0000B8EE670B21492046FFF704FD00289CD182
:10FA10006FF0010799E76FF00107A2E7164D4FF469
:10FA2000AF6632460021284618F022FD00233246F8
:10FA300029462046FFF75CFC08B96FF002070E4923
:10FA40000B9818F01EFF0D4B01221A6014B12046CE
:10FA5000FEF738FF4FF4AF620021074818F008FDA9
:10FA6000384603B0BDEC028BF0BD00BF88E304084C
:10FA70008CE3040868F004082CE70024588500246F
:10FA8000B4F004083C8500245CF0040898E3040802
:10FA90002DE9F04F9FB0064615460846FFF722FCB9
:10FAA000044688B19349FFF763FC4269D3B2924997
:10FAB0000B70052B02F2EE81DFE813F00C00ED0075
:10FAC000110C180E3211BA11FEF7FCFE4FF0FF3B7D
:10FAD00002F038BA894B01221A600023884A136069
:10FAE000884A136053609360D36013615361864901
:10FAF0002046FFF742FC002856D184492046FFF7F4
:10FB00003CFC00285BD182492046FFF736FC0028E8
:10FB10005DD180492046FFF730FC00285FD17E4947
:10FB20002046FFF72AFC002861D17C492046FFF7D8
:10FB300024FC002872D17A492046FFF71EFC0028D9
:10FB400074D178492046FFF718FC002876D1764911
:10FB50002046FFF712FC002878D174492046FFF7B1
:10FB60000CFC00287AD172492046FFF706FC0028D9
:10FB70007CD170492046FFF700FC00287ED06D49FB
:10FB80002046FFF7F5FB07693846F0F709FC034606
:10FB90005C49019500978A6849683046F9F7D0F8C2
:10FBA0004FF0000B02F0E3B857492046FFF7E0FBA7
:10FBB0004269544B1A60604B01221A609DE7534919
:10FBC0002046FFF7D5FB42694E4B5A609BE75049F0
:10FBD0002046FFF7CDFB42694A4B9A6099E74D49B1
:10FBE0002046FFF7C5FB4269464BDA6097E74A4972
:10FBF0002046FFF7BDFB4269424B5A615B6813B96F
:10FC00004E4B1A6091E7012B05D0023B022B8CD89A
:10FC10004B4B1A6089E74B4B1A6086E73F492046F9
:10FC2000FFF7A6FB4269484B1A6084E73C4920462F
:10FC3000FFF79EFB4269454B1A7082E7394920461F
:10FC4000FFF796FB4269424B1A8080E7364920460F
:10FC5000FFF78EFB42693F4B1A807EE7334920460F
:10FC6000FFF786FB42693C4B1A607CE7304920462F
:10FC7000FFF77EFB4269394B1A707AE70195002540
:10FC800000952B462A461F4949683046F9F758F82F
:10FC9000AB4602F06CB81C492046FFF76EFBC0B9BA
:10FCA0002F492046FFF769FBD8B92E4B1A78531E0F
:10FCB0000B2B01F20383DFE813F057008C009A014D
:10FCC000E402CF033605A8050B06FE0680072A08C6
:10FCD0007B090D492046FFF74BFB4269214B1A7007
:10FCE000DEE71F492046FFF743FB42691D4B5A7070
:10FCF000DBE700BF88E3040834E300243CE300248E
:10FD000038E30024A4EC00248CE30408B4F00408D5
:10FD10005CF0040894F90408A0F90408ACF904089C
:10FD2000A8F00408B0F90408BCF90408C4F90408F0
:10FD3000D0F90408DCF9040830E3002428E30024A7
:10FD400020E3002424E300242CE300241CE300240B
:10FD50001AE3002418E3002414E3002412E300242F
:10FD600098E3040804180024A94B5B78022B1BD0ED
:10FD7000A849A94818F068FA0122A8491046FFF7D7
:10FD80007DFDA74B1B78012B01F0A382A54B1B78AF
:10FD9000012B01F09E82A44B1B78012B01F099826C
:10FDA0004FF0000B01F0E3BF99498978019500916C
:10FDB00001210020F3F724FA0028E2D0944A937836
:10FDC000019500935378127801210020F3F718FA77
:10FDD000D7E78F4B5B78012B0CD0022B00F0F18022
:10FDE0008C498D4818F030FA01228C491046FFF7F3
:10FDF00045FDC6E78D492046FFF7BFFA00286ED1C2
:10FE00008B492046FFF7B9FA002875D18949204669
:10FE1000FFF7B3FA00287CD187492046FFF7ADFAF7
:10FE2000002840F0838085492046FFF7A6FA002885
:10FE300040F0868082492046FFF79FFA002840F074
:10FE40008B8080492046FFF798FA002840F08C808C
:10FE50007D492046FFF791FA002840F08E807B49CB
:10FE60002046FFF78AFA002840F090807849204623
:10FE7000FFF783FA002840F0928076492046FFF78A
:10FE80007CFA002840F094800121674B1970724B76
:10FE900005221A605E4A917001950091537812789C
:10FEA0000020FFF72DFD00283FF46BAF584A9378F0
:10FEB000019500935378127801210020FFF720FD6F
:10FEC00000283FF45EAF524B5A786449524818F00C
:10FED000BBF9012251491046FFF7D0FC51E75349C5
:10FEE0002046FFF745FA5E4B002203F8982F016980
:10FEF000184618F0C6FC83E74D492046FFF738FA4C
:10FF0000574B002203F8B62F0169184618F0B9FCC8
:10FF10007CE748492046FFF72BFA514B002203F8B3
:10FF2000D42F0169184618F0ACFC75E74249204609
:10FF3000FFF71EFAD0E90601494BC3E9500172E709
:10FF40003E492046FFF714FAD0E90601444BC3E9C5
:10FF50005201FCF7A9F86DE739492046FFF708FA86
:10FF600042693F4B9A616CE736492046FFF700FA39
:10FF700042693B4BC3F838216AE733492046FFF713
:10FF8000F7F94269364BC3F83C2168E72F49204610
:10FF9000FFF7EEF94269324B83F8522166E72C49AC
:10FFA0002046FFF7E5F942692D4B83F8532164E7BA
:10FFB00028492046FFF7DCF94269294B83F8512193
:10FFC00062E7134989780195009101210020F3F738
:10FFD00017F900283FF4D5AE0D4A937801950093A8
:10FFE0005378127801210020F3F70AF9C9E6084B8B
:10FFF0005B78012B36D0022B00F02D810549064895
:020000040803EF
:1000000018F022F9012205491046FFF737FCB8E63F
:1000100004180024E8F9040800E600240808002475
:10002000D9000124DA000124DC000124F0E30408F3
:10003000FCE3040808E4040848E4040854E4040861
:10004000A0E30408D8E30408E4E3040824E4040873
:1000500034E4040814E404087004002414FA0408C6
:1000600060330024A9492046FFF787F900283CD1D6
:10007000A7492046FFF781F900283FD1A54920462E
:10008000FFF77BF9002842D1A3492046FFF775F915
:10009000002845D10121A14B1970A14B05221A60FE
:1000A000A04A917001950091537812780020FFF7D3
:1000B00027FC00283FF465AE9A4A93780195009397
:1000C0005378127801210020FFF71AFC00283FF432
:1000D00058AE944B5A789449944818F0B5F80122D8
:1000E00093491046FFF7CAFB4BE688492046FFF7C5
:1000F0003FF942698F4BC3F85821B9E7844920463C
:10010000FFF736F942698B4BC3F85C21B6E78149AA
:100110002046FFF72DF94269864BC3F86021B3E70B
:100120007D492046FFF724F907460028B2D0FFF7A3
:1001300007F9024680497D4818F086F801227C497B
:100140001046FFF79BFBBF684FF000084CE07B496F
:100150003846FFF70DF9416908EBC802754B03EB10
:10016000C203C3F8641148E075493846FFF700F947
:10017000017D08EBC8026F4B03EBC20383F86811E3
:1001800041E070493846FFF7F3F890ED067BB7EE93
:10019000C77B08EBC802674B03EBC20383ED5B7AB6
:1001A00037E069493846FFF7E3F890ED067BB7EE94
:1001B000C77B08EBC8025F4B03EBC20383ED5C7A9D
:1001C0002DE062493846FFF7D3F890ED067BB7EE95
:1001D000C77B08EBC802574B03EBC20383ED5D7A84
:1001E00023E008F101083F68002F3FF453AF534963
:1001F0003846FFF7C2F80028A9D151493846FFF721
:10020000BCF80028B0D14F493846FFF7B6F80028AF
:10021000B7D14D493846FFF7B0F80028C1D14B4956
:100220003846FFF7AAF80028CBD149493846FFF7EE
:10023000A4F80028D5D046493846FFF799F890ED44
:10024000067BB7EEC77B08EBC8023A4B03EBC20351
:1002500083ED5E7AC5E733498978019500910121E4
:100260000020F2F7CDFF00283FF48BAD2D4A9378A4
:10027000019500935378127801210020F2F7C0FF16
:100280007FE5284B5B78012B0CD0022B00F0CE8051
:100290003049264817F0D8FF012225491046FFF7BC
:1002A000EDFA6EE52C492046FFF767F8002855D196
:1002B00001271A4B1F701A4B05221A6005F0E2FC49
:1002C000184A9770019500975378127839460020A4
:1002D000FFF716FB00283FF454AD124A93780195BE
:1002E00000935378127839460020FFF709FB002865
:1002F0003FF447AD0B4B5A780B490C4817F0A4FF5D
:100300003A460B493846FFF7B9FA3AE560E4040883
:1003100068E4040870E4040878E40408DC000124BC
:10032000700400240418002414FA040800E60024D1
:1003300008080024603300243CFA04087CE4040824
:1003400080E4040888E4040890E4040898E40408BD
:10035000A0E40408E8F90408E4E40408AC492046F1
:10036000FFF706F807460028A2D0AA49FFF705F8CC
:1003700020BBA9493846FFF700F840BBA7493846DB
:10038000FEF7FBFF60BBA6493846FEF7F6FF0028E4
:100390002FD1A4493846FEF7F0FF002832D1A249F8
:1003A0003846FEF7EAFF002882D09F493846FEF71C
:1003B000DFFF42699D4BC3F8DC2279E79549384657
:1003C000FEF7D6FF027D994B83F8D022D1E7924900
:1003D0003846FEF7CDFF027D944B83F8D122CDE75E
:1003E0008E493846FEF7C4FF027D904B83F8D22237
:1003F000C9E78B493846FEF7BBFF42698B4B83F850
:10040000D822C6E787493846FEF7B2FF4369A3F50D
:100410009661874A914205D9844B4FF41652C3F82E
:10042000D422BCE7814AC2F8D432B8E7814989783E
:100430000195009101210020F2F7E2FE00283FF42F
:10044000A0AC7C4A937801950093537812780121EF
:100450000020F2F7D5FE94E4764B5B78012B0CD0AC
:10046000022B00F049817449744817F0EDFE012217
:1004700073491046FFF702FA83E466492046FEF707
:100480007CFF00287FD16F492046FEF776FF0028C9
:1004900040F082806C492046FEF76FFF002840F054
:1004A00084805D492046FEF768FF002840F0868082
:1004B00066492046FEF761FF002840F088806449C5
:1004C0002046FEF75AFF002840F08D806149204603
:1004D000FEF753FF002840F092805F492046FEF768
:1004E0004CFF002840F0D2805C492046FEF745FFD3
:1004F000002840F0D4805A492046FEF73EFF0028ED
:1005000040F0D68057492046FEF737FF002840F0DC
:10051000D88055492046FEF730FF002840F0DA80A9
:1005200052492046FEF729FF002840F0DC800121D7
:100530004F4B19704F4B05221A603E4A917001953E
:100540000091537812780020FFF7DAF900283FF481
:1005500018AC384A937801950093537812780121AA
:100560000020FFF7CDF900283FF40BAC314B5A784F
:100570004149324817F068FE012231491046FFF721
:100580007DF9FFF7FEBB23492046FEF7F1FE027D11
:10059000264B83F8E02276E72A492046FEF7E8FE5C
:1005A000027D224B83F8E12274E727492046FEF7BB
:1005B000DFFE0169314818F064F972E716492046F8
:1005C000FEF7D6FE027D194B83F8E22270E71F4941
:1005D0002046FEF7CDFE0169294818F052F9294B53
:1005E00001221A706BE71A492046FEF7C1FE4269E4
:1005F0000E4BC3F89823234B01221A7066E7154966
:100600002046FEF7B5FE01691F4818F03AF964E785
:10061000E4E40408A8E40408B0E40408BCE4040822
:10062000C4E40408CCE40408D8E4040860330024DB
:1006300050E3030004180024E8F9040800E600244D
:1006400008080024ECE40408FCE4040800E50408BD
:1006500010E5040820E5040830E5040840E5040836
:1006600048E5040858E5040868E5040878E5040846
:10067000DC0001247004002414FA0408003700246C
:1006800044360024596A0024E4360024994920465F
:10069000FEF76EFE0169984818F0F3F824E79749D1
:1006A0002046FEF765FE0169954818F0EAF822E752
:1006B00094492046FEF75CFE0169934818F0E1F882
:1006C00020E792492046FEF753FE0169904818F052
:1006D000D8F81EE78F492046FEF74AFE42698E4B46
:1006E000C3F8C0231CE78D492046FEF741FE42694E
:1006F000894B83F89C231AE78949897801950091F1
:1007000001210020F2F77CFD00283FF43AAB844A37
:100710009378019500935378127801210020F2F725
:100720006FFDFFF72EBB7E4B5B78012B0CD0022BAD
:1007300054D07C497C4817F087FD01227B49104644
:10074000FFF79CF8FFF71DBB79492046FEF715FE21
:10075000002831D177492046FEF70FFE002834D11A
:100760000121754B1970754B05221A606C4A917006
:1007700001950091537812780020FFF7C1F8002806
:100780003FF4FFAA664A9378019500935378127854
:1007900001210020FFF7B4F800283FF4F2AA604BD3
:1007A0005A786749604817F04FFD01225F491046AB
:1007B000FFF764F8FFF7E5BA5D492046FEF7D8FD7C
:1007C000027D554B83F8C423C4E75A492046FEF7FF
:1007D000CFFD4269504BC3F8C823C1E7504989781F
:1007E0000195009101210020F2F70AFD00283FF455
:1007F000C8AA4B4A93780195009353781278012147
:100800000020F2F7FDFCFFF7BCBA454B5B78012BEB
:100810000CD0022B45D04349434817F015FD012267
:1008200042491046FFF72AF8FFF7ABBA4049204685
:10083000FEF7A3FD00282BD101213F4B19703F4B40
:1008400005221A60364A917001950091537812780A
:100850000020FFF755F800283FF493AA304A937818
:10086000019500935378127801210020FFF748F892
:1008700000283FF486AA2A4B5A7831492A4817F0B3
:10088000E3FC012229491046FEF7F8FFFFF779BA89
:1008900027492046FEF76CFD027D1F4B83F8CC23D1
:1008A000CAE71F4989780195009101210020F2F7DC
:1008B000A7FC00283FF465AA194A93780195009394
:1008C0005378127801210020F2F79AFCFFF759BA09
:1008D000134B5B78012B35D0022B00F0D5801149EA
:1008E000114817F0B1FC012210491046FEF7C6FF6F
:1008F000FFF747BA30E504085836002440E50408FD
:100900006C36002448E504088036002458E50408C5
:10091000B236002468E504086033002478E5040852
:1009200004180024E8F9040800E60024080800245C
:10093000A8E40408D8E40408DC00012470040024BE
:1009400014FA0408A6492046FEF717FD00286BD1CB
:10095000A4492046FEF711FD00286DD1A24920468A
:10096000FEF70BFD00286FD1A0492046FEF705FDDC
:10097000002871D19E492046FEF7FFFC002873D164
:100980009C492046FEF7F9FC002875D19A4B1A784D
:100990000E925A780D929A780C925A79013A1092E6
:1009A0001A790F929B68A3F26C7311930CA8FAF753
:1009B000EDFE924BC3E900016F460DF1640CBCE8FB
:1009C0000F000FC7DCF800303B6015AB0FCBFBF717
:1009D00029F98B4F4FF0010887F80280FBF764FB81
:1009E000BB78019500937B783A7841460020FEF76A
:1009F00087FF00283FF4C5A9BB78019500937B7859
:100A00003A7841460020FEF77BFF00283FF4B9A961
:100A10007A787C497C4817F017FC42467B4940466F
:100A2000FEF72CFFFFF7ADB96D492046FEF7A0FC9D
:100A3000027D714B1A718BE76A492046FEF798FCDC
:100A4000027D6D4B5A7189E767492046FEF790FC9D
:100A50004269694B9A6087E764492046FEF788FC43
:100A6000027D654B1A7085E761492046FEF780FCE0
:100A7000027D614B5A7083E75E492046FEF778FCA1
:100A8000027D5D4B9A7081E75D49897801950091FF
:100A900001210020F2F7B4FB00283FF472A9584A64
:100AA0009378019500935378127801210020F2F792
:100AB000A7FBFFF766B9524B5B78012B0CD0022BDA
:100AC00064D05349504817F0BFFB01224F491046EC
:100AD000FEF7D4FEFFF755B94E492046FEF74DFC10
:100AE000002831D14C492046FEF747FC002833D17D
:100AF00001214A4B19704A4B05221A60404A9170F5
:100B000001950091537812780020FEF7F9FE002835
:100B10003FF437A93A4A93780195009353781278B5
:100B200001210020FEF7ECFE00283FF42AA9344BF7
:100B30005A783449344817F087FB0122334910466C
:100B4000FEF79CFEFFF71DB932492046FEF710FC68
:100B5000027D344B1A75C5E72F492046FEF708FC85
:100B60004369782B18BF3C2B0DDDB42B0BD0F02B39
:100B700009D0B3F5B47F06D0B3F5347F03D0294B49
:100B80000A221A61B4E7274A1361B1E71C49897840
:100B90000195009101210020F2F732FB00283FF47B
:100BA000F0A8174A937801950093537812780121A1
:100BB0000020F2F725FBFFF7E4B8114B5B78012B1F
:100BC00032D0022B00F08C8011490F4817F03CFB0B
:100BD00001220E491046FEF751FEFFF7D2B800BFC2
:100BE00094E5040898E504089CE5040814E6040864
:100BF000A0E50408A4E50408BCEC002400030024DC
:100C00000418002414FA040800E60024080800244C
:100C1000E8F90408A8E40408A8E50408DC000124B5
:100C200070040024603300249D492046FEF7A5FB94
:100C3000002831D19B492046FEF79FFB002834D184
:100C40000121994B1970994B05221A60984A9170AD
:100C500001950091537812780020FEF751FE00288C
:100C60003FF48FA8924A93780195009353781278B5
:100C700001210020FEF744FE00283FF482A88C4B9F
:100C80005A788C498C4817F0DFFA01228B491046BC
:100C9000FEF7F4FDFFF775B881492046FEF768FBC3
:100CA000027D874B83F8D423C4E77E492046FEF7B4
:100CB0005FFB0146002305E0814A1A44002082F8C8
:100CC000D50301330B2BBBD80A69D25C302AF3D091
:100CD000312AF6D17A4A1A44012082F8D503F0E786
:100CE000734989780195009101210020F2F788FA73
:100CF00000283FF446A86E4A9378019500935378F4
:100D0000127801210020F2F77BFAFFF73AB8684B1E
:100D10005B78012B0DD0022B00F0248169496648D5
:100D200017F092FA012265491046FEF7A7FDFFF77A
:100D300028B865492046FEF720FBB0B9634B1B7904
:100D4000532B1AD8614803EB430200EB4202002107
:100D5000117251729172D172117303EB430200EB65
:100D6000420041730133DBB2EAE757492046FEF700
:100D7000FFFA4269554B5A60E0E755492046FEF7B5
:100D8000FCFA002831D153492046FEF7F6FA002834
:100D900031D10121504B1970504B05221A60444A41
:100DA000917001950091537812780020FEF7A8FD0C
:100DB00000283EF4E6AF3E4A9378019500935378BD
:100DC000127801210020FEF79BFD00283EF4D9AFE8
:100DD000374B5A783749384817F036FA01223749E5
:100DE0001046FEF74BFDFEF7CCBF39492046FEF713
:100DF000BFFA4769C7E737492046FEF7B9FA814687
:100E00000028C6D0013F4FEAC708FEF799FA02460C
:100E10003349294817F018FA012228491046FEF7ED
:100E20002DFDD9F808706AE02E493846FEF7A0FA81
:100E3000416908EB4802254B03EB4203597267E016
:100E400029493846FEF794FA017D08EB48021F4B0A
:100E500003EB4203197261E024493846FEF788FA31
:100E6000416908EB4802194B03EB420399725BE0BE
:100E70001F493846FEF77CFA416908EB4802134BDC
:100E800003EB4203D97255E01A493846FEF770FA6F
:100E9000416908EB48020D4B03EB420319734FE025
:100EA000B0E50408B8E50408DC000124700400245F
:100EB0000418002414FA040800E60024080800249A
:100EC00060330024E8F90408C0E50408C82F0024B2
:100ED000D8E50408E8E50408DA00012468040024E1
:100EE00050FA0408F4E50408A8E40408FCE5040842
:100EF00004E6040810E6040808F101083F68002F22
:100F00003FF447AF9D493846FEF737FA00288BD1AA
:100F10009B493846FEF731FA002891D19949384665
:100F2000FEF72BFA002897D197493846FEF725FAA5
:100F300000289DD195493846FEF71FFA0028A3D115
:100F400093493846FEF719FA0028D5D0904938461B
:100F5000FEF70EFA416908EB48028E4B03EB4203A1
:100F60005973C9E78C492046FEF707FAC0B98B4A86
:100F70009378019500935378127801210020F2F7BD
:100F80003FF900283EF4FDAE844A93780195009322
:100F90005378127801210020F2F732F9FEF7F1BE02
:100FA0007D492046FEF7E4F942697D4B1A60DEE791
:100FB0007A4B5B78012B0DD0022B00F059817949D7
:100FC000794817F041F9012278491046FEF756FC9E
:100FD000FEF7D7BE76492046FEF7CFF9002847D165
:100FE00074492046FEF7C9F900284FD172492046BE
:100FF000FEF7C3F9002851D170492046FEF7BDF92C
:101000000746002852D16E492046FEF7B6F900285F
:1010100052D101276B4B1F706B4B05221A6004F0F5
:1010200031FE5E4A977001950097537812783946E1
:101030000020FEF765FC00283EF4A3AE574A9378E3
:10104000019500935378127839460020FEF758FC3A
:1010500000283EF496AE514B5A785C49524817F03E
:10106000F3F83A4651493846FEF708FCFEF789BEC8
:101070004F492046FEF77CF94369322B03DD544B80
:1010800032221A71ACE7524A1371A9E74949204646
:10109000FEF76EF942694E4B9A60A7E74649204633
:1010A000FEF766F942694A4B5A71A5E74349204663
:1010B000FEF75EF94769A6E741492046FEF758F971
:1010C00081460028A5D0013F4FEAC708FEF738F94E
:1010D00002464049344817F0B7F801223349104618
:1010E000FEF7CCFBD9F8087085E03B493846FEF79F
:1010F0003FF9416908EB8802354B03EB8203997491
:1011000083E036493846FEF733F9416908EB880237
:101110002F4B03EB820359617EE031493846FEF7DD
:1011200027F9416908EB8802294B03EB8203197602
:1011300079E02C493846FEF71BF9416908EB880233
:10114000234B03EB8203D96174E027493846FEF74D
:101150000FF9416908EB88021D4B03EB820383F80A
:1011600020106DE021493846FEF702F9017D08EBB9
:101170008802174B03EB8203197467E0F4E5040857
:10118000A8E40408FCE5040804E6040810E60408E2
:1011900018E60408C82F002468FA0408041800247C
:1011A000F0E2002490FA040800E600240808002475
:1011B00020E604082CE6040838E60408D8E504080C
:1011C00044E60408D90001246404002414FA040845
:1011D000E827002474FA040850E6040858E60408D6
:1011E00068E6040870E604087CE6040884E604085F
:1011F00008F101083F68002F3FF40BAFA2493846C1
:10120000FEF7BBF800287FF470AFA0493846FEF720
:10121000B4F800287FF475AF9D493846FEF7ADF865
:1012200000287FF47AAF9B493846FEF7A6F80028DD
:101230007FF47FAF98493846FEF79FF8002884D1A5
:1012400096493846FEF799F800288BD194493846DC
:10125000FEF793F80028CBD091493846FEF788F87E
:10126000416908EB88028F4B03EB82035974BFE797
:101270008D492046FEF781F8C0B98C4A93780195D4
:1012800000935378127801210020F1F7B9FF00286C
:101290003EF477AD854A93780195009353781278A0
:1012A00001210020F1F7ACFFFEF76BBD7E4920461F
:1012B000FEF75EF842697E4B1A60DEE77D497E48A4
:1012C00016F0C2FF01227D491046FEF7D7FAFEF75D
:1012D00058BDF1F7FBFB4FF0000B00F048BD78491B
:1012E0002046FEF74AF818B94FF0000B00F03FBD5A
:1012F00073492046FEF73CF84369013B352B00F269
:10130000D685DFE813F0360047015F016A017001FE
:10131000E801D405D405D405D405D405D405D405F5
:10132000D405D405D405D405D405D405D405D405F5
:10133000D405D405D405D405D405D405D405D405E5
:10134000D405D405D405D405D405D405D405D405D5
:10135000D405D405D405D405D405D405D405D405C5
:10136000D405D405D405D405D4058801A001B8015D
:10137000D00154492046FEF700F8002865D15249B3
:101380002046FDF7FAFF002840F0C0804F49204674
:10139000FDF7F3FF002840F0C9804D492046FDF7D6
:1013A000ECFF002840F0CA804A492046FDF7E5FFDF
:1013B000002840F0CB8048492046FDF7DEFF00289A
:1013C00040F0CC8045492046FDF7D7FF002840F08B
:1013D000CD8043492046FDF7D0FF002840F0CE8065
:1013E000404B1A780E925A780D929A780C925A794C
:1013F000013A10921A790F929B68A3F26C731193C1
:101400000CA8FAF7C3F9384BC3E900016D4619AFD0
:101410000FCF0FC53B682B6015AB0FCBFAF702FC63
:10142000012E00F0B3800123304A1370304A13704C
:10143000052230490A6030490B7030490A60304A51
:1014400013704FF0000B00F092BC1E492046FDF7D0
:101450008FFF05462B4F4FF01E08424600213846AD
:1014600017F006F82969384617F00BFA264D424660
:101470000021284616F0FCFF0FCF0FC597E80F009C
:1014800007C52B807BE700BF50E6040858E6040838
:1014900068E6040870E604087CE6040884E60408AC
:1014A00090E60408E827002468FA040804180024D9
:1014B000F0E20024C0FA040800E600240808002432
:1014C0008CE30408DCFA0408E8FA040894E504084C
:1014D00098E504089CE5040814E60408A0E504085F
:1014E000A4E50408BCEC0024000300240CE3002461
:1014F000DC00012470040024DB0001246C040024BF
:10150000596A0024583700243C3300249749204668
:10151000FDF72EFF0546964F1E220021384616F095
:10152000A7FF2969384617F0ACF92FE79149204603
:10153000FDF71EFF027D904B1A712EE78F49204662
:10154000FDF716FF027D8C4B5A712DE78C49204622
:10155000FDF70EFF4269884B9A602CE789492046C7
:10156000FDF706FF027D844B1A702BE78649204663
:10157000FDF7FEFE027D804B5A702AE78349204624
:10158000FDF7F6FE027D7C4B9A7029E7804B012225
:101590001A7048E77F492046FDF7EFFE20B9012E7B
:1015A0000AD04FF0000BE2E37A492046FDF7E0FE57
:1015B0004269794B1A80F2E7784B01221A704FF09A
:1015C000000BD4E3012E02D04FF0000BCFE3744B9D
:1015D00001221A704FF0000BC9E3724B01221A70FE
:1015E0004FF0000BC3E36B492046FDF7C6FE20B960
:1015F000012E0AD04FF0000BB9E366492046FDF7F3
:10160000B7FE4269644B1A80F2E7674B01221A70F9
:101610004FF0000BABE35F492046FDF7AEFE20B96B
:10162000012E0AD04FF0000BA1E35A492046FDF7E6
:101630009FFE4269584B1A80F2E75C4B01221A70F8
:101640004FF0000B93E353492046FDF796FE20B977
:10165000012E0AD04FF0000B89E34E492046FDF7DA
:1016600087FE42694C4B1A80F2E7514B01221A70F7
:101670004FF0000B7BE347492046FDF77EFE20B983
:10168000012E0AD04FF0000B71E342492046FDF7CE
:101690006FFE4269404B1A80F2E7464B01221A70F6
:1016A0004FF0000B63E33B492046FDF766FE20B98F
:1016B000012E0AD04FF0000B59E336492046FDF7C2
:1016C00057FE4269344B1A80F2E73B4B01221A70F5
:1016D0004FF0000B4BE3012E02D04FF0000B46E31E
:1016E000364B01221A704FF0000B40E3344920467C
:1016F000FDF743FE10B94FF0000B38E330492046A8
:10170000FDF736FE4369013B082B00F2D383DFE887
:1017100013F0090014000102270266027E0289020A
:10172000B402CC02012E02D04FF0000B1FE3254B78
:1017300001221A704FF0000B19E323492046FDF7F0
:101740001CFE00284AD10025012E00F0DF81012374
:101750001E4A13701E4A022111601E4A13701E4B4E
:1017600005221A604FF0000B01E300BFE8FA0408FD
:101770007C33002494E50408BCEC002498E50408BC
:101780009CE5040814E60408A0E50408A4E50408A0
:101790000BE30024F4FA040890CF002409E30024AA
:1017A00008E300240AE3002407E30024F9E200240C
:1017B000F8E20024F7E20024F6E2002406E3002425
:1017C0008CE3040804E3002400FB0408DB0001248C
:1017D0006C040024DC00012470040024C34920466A
:1017E000FDF7C6FD0546C2492046FDF7C6FD0028A7
:1017F000AAD0BF492046FDF7BBFD03466A69511ECA
:10180000077D4820BB4A00FB012282F868716A69A3
:10181000013A197DB84B00FB02331972B7492046D3
:10182000FDF7ABFDE8B90027B5492046FDF7A5FD5A
:10183000E8B900227969B34B19706B69013BAD4877
:10184000482707FB030090F86801022815D00139EA
:1018500003293FF679AFDFE811F02201FC00D60042
:10186000B000A6492046FDF783FD0746DCE7A44902
:101870002046FDF77DFD0246DCE7013903293FF6EE
:1018800063AFDFE801F0744E28029F4F57F823C082
:101890009849482000FB0313A3F894C16B69013BEE
:1018A00092ED067BB7EEC77B00FB031181ED677AF3
:1018B0006B69013B57F823708F4900FB03139F8628
:1018C0006B69013B92ED067BB7EEC77B00FB031112
:1018D00081ED0F7A38E78C4F57F823C085494820AF
:1018E00000FB0313A3F896C16B69013B92ED067BE5
:1018F000B7EEC77B00FB031181ED687A6B69013B92
:1019000057F823707C4900FB0313DF866B69013BAA
:1019100092ED067BB7EEC77B00FB031181ED107AD9
:1019200012E7794F57F823C07249482000FB031390
:10193000A3F898C16B69013B92ED067BB7EEC77BBC
:1019400000FB031181ED697A6B69013B57F8237045
:10195000694900FB03131F876B69013B92ED067B0E
:10196000B7EEC77B00FB031181ED117AECE6664F01
:1019700057F823C05F49482000FB0313A3F89AC11E
:101980006B69013B92ED067BB7EEC77B00FB031151
:1019900081ED6A7A6B69013B57F82370564900FB69
:1019A00003135F876B69013B92ED067BB7EEC77B44
:1019B00000FB031181ED127AC6E6534F57F823C09E
:1019C0004C49482000FB0313A3F87CC16B69013B21
:1019D00000FB0311D2ED057AF8EEE77AC1ED617AEA
:1019E0006B69013B57F82370434900FB0313DF8306
:1019F000D2ED057A6B69013B00FB0311F8EEE77A43
:101A0000C1ED0A7AA0E6404F57F823C03949482073
:101A100000FB0313A3F87EC16B69013B00FB0311BC
:101A2000D2ED057AF8EEE77AC1ED627A6B69013B97
:101A300057F82370304900FB0313DF83D2ED057A9A
:101A40006B69013B00FB0311F8EEE77AC1ED0A7AFE
:101A50007AE62D4F57F823C02649482000FB031390
:101A6000A3F880C16B69013B00FB0311D2ED057A3D
:101A7000F8EEE77AC1ED637A6B69013B57F82370A2
:101A80001D4900FB03131F84D2ED057A6B69013BEE
:101A900000FB0311F8EEE77AC1ED0B7A54E61A4F1A
:101AA00057F823C01349482000FB0313A3F882C151
:101AB0006B69013B00FB0311D2ED057AF8EEE77A82
:101AC000C1ED647A6B69013B57F823700A4900FB4A
:101AD00003135F84D2ED057A6B69013B00FB0311B0
:101AE000F8EEE77AC1ED0C7A2EE600BF00FB0408A1
:101AF0000CFB040860330024D031002414FB0408DC
:101B000020FB0408F4E20024F40700246A696C4B0B
:101B10001A701CE66B492046FDF72FFC70B90025B2
:101B200069492046FDF729FC70B900235A69674BC3
:101B30001A70012E0ED04FF0000B18E161492046BB
:101B4000FDF716FC0546EBE75F492046FDF710FC64
:101B50000346EBE76A695E4B1A704FF0000B06E133
:101B60005C492046FDF709FCB0B95B492046FDF70A
:101B700004FCD0B9594D2946594816F082FE95F813
:101B8000E331D3B1012E26D00123564A1370564AB1
:101B900013704FF0000BEAE04E492046FDF7E8FBDA
:101BA0000169524816F06DFEDFE74B492046FDF70C
:101BB000DFFB42694E4B1A60DCE701254D4B83F891
:101BC000DB552A4620214C4806F08FFF4B4B1D70F9
:101BD00002F020FAD6E74A4B01221A70D4E74949AD
:101BE0002046FDF7CAFB20B9012E0AD04FF0000BAA
:101BF000BDE044492046FDF7BBFB4269424B1A80D9
:101C0000F2E7424B01221A704FF0000BAFE0012EB9
:101C100002D04FF0000BAAE03D4B01221A704FF0AA
:101C2000000BA4E02B492046FDF7A7FB80B92A4909
:101C30002046FDF7A2FBA0B92849294816F021FE4D
:101C4000012E16D0284B01221A704FF0000B8EE0A7
:101C500020492046FDF78CFB0169244816F011FE4F
:101C6000E5E71D492046FDF783FB4269204B1A60DA
:101C7000E2E7284B01221A70E4E722492046FDF7EB
:101C80007CFB20B9012E0AD04FF0000B6FE01D49FC
:101C90002046FDF76DFB42691B4B1A80F2E71E4B95
:101CA00001221A704FF0000B61E0012E02D04FF0BC
:101CB000000B5CE0194B01221A704FF0000B56E04C
:101CC00003E3002400FB040814FB0408F4E20024EE
:101CD00002E3002400E5040810E504085837002456
:101CE00044030024FBE20024596A00246803002412
:101CF000640300246033002400040258DC00012443
:101D000001E30024F4FA040890CF0024FFE2002449
:101D1000FEE2002400E30024FDE20024FCE20024B3
:101D2000B2492046FDF724FB037DB14D2B71B1492B
:101D30002046FDF71DFB037D6B71AF492046FDF783
:101D400017FB037DAB60AD492046FDF711FB037D1A
:101D50002B70AB492046FDF70BFB037D6B70A94947
:101D60002046FDF705FB037DAB704FF0000BA64945
:101D70002046FDF7FDFA0546FDF7CAFB002800F0F6
:101D8000D0801122A149286916F096FB002800F0A6
:101D900094802D690C229E49284616F08DFB002860
:101DA00000F0B7800C229B49284616F085FB0028DE
:101DB00000F0F4800C229849284616F07DFB00289C
:101DC00000F02B8208229549284616F075FB002862
:101DD00000F03B8208229249284616F06DFB00284D
:101DE00000F04C820B228F49284616F065FB002834
:101DF00000F060820C228C49284616F05DFB00281A
:101E000040F08F8089492046FDF7B2FA0546FDF77C
:101E100091FB002800F0858085492846FDF7A8FA47
:101E2000D0ED057AF8EEE77A824BC3ED007A78E0E0
:101E3000814B00221A605A609A60DA601A615A6116
:101E40007E492046FDF799FA10B94FF0000B8EE756
:101E50007A492046FDF78CFA4369774A1360042BD0
:101E600002D04FF0000B82E775492046FDF785FA56
:101E700010B94FF0000B7AE771492046FDF778FA68
:101E80002A4641693046F7F713FA834600283FF4A3
:101E90006EAF57E0D2B26B496B4816F0D5F901220C
:101EA0006A491046FDF7EAFC4FF0000B5FE74FF080
:101EB000000B5CE74FF0000B59E75C492046FDF74B
:101EC00057FA0746FDF736FB00283FF462AF60493A
:101ED0003846FDF74DFA0746FDF72CFB00283FF486
:101EE00058AF5C493846FDF743FA80465A493846B0
:101EF000FDF73EFA4169D8F81420013A574B1344D4
:101F000083F8D513564B01221A70564B05221A60DE
:101F10003FE746492046FDF72BFA0546FDF70AFB49
:101F2000A0B9514B1B78012B07D0504B1B78012BCC
:101F300003D04B4B1B78012B01D1F0F7C7FD204696
:101F4000FCF7C0FC58461FB0BDE8F08F4849284652
:101F5000FDF70EFA0546FDF7EDFA0028E1D04549F8
:101F60002846FDF705FA06463B492846FDF700FAE4
:101F7000D0ED057A7369013B03EB8303374A02EB2B
:101F8000830303F22C43F8EEE77AC3ED007A344B77
:101F900001221A70334B05221A60C2E723492046FA
:101FA000FDF7E6F90546FDF7C5FA0028B9D0324934
:101FB0002846FDF7DDF9814630492846FDF7D8F976
:101FC0000990FDF7AEFA30B9284B01221A702C4B5C
:101FD00005221A60A5E70998FDF7B2F94FF0000A4B
:101FE0000A94CDF82CB0834610E100BF94E50408B4
:101FF000BCEC002498E504089CE5040814E60408F9
:10200000A0E50408A4E5040850FB040858FB0408F4
:102010009CFB0408C4FB040820FC040830FC0408F2
:1020200040FC040858FC040874FC04086CFB040819
:1020300084FC0408EC190424A4EC00248CE30408B8
:10204000A8F004082CFB040800E60024080800247B
:1020500080FB04088CFB040894FB04086033002414
:10206000DC00012470040024D9000124DA000124DA
:10207000ACFB0408BCFB0408D4FB040824FC0408E3
:102080006804002451460998FDF765F90746994907
:10209000FDF769F9804698493846FDF764F9064628
:1020A00096493846FDF75FF9054695493846FDF7EC
:1020B0005AF9079093493846FDF755F98446D9F8FF
:1020C0001430013B03EB83030AEB430398F814201D
:1020D0008D4F03EB430307EB43031A72D8ED057AE8
:1020E000D9F81430013B322000FB03F303F2CD5347
:1020F0000AEB8A021344854901EB8303F8EEE77A81
:10210000C3ED007AD9F81430013B03EB83030AEBEB
:10211000430303EB430307EB4303D6F814E08DF8C6
:1021200023E05FFA8EF49C72D6ED057AD9F814306C
:10213000013B00FB03F303F2CD531344013301EBE6
:102140008303F8EEE77AC3ED007A6E69D9F81430AC
:10215000013B03EB83030AEB430303EB430307EB6E
:102160004303DE72D5ED057AD9F81430013B00FB4C
:1021700003F303F2CD531344023301EB8303F8EE70
:10218000E77AC3ED007A079B5D69D9F81430013B0B
:1021900003EB83030AEB430303EB430307EB430324
:1021A0001D73079BD3ED057AD9F81430013B00FB72
:1021B00003F303F2CD531344033301EB8303F8EE2F
:1021C000E77AC3ED007ADCF81440D9F81430013B0B
:1021D00003EB83030AEB430303EB430307EB4307E0
:1021E0007C73DCED057AD9F81430013B00FB03F376
:1021F00003F2CD531A44043201EB8201F8EEE77A80
:10220000C1ED007A0AF1010A5FFA8AFADA45FFF6AF
:1022100039AF0A9CDDF82CB0D6E63D492046FDF7E3
:10222000A7F80546FDF786F900283FF47AAE39494C
:102230002846FDF79DF8002E7FF473AE364B012241
:102240001A704269354B1A706BE631492046FDF72A
:102250008FF80546FDF75CF900283FF462AE0322D3
:102260002F49286916F028F900287FF45AAE002E6D
:102270007FF457AE2B4B01221A7052E624492046B8
:10228000FDF776F80546FDF755F900283FF449AE0D
:1022900025492846FDF76CF8027D244B83F8D423AA
:1022A0004269234B1A74234B01221A70224B0522D8
:1022B0001A6036E616492046FDF75AF80546FDF73E
:1022C00039F900283FF42DAE1C492846FDF750F897
:1022D000D0ED057AF8EEE77A194BC3ED007AB7EE48
:1022E000007AF4EE477AF1EE10FA7FF41AAE01F0BC
:1022F00017FF16E6E4FB0408ECFB0408F8FB0408EF
:1023000008FC040814FC0408C82F0024280F042427
:102310006CFB0408D4FB04080FE30024F5E200245E
:102320003CFC040811E300244CFC04086033002446
:10233000B0EA0524DC0001247004002464FC0408D5
:10234000F0190424000000002DE9F04FC1B0074649
:10235000FDF7D4F80446524A5249FDF78FF8DFF8EA
:10236000788198F800B04FF0C809DFF870A109FB38
:102370000BAB5846EEF714F81028B8BF1020A0F1A8
:10238000100500263B963C963D963E968DF8FC60E7
:1023900010220BEB05013BA816F0A0F83BAA42491E
:1023A0002046FDF76BF82A46594601A816F096F824
:1023B00005F580730DEB030505F8FC6C01AA3B499C
:1023C0002046FDF75BF898F800504A46314609FB75
:1023D00005A016F04DF8364B5B5700EE103AB8EEFC
:1023E000C00B34492046FDF715F898F80030324A02
:1023F000D35600EE103AB8EEC00B30492046FDF738
:1024000009F82F4DD5F8D03507EE903AB8EE677B36
:102410009FED210B87EE000B2A492046FCF7FAFFBF
:1024200095F8D43500EE103AB8EE400B2649204618
:10243000FCF7F0FF254B1B7800EE103AB8EE400B8E
:1024400023492046FCF7E6FF98F800300133DBB261
:1024500088F800303B2B01D988F80060012F07D0A5
:1024600000272046FCF72EFA384641B0BDE8F08F31
:10247000184D4FF47A7632460021284615F0F8FFC1
:102480000023324629462046FCF732FF0028E8D1D7
:102490000027E6E7AFF300800000000080842E41B3
:1024A000DBBE0024C0F0040894FC04089CFC040873
:1024B000588D0024A4FC04081C8D0024ACFC0408E6
:1024C00060330024B0FC0408BCFC04086A8C0024BF
:1024D000C0FC04083081002428810024948D00244D
:1024E0002DE9F04F83B001908A46FDF707F80546C5
:1024F0000090474CD4ED4E7AB8EEE70B4549FCF717
:1025000089FFD4ED4F7AB8EEE70B43492846FCF734
:1025100081FF94ED060AB8EEC00B40492846FCF74F
:1025200079FF07EE90AAB8EE670B3D492846FCF705
:1025300071FFFCF7BFFF83460027092F42D8FCF745
:10254000DDFF054600285ED00AEB8A0407EB440451
:102550000A3CDFF8EC8004EB440608EB4606337ACD
:1025600000EE103AB8EE400B2E49FCF753FFB37A59
:1025700000EE103AB8EE400B2B492846FCF74AFF14
:10258000F37A00EE103AB8EE400B28492846FCF7E3
:1025900041FF337B00EE103AB8EE400B2449284649
:1025A000FCF738FF737B00EE103AB8EE400B214980
:1025B0002846FCF72FFF29465846FCF7E5FE013771
:1025C000FFB2BAE75A461C490098FCF7E1FE019BAE
:1025D000012B07D000240098FCF774F9204603B0C3
:1025E000BDE8F08F154C4FF47A752A46002120463D
:1025F00015F03EFF00232A4621460098FCF778FE9E
:1026000018B1019CE7E70024E5E70024E3E700BFF9
:10261000603300246CF0040878F0040884F00408A7
:10262000D4FB0408E4FB0408ECFB0408F8FB0408F2
:1026300008FC040814FC040824FC0408308100246D
:10264000C82F0024F8B50546FCF758FF04461E4E77
:10265000D6ED4E7AB8EEE70B1C49FCF7DBFED6ED63
:102660004F7AB8EEE70B1A492046FCF7D3FED6EDB9
:10267000067AB8EEE70B17492046FCF7CBFE96F832
:10268000D43300EE103AB8EE400B13492046FCF765
:10269000C1FE012D05D000252046FCF713F9284680
:1026A000F8BD0E4E4FF47A773A460021304615F0C9
:1026B000DFFE00233A4631462046FCF719FE00288B
:1026C000EAD10025E8E700BF603300246CF004087D
:1026D00078F0040884F004084CFC040830810024DD
:1026E000F0B59FB005460E46FCF708FF0446002EE5
:1026F00049D0012E53D0022E5DD0474A474920468B
:10270000FCF7BCFE464B93ED000AB8EE400B454982
:102710002046FCF77FFE444A44492046FCF7AEFEC3
:10272000434A44492046FCF7A9FE434B1B7800EE80
:10273000103AB8EE400B41492046FCF76BFE64228C
:10274000002105A815F094FE3D48836841680068A3
:102750000390000402900191090400911A04394980
:1027600005A815F071FD05AA37492046FCF786FE3D
:10277000012D2CD0022D3CD000252046FCF7A2F8DC
:1027800028461FB0F0BDB0EE000B3049FCF742FE0A
:10279000B7EE000B2E492046FCF73CFEADE7B0EE4D
:1027A000000B2A49FCF736FEB1EE000B2849204603
:1027B000FCF730FEA1E7B0EE080B2449FCF72AFE37
:1027C000B7EE000B22492046FCF724FE95E7214E88
:1027D0004FF47A773A460021304615F049FE00233F
:1027E0003A4631462046FCF783FD0028C5D1002536
:1027F000C3E7194D40F2DC5632460021284615F059
:1028000037FE0023324629462046FCF771FD08B109
:102810000125B2E70025B0E758370024DCFA0408A8
:1028200094CF0024CCFC0408ACDD0408D4FC0408DC
:10283000DBBE0024E0FC040887CF0024ECFC040885
:10284000E0EC0024F8FC040814FD040888E3040804
:102850008CE30408308100243409002470B5064656
:102860000D46FCF74BFE0446B0EE080B4249FCF760
:10287000D1FD6DB1012D20D0022D33D0032D4CD0D0
:10288000022E65D000252046FCF71CF8284670BDB6
:10289000B1EE000B39492046FCF7BCFD384A3949F6
:1028A0002046FCF7EBFD384B93ED000AB8EE400BE9
:1028B00036492046FCF7AEFDDEE7B1EE0C0B2F49A2
:1028C0002046FCF7A7FD2E4A2E492046FCF7D6FDF0
:1028D0002D4B93ED000AB8EE400B2C492046FCF737
:1028E00099FDC9E7B1EE040B24492046FCF792FD9F
:1028F000234A24492046FCF7C1FD234B93ED000AEF
:10290000B8EE400B21492046FCF784FDB7EE000BE2
:102910001F492046FCF77EFDB2E7B2EE000B1749D7
:102920002046FCF777FD164A16492046FCF7A6FD1F
:10293000154B93ED000AB8EE400B14492046FCF706
:1029400069FDB7EE000B12492046FCF763FD97E7DF
:10295000104D40F2DC5632460021284615F088FD25
:102960000023324629462046FCF7C2FC08B1012567
:1029700089E7002587E700BF88E304088CE30408A3
:1029800058370024DCFA040894CF0024CCFC040857
:1029900068F0040834090024F8B505460E46FCF733
:1029A000ADFD0446B0EE000B2E49FCF733FD012EC1
:1029B0002CD0B1EE040B2C492046FCF72BFD2B4B01
:1029C00093ED030AB8EE400B29492046FCF722FD9F
:1029D000284A29492046FCF751FD284B93ED000A6F
:1029E000B8EE400B26492046FCF714FDB7EE000B6D
:1029F00024492046FCF70EFD012D0ED0022D1ED0DD
:102A000000252046FBF75EFF2846F8BDB0EE000B20
:102A100015492046FCF7FEFCDAE71B4E4FF47A77A7
:102A20003A460021304615F023FD00233A46314650
:102A30002046FCF75DFC0028E3D10025E1E7134DBB
:102A400040F2DC5632460021284615F011FD0023E5
:102A5000324629462046FCF74BFC08B10125D0E759
:102A60000025CEE788E304088CE3040860330024E3
:102A70001CFD040858370024DCFA040894CF002415
:102A8000CCFC040868F004083081002434090024D8
:102A9000F8B506460D46FCF731FD0446B0EE000BD6
:102AA0005D49FCF7B7FC691E032912D8DFE801F085
:102AB000022F3F4F9FED500B58492046FCF7AAFCD0
:102AC000574B93ED040AB7EEC00A56492046FCF76F
:102AD000A1FC554A55492046FCF7D0FC544B93EDD8
:102AE000000AB8EE400B53492046FCF793FCB7EEC2
:102AF000000B51492046FCF78DFC012E57D0022EC9
:102B000067D000262046FBF7DDFE3046F8BD9FED7E
:102B10003C0B42492046FCF77DFC414B93ED020AF9
:102B2000B7EEC00A45492046FCF774FCD1E79FED9B
:102B3000360B3A492046FCF76DFC394B93ED030AFE
:102B4000B7EEC00A3E492046FCF764FCC1E79FEDA2
:102B5000300B32492046FCF75DFC314B93ED027A95
:102B6000F7EE007AB4EE677AF1EE10FA10D193ED39
:102B7000037AB4EE677AF1EE10FA12D193ED047A8B
:102B8000B4EE677AF1EE10FA0ED09FED2E0A01E056
:102B90009FED2C0AB8EEC00B2B492046FCF73AFCFF
:102BA00097E79FED280AF5E79FED280AF2E7284D01
:102BB0004FF47A773A460021284615F059FC002355
:102BC0003A4629462046FCF793FB00289AD1002676
:102BD00098E7204D40F2DC5632460021284615F099
:102BE00047FC0023324629462046FCF781FB08B10A
:102BF000012687E7002685E70000000000804940A5
:102C00000000000000004A400000000000804A4030
:102C10000000000000004B4088E304088CE3040837
:102C2000143A002428FD040858370024DCFA04086C
:102C300094CF0024CCFC040868F0040834FD040898
:102C40003CFD04080100000048FD040800000000ED
:102C500030810024340900242DE9F04FB9B08246B8
:102C60000C469146FCF74AFC8046B0EE000BB24998
:102C7000FCF7D0FB012C00F09280B1EE080BAF49BD
:102C80004046FCF7C7FBAE4C2246AE494046FCF737
:102C9000F5FBAD4B93ED000AB8EE400BAB49404657
:102CA000FCF7B8FBF8F740FDA94DAB7800EE103A01
:102CB000B8EE400BA7494046FCF7ACFB6B7800EE42
:102CC000103AB8EE400BA4494046FCF7A3FBEB7862
:102CD00003F5FA6300EE103AB8EEC00B9F49404688
:102CE000FCF798FB9E4D2B7800EE103AB8EE400BA7
:102CF0009C494046FCF78EFB6B7800EE103AB8EE2C
:102D0000400B99494046FCF785FBAB7800EE103A42
:102D1000B8EE400B95494046FCF77CFB944B1B7882
:102D200000EE103AB8EE400B92494046FCF772FBB9
:102D3000A4F57E7494ED030AB8EE400B8E4940462C
:102D4000FCF768FB8D4B1B7800EE103AB8EE400B99
:102D50008B494046FCF75EFBBAF1010F00F0C380DF
:102D6000BAF1020F14BF00230123B9F1010F14BF00
:102D7000002203F00102002A40F0C780B9F1020FDF
:102D800014BF002303F00103002B40F01B8100243B
:102D90004046FBF797FD204639B0BDE8F08FB0EE16
:102DA000080B66494046FCF735FB654A65494046D5
:102DB000FCF764FB644B93ED000AB8EE400B6349EB
:102DC0004046FCF727FB4FF0640B5A4600211FA832
:102DD00015F04EFB6B4A93781593D17816911079C4
:102DE00017905479189495791995D179137A907A26
:102DF000D47A157B567B1A96977B1B9792F80FC057
:102E000092F810E0567C1C96977C3E46D77C1D9726
:102E1000177D12971D9F119710961C9E0F96CDF847
:102E200038E0CDF834C01B9E0C961A9E0B960A957E
:102E300009940890079306930591199D0495189C91
:102E400003941798029016990191159B009353785B
:102E500012784D491FA815F0F7F91FAA4B494046B3
:102E6000FCF70CFB5A4600211FA815F001FB484A4D
:102E70009378D178019100935378127845491FA82F
:102E800015F0E2F91FAA44494046FCF7F7FA434B14
:102E90001B78012B20D09FED260B41494046FCF7C3
:102EA000B9FA404B1B7800EE103AB8EE400B3E49A1
:102EB0004046FCF7AFFA3D4B93F9333000EE103A41
:102EC000B8EEC00B3A494046FCF7A4FA394A3A49F1
:102ED0004046FCF7D3FA3FE7B7EE000B30494046D7
:102EE000FCF798FADDE7354C4FF47A752A46002155
:102EF000204615F0BDFA00232A4621464046FCF73D
:102F0000F7F9002879D0544642E72D4C40F2DC55C1
:102F10002A460021204615F0ABFA00232A46214616
:102F20004046FCF7E5F9002869D0012430E700BFEE
:102F3000000000000000000088E304088CE304089F
:102F400058370024DCFA040894CF0024CCFC040891
:102F5000A88C002494E5040898E504089CE504087E
:102F6000948C002414E60408A0E50408A4E50408F1
:102F700061CF0024D0FD04081CFD040860CF0024AC
:102F8000DCFD04086CCF002450FD04087CFD04081F
:102F900064CF002488FD040894FD04080C8D0024EF
:102FA000A0FD040878850024B4FD0408D8BE0024E0
:102FB000C4FD0408ACDD0408D4FC040830810024FE
:102FC000340900240F4C40F2DC552A4600212046EB
:102FD00015F04EFA00232A4621464046FCF788F9B0
:102FE00048B10124084B00221A71EEF70BFD074B84
:102FF00001221A70CCE60024F4E70024C8E600247D
:10300000C6E600BF340900246033002405E3002431
:1030100070B506460D46FCF771FA0446B0EE080B93
:10302000BB49FCF7F7F9012D7ED0B2EE020BB9498E
:103030002046FCF7EFF9B84AB8492046FCF71EFADB
:10304000B74B93ED000AB8EE400BB6492046FCF7AB
:10305000E1F9B54D95ED030AB7EEC00AB349204634
:10306000FCF7D8F995ED040AB7EEC00AB04920463E
:10307000FCF7D0F9AF4B1B78002B40F00E81B7EE78
:10308000000BAD492046FCF7C5F9AC4B1B78012B72
:1030900000F00A819FED9C0BA9492046FCF7BAF984
:1030A000A84B1B78052B18BF012B40F00481B7EE0D
:1030B000000BA5492046FCF7ADF9A44B1B78012B6A
:1030C00000F000819FED900BA1492046FCF7A2F98A
:1030D000A04BB3F9003000EE103AB8EEC00B9E4999
:1030E0002046FCF797F99D4B93F82230032B00F014
:1030F000F0809FED850B9A492046FCF78BF9994D9E
:103100002A4699492046FCF7B9F9A5F16402974986
:103110002046FCF7B3F9022E00F0E280002520469D
:10312000FBF7D0FB284670BDB1EE080B794920466D
:10313000FCF770F9784A79492046FCF79FF9784BFB
:1031400093ED000AB8EE400B76492046FCF762F991
:10315000754D95ED030AB7EEC00A74492046FCF799
:1031600059F995ED040AB7EEC00A71492046FCF7FB
:1031700051F9704B1B78002B65D1B7EE000B6E49EF
:103180002046FCF747F96D4B1B78012B62D09FED71
:103190005E0B6B492046FCF73DF96A4B1B78052B0B
:1031A00018BF012B5DD1B7EE000B67492046FCF735
:1031B00031F9664B1B78012B5AD09FED530B6449B4
:1031C0002046FCF727F9634BB3F9003000EE103AC4
:1031D000B8EEC00B60492046FCF71CF95F4B93F832
:1031E0002230032B4BD09FED480B5D492046FCF766
:1031F00011F95C4D2A465C492046FCF73FF9A5F1E0
:1032000064025A492046FCF739F9594B1B7800EE05
:10321000103AB8EE400B57492046FCF7FBF8454BF7
:103220001B789BBBB7EE000B53492046FCF7F2F826
:10323000524B1B7800EE103AB8EE400B5049204636
:10324000FCF7E8F867E79FED300B3B492046FCF7B9
:10325000E1F898E7B7EE000B39492046FCF7DAF8B9
:103260009BE79FED290B38492046FCF7D3F8A0E7F0
:10327000B7EE000B36492046FCF7CCF8A3E7B7EED3
:10328000000B37492046FCF7C5F8B2E79FED1E0B4F
:1032900039492046FCF7BEF8CAE79FED1B0B2649CB
:1032A0002046FCF7B7F8F0E6B7EE000B24492046BD
:1032B000FCF7B0F8F4E69FED140B23492046FCF729
:1032C000A9F8FAE6B7EE000B21492046FCF7A2F870
:1032D000FEE6B7EE000B22492046FCF79BF80EE70E
:1032E000284D40F2DC5632460021284615F0C0F841
:1032F0000023324629462046FBF7FAFF08B1012594
:103300000DE700250BE700BF0000000000000000F3
:1033100088E304088CE3040858370024DCFA040826
:1033200094CF0024CCFC04084C000124ECFD0408DC
:10333000F8FD04083403002404FE0408158D00245D
:1033400018FE0408138D002424FE04080F8D0024A9
:1033500030FE0408168D002444FE04085C6A002434
:103360004CFE040850C000245CFE04086CFE0408F7
:10337000FAE2002474FE040884FE0408E88C0024A9
:103380008CFE0408340900242DE9F04180460F46E4
:103390001646FCF7B3F80446B0EE080BB649FCF746
:1033A00039F8002F39D0012F3ED0B44D2A46B44908
:1033B0002046FCF763F8B34B93ED000AB8EE400BE0
:1033C000B1492046FCF726F8731C00EE103AB8EE1F
:1033D000400BAE492046FCF71DF8A5F57E7506EBBF
:1033E000C60305EBC30595F8683100EE103AB8EE58
:1033F000400BA7492046FCF70DF895F86831022BE1
:1034000019D0A44B1B78013B032B00F2ED80DFE8C1
:1034100013F09D016B011E01E200B0EE000B9E490E
:103420002046FBF7F7FFC0E7B0EE080B9A492046AD
:10343000FBF7F0FFB9E7974B1B78013B032B00F23A
:10344000D380DFE803F097663402B1EE000B9349B6
:103450002046FBF7DFFF77B1012F40F0C580904B8E
:1034600003EB860393ED000AB7EEC00A8D492046B0
:10347000FBF7D0FFB8E08C4DF70006EBC60305EB79
:10348000C30393ED670AB7EEC00A86492046FBF7EF
:10349000C1FF374405EBC705B5F8943100EE103A8B
:1034A000B8EE400B81492046FBF7B4FF9CE0B0EE3C
:1034B000080B7A492046FBF7ADFF77B1012F40F0AA
:1034C0009380774B03EB860393ED000AB7EEC00AB7
:1034D00074492046FBF79EFF86E0734DF70006EB2C
:1034E000C60305EBC30393ED680AB7EEC00A6D4946
:1034F0002046FBF78FFF374405EBC705B5F896313B
:1035000000EE103AB8EE400B68492046FBF782FF08
:103510006AE0B0EE000B61492046FBF77BFF6FB11C
:10352000012F61D15E4B03EB860393ED000AB7EEEA
:10353000C00A5C492046FBF76DFF55E05A4DF70085
:1035400006EBC60305EBC30393ED690AB7EEC00AA9
:1035500054492046FBF75EFF374405EBC705B5F835
:10356000983100EE103AB8EE400B50492046FBF778
:1035700051FF39E0B7EE000B48492046FBF74AFF00
:103580006FB1012F30D1464B03EB860393ED000A58
:10359000B7EEC00A43492046FBF73CFF24E0424D0A
:1035A000F70006EBC60305EBC30393ED6A0AB7EE1B
:1035B000C00A3C492046FBF72DFF374405EBC70501
:1035C000B5F89A3100EE103AB8EE400B3749204674
:1035D000FBF720FF08E0B1EE000B30492046FBF777
:1035E00019FF67B1012F26D0B8F1020F00F0E0807B
:1035F00000252046FBF766F92846BDE8F0812A4DF4
:10360000F70006EBC60305EBC30393ED610AB7EEC3
:10361000C00A24492046FBF7FDFE374405EBC705E9
:10362000B5F87C3100EE103AB8EE400B1F49204649
:10363000FBF7F0FED8E71A4B03EB860393ED000A85
:10364000B7EEC00A17492046FBF7E4FECCE7B0EE20
:10365000080B12492046FBF7DDFE4FB3012FC3D103
:103660000F4B03EB860393ED000AB7EEC00A0D493A
:103670002046FBF7CFFEB7E788E30408583700245D
:10368000DCFA040894CF0024CCFC040800FB0408F6
:103690000CFB0408F4E200248CE3040814FB040887
:1036A000DC07002420FB04086033002494FE040897
:1036B000494DF70006EBC60305EBC30393ED620A21
:1036C000B7EEC00A45492046FBF7A4FE374405EB98
:1036D000C705B5F87E3100EE103AB8EE400B404910
:1036E0002046FBF797FE7FE7B0EE000B3D492046F2
:1036F000FBF790FE77B1012F7FF476AF3A4B03EBE7
:10370000860393ED000AB7EEC00A34492046FBF762
:1037100081FE69E7304DF70006EBC60305EBC303F6
:1037200093ED630AB7EEC00A2C492046FBF772FE00
:10373000374405EBC705B5F8803100EE103AB8EE16
:10374000400B27492046FBF765FE4DE7B7EE000B1F
:1037500024492046FBF75EFE77B1012F7FF444AF8A
:10376000214B03EB860393ED000AB7EEC00A1B4919
:103770002046FBF74FFE37E7174DF70006EBC60371
:1037800005EBC30393ED640AB7EEC00A1349204664
:10379000FBF740FE374405EBC705B5F8823100EE74
:1037A000103AB8EE400B0E492046FBF733FE1BE7FC
:1037B0000E4D40F2DC5632460021284614F058FEE9
:1037C0000023324629462046FBF792FD08B1012529
:1037D0000FE700250DE700BF6033002420FB04083D
:1037E00094FE040814FB0408DC07002434090024B8
:1037F00010B504466149FBF732FFB0F1FF3F01D13C
:10380000002010BD4FF42F7200215D4814F030FEEF
:10381000E379482BF4D15B4B00221A70237A013BE9
:10382000042BEDD8DFE803F0141972038900544B20
:1038300048221A7004225A70534A127E9A70534BCF
:1038400003221A800123524A1370524A1370D7E799
:10385000627A4D4B1B7E9A4220D0627A4A4B1B7E85
:103860009A42CDD1464A482111700221517093707D
:10387000A37AD370E37A13713A23537193714FF49F
:10388000FA71454B18680AF017FD012821D043480A
:10389000ECF786FDC31D3D4A1380B1E7384A482145
:1038A00011700121517093703D4B5B888B420AD09F
:1038B0003B4B5A68C2F30721314BD9701A71334B15
:1038C00005221A809CE713464E22DA7020221A71D4
:1038D000F5E7334B5B88012B0FD0A37AE07A40EAFF
:1038E00003202E49013803F083FA00231A461946B3
:1038F000294800680AF006FBC9E7A37AE07A40EAA3
:1039000003202649013803F073FAEEE7627A1E4B72
:103910001B7E9A427FF474AF194A4821117003212B
:10392000517093700123D370184A04211180194AF1
:103930001370174B00221A7062E7627A124B1B7EDB
:103940009A427FF45DAF1648002444804460154AD3
:103950000421F3F72BFF0A4B48221A7005225A70F4
:10396000094A127E9A700122DA70084B04211980EC
:10397000084B1A70064B1C7042E700BFA4FE0408F7
:1039800044E3002451F705246033002440E300247D
:1039900050F705248703002428F300244BE3002478
:1039A000789605240040C900002918BF002816D0C9
:1039B00010B40C461AB900205DF8044B7047002182
:1039C000016041608160C16001614161816182602B
:1039D0004460044A0260044A82610120ECE700204E
:1039E000704700BFEFBEADDE104152210346B0B1BB
:1039F00001680F4A914214D181690E4A914212D155
:103A0000426892B1806888B11A69DB689A4201D035
:103A100002D2981A013870479B1A1844FAE700201E
:103A2000704700207047002070470020704700BF9B
:103A3000EFBEADDE104152212DE9F843002847D0FA
:103A40000F46144606460268284B9A4242D18269C4
:103A5000274B9A4242D1D0F80480B8F1000F3FD0F2
:103A6000D0F80890B9F1000F3CD0B4FA84F35B09A8
:103A7000002939D0002B37D1FFF7B8FF844228BF87
:103A8000044644B33069A9EB0005A54228BF25468A
:103A90002A463946404414F0FCFE33692B44336116
:103AA000B4EB05080CD13269B3689A4201D3002304
:103AB000336173697BB122460121304698470AE0A1
:103AC00042467919706814F0E4FEC6F81080EAE7FF
:103AD000002400E000242046BDE8F8830024FAE733
:103AE0000024F8E74C46F6E70024F4E7EFBEADDE2D
:103AF000104152210346A8B101680F4A914213D1E7
:103B000081690E4A914211D142688AB1806890B1B0
:103B10001A69DB689A420DD001D9D01A7047D21ABF
:103B20001044704700207047002070470020704705
:103B30000020704700207047EFBEADDE10415221DB
:103B4000034670B101680A4A91420BD18169094A62
:103B5000914209D1406850B19A683AB1DB68184483
:103B60007047704700207047002070470020704762
:103B7000EFBEADDE104152210346A8B101680F4AE5
:103B8000914213D181690E4A914211D142688AB1A2
:103B9000806890B11A69DB689A4201D9D01A7047DF
:103BA0009A4209D2C01A704700207047002070471F
:103BB000002070470020704700207047EFBEADDE48
:103BC0001041522170B510B30D4606460268164BDF
:103BD0009A421ED18269154B9A421DD14368EBB1BE
:103BE0008468BCB1E1B1FFF785FF854228BF054677
:103BF000F3682B44F3609C4201D81B1BF36073698C
:103C000083B12A460021304698472C4602E0002422
:103C100000E00024204670BD0024FBE70024F9E703
:103C20000C46F7E72C46F5E7EFBEADDE104152211A
:103C3000254B5B6913F4003F13D1BFF34F8FBFF3E4
:103C40006F8F214B0022C3F85022BFF34F8FBFF379
:103C50006F8F5A6942F400325A61BFF34F8FBFF33E
:103C60006F8F194B5B6913F4803F2BD110B4164B47
:103C70000022C3F88420BFF34F8FD3F88040C4F3F1
:103C80004E3000E01846C4F3C90243F6E07303EA7D
:103C9000401343EA82730C49C1F860321346013A7B
:103CA000002BF2D1431E0028ECD1BFF34F8F4B699C
:103CB00043F480334B61BFF34F8FBFF36F8F5DF8D9
:103CC000044B7047704700BF00ED00E030B585B091
:103CD0000024009401940294039404F0BDF901259A
:103CE0008DF800508DF8014001941F238DF80830A5
:103CF00087238DF809308DF80A408DF80B408DF838
:103D00000C508DF80D508DF80E408DF80F40684620
:103D100004F0C0F98DF80150134B019310238DF876
:103D200008308DF809408DF80A5003238DF80B30C8
:103D30008DF80D40684604F0ADF902238DF801308E
:103D40000A4B019309238DF808308DF80A408DF84D
:103D50000D508DF80F50684604F09CF9042004F0D3
:103D600089F905B030BD00BF00000230000004300A
:103D70002DE9F0478CB000240794089409940A9424
:103D80000B94714BD3F8E02042F01002C3F8E0200E
:103D9000D3F8E02002F010020192019AD3F8E0205B
:103DA00042F00402C3F8E020D3F8E02002F004025D
:103DB0000292029AD3F8E02042F08002C3F8E02099
:103DC000D3F8E02002F080020392039AD3F8E020B7
:103DD00042F00102C3F8E020D3F8E02002F0010233
:103DE0000492049AD3F8E02042F00202C3F8E020E3
:103DF000D3F8E02002F002020592059AD3F8E02001
:103E000042F00802C3F8E020D3F8E03003F00803E2
:103E10000693069BDFF83C8122464EF2790140462C
:103E200004F063FEDFF8309101221146484604F0A9
:103E30005CFE22464FF28001484604F056FEDFF851
:103E40001CA122464CF20171504604F04EFE3F4F39
:103E500022464FF49E51384604F047FE3C4E22461F
:103E60004FF48071304604F040FE01224FF480513F
:103E7000384604F03AFE4EF279030793012508957F
:103E800009940A9407A9404604F018FD0F230793EC
:103E90004FF488130893099407A9304604F00EFDE7
:103EA0004FF281030793089509940A9407A948469D
:103EB00004F004FD41F6024307930894099407A90E
:103EC000404604F0FBFC4CF20173079308950994FB
:103ED0000A9407A9504604F0F1FC4FF49E5307934F
:103EE000089509940A9407A9384604F0E7FC4FF4B2
:103EF00080730793089509940A9407A9304604F043
:103F0000DDFC22460521062004F08AF8062004F094
:103F100097F822460521072004F082F8072004F0D4
:103F20008FF822460521082004F07AF8082004F0D2
:103F300087F822460521092004F072F8092004F0D0
:103F40007FF80CB0BDE8F087004402580008025822
:103F5000000002580010025800040258000C0258D9
:103F600008B503220021012009F0A8FF0B4B1860BF
:103F700000231A46194609F0C5FFF3F717FA07E0C0
:103F800012F0ACF811F0A6FF47F2305009F0FCFD3A
:103F9000034B1B78002BF3D0F6E700BF28F3002477
:103FA0008ECF002430B587B000240194029403948E
:103FB000049405944FF4006301930325029501A92D
:103FC000104804F07BFC40F6020301930295039431
:103FD000049401A90C4804F071FC2F23019302956D
:103FE0000394049401A9094804F068FC4FF40E53AB
:103FF000019302950394049401A9054804F05EFC22
:1040000007B030BD000002580004025800080258F2
:1040100000100258F0B587B0002301930293039378
:10402000049305933A4B93F8DB35002B44D0394E7B
:1040300001226021304604F058FD374D0022062150
:10404000284604F052FD60230193012702970024C3
:104050000394049401A9304604F030FC4FF400535B
:1040600001934FF488160296039401A92B4804F09B
:1040700025FC0623019302970394049401A9284682
:1040800004F01CFC802301930296039401A92846A6
:1040900004F014FC22460521172003F0C1FF17206D
:1040A00003F0CEFF22460521282003F0B9FF282087
:1040B00003F0C6FF07B0F0BD60230193032502950E
:1040C00001A9144804F0FAFB4FF400530193029540
:1040D0000024039401A9114804F0F0FB0623019386
:1040E0000295039404940C4E01A9304604F0E6FBBB
:1040F000802301930295039401A9304604F0DEFB6E
:10410000172003F0A1FF282003F09EFFD2E700BF95
:104110006033002400040258000C025800080258C2
:1041200008B501230F4A13700F4A13700F4A13701A
:104130000F4A13700F4A13700F4A13600F4A13602F
:104140000F4A13600F4A13600F4A13600F4B40F27F
:104150002B121A6041F2707009F016FD03F078FF1F
:1041600008BD00BFDD000124DC000124DB000124C8
:10417000DA000124D900012474040024700400240E
:104180006C0400246804002464040024D400012486
:1041900008B50268164B9A4200D008BD02F0ECFE4A
:1041A000144A136801331360134A13680133136010
:1041B000124A138801339BB21380114AD289934269
:1041C000EBD91049D1ED007AF8EE677A0E4BC3EDCA
:1041D000007A0E4AD2ED007AF8EE677A0C4BC3ED06
:1041E000007A00230B601360044A1380D5E700BFF8
:1041F0000048014044390024403900244839002453
:1042000010170024F4390024EC390024F03900247C
:10421000E839002472B6FEE708B50C480C4B036081
:104220004A234360012383601022C2601922026185
:104230004FF48072426183610023C361036205F021
:10424000C1F900B908BDFFF7E5FF00BF18F500246C
:104250000050005208B50848084B03600023037162
:104260004371436183610123036203F0ABFF00B933
:1042700008BDFFF7CFFF00BFB8F50024004C02587F
:1042800000B59DB04C22002109A814F0F1F82022BD
:10429000002101A814F0ECF8022004F02BFF002309
:1042A00000932A4BDA6A22F00102DA62DB6A03F039
:1042B00001030093264B9A6942F440429A619B693C
:1042C00003F440430093009B214B9B6913F4005F70
:1042D000FAD004F007FF02F075FE1E4A136F23F0B8
:1042E00018031367052209924FF480330A930123C0
:1042F0000B930223129313931492C02215921693D8
:10430000179318930423199300231A931B9309A856
:1043100005F0ACF9B0B93F230193032302930023C6
:104320000393082304934023059306934FF480627C
:1043300007920893022101A805F0ECFD20B91DB0F9
:104340005DF804FBFFF766FFFFF764FF0004005809
:10435000004802580044025808B51148114B036048
:10436000114B4360002383600122C26003614361FB
:104370008361C361036204F025FD50B90021084840
:1043800004F056FE38B90021054804F07FFE20B93C
:1043900008BDFFF73FFFFFF73DFFFFF73BFF00BF03
:1043A00064F5002400540040FFEAC00070B58EB0F0
:1043B000FFF78CFCFFF73CFC62B602F0AFFDFFF7A5
:1043C0005FFFFFF7D5FCFFF7EDFDECF7CBFBF7F751
:1043D00069F9EDF7B5FAF1F7ABFCF5F76BF9FFF713
:1043E000BBFFFFF719FFFFF735FF0122BF4910465A
:1043F000FBF744FABE4BBF4A106818609188927967
:1044000099809A71BC4CBD4A4FF49671204613F0C6
:10441000E5FE012221461046FBF730FA0121B8489B
:1044200007F09DFE43F2F22398426CD0B54D6C46E6
:1044300005F1100CBCE80F000FC4DCF8003023605D
:1044400095E80F00F7F7EEFBF7F76EF9012211463A
:10445000AD4804F04AFB40F2DC52AC49AC48FFF7EF
:10446000A3FA4FF47A72AB49AB48FFF79DFAAB4819
:10447000FAF7F8F9F3F7CCF902F0AAFDA84C20609E
:1044800002F0ACFD606002F0AFFDA0602368A549BA
:104490000B701A0A4A701A0C8A701B0ECB70636874
:1044A0000B711A0A4A711A0C8A711B0ECB710872B1
:1044B000000A4872E3898B72E37CCB720C229A4823
:1044C00003F0C0FE994B1860002002F043FC00206E
:1044D000EDF7EEFA0020EDF745FE0020EDF790FF36
:1044E0000020EEF731F80020EEF7E4F80020EEF7B8
:1044F00099F90020EEF7E4FD0020EEF74DFAFFF702
:1045000089FD002318E07F4D6C4605F1100CBCE8D6
:104510000F000FC4DCF80030236095E80F00F7F7B8
:104520004BFA91E7824A0021D154824A4FF4FA7142
:1045300022F813100133DBB20E2BF3D9EEF7C6FAD3
:10454000EEF728FE7C4B00221A606F4C02212046B9
:1045500004F0C4FA794B18600221204604F0BEFA38
:1045600000284AD0FBF794F8754B1B78002B40F0DD
:104570009C81F2F7B9FF0A2002F010FD0021012012
:10458000F2F7D6FF6F48F2F79DFF00210220F2F705
:10459000CFFF6D48F2F796FF01F074FB01225649F8
:1045A0001046FBF76BF9F7F77FFD00220121674802
:1045B00004F09BFA02F0ECFC654B18600DF11C0C4A
:1045C000644C0FCCACE80F0094E807008CE80700BF
:1045D000002107A809F0A5FA5F4B1860F1F7E4FB8A
:1045E000F7F7ECFDF3F79EFAF5F74CF8F0F73CFB24
:1045F000EDF7E2F909F090FAFEE7002201212046EA
:1046000004F073FA00220121544804F06EFA06E027
:104610000A2002F0C3FC484A1368013313600221E8
:10462000394804F05BFA20B9434B1B68B3F5FA7FB5
:10463000EED3414B1B68B3F5FA7F0AD20022012169
:10464000314804F052FA00220121444804F04DFAA6
:1046500088E72D4C01221146204604F046FA01223B
:1046600011463E4804F041FA334B00221A604FF4E1
:104670007A7002F093FC0221204604F02FFA012800
:10468000DCD106E02C4A1368013313600A2002F0E3
:1046900085FC294B1B68B3F5FA7F63D202211A48C7
:1046A00004F01CFA0028EDD1174D00220121284604
:1046B00004F01BFA294C00220121204604F015FACF
:1046C0001D4A136814331360254A136801331360BD
:1046D000C82002F063FC01221146284604F005FAC6
:1046E00001221146204604F000FACBE7ACFE040894
:1046F000D6330024ACDD040808080024F8FE0408C2
:10470000F4F40024708C002400100258B4C000247B
:1047100090C60024ECEC0024D4F000248C03002488
:10472000E0EC0024D0EC0024B8F50024DCEC0024FC
:10473000C43900244C390024CCEC00248803002424
:104740008ECF00240CFF040820FF04080004025848
:1047500030F3002418DB040834F30024000C025862
:10476000C8EC00245D4B1B68022B7FF467AF00246C
:104770005A4B1C605A4E22460121304604F0B5F9CE
:10478000584D22460121284604F0AFF94FF4FA7043
:1047900002F004FC012002F0DDFA0122114630464D
:1047A00004F0A3F901221146284604F09EF94FF4C3
:1047B000FA7002F0F3FB0120EDF77AF90120EDF732
:1047C000D1FC22460121304604F08FF92246012116
:1047D000284604F08AF94FF4FA7002F0DFFB01205A
:1047E000EDF70EFE01221146304604F07EF901225B
:1047F0001146284604F079F94FF4FA7002F0CEFB26
:104800000120EDF757FF22460121304604F06DF9F3
:1048100022460121284604F068F94FF4FA7002F0AC
:10482000BDFB0120EDF7FEFF0120EEF7B5F80122F8
:104830001146304604F059F901221146284604F089
:1048400054F94FF4FA7002F0A9FB0120EEF738FC9E
:1048500022460121304604F048F92246012128462B
:1048600004F043F94FF4FA7002F098FB48F20500A7
:10487000F2F7DEFE01221146304604F036F901223D
:104880001146284604F031F94FF4FA7002F086FB25
:1048900022460121304604F028F92246012128460B
:1048A00004F023F9EEF712F9C8E60F4CAA2384F8B6
:1048B0001634EDF7A7F8002084F81604EDF7F8F8A1
:1048C00094F81634AA2B05D0084B00221A70EDF785
:1048D00029FE4EE6054B01221A70F8E7C8EC0024C9
:1048E00000100258000C02586033002461CF0024ED
:1048F00000B58E464FF0000C4FF6FF7311E0013209
:10490000D2B2082A09D803F001015B080029F6D0C9
:1049100083F4204383F00103F1E70CF1010C5FFA0B
:104920008CFCF44504D210F80C2053400122E8E737
:10493000180240EA132080B25DF804FB38B5044643
:10494000B0F862128B1E034493F835214B1E0344CA
:1049500093F8355145EA02250239C9B200F2351003
:10496000FFF7C6FFA84214D1A17A94F90A30002BB0
:1049700011DB0023072B06D8094AD25C914206D0EE
:104980000133DBB2F6E700233BB1002038BD012341
:10499000FAE70220FAE70320F8E70120F6E700BF74
:1049A000E8060508F8B5044600F10906B0F86252B9
:1049B000E9B23046FFF79CFF6319020A5A726B1C7A
:1049C0009BB2A4F86232234458720235ADB2A4F807
:1049D000625294F86E32012B0AD04FF47A732A4651
:1049E0003146606808F03CFE0023A4F86232F8BD4E
:1049F000054FC8220021384613F03AFD2A463946B1
:104A00003046FAF7FFFDEFE710BE002410B58B68C3
:104A1000C0F864328B784372CB7883728B881B0A20
:104A2000C3728B880373CB78013B0F2B11D8DFE85F
:104A300003F00808080814211010101010101010AE
:104A40002C68CB881B0A4373CB8883730623A0F89A
:104A50006232FFF7A7FF002010BD8B681B883BB1B7
:104A6000FF234373002383730623A0F86232F0E729
:104A70000023F6E78B681B881B0A43738B681B882F
:104A800083730623A0F86232E3E7CB88C3F3071CE5
:104A90004FEA4C0C5FFA8CFC13F00F0F03D00CF1B3
:104AA000010C5FFA8CFC1B0A4373CB88837380F87C
:104AB0000FC00723A0F86232002312E08A684FEA91
:104AC000530E32F81EE0B0F8622202444FEA1E2E66
:104AD00082F809E0B0F862220132A0F862220133C4
:104AE0009BB29C45B5D913F0010FE7D08A684FEA15
:104AF000530E32F81EE0B0F86222024482F809E058
:104B0000E8E7CB881B0A4373CB888373CB885B00B1
:104B1000C3730723A0F8623200231AE08A6832F8D0
:104B20001320B0F862C200EB0C0E120A8EF80920B6
:104B30000CF1010292B2A0F862228C6834F813E002
:104B4000024482F809E00CF1020CA0F862C20133C1
:104B50009BB2CA889A42E1D87BE710B50446CB786D
:104B6000013B0F2B0DD8DFE803F008080D0D1217DD
:104B70000C0C0C0C0C0C0C0C1C21FFF747FF84F8E0
:104B80006C0210BDFFF742FF84F86C02F9E7FFF7F3
:104B90003DFF84F86C02F4E7FFF738FF84F86C02FD
:104BA000EFE7FFF733FF84F86C02EAE7FFF72EFF29
:104BB00084F86C02E5E70000F8B5044690F8381177
:104BC00090F83701FAF7BFFC054694F83A1194F8CB
:104BD0003901FAF7B8FC94F83531637294F836313C
:104BE000A372C0F3C70310F0070601D00133DBB294
:104BF000E3720322A4F862220233E2180023537204
:104C0000194624E0B4F862222244577A4FF0010C8E
:104C10000CFA03FC27EA0C0757720CE0B4F8622286
:104C2000224492F809C04FF0010E0EFA03FE2CEA5E
:104C30000E0C82F809C00133DBB2072B05D9B4F89A
:104C400062320133A4F8623200234A1C91B28142DD
:104C500013D24A19B2F5707FE0DA0F4FBA5C002A1E
:104C6000D0D0B4F862222244577A4FF0010C0CFAEB
:104C700003FC47EA0C075772DDE726B1B4F862324D
:104C80000133A4F86232B4F862520235ADB2204664
:104C9000FFF788FE68B2F8BD58FD032473380E286C
:104CA00042D8DFE800F008410E4115411C41234184
:104CB0002A41314139001E4B93ED000AB8EE400AFB
:104CC00070471C4B1B7800EE103AB8EE400A704754
:104CD000194B1B7800EE103AB8EE400A7047174B9C
:104CE0001B7800EE103AB8EE400A7047144B1B8850
:104CF00000EE103AB8EE400A7047124B1B7800EEF7
:104D0000103AB8EE400A70470F4B93F83D3000EE72
:104D1000103AB8EE400A70470C4B93F8DB3500EEC2
:104D2000103AB8EE400A70479FED090A704700BF7D
:104D300048F6002446F6002445F6002444F60024F4
:104D400042F6002440F60024D8BE0024603300243C
:104D500000000000F0B583B0054690F8381190F8D7
:104D60003701FAF7F0FB064695F83A1195F8390144
:104D7000FAF7E9FBC7B295F835316B7295F8363121
:104D8000AB7210F0010F08D07B1E5B00EB720323A7
:104D9000A5F86232741CA4B22DE07B00EB72F6E73A
:104DA000631E9BB21F2B00F2FA8063080133824A14
:104DB00052F82320B5F8623242F30720E91848720E
:104DC000591C89B2A5F8621229444A72991C89B209
:104DD000A5F8621242F3076029444872D91C89B2CF
:104DE000A5F8621242F3074229444A720433A5F837
:104DF00062320234A4B22346F219944280F2D18086
:104E000040F6E262944251D840F69B32944280F0E0
:104E1000B280812C28D8432CC2D3A4F143033E2B6B
:104E200000F2BD80DFE803F0848484848484848479
:104E30008484848484848484BBBBBBBBBBBBBBBB7A
:104E40008989898989898989898989898E8E8E8EBE
:104E50008E8E8E8E8E8E8EBB93939393939393931D
:104E60009393939393939300B4F5AA6F12D8B4F5E8
:104E70003E7F75D8A4F1A10292B2B2F5167F80F000
:104E80008E80A13B6AD45B1003F52F734A4A52F817
:104E900023208FE7A4F2515292B2C32A7FD8A03BBD
:104EA00067D45B10444A52F8232083E741F2ED6354
:104EB0009C4221D841F207339C4266D241F2DA1378
:104EC0009C420ED841F28B139C4259D2A4F6337304
:104ED0009BB2B3F5167F62D26308374A52F823209B
:104EE00068E7364B23449BB2B3F5967F57D26308ED
:104EF000314A52F823205DE742F2A0339C420DD89C
:104F000042F29D239C4245D22D4B23449BB29F2BC2
:104F100045D86308284A52F823204BE7294B2344FD
:104F20009BB2332B3BD86308234A52F8232041E736
:104F30006308214A52F823203CE763081E4A52F8CE
:104F4000232037E763081C4A52F8232032E7204623
:104F5000FFF7A4FE8DED010A019A2BE7013392E7DA
:104F6000A03B04D45B10144A52F8232022E70133FB
:104F7000F8E7013395E763080F4A52F8232019E751
:104F800063080D4A52F8232014E763080A4A52F8CE
:104F900023200FE76308084A52F823200AE700227B
:104FA00008E7B5F862420234A4B22846FFF7FAFCDB
:104FB00060B203B0F0BD00BF280F042425EEFFFF50
:104FC00003DEFFFF0FDCFFFF38B5044690F8381111
:104FD00090F83701FAF7B7FA054694F83A1194F8C1
:104FE0003901FAF7B0FA94F83531637294F8363132
:104FF000A3726B1C9BB2422B13D9114AD2F8E42244
:10500000D3420ED2B0F57F4F13D0433B0D4A134429
:10501000002283F8D5230C4B01221A700B4B05227A
:105020001A600623A4F862322046FFF7BBFC082072
:1050300038BD433B034A1344012283F8D523EAE7F2
:10504000B0EA052460330024DC000124700400244D
:1050500038B5044690F8381190F83701FAF773FA2A
:10506000054694F83A1194F83901FAF76CFA94F875
:105070003531637294F83631A3722B0AE372E5720C
:10508000C0F307236373C0B2A073E37320740623D5
:10509000A4F862322046FFF785FC082038BD2DE9D0
:1050A000F041044690F8381190F83701FAF74BFABE
:1050B000054694F83A1194F83901FAF744FA94F84D
:1050C0003531637294F83631A3724FF0000E734697
:1050D00007260FE0D4F8648238F81C20012707FA6D
:1050E00001F122EA010228F81C201BE00EF1010266
:1050F0001FFA82FE86451DD20EEB0502C2F30B1C81
:1051000002F00F01A219527A1A4112F0010FE1D0F8
:10511000D4F8648238F81C20012707FA01F10A4309
:1051200028F81C200133DBB2072BDFD90136F6B299
:105130000023DBE70623A4F862322046FFF732FCA7
:105140000820BDE8F08100002DE9F0432DED028B31
:1051500099B0064690F8373190F8384144EA032474
:1051600021B290F8393190F83A9149EA03290FFABF
:1051700089F2B04BD3F8AC03AF4B0340B3F5402FEB
:1051800018D096F83531737296F83631B372230A17
:10519000F37231734FEA19237373B2730623A6F8BF
:1051A0006232B9F1780F00F2EB830134A4B2002728
:1051B0003D460FE0A14B01201870E2E7A04B2344CD
:1051C0009BB20B2B00F277830435ADB20137BFB22F
:1051D0000234A4B2B7EB590F80F0C983EB1D3344FE
:1051E00093F8353163F30F2805F10803334493F83E
:1051F000353163F3070805F10903334493F835317A
:1052000063F31F6805F10A03334493F8353163F300
:10521000174808EE108A812CD0D8672CC0F04B8339
:10522000A4F167031A2B00F24683DFE813F01B009A
:10523000440359004403B900440331014403870186
:105240004403DE01440341024403570244036E0257
:10525000440399024403AE024403C5024403DC0242
:10526000440326036208774B03EB8203C3F80080F4
:10527000754B1A7808925A7807929B780693B5EE88
:10528000C08AF1EE10FA0BDDF3EE0F7AB4EEE78A86
:10529000F1EE10FA04D8BDEEC88A8DED098A02E05D
:1052A000694BDB780993684A1379013B0A93936849
:1052B00064330B9306A8F6F769FA644BC3E900015F
:1052C000EC460DF14C0EBEE80F00ACE80F00DEF826
:1052D0000030CCF800300FAB0FCBF6F7A3FC73E730
:1052E0006208584B03EB8203C3F80080534B1B78D2
:1052F000012B1BD0544B1A7808925A7807929B784E
:105300000693B5EEC08AF1EE10FA29DDF2EE0A7AC4
:10531000B4EEE78AF1EE10FA22D5F7EE007A78EED5
:10532000677AFDEEE77ACDED0A7A1DE0B5EEC08A28
:10533000F1EE10FA0FDDF2EE0A7AB4EEE78AF1EE42
:1053400010FA08D5F7EE007A78EE677AFDEEE77A84
:10535000CDED0A7A0EE03C4B1B79013B0A9309E044
:10536000394B1B79013B0A93374BDA7809929B68DA
:1053700064330B9306A8F6F709FA344BC3E900012E
:10538000EC460DF14C0EBEE80F00ACE80F00DEF865
:105390000030CCF800300FAB0FCBF6F743FC13E72F
:1053A0006208284B03EB8203C3F80080234B1B7871
:1053B000012B22D0244B1A7808925A7807929A78B7
:1053C00006921A79013A0A92DB780993DFED207A86
:1053D000B4EEE78AF1EE10FA40DDDFED1E7AB4EEAE
:1053E000E78AF1EE10FA39D5DFED1B7A78EE677AAD
:1053F000FDEEE77ACDED0B7A34E0DFED157AB4EE11
:10540000E78AF1EE10FA0FDDDFED127AB4EEE78AEB
:10541000F1EE10FA08D5DFED107A78EE677AFDEE3E
:10542000E77ACDED0B7A1DE0074B9B6864330B9355
:1054300018E000BF50F6002400FFFF004CF60024E7
:10544000F3E8FFFF280F0424185E0524000300245E
:105450000000FA44004003450080ED44B54B9B68D2
:1054600064330B9306A8F6F791F9B34BC3E9000137
:10547000EC460DF14C0EBEE80F00ACE80F00DEF874
:105480000030CCF800300FAB0FCBF6F7CBFB9BE630
:105490006208AA4B03EB8203C3F80080A84B1B7879
:1054A000012B10D0B5EEC08AF1EE10FA20DBF3EE3E
:1054B000087AB4EEE78AF1EE10FA19D5BDEEC88A83
:1054C0008DED088A17E0B5EEC08AF1EE10FA0BDB1D
:1054D000F3EE087AB4EEE78AF1EE10FA04D5BDEEE9
:1054E000C88A8DED088A13E0924B1B7808930FE071
:1054F000904B1B7808938F4B5A7807929A780692B4
:105500001A79013A0A92DA7809929B6864330B930C
:1055100006A8F6F73BF9884BC3E90001EC460DF10C
:105520004C0EBEE80F00ACE80F00DEF80030CCF8FF
:1055300000300FAB0FCBF6F775FB45E662087F4BEB
:1055400003EB8203C3F800807D4B1B78012B13D043
:10555000784B1B780893B5EEC08AF1EE10FA20DB89
:10556000DFED787AB4EEE78AF1EE10FA19D5BDEEE8
:10557000C88A8DED078A17E0B5EEC08AF1EE10FA01
:105580000BDBDFED707AB4EEE78AF1EE10FA04D5AA
:10559000BDEEC88A8DED078A11E0664B5B780793F4
:1055A0000DE0644B5B780793624B9A7806921A7908
:1055B000013A0A92DA7809929B6864330B9306A841
:1055C000F6F7E4F85C4BC3E90001EC460DF14C0E34
:1055D000BEE80F00ACE80F00DEF80030CCF8003079
:1055E0000FAB0FCBF6F71EFBEEE56208534B03EB58
:1055F0008203C3F80080524B1B78012B15D04D4B12
:105600001A7808925B780793B5EEC08AF1EE10FA2B
:1056100028DBDFED4C7AB4EEE78AF1EE10FA21D503
:10562000FDEEC87ACDED067A1FE00021444B1970DB
:105630004FF49672444812F01BFFB5EEC08AF1EEAB
:1056400010FA0BDBDFED3F7AB4EEE78AF1EE10FAE9
:1056500004D5BDEEC88A8DED068A13E0354B9B78E4
:1056600006930FE0334B9B780693BDEEC88A8DED11
:10567000068A304B1A79013A0A92DA7809929B68C5
:1056800064330B9306A8F6F781F82B4BC3E90001AE
:10569000EC460DF14C0EBEE80F00ACE80F00DEF852
:1056A0000030CCF800300FAB0FCBF6F7BBFA8BE530
:1056B000DFED267AB4EEE78AF1EE10FAFFF684AD5C
:1056C000DFED237AB4EEE78AF1EE10FA3FF67CAD17
:1056D000BCEEC88A1F4B83ED008A75E5F1EE087AAF
:1056E000B4EEE78AF1EE10FAFFF66EADF2EE0A7A4A
:1056F000B4EEE78AF1EE10FA7FF566ADFCEEC87AFB
:1057000017EE902A144B1A705EE5B5EEC08AF1EEE2
:1057100010FAFFF659ADF2EE047AB4EEE78AF1EE34
:1057200010FA7FF551ADFCEEC87A17EE902A0B4BBC
:105730001A7049E5185E052400030024280F04248C
:105740004CF6002400007042F9F90024693B4E4EEB
:105750007BB54E4E48F6002446F6002445F600245C
:10576000B5EEC08AF1EE10FAFFF62EADF1EE007A3A
:10577000B4EEE78AF1EE10FA7FF526ADFCEEC87ABA
:1057800017EE902A7F4B1A701EE5F0EE007AB4EE09
:10579000E78AF1EE10FAFFF617ADDFED7B7AB4EE93
:1057A000E78AF1EE10FA3FF60FADBCEEC88A774BF0
:1057B00018EE102A1A8007E5F1EE047AB4EEE78AB3
:1057C000F1EE10FAFFF600ADF3EE077AB4EEE78AD9
:1057D000F1EE10FA7FF5F8ACFCEEC87A17EE902ADD
:1057E0006B4B1A70F0E4F7EE007AB4EE678AF1EED4
:1057F00010FA28D1FCEEC87A17EE902A654B83F890
:105800003D20654B654A1268C3F8D025644A12787A
:1058100083F8D425634A127883F8D525594A12783B
:1058200083F8D625594A1288A3F8D825584A127801
:1058300083F8DA2501235C4A13705C4A0521116064
:105840005B4A1370C0E4544BD3F8D015534A11602F
:1058500093F8D415524A117093F8D515514A117026
:1058600093F8D615474A1170B3F8D815474A1180F6
:1058700093F8DA25464B1A70A6E4B5EEC08AF1EE2D
:1058800010FAFFF6A1ACF0EE007AB4EEE78AF1EE82
:1058900010FA7FF599ACFCEEC87A17EE902A3E4BD1
:1058A00083F8DB25404B01221A70404B05221A6019
:1058B000FEF7B0FB88E4A4F5E1639BB241F64D52DC
:1058C00093420ED814F0010F05D1B0EE480A6008DB
:1058D0000EF03EFD78E4B0EE480A60080EF038FDA8
:1058E00072E4A4F2B1439BB22A2B02D814F0010F48
:1058F0001FD1A4F251539BB2C22B02D814F0010F56
:105900001DD1A4F1A1039BB240F25622934202D8CA
:1059100014F0010F1ED1274B23449BB240F2E63214
:1059200093423FF651ACB0EE480A60080EF010FD0D
:105930004AE4B0EE480A60080EF00AFD44E4B4F10F
:10594000A00005D4B0EE480A40100EF001FD3BE483
:105950000130F7E7B4F1A10307D45B10B0EE480AB9
:1059600003F52F700EF0F4FC2EE40133F5E730461A
:10597000FFF718F8082019B0BDEC028BBDE8F083E2
:105980000020F8E744F6002400FF7F4742F6002499
:1059900040F60024D8BE00246033002448F60024DA
:1059A00046F6002445F60024DC000124700400249F
:1059B0000EE30024F9ECFFFFF8B505460C4690F81D
:1059C00037310533A0F86232FEF7B8FF607508B9C9
:1059D000A67C1EB3F8BD0130C0B295F83731014640
:1059E00002338342F6DB3346072BF4D86A1892F869
:1059F00035211A4102F001020A4FFA54B4F810E0BE
:105A0000E644094F07F80E200CF1010C5FFA8CFCFC
:105A1000227D6245DFD90133DBB2E5E7B4460320DE
:105A2000DBE700BFE8FF002458FD032470B50446FF
:105A30000D4690F837310533A0F86232FEF77EFF4D
:105A40006875002800F0E28070BDA11891F835114A
:105A500061F30F26511C214491F8351161F30706BB
:105A6000911C214491F8351161F31F6603322244E1
:105A700092F8352162F3174607EE906A04339BB221
:105A80002A7D6245E0D9298A6144624A02EB81029B
:105A9000C2ED007A0CF1010C1FFA8CFC94F837115E
:105AA0001A4602319942CFDBA87C02380928CBD8AC
:105AB00001A151F820F000BF915B0308195B0308B6
:105AC000555B03084B5A0308E15A0308195B0308A6
:105AD000495A0308B75B0308F55B0308DD5B03085D
:105AE000A11891F8351161F31F66511C214491F8FA
:105AF000351161F31746911C214491F8351161F37A
:105B00000F260332224492F8352162F3070607EE8E
:105B1000906A04339BB2B3E7D11C214491F835114C
:105B200061F30706911C214491F8351161F30F26AA
:105B3000511C214491F8351161F31746224492F823
:105B4000352162F31F6607EE906AF8EE677A043338
:105B50009BB295E7D11C214491F8351161F30706FA
:105B6000911C214491F8351161F30F26511C2144F9
:105B700091F8351161F31746224492F8352162F30A
:105B80001F6607EE906AF8EEE77A04339BB277E778
:105B9000511C214491F8351161F30706224492F813
:105BA000352162F30F26B2B207EE902AF8EE677A3B
:105BB00002339BB264E7511C214491F8351161F323
:105BC0000706224492F8352162F30F2632B207EE1F
:105BD000902AF8EEE77A02339BB251E7224492F81A
:105BE000352162F3070607EE902AF8EE677A013353
:105BF0009BB245E7224492F9352162F3070607EE8E
:105C0000902AF8EEE77A01339BB239E703234FF08D
:105C1000000C43E7280F0424827A531FDBB20F2ABB
:105C200018BF012B0AD9102A08D00A7802F6CC0234
:105C3000074B03EB820300221A6070470A7802F6D2
:105C4000CC02034B03EB82034FF07E521A60704785
:105C5000280F042408B5837A013B0F2B0BD8DFE80B
:105C600003F008080B0B0E0E0A0A0A0A0A0A0A0AAF
:105C70000E0EFFF7A1FE08BDFFF7D8FEFBE7FFF70A
:105C8000CBFFF8E710B4154B93F8D222144B1A70DF
:105C9000144C5C6001221A721348C3F86402642138
:105CA000A3F86A124FF0000C83F86EC24FF0030C99
:105CB00083F874C2C3F8784283F87C22C3F8D8040E
:105CC000A3F8DE1483F8E224084B1B7813B1044BCD
:105CD00083F800C05DF8044B704700BF60330024B8
:105CE00050F6002460F40024940300248ECF002496
:105CF00070B54FF41D73454C03FB004494F83521F7
:105D0000237A9A4200D070BD064694F83A1194F86E
:105D10003901F9F718FC04304000A4F8620294F845
:105D20003631013B0F2BEED801A252F823F000BF11
:105D3000715D0308715D03089D5D0308875D0308BD
:105D4000B35D0308C95D0308075D0308075D030829
:105D5000075D0308075D0308075D0308075D030887
:105D6000075D0308075D0308DF5D0308F55D0308B1
:105D70002046FEF721FF254B4FF41D7202FB063330
:105D800083F86C02BFE72046FEF716FF1F4B4FF467
:105D90001D7202FB063383F86C02B4E72046FEF75F
:105DA000D9FF1A4B4FF41D7202FB063383F86C02C5
:105DB000A9E72046FFF708F9144B4FF41D7202FBC8
:105DC000063383F86C029EE72046FFF741F90F4B3C
:105DD0004FF41D7202FB063383F86C0293E72046F2
:105DE000FFF75DF9094B4FF41D7202FB063383F890
:105DF0006C0288E72046FFF7A7F9044B4FF41D72A9
:105E000002FB063383F86C027DE700BF50F60024E6
:105E100082B08DED010A019B1A46C3F3072161F39D
:105E2000070362F30F23110E61F31743C2F3074216
:105E300062F31F6300EE103A02B0704708B54B4999
:105E40004B4B186808F038FA00B908BD494B0722D7
:105E50001A804FF47A71484B186808F02DFA58B937
:105E60000021464B1980434B19800B460A46404897
:105E7000006808F047F8E8E7C720404B1880002189
:105E8000F0F71EF84FF47A713B4B186808F014FADB
:105E90000028E5D03A4B93F82D30002B37D0CA209C
:105EA000364B18800021F0F70BF84FF47A71324B23
:105EB000186808F001FA002847D1314B1B7F3BB925
:105EC00001F066F82E4B1B6BC01A2E4B9842C7D9B7
:105ED000C9202A4B18800021EFF7F2FF4FF47A71A6
:105EE000254B186808F0E8F9002836D101F050F881
:105EF000234B1B6BC01A234B984202D9204B042220
:105F00001A77012220491046F9F7B8FCA8E7C82003
:105F10001A4B18800021EFF7D3FF4FF47A71164B1C
:105F2000186808F0C9F940B9642007F02DFE012275
:105F300016491046F9F7A2FCB1E700231A461946A4
:105F40000D48006807F0DEFFEEE700231A46194609
:105F50000948006807F0D6FFAFE700231A46194644
:105F60000548006807F0CEFFC0E700BF804F120071
:105F7000386A0024048D00243C6A0024446A00240A
:105F80004C000124E093040050FF040840FF040883
:105F900010F0030F08D10C4BA3FB00235B09642214
:105FA00002FB13039BB25BB9074BA3FB0023DB0986
:105FB0004FF4C87202FB130080B218B90120704779
:105FC00001207047002070471F85EB5170B50446D3
:105FD000364B93E8070084E807001A78C2EB0212F8
:105FE000597801EB8201324890F85231C3EB031229
:105FF00090F8533103EB820390F85121012A01D02C
:106000000B4406E05B42FBE703F5B4632279013AF7
:106010002271002BF8DB04E0A3F5B463227901328E
:106020002271B3F5B46FF7DA224981FB03211944D9
:10603000DA17C2EB61122270C2EB0212A3EB8203E9
:10604000637065796B1E1C4AD65C022D12D02379D1
:10605000F3B9013DEDB2657125B90C236371A368F5
:10606000013BA36063795A1E13498D5C022B08D053
:10607000257170BD2089FFF78BFF0028E7D01D2612
:10608000E5E72089FFF784FF0028F1D01D25EFE721
:10609000B342EED9012323711D44EDB265710C2D7D
:1060A000E7D96371A3680133A360E2E74C000124E0
:1060B0006033002489888888F006050810B586B00A
:1060C000224A11784FF4616C5378C3EB03139B00A1
:1060D0000CFB01339278134490F800E04178C1EB57
:1060E000011292000CFB0E2290F802C062449B1A2F
:1060F000002BB8BF5B424AF6C002934203DDC3F5F2
:10610000A83303F5C0733B2B01DC06B010BD8DF83E
:1061100004E08DF805108DF806C003798DF8023083
:1061200043798DF80130037A8DF8033001238DF81F
:106130000030074C002201A9204605F043FE002252
:106140006946204605F0A2FEDFE700BF948C0024DC
:10615000F4F4002410B582B0144CD4F8F43043F0B9
:106160000203C4F8F430D4F8F43003F002030093CF
:10617000009B00220F216FF0010001F051FFD4F8C5
:10618000F43043F40043C4F8F430D4F8F43003F4AA
:1061900000430193019B102000F02CFF00F03EFF14
:1061A000002000F031FF02B010BD00BF00440258D3
:1061B00030B5BBB004460021359136913791389106
:1061C0003991C02204A812F053F922682A4B9A424E
:1061D00001D03BB030BD4FF400220023CDE90423B1
:1061E00002230693132207920422089209930A932A
:1061F000C0230B9320230C9304A804F04DF900282E
:1062000037D11E4BD3F8D82042F02002C3F8D82053
:10621000D3F8D82002F020020192019AD3F8E020AE
:1062200042F00102C3F8E020D3F8E02002F00102BE
:106230000292029AD3F8E02042F00402C3F8E02070
:10624000D3F8E03003F004030393039BF02335936A
:10625000032536950024379435A9094802F02EFB12
:10626000102335933695379435A9064802F026FB5E
:10627000AFE7FDF7CFFFC4E700200240004402581B
:10628000000002580008025802680A4B9A4200D0E7
:10629000704782B0A3F50063D3F8E02042F40022F7
:1062A000C3F8E020D3F8E03003F400230193019B0E
:1062B00002B07047004C025810B5B8B00446002137
:1062C00033913491359136913791C02202A812F062
:1062D000CFF822681B4B9A4201D038B010BD08227B
:1062E0000023CDE9022302A804F0D6F838BB164CEF
:1062F000D4F8E03043F00203C4F8E030D4F8E030E2
:1063000003F002030093009B4FF440733393122376
:1063100034930023359336930423379333A90B48E2
:1063200002F0CCFAD4F8E83043F40013C4F8E830B3
:10633000D4F8E83003F400130193019BCDE7FDF797
:1063400069FFD4E70054004000440258000402589A
:1063500070B5BAB004460021359136913791389125
:106360003991C02204A812F083F82268334B9A4274
:1063700001D03AB070BD4FF000720023CDE9042384
:1063800004A804F089F8002854D12D4BD3F8D42068
:1063900042F48042C3F8D420D3F8D42002F48042DF
:1063A0000092009AD3F8E02042F01002C3F8E020F7
:1063B000D3F8E02002F010020192019AD3F8E02015
:1063C00042F00202C3F8E020D3F8E02002F002021B
:1063D0000292029AD3F8E02042F00802C3F8E020CB
:1063E000D3F8E03003F008030393039B04233593B1
:1063F000022636960024379438940925399535A914
:10640000104802F05BFA40F2044335933696379415
:106410003894399535A90C4802F050FA4FF460537E
:106420003593369637943894399535A9074802F054
:1064300045FA9EE7FDF7EEFEA7E700BF00500052C9
:10644000004402580010025800040258000C025880
:1064500010B5B0B00446C0220021684612F008F81A
:1064600022680D4B9A4201D030B010BD4FF480022B
:106470000023CDE900234FF480732D93684604F088
:106480000BF828B9054A136F43F400431367EBE791
:10649000FDF7C0FEF6E700BF004000580044025878
:1064A00010B5BCB0044600213791389139913A912A
:1064B0003B91C02206A811F0DBFF23685D4A93429E
:1064C00007D05D4A93423FD05C4A934276D03CB0BD
:1064D00010BD01220023CDE9062306A803F0DCFF4E
:1064E00078BB574BD3F8F02042F01002C3F8F020ED
:1064F000D3F8F02002F010020092009AD3F8E020C6
:1065000042F00102C3F8E020D3F8E03003F00103C9
:106510000193019B4FF4B053379302233893002427
:1065200039943A9407233B9337A9464802F0C6F9B9
:1065300022460521252001F073FD252001F080FD74
:10654000C5E7FDF767FECCE702220023CDE906236D
:1065500006A803F0A1FF70BB394BD3F8E82042F442
:106560000032C3F8E820D3F8E82002F400320292A7
:10657000029AD3F8E02042F00802C3F8E020D3F8F2
:10658000E03003F008030393039B7823379302233F
:106590003893002439943A9407233B9337A92A4827
:1065A00002F08CF922460521262001F039FD262033
:1065B00001F046FD8BE7FDF72DFECDE7022200231B
:1065C000CDE9062306A803F067FF78BB1C4BD3F880
:1065D000E82042F48022C3F8E820D3F8E82002F44F
:1065E00080220492049AD3F8E02042F00402C3F817
:1065F000E020D3F8E03003F004030593059B4FF44B
:106600004063379302233893002439943A94072344
:106610003B9337A90D4802F051F922460521272066
:1066200001F0FEFC272001F00BFD50E7FDF7F2FD25
:10663000CCE700BF0010014000440040004800408B
:106640000044025800000258000C0258000802588A
:106650000F2801D90120704710B58AB004460022E6
:106660000146762001F0DCFC762001F0E9FC174BB6
:106670001C60174BD3F8F02042F48022C3F8F020BE
:10668000D3F8F03003F480230093009B01A902A803
:1066900003F0D0FD03F0BCFD43000E4AA2FB032330
:1066A0009B0C013B0C480D4A026040F2E732C2608D
:1066B000436000230361836005F0ECFE10B101200C
:1066C0000AB010BD044805F051FDF9E77C04002430
:1066D0000044025883DE1B4380000124004801402F
:1066E000FEE708B501F0B4FCFCE7FEE7FEE7FEE7D5
:1066F000704708B5012002F0FEF908BD08B5022078
:1067000002F0F9F908BD08B5042002F0F4F908BD5B
:1067100008B5082002F0EFF908BD08B5802002F0A6
:10672000EAF908BD10B584B000230393564C204607
:1067300005F030FFD4F89030202B2FD0534B1B782E
:10674000002B62D0524B93F83731432B63D0514A20
:106750009278432A6FD0432B7AD04D4BD3F8343103
:1067600023F0FF034C4A934204D1494B93F838314C
:10677000482B7FD04FF496724849434807F00EF9F2
:10678000039B4BB14FF0E0234FF08052C3F8042D30
:10679000BFF34F8FBFF36F8F04B010BD3B4B1B781F
:1067A000DBB2012BCAD13A4BD3F8343123F0FF03CB
:1067B0003B4A9342C2D1364BB3F8382143F66F239C
:1067C0009A42BBD1354C2046E9F7EAFD411F601DD6
:1067D000F8F7CCFF334B1860002300930193ADF81A
:1067E0000830314B93E803000090ADF80410090C19
:1067F0008DF806106846E9F7D3FD4FF47A7382B23C
:106800006946214806F02CFF98E703A9274B186832
:1068100008F072FC96E71E4AB2F8381144F24D4275
:10682000914294D11A4A92F83D21302A8FD1204BBF
:1068300001221A70A4E7174AD2784D2A8BD1154A43
:106840001279442A87D1134A127A302A83D1EEE78B
:106850000F4BB3F8382144F24D439A427FF47DAF99
:106860000B4B93F83C31332B7FF477AF114B012264
:106870001A7085E7064B93F83C31482B7FF47AAFCA
:106880000D4B01221A707BE760F4002488CF0024AE
:1068900050F60024100F0024004A4A4D85F70024CA
:1068A0000053544E98CF002464FF0408EC140024D5
:1068B0008BCF00248ACF002489CF002410B584B068
:1068C00000230393164C204605F064FED4F8903064
:1068D000202B13D04FF496621249114807F05EF84E
:1068E000039B4BB14FF0E0234FF08052C3F8042DCF
:1068F000BFF34F8FBFF36F8F04B010BDB4F85E309D
:10690000002200929BB24FF4966206490648F5F7C2
:1069100071FC03A9054B186808F0EEFBDAE700BF2D
:10692000CCF30024ACC6002490C60024EC8C0024D8
:1069300010B584B000230393164C204605F02AFEC0
:10694000D4F89030202B13D040F20D221249114878
:1069500007F024F8039B4BB14FF0E0234FF0805237
:10696000C3F8042DBFF34F8FBFF36F8F04B010BD7A
:10697000B4F85E30032200929BB240F20D22064929
:106980000648F5F737FC03A9054B186808F0B4FB77
:10699000DAE700BF38F30024F0F00024D4F000243C
:1069A000EC8C002408B54FF4005002F0A4F808BDA8
:1069B00008B5024805F026FC08BD00BF8000012490
:1069C00010B584B00446002303930268184B9A4222
:1069D00016D02268174B9A421ED003A9164B18688E
:1069E00008F08AFB039B4BB14FF0E0234FF080523D
:1069F000C3F8042DBFF34F8FBFF36F8F04B010BDEA
:106A0000B0F85E30052200929BB240F20D220B4995
:106A10000B48F5F7EFFBDCE7B4F85E30022200929A
:106A20009BB24FF4966207490748F5F7E3FBD4E7BA
:106A30000048004000440040EC8C0024F0F00024AA
:106A4000D4F00024ACC6002490C60024000000004E
:106A500008280AD803B283B1013807280DD8DFE827
:106A600000F00E460C2A0C0C0C4B802849D0B0F5D7
:106A7000005F03D1284B00221A7070477047274AE5
:106A8000136801331360264A136801331360254BE2
:106A90001B6863B107EE903AB8EE677B9FED1C5B15
:106AA00085EE076BB7EEC66B1F4B83ED006A1D4B7F
:106AB00000221A6070471D4A1368013313601C4A94
:106AC0001368013313601B4B1B6863B107EE903AE8
:106AD000B8EE677B9FED0E5B85EE076BB7EEC66B7E
:106AE000154B83ED006A134B00221A607047134A5E
:106AF0001368013313607047114A13680133136040
:106B00007047054B01221A70704700BFAFF3008039
:106B10000000000000408F4038850024043A002423
:106B2000F439002444390024E4390024003A0024D4
:106B3000F039002440390024E0390024FC390024D5
:106B4000F83900240120704708B511F06DFE1623B6
:106B500003604FF0FF3008BD08B54FF0FF31FFF77D
:106B6000F3FFFEE770B50C461646002506E0AFF3CE
:106B70000080214601F8010B01350C46B542F6DBD9
:106B8000304670BD70B50C461646002504E014F87A
:106B9000010BAFF300800135B542F8DB304670BD24
:106BA0004FF0FF3070474FF400534B6000207047A8
:106BB000012070470020704710B503460C4A0D496C
:106BC0000D48006840B10C4800680344521A9342D3
:106BD00006D8094A136010BD0748084C0460F2E764
:106BE00011F022FE0C2303604FF0FF30F3E700BFEB
:106BF0000000082400400000CC000124700006249E
:106C0000294AD2F8883043F47003C2F88830274B01
:106C10001B6803F00F03062B06D8244A136823F0E1
:106C20000F0343F007031360214B1A6842F001027F
:106C30001A6000221A6119681E4A0A401A601B4B2A
:106C40001B6813F0080F06D0184A136823F00F03CF
:106C500043F007031360164B00229A61DA611A624F
:106C6000154999621549D962154919635A6399639F
:106C7000DA6319645A64196821F4802119601A666C
:106C8000104B1B686FF30F03B3F1005F03D20E4B81
:106C90000122C3F808210D4B43F2D2021A60024BC5
:106CA0000B4A9A60704700BF00ED00E000200052E0
:106CB000004402587FEDF6EA000202020000FF01E4
:106CC000800201010010005C008000510040005271
:106CD00000000208F8B507460E460024234600E0EF
:106CE0000134B4420CDA07EB04352846F0F7A0FC77
:106CF00003460028F4D02846F0F79AFC0346EFE755
:106D00001846F8BD2DE9F04106461446D5B2C5F542
:106D10008075A94200D20D460F1903E04FF480752B
:106D2000A7420ED9224629463046F0F7ADFC8046F0
:106D300058B92C442E4404F58073BB42EED93D1B58
:106D4000EEE7052000F02AF901E04FF00208404686
:106D5000BDE8F08170B50446214D224A4FF4007120
:106D60002846F0F79DFD2B88AB2B01D1012C1CD1BF
:106D70001B4EAB23338000237380736033721A4D34
:106D80001A4C0FCC28606960AA60EB6007CC2861C0
:106D90006961AA61012229461046F8F76FFD114A80
:106DA0004FF400713046F0F701FD0D4B5A6844F680
:106DB0001F639A4202D90A4B00225A60084B5B8833
:106DC000012B02D9064B00225A800548037A013371
:106DD0000372044A4FF40071F0F7E8FC70BD00BF85
:106DE000789605240040C900F41400246CFF0408C0
:106DF000F0B5ADF5237D04460D4600F5B4525202C0
:106E00004FF4007109A8F0F74BFD9DF82C309DF868
:106E10002D209DF82E109DF82F009DF830609DF8D4
:106E2000317007970696059004910392029301230F
:106E300001930A9B0093099B621C1F4989A811F0CA
:106E400003FA89A9284611F01CFD0D9B00939DF8BB
:106E500033309DF83220194989A811F0F5F989A934
:106E6000284611F00DFB9DF839309DF83820144963
:106E700089A811F0E9F989A9284611F001FB00243D
:106E8000A31D09AA02EB8303D3ED007AB7EEE77ADC
:106E900053EC172B0B4989A811F0D6F989A928467C
:106EA00011F0EEFA0134E4B29DF83330A342E7D892
:106EB0000DF5237DF0BD00BF88FF0408B4FF040872
:106EC000C4FF0408D0FF0408DFF834D0FFF798FEB1
:106ED0000C480D490D4A002302E0D458C450043335
:106EE000C4188C42F9D30A4A0A4C002301E013600B
:106EF0000432A242FBD311F09DFCFDF757FA704714
:106F0000000008240000002498070024481F0508FA
:106F1000980700246C000624FEE7000010B503204B
:106F200001F06CF802F0FAFE0F498B69C3F30323FA
:106F30000E4AD35C03F01F03D8408B6903F00F03A4
:106F4000D35C03F01F0320FA03F3094A1360094BD3
:106F500018600F20FFF77CFB10B10124204610BD04
:106F60000446FFF7F7F8F9E700440258FC06050865
:106F70005C04002460040024034B1B78034A11685E
:106F80000B441360704700BF78040024E000012424
:106F9000014B1868704700BFE000012438B5044673
:106FA000FFF7F6FF0546B4F1FF3F02D0044B1B7814
:106FB0001C44FFF7EDFF401BA042FAD338BD00BFD1
:106FC00078040024014B1868000C70470010005C26
:106FD000014BD3F80008704700E0F11F014BD3F8D4
:106FE0000408704700E0F11F014BD3F80808704710
:106FF00000E0F11F034A136823F07003034313609A
:10700000704700BF003C0058034A136823F0020396
:1070100003431360704700BF003C005810B50B4A93
:10702000136843F001031360FFF7B2FF0446074BF8
:107030001B6813F0080F06D1FFF7AAFF001B0A28F0
:10704000F5D9032000E0002010BD00BF003C00582F
:1070500010B430300B0A9B0003F00C03C45801F04D
:107060001F014FF01F0C0CFA01FC24EA0C0CC2F3B8
:1070700084628A404CEA0202C2505DF8044B7047B9
:1070800010B414304B0E9B0003F00403C458C1F33A
:1070900004514FF0070C0CFA01FC24EA0C0C8A4056
:1070A0004CEA0202C2505DF8044B70472DE9F041F2
:1070B00004460E4603684649464A934218BF8B422F
:1070C00033D102F50072976807F01F072569082D74
:1070D0000CD0092F31D840F22121F94011F0010FD5
:1070E0002BD0DB6813F0010F21D10425FFF750FFEF
:1070F000804623681A682A422BD1B6F1FF3FF8D0A8
:10710000FFF746FFA0EB0800B04201D8002EF0D1F7
:1071100023681B682B42ECD1636D43F00403636565
:10712000002384F8503003204DE02B4ACBE7636DF9
:1071300043F020036365012045E0936813F4404F5A
:1071400001D10425D2E7636D43F02003636501207C
:1071500039E0626D42F400726265DA6812F4406FE1
:1071600011D1627D7AB91A6812F0080F0BD0626DE6
:1071700022F480726265626D12F4805F03D1626DE9
:1071800042F001026265134A934214D01A469342B8
:1071900007D0092F12D840F22121F94011F0010F38
:1071A0000CD0DA68082D0BD012F4804F0DD10C22D0
:1071B0001A60002007E0A2F58072E8E7D268F1E7E4
:1071C00008221A600020BDE8F0810020FBE700BF24
:1071D0000020024000210240006302580368186C3E
:1071E0007047000070B582B00023019390F85030D2
:1071F000012B00F0268204460D46012380F8503012
:107200000268936813F0040F09D0436D43F0200324
:1072100043650120002384F8503002B070BD0B6834
:10722000002B0ADBC3F3130100293CD1C3F38463B1
:1072300001219940D3690B43D3612A6869682068AA
:10724000FFF706FF2068836813F0040300D00123D2
:10725000826812F0080200D0012252EA03062ED002
:107260002268936813F0010F40F0E7812B68E8680B
:10727000D2F8C010C3F3130621EA060100F0180685
:10728000AE48F0400340C3F313030B43C2F8C030D1
:10729000EA68AB4B9A4200F0A1802B68002BC0F249
:1072A00053810020B6E793FAA3F333B1B3FA83F323
:1072B00003F01F0301219940BCE72023F8E7AA68E7
:1072C0002968FFF7DDFE9F4B1B6803F07043B3F1A5
:1072D000805F0BD02268D36813F0100F3BD16B692D
:1072E000D268C2F382025200934006E06B692268C2
:1072F000D268C2F38202520093402969042938D02F
:107300002268286802F1600C5CF8212002F000423B
:1073100000F0F840034313434CF8213023682869F8
:107320006A7E012A1FD03146603353F8202022F0B4
:1073300000420A4343F8202021682A692B7E012B52
:1073400014D00B6923F4F04302F01F0206FA02F294
:1073500013430B6184E76B69D268920802F0040260
:1073600052009340C9E74FF00041DDE74FF400665B
:10737000E7E72268136E03F0F8432968B3EB816FE7
:107380001DD02268536E03F0F8432968B3EB816F78
:107390001AD02268936E03F0F8432968B3EB816F2B
:1073A00017D02268D36E03F0F8432968B3EB816FDE
:1073B0007FF456AFD36E23F00043D36650E7136ECD
:1073C00023F000431366DCE7536E23F0004353665B
:1073D000DFE7936E23F000439366E2E720682B68B3
:1073E000C3F313063EBB9A0E013202F01F02092AB4
:1073F0008CBF00220122002A55D05EBB990E0131BC
:10740000890601F0F8418EBB4FEA936C0CF1010C38
:107410000CF01F0C012202FA0CF21143AEBB9B0EC2
:10742000013303F01F0303EB43031B051943AA6851
:10743000FFF726FE31E793FAA3F24AB1B2FA82F2DD
:10744000013202F01F02092A8CBF00220122D2E77A
:107450002022F5E793FAA3F131B1B1FA81F10131BC
:10746000890601F0F841CEE72021F8E793FAA3F26C
:107470004AB1B2FA82F2013202F01F024FF0010C5F
:107480000CFA02F2C9E72022F5E793FAA3F343B11D
:10749000B3FA83F3013303F01F0303EB43031B052C
:1074A000C4E72023F6E7E6B9990E0131890601F019
:1074B000F84116BB4FEA936C0CF1010C0CF01F0C59
:1074C000012202FA0CF2114336BB9B0E013303F08A
:1074D0001F0303EB43031E3B1B0543F000731943DB
:1074E000A5E793FAA3F131B1B1FA81F1013189062F
:1074F00001F0F841DDE72021F8E793FAA3F24AB161
:10750000B2FA82F2013202F01F024FF0010C0CFAC3
:1075100002F2D8E72022F5E793FAA3F35BB1B3FABE
:1075200083F3013303F01F0303EB43031E3B1B05EF
:1075300043F00073D3E72023F3E700BFFFFF0F0002
:107540000000FF470010005C22683F493F4882422C
:1075500018BF8A420CBF0121002118D13C4EB568EA
:1075600005F0E07CA9B13849886810F0010000D02E
:1075700001203649896811F0010100D00121014341
:107580000CD0636D43F020036365012042E6314E69
:10759000E5E73149896811F0010FF2D12F498B429B
:1075A00007D02F498B4226D02E498B4234D0002061
:1075B00030E615F4000FF4D1274B9A4201D0002099
:1075C00028E64CF40003B26822F0E0721343B36083
:1075D000254B1B689B09254AA2FB03239B0901330A
:1075E0005B00019302E0019B013B0193019B002B97
:1075F000F9D100200EE615F0807FD5D1164B9A42C6
:1076000001D0002006E64CF08073B26822F0E072F0
:107610001343B3600020FDE515F4800F0FD10E4B2E
:107620009A4201D00020F5E54CF48003B26822F0C4
:10763000E0721343B3600020ECE50020EAE500208F
:10764000E8E50220E9E500BF0020024000210240F9
:10765000002302400063025800600258000084CBFF
:10766000000052C70000B8CF60040024632D3E051F
:1076700070B504460068826812F0040200D001224E
:10768000836813F0080300D00123134369D0C36853
:1076900013F0007F04D0A28A40F201139A424AD02C
:1076A000022910D023689A6812F0040F09D09A6852
:1076B00012F0020F05D198682B4A024042F01002E6
:1076C0009A60012945D023689A6812F0080F09D002
:1076D0009A6812F0020F05D19868234A024042F0DE
:1076E00020029A60022936D0032936D10C25FFF7F3
:1076F0004FFC064623689B682B4230D0FFF748FCBE
:10770000831B052BF6D923689B682B42F2D0636D4F
:1077100043F010036365A36D43F00103A3650120EB
:1077200020E0636D43F010036365A36D43F0010334
:10773000A365012016E00023026812F0400F04D177
:107740000A4A9342EDD80133F6E740230360012152
:10775000A8E70425CBE70825C9E70425C7E70020EB
:1077600000E0002070BD00BFC0FFFF7FFFDB0C000A
:1077700038B503689A6812F0010F56D1044699682B
:107780002B4A114209D0436D43F010034365836DCA
:1077900043F001038365012048E09968254A0A40C7
:1077A00042F001029A60FFF7F3FB05462368224985
:1077B000224A934218BF8B420DD102F500729268A3
:1077C00002F01F021D498B4207D01946994207D08B
:1077D00032B100202AE01A4AF1E7A1F58071F5E7FD
:1077E00023681A6812F0010F1DD19A6812F0010F78
:1077F00005D199680F4A0A4042F001029A60FFF7EA
:10780000C7FB401B0228EBD923681B6813F0010F4C
:10781000E6D1636D43F010036365A36D43F001038C
:10782000A365012002E0002000E0002038BD00BF79
:107830003F000080C0FFFF7F002002400021024087
:107840000063025838B5044603683E493E4A9342F5
:1078500018BF8B4254D102F50072956805F01F05E0
:107860009B6813F0040F69D194F85030012B67D056
:10787000012384F850302046FFF77AFF002859D1C1
:10788000626DA0F60273134043F48073636523684E
:107890002D4A934236D01A46934200D01DB9626DEC
:1078A00022F480126265626D12F4805F2DD0A26DA9
:1078B00022F00602A2651C221A60002384F85030D0
:1078C0002368214A934223D01A46934207D0092DB8
:1078D00021D840F22121E94011F0010F1BD0DA68D4
:1078E00012F0007F05D0626D22F4405242F48052C3
:1078F00062659968154A0A4042F004029A601EE0E7
:10790000134AAAE7A2F58072C6E70022A265D2E771
:10791000A2F58072D9E7636D43F480136365D36881
:1079200013F0007F0BD0636D23F4405343F4805376
:10793000636504E0002384F8503000E0022038BD85
:107940000220FCE70020024000210240C0FFFF7F30
:107950000063025838B504460268936813F00203C6
:1079600000D00123916811F0010F37D0002B37D1DF
:10797000936803F00D03012B09D0636D43F01003EE
:107980006365A36D43F00103A365012027E09168BF
:10799000144B0B4043F002039360236803221A60E8
:1079A000FFF7F6FA054623689B6813F0010F13D022
:1079B000FFF7EEFA401B0228F5D923689B6813F005
:1079C000010FF0D0636D43F010036365A36D43F0C6
:1079D0000103A365012002E0002000E0002038BD83
:1079E0000020FCE7C0FFFF7F90F85030012B18D03B
:1079F00010B50446012380F850300321FFF738FE0C
:107A000018B1002384F8503010BD2046FFF7A2FFC4
:107A10000028F6D1626D044B134043F00103636507
:107A2000EFE70220704700BFFEEEFFFF38B50446C7
:107A300003684E494E4A934218BF8B4226D14D4BA4
:107A40009B6813F4403F14BF0123002343B302F0AB
:107A5000ABFB05466368B3F5003F05D0B3F5403F87
:107A60001CD0B3F5803F02D11B0CB5FBF3F5FFF73B
:107A7000A9FA41F20303984253D83F4B9D424AD999
:107A80002268936843F48073936038BD3B4B9B68D6
:107A900013F4403F14BF01230023D7E78508E6E72E
:107AA0004FF40020002103F05FFD05466368B3F545
:107AB000101F2CD021D8B3F5E01F26D004D9B3F580
:107AC000001FD4D14509D2E7B3F5801F10D009D8E3
:107AD000B3F5002F0CD0B3F5402F09D0B3F5802FAC
:107AE00006D0C4E7B3F5A01F02D0B3F5C01FBED1C6
:107AF0009B0C5B00B5FBF3F5B9E7B3F5201F08D08D
:107B0000B3F5301FB3D1050AB1E70509AFE7850921
:107B1000ADE7C509ABE72268936823F480739360EF
:107B2000B3E7174B9D4205D82268936823F440734E
:107B30009360AAE7134B9D4207D82268936823F409
:107B4000407343F4807393609FE70F4B9D4207D8C7
:107B50002268936823F4407343F40073936094E7BE
:107B60002268936843F4407393608EE700200240DC
:107B70000021024000230240002D31010063025821
:107B800021BCBE0041787D0181F0FA0230B583B09E
:107B900000230193002800F00A810446436DEBB1F5
:107BA00023689A6812F0005F03D09968814A0A40FE
:107BB0009A6023689A6812F0805F1CD199687E4AA7
:107BC0000A4042F080529A607C4B1B689B097C4AB9
:107BD000A2FB03239B090133019309E0FEF7E8FAB6
:107BE0000023A36584F85030DAE7019B013B019341
:107BF000019B002BF9D12268936813F0805F40F05D
:107C00009980636D43F010036365A36D43F0010336
:107C1000A3650125936813F0040300D00123616D6F
:107C200011F0100F40F0BB80002B40F0B880636D66
:107C300023F4817343F002036365936813F0010F2B
:107C40001ED16049604B9A4218BF8A420CBF012284
:107C5000002271D1896811F0010100D001215A4B35
:107C60009B6813F0010300D001230B4308D1002AC5
:107C700068D0564963688A6822F47C1213438B608B
:107C8000FFF7A0F941F20303984202D9A368102B31
:107C90005AD0627D236B43EA4233A2681343227FAA
:107CA00043EA0243227F012A59D0626A22B102F4D8
:107CB0007872A16A0A4313432168C868444A0240A3
:107CC0001A43CA6021688A6812F0040200D00122B7
:107CD0008B6813F0080300D0012313431BD1227DCE
:107CE000E36A43EA8232C8683A4B03401343CB60ED
:107CF00094F83830012B37D02268136923F0010340
:107D000013612268136923F07043616B0B431361A5
:107D10002046FFF78BFEE368012B37D02268136BF8
:107D200023F00F031363636D23F0030343F0010398
:107D3000636539E000256DE7274B9B6813F0010F61
:107D40009ED194E7254995E7617D226B42EA413255
:107D50001343227F43EA024343F00C03A2E7226A63
:107D6000013A43EA4243A0E7206802691C4B1340F2
:107D7000E26B511E226C42EA0142616C0A43A16C23
:107D80000A43134343F001030361BAE721680B6B15
:107D900023F00F03A269013A13430B63C3E7636D3A
:107DA00043F0100363650125284603B030BD01256B
:107DB000FAE700BFC0FFFF5FC0FFFF6F6004002451
:107DC000632D3E05002002400021024000230240B6
:107DD00003C0F0FFFCBFFFFF0060025800630258C1
:107DE0001EF800FC90F85020012A00F0968030B474
:107DF0009AB00346012280F8502000221692179272
:107E00000068474A904236D000220192019A002A27
:107E100035D0926812F0040200D00122846814F078
:107E2000040F6BD1002A69D13D4C3E4A904218BFE5
:107E3000A0422DD102F500720868002839D0906860
:107E400020F440404C68204390601868344D354C15
:107E5000A04218BFA8421DD1AC6814F0010400D0A4
:107E600001243048806810F0010000D00120204338
:107E700015D0002047E002F580720192C6E75A6DE6
:107E800042F020025A65002283F8502001203DE094
:107E9000254AD1E72548806810F0010F39D1946850
:107EA000234820400C6889682143084390600020E3
:107EB00029E0916821F4404191601968184C1948F3
:107EC000814218BFA1420ED1A06810F0010000D07D
:107ED00001201449896811F0010100D001210143FA
:107EE00006D000200FE01149896811F0010F12D16E
:107EF00090680F4901409160002004E05A6D42F003
:107F000020025A650120002283F850201AB030BCAC
:107F100070470020F7E70020F5E70220704700BF18
:107F20000020024000210240006302580060025815
:107F3000E0F0FFFF002807DB00F01F0240090123EB
:107F40009340024A42F82030704700BF00E100E051
:107F500000280CDB00F01F02400901239340203071
:107F6000034A42F82030BFF34F8FBFF36F8F704743
:107F700000E100E0002804DB0901C9B2044B1954F8
:107F8000704700F00F000901C9B2024B1954704745
:107F900000E400E014ED00E000B500F00700C0F1DF
:107FA000070CBCF1040F28BF4FF0040C031D062B77
:107FB0000FD9C31E4FF0FF3E0EFA0CF021EA00016C
:107FC00099400EFA03FE22EA0E0241EA02005DF831
:107FD00004FB0023EEE70000BFF34F8F0549CA689A
:107FE00002F4E062044B1343CB60BFF34F8F00BF3A
:107FF000FDE700BF00ED00E00400FA050649CB688C
:1080000023F4E0631B041B0C000200F4E060034354
:10801000024A1A43CA60704700ED00E00000FA050A
:1080200010B50446054BD868C0F30220FFF7B4FF33
:1080300001462046FFF79EFF10BD00BF00ED00E0A7
:1080400008B5FFF777FF08BD08B5FFF781FF08BD4A
:1080500008B5FFF7C1FF0000BFF35F8F044B5A6AFA
:1080600022F480325A620022C3F89420704700BF85
:1080700000ED00E040F00100054BC3F894005A6A9F
:1080800042F480325A62BFF34F8FBFF36F8F704755
:1080900000ED00E04378144AC2F89830D2F8A030DE
:1080A00023F00103C2F8A0304368C2F89C30017B82
:1080B000C37A1B0643EA0173817A43EAC143417BD9
:1080C00043EA8143817B43EA4143C17B43EA014365
:1080D000417A43EA0123017A43EA410301780B43E1
:1080E000C2F8A030704700BF00ED00E010B54FF0BF
:1080F000000C14E011F82C4001EB8C0E9EF80130BE
:108100001B0443EA04639EF8024043EA04239EF8FA
:1081100003E043EA0E03046823600CF1010CBCEB9E
:10812000920FE7D312F0030205D0012A06D0022AEB
:1081300009D0032A11D00368186810BD036811F82C
:108140002C401C70F3E711F82C4001EB8C035B789A
:1081500043EA042304682380EBE711F82C2001EBA9
:108160008C014B7843EA02230268138003688A7803
:108170001A70E0E70023B3EB520F18D230B431F895
:1081800023C001EB8304648844EA0C4405682C6036
:108190000133B3EB520FF2D312F0010F03D0026898
:1081A00031F8233013800368186830BC704712F030
:1081B000010F03D0026831F8233013800368186878
:1081C00070470000002838D010B50446437F1BB329
:1081D0000223637723791BBB2368194A5A612268FB
:1081E000936823F018039360637913BB23684FF0FF
:1081F000FF321A612268936823F0600361690B43C0
:1082000093602268936823F08003A1690B43936015
:1082100001236377002010BD0377FEF735F8D7E719
:10822000E268A168204600F035F80028DCD0012083
:10823000F1E7236822691A61DCE70120704700BF7B
:10824000B71DC10438B5044602234377006883682C
:1082500043F001038360236A022B17D0032B0FD056
:10826000012B0FD000200123637738BD206851F81F
:108270002350056001339342F8D323681868F2E76E
:108280000023F8E72046FFF731FFECE72046FFF731
:1082900071FFE8E711F0010F30D010B41F231C4626
:1082A000013B34B103F01F0C21FA0CFC1CF0010F50
:1082B000F5D0182A24D8DFE802F00F232323232344
:1082C00023231D232323232323231923232323238E
:1082D00023230D00062B17D80368596101688B68AA
:1082E00023F0180313438B6000200AE0072BF3D917
:1082F000012006E00F2BEFD9012002E0012070479A
:1083000001205DF8044B70470120FAE770B5044680
:10831000FEF73EFE002C00F09181054694F83530C2
:10832000DBB2022B06D080236365002384F834304F
:10833000012070BD23688C498C4A934218BF8B4240
:1083400030D0183293422DD0183293422AD01832AE
:10835000934227D01832934224D01832934221D02E
:10836000183293421ED002F5567293421AD0183238
:10837000934217D01832934214D01832934211D03E
:10838000183293420ED0183293420BD018329342D7
:1083900008D01832934205D01A6822F00E021A60F3
:1083A000266809E01A6822F01E021A6022685369E2
:1083B00023F080035361266823686B496B4A93421C
:1083C00018BF8B4242D0183293423FD018329342AA
:1083D0003CD01832934239D01832934236D01832FA
:1083E000934233D01832934230D002F55672934202
:1083F0002CD01832934229D01832934226D018320A
:10840000934223D01832934220D0183293421DD089
:10841000183293421AD01832934217D0544A9342DA
:1084200014D01432934211D0143293420ED014322D
:1084300093420BD01432934208D01432934205D0A9
:108440001432934202D01432934204D1226E136844
:1084500023F48073136023684349444A934218BF4E
:108460008B422FD0183293422CD01832934229D00D
:108470001832934226D01832934223D018329342B6
:1084800020D0183293421DD002F55672934219D073
:108490001832934216D01832934213D018329342B6
:1084A00010D0183293420DD0183293420AD01832AD
:1084B000934207D01832934204D01A6822F0010286
:1084C0001A6003E01A6822F001021A60336813F0A0
:1084D000010F0ED0FEF75CFD431B052BF6D92023C0
:1084E0006365032384F83530002384F83430012099
:1084F0001FE723681C491D4A934218BF8B4239D09D
:108500001832934236D01832934233D01832934205
:1085100030D0183293422DD0183293422AD01832DC
:10852000934227D002F55672934223D018329342D9
:1085300020D0183293421DD0183293421AD01832EC
:10854000934217D01832934214D01832934211D06C
:10855000183293420ED0A16DE36D03F01F02012388
:1085600093404B600DE000BF100002402800024025
:1085700008540258A16DE36D03F01F023F2393409E
:108580008B6023682E492F4A934218BF8B4242D0FA
:10859000183293423FD0183293423CD01832934263
:1085A00039D01832934236D01832934233D0183231
:1085B000934230D002F5567293422CD01832934237
:1085C00029D01832934226D01832934223D0183241
:1085D000934220D0183293421DD0183293421AD0C1
:1085E0001832934217D0184A934214D0143293424F
:1085F00011D0143293420ED0143293420BD0143265
:10860000934208D01432934205D01432934202D0E0
:10861000143293420BD1636EA26E5A60E36E33B193
:108620001A6822F480721A60236F626F5A60012305
:1086300084F83530002084F834007AE6012078E6AA
:10864000100002402800024008540258002800F0A0
:10865000288108B5024690F83530DBB2022B03D0F2
:1086600080234365012008BD0368904890498B42F0
:1086700018BF83420CBF0120002065D018318B4207
:1086800062D018318B425FD018318B425CD01831E8
:108690008B4259D018318B4256D018318B4253D06F
:1086A00001F556718B424FD018318B424CD01831A6
:1086B0008B4249D018318B4246D018318B4243D07F
:1086C00018318B4240D018318B423DD018318B424B
:1086D0003AD0196821F00E01196013687348744983
:1086E0008B4218BF83426AD072498B4267D01831DF
:1086F0008B4264D018318B4261D018318B425ED0EE
:1087000018318B425BD018318B4258D001F556712D
:108710008B4254D018318B4251D018318B424ED0FD
:1087200018318B424BD018318B4248D018318B42D4
:1087300045D018318B4242D018318B423FD0196856
:1087400021F0010119603EE0042182F8351080BB60
:10875000584A93422DD0183293422AD0183293426D
:1087600027D01832934224D01832934221D01832A5
:1087700093421ED002F5567293421AD01832934299
:1087800017D01832934214D01832934211D01832B5
:1087900093420ED0183293420BD01832934208D035
:1087A0001832934205D01A6822F001021A600020A4
:1087B00059E71A6822F001021A60002053E719688D
:1087C00021F0010119601368384839498B4218BFFC
:1087D000834242D018318B423FD018318B423CD07B
:1087E00018318B4239D018318B4236D018318B4238
:1087F00033D018318B4230D001F556718B422CD0DA
:1088000018318B4229D018318B4226D018318B4237
:1088100023D018318B4220D018318B421DD0183113
:108820008B421AD018318B4217D023498B4214D077
:1088300014318B4211D014318B420ED014318B4243
:108840000BD014318B4208D014318B4205D0143137
:108850008B4202D014318B4217D1116E0B6823F476
:1088600080730B60906DD36D03F01F0101238B406B
:108870004360536E916E5960D36E33B1196821F421
:1088800080711960136F516F5960012382F8353080
:10889000002382F83430136D2BB110469847002026
:1088A000E1E6012070470020DDE600BF1000024035
:1088B000280002404000024008540258F0B583B03E
:1088C00000236BE085685E000324B44025EA0405BC
:1088D000CC68B4402C438460456825EA0C054C689C
:1088E000C4F300149C402C43446069E0DD08083563
:1088F00050F8254003F0070C4FEA8C0C4FF00F0E98
:108900000EFA0CFE24EA0E0E0C6904FA0CF444EA8A
:108910000E0440F825406BE0092400E0002404FA2E
:108920000EF42C430CF1020C694D45F82C404FF02D
:10893000B0442568D44325EA02064F6817F4801F27
:1089400001D042EA05064FF0B0452E606D6804EA9A
:1089500005064F6817F4001F01D042EA05064FF0E4
:10896000B0456E60D5F8845004EA05064F6817F4E8
:10897000003F01D042EA05064FF0B045C5F88460DB
:10898000D5F880502C404E6816F4803F01D042EA62
:1089900005044FF0B042C2F8804001330A6832FA51
:1089A00003F400F092804FF0010C0CFA03FC1CEA77
:1089B0000202F2D04C6804F00304013C012C81D97E
:1089C0004C6804F00304032C0CD0C4685D004FF025
:1089D000030C0CFA05FC24EA0C0C8C68AC4044EA4D
:1089E0000C04C4604C6804F00304022C3FF47EAF16
:1089F00004684FEA430E4FF0030C0CFA0EFC24EA15
:108A00000C0C4C6804F0030404FA0EF444EA0C0461
:108A100004604C6814F4403FBFD02E4CD4F8F4509E
:108A200045F00205C4F8F450D4F8F44004F0020410
:108A30000194019C4FEA930C0CF10205244C54F86C
:108A4000255003F0030E4FEA8E0E0F2404FA0EF4A5
:108A500025EA0405204CA0423FF460AF04F5806491
:108A6000A04222D004F58064A04220D004F58064A6
:108A7000A0421ED004F58064A0421CD004F580649E
:108A8000A0421AD004F58064A04218D004F5806496
:108A9000A04216D004F58064A04214D004F580648E
:108AA000A0423FF439AF0A2439E7012437E7022412
:108AB00035E7032433E7042431E705242FE70624B0
:108AC0002DE707242BE7082429E703B0F0BD00BFFA
:108AD000000400580044025800000258036919427B
:108AE00001D001207047002070470AB181617047B2
:108AF00009048161704708B54FF0B043D3F888305E
:108B0000034200D108BD4FF0B043C3F88800FDF721
:108B10009FFFF7E703689A6912F0020F01D0002265
:108B20009A6203689A6912F0010F03D19A6942F0C0
:108B300001029A61704710B4019CC1F3090141EA36
:108B400002411943214321F0004102685368640D3A
:108B500004F4806444F07F7444F4583444F47F7423
:108B600044F0030423EA04030B4353605DF8044B11
:108B700070472DE9F041044603689E6916F010061F
:108B80007ED00D4690461022DA61002637462368D3
:108B9000986910F0200F32D18FBBB5F1FF3FF6D0AE
:108BA000FEF7F6F9A0EB0800A84201D8002DEED19F
:108BB00021684A6802F4804294F84230DBB2886946
:108BC00010F4004F04D0203B18BF012302B973B941
:108BD00023689B6913F0200FD9D1FEF7D9F9A0EBD8
:108BE00008001928F4D946F020060127CFE74B6882
:108BF00043F480434B60FEF7CBF98046E8E70FB9BA
:108C00002022DA6146F0040601252268936913F4F4
:108C1000807F05D046F001064FF48071D1610125B7
:108C200013F4806F06D046F0080622684FF4806186
:108C3000D161012513F4007F24D046F00206236899
:108C40004FF40072DA6101252046FFF763FF2268C6
:108C5000536823F0FF7323F48B3323F4FF7323F063
:108C600001035360636C33436364202384F8413011
:108C7000002384F8423084F840302846BDE8F08173
:108C80000025C2E7002DF8D0DEE770B504460D469A
:108C9000164623689B6913F0020F22D132462946FB
:108CA0002046FFF766FFF0B9B5F1FF3FF1D0FEF7C0
:108CB0006FF9801BA84201D8002DEAD123689B6977
:108CC00013F0020FE5D1636C43F0200363642023AB
:108CD00084F84130002384F8423084F84030012089
:108CE00000E0002070BD0120FCE72DE9F8430546B7
:108CF000884617461E46DDF820902B689C6938EAA6
:108D000004040CBF01230023BB4227D14A4631464D
:108D10002846FFF72EFF20BBB6F1FF3FEDD0FEF750
:108D200037F9A0EB0900B04201D8002EE5D12B683D
:108D30009B6938EA03030CBF01230023BB42DCD14B
:108D40006B6C43F020036B64202385F841300023D3
:108D500085F8423085F84030012000E00020BDE871
:108D6000F8830120FBE770B504460D46164604E083
:108D700023689B6913F0200F12D023689B6913F0BE
:108D8000200F1BD1324629462046FFF7F2FEB8B924
:108D9000FEF7FEF8801BA842EAD8002DEDD1E7E7E8
:108DA000636C43F020036364202384F84130002384
:108DB00084F8423084F84030012000E0002070BD8B
:108DC0000120FCE700285DD010B5044690F8413042
:108DD000002B46D0242384F841302268136823F006
:108DE000010313606368226823F0706313612268D3
:108DF000936823F400439360E368012B36D0A368A3
:108E0000226843F404439360E368022B34D0226861
:108E1000536823F400635360226851681A4B0B4374
:108E200053602268D36823F40043D36023696269E6
:108E30001343A169226843EA0123D360E369216AED
:108E400022680B4313602268136843F00103136028
:108E500000206064202384F84130206384F84200BD
:108E600010BD80F84030FDF727FAB3E7A368226809
:108E700043F400439360C7E72268536843F40063F8
:108E80005360C9E701207047008000022DE9F047D8
:108E900082B00F460A9E90F84110C9B2202940F0D6
:108EA000B78004469046994690F84030012B00F078
:108EB000B3804FF0010A80F840A0FEF769F805463C
:108EC0000090192352464FF400412046FFF70DFF52
:108ED000002840F0A380212384F84130102384F837
:108EE000423000236364C4F82480A4F82A906363AA
:108EF000638D9BB2FF2B1ED9FF2323854FF0807318
:108F0000228DEAB1226898F800109162626A0132FB
:108F10006262628D92B2013A92B26285228D013A0A
:108F200092B22285013241490091D2B2394620469F
:108F3000FFF701FE18E0638D23854FF00073DFE734
:108F40003A490091D2B239462046FFF7F4FD0BE0D2
:108F5000628D92B22285002300934FF00073D2B24B
:108F600039462046FFF7E7FD638D9BB2002B33D0D7
:108F70002A4631462046FFF788FE002850D1626A13
:108F8000236812789A62636A01336362638D9BB2CD
:108F9000013B9BB26385238D013B9BB22385628D90
:108FA00092B2002AE0D0002BDED100953346002299
:108FB00080212046FFF799FEA0BB638D9BB2FF2B5B
:108FC000C6D9FF222285002300934FF080733946D3
:108FD0002046FFF7B0FDC7E72A4631462046FFF797
:108FE000C2FE08BB23682022DA6121684B6823F0A7
:108FF000FF7323F48B3323F4FF7323F001034B60DF
:1090000084F84120002384F8423084F8403000E0A6
:10901000022002B0BDE8F0870220FAE70120F8E75D
:109020000120F6E70120F4E70120F2E700200080AC
:10903000034690F84120D2B2202A23D190F8402054
:10904000012A21D0012280F84020242280F84120EA
:109050000068026822F0010202601868026822F4C7
:1090600080520260186802681143016019680A683A
:1090700042F001020A60202283F84120002083F898
:10908000400070470220704702207047034690F866
:109090004120D2B2202A21D190F84020012A1FD0AD
:1090A000012280F84020242280F8412000680268D4
:1090B00022F0010202601868026822F4706242EA3B
:1090C0000122026019680A6842F001020A60202247
:1090D00083F84120002083F8400070470220704749
:1090E00002207047024A136843F48073136070478C
:1090F00000480258134BDB6813F0040F07D1114BE3
:10910000DB6803F0070383421AD00120704710B5D3
:109110000C4AD36823F007030343D360FDF738FFFD
:109120000446084B5B6813F4005F07D1FDF730FF7E
:10913000001BB0F57A7FF4D9012000E0002010BDBB
:109140000020704700480258F0B44B6A33B1B2F1C6
:10915000406F03D08B6A0468013B23618C69002C4B
:109160006FD00E6A002E3BD003688C68DC61CC693E
:10917000F4B1CB6A0D6B2B434D6B2B434D6A2B43E4
:109180004D6943EA85430D692B430D6A2B43CD6836
:109190002B4323438C6923430C6823430468134304
:1091A0006361B2F1406F19D003684A689A6115E0B3
:1091B000CB6A0D6B2B434D6B2B434D6A2B434D6993
:1091C00043EA85430D692B430D6A2B4323438C6986
:1091D000234309680B43016813434B61F0BC70479C
:1091E000CD69D5B1CB6A0F6B3B434F6B3B434F6AA5
:1091F0003B434F6943EA87433343CE6833432B43B2
:1092000023430C682343046813436361B2F1406F46
:10921000E4D003684A689A61E0E7CB6A0F6B3B438E
:109220004F6B3B434F6A3B434F6943EA87431E43BF
:1092300045EA0603234309680B43016813434B6166
:10924000CCE70D6A002D36D003688C68DC61CC69F0
:10925000E4B1CB6A0D6B2B434D6B2B434D6A2B4313
:109260004D6943EA85430D692B430D6A2B43CD6855
:109270002B4323438C692343046813436361B2F196
:10928000406FABD003684A689A61A7E7CB6A0D6B61
:109290002B434D6B2B434D6A2B434D6943EA85436A
:1092A0000D692B430D6A2B431C438B691C430368D8
:1092B00014435C6192E7CE69CEB1CB6A0F6B3B433E
:1092C0004F6B3B434F6A3B434F6943EA87432B4312
:1092D000CD682B4333432343046813436361B2F1E6
:1092E000406F3FF47BAF03684A689A6176E7D1F834
:1092F00024C0BCF1000F3FF471AFCB6A0F6B3B434E
:109300004F6B3B434CEA03074B6947EA83473D43B6
:109310002E433443036814435C615FE72DE9F8434F
:1093200005460F4616469946DDF820802C68A4684D
:109330003C4214BF4FF0010C4FF0000CB44514D068
:10934000B8F1FF3FF2D0FDF723FEA0EB0900404546
:1093500002D8B8F1000FE9D1042385F841306B6CD5
:1093600043F001036B64012000E00020BDE8F883B6
:109370002DE9F04182B004460F461646FDF708FE7F
:1093800094F840C05FFA8CFCBCF1010F3CD005465C
:10939000012384F8403094F841C05FFA8CFC9C456E
:1093A00008D04FF00208002384F84030404602B055
:1093B000BDE8F08100226264022384F84130009607
:1093C000034620212046FFF7A9FF80460028EAD166
:1093D000002239462046FFF7B7FE7B6A1BB1012306
:1093E00084F84130DFE700962B4601220221204617
:1093F000FFF794FF80460028D5D123680222DA6067
:10940000012384F84130CEE74FF00208CEE72DE982
:10941000F04383B0044689461746FDF7B9FDD4F8FA
:10942000008094F84030DBB2012B57D00646012370
:1094300084F8403094F84150EDB29D4207D00225A7
:10944000002384F84030284603B0BDE8F0830023B1
:109450006364B9F1000F3CD0122384F84130D8F88E
:1094600010300133E362D8F810300133A362C4F83E
:109470002490D8F8143023F04063C8F81430002545
:10948000E36A9BB100973346012204212046FFF78F
:1094900045FF054650B9636A1B7888F82030616A39
:1094A00001316162E16A0139E162E9E71DB101233D
:1094B00084F84130C4E70097334601220221204658
:1094C000FFF72CFF05460028F1D123680222DA605D
:1094D000EDE7636C43F008036364B1E70225B2E78C
:1094E0002DE9F04383B0044689461746FDF750FD49
:1094F000D4F80080D8F8182094F84030DBB2012B63
:109500005BD00646012384F8403094F84150EDB218
:109510009D4207D00225002384F84030284603B03E
:10952000BDE8F08300236364B9F1000F40D022232B
:1095300084F84130D8F810300133A363D8F81030E4
:1095400001336363C4F83090D8F8143023F04063DB
:1095500043F08063C8F8143023689A610025A36B38
:109560009BB100973346012206212046FFF7D6FE25
:10957000054650B9236B98F820201A70216B0131F1
:109580002163A16B0139A163E9E71DB1012384F8CF
:109590004130C0E700973346012202212046FFF701
:1095A000BDFE05460028F1D123680222DA60EDE70E
:1095B000636C43F008036364ADE70225AEE78164A2
:1095C0007047000070B582B00446FDF7E1FC002C46
:1095D00045D0064694F84130002B37D025682A68DC
:1095E00022F4F852A168013942EA01222A60A36CF0
:1095F00000933346002220212046FFF78FFE18BB40
:1096000021680B68174A1A406568E36843EA0563F6
:10961000E5692B43256A2B431A430A6021684A688F
:10962000114B13402569626942EA0542A5692A4344
:1096300013434B602268136843F001031360002357
:109640006364012384F8413002B070BD2046FCF70A
:109650007FFE41F288312046FFF7B1FFBEE70120CF
:10966000F2E700BF2FFFFF00FEF8E0FF002800F048
:10967000398338B50446036813F0010F25D0944AA6
:10968000136903F03803926A102B15D0182B0FD0F2
:109690006368B3F5803F3FD0002B53D18C4B1A68E1
:1096A00022F480321A601A6822F480221A6038E0AC
:1096B00002F00302022AEBD1854B1B6813F4003F32
:1096C00003D06368002B00F00F83236813F0020FB0
:1096D00000F0A1807E4A1369926A13F038035AD0D1
:1096E000182B55D0E368002B00F0DE8078490A681B
:1096F00022F0190213430B60FDF74AFC0546744B38
:109700001B6813F0040F40F0AD80FDF741FC401BD7
:109710000228F4D90320EEE26D4A136843F4803343
:10972000136063682BB3FDF733FC0546684B1B6879
:1097300013F4003FC9D1FDF72BFC401B6428F5D979
:109740000320D8E2B3F5A02F09D0614B1A6822F4A8
:1097500080321A601A6822F480221A60E1E75C4BBA
:109760001A6842F480221A601A6842F480321A6041
:10977000D7E7FDF70DFC0546554B1B6813F4003F7A
:10978000A3D0FDF705FC401B6428F5D90320B2E205
:1097900012F0030FA6D14E4B1B6813F0040F03D039
:1097A000E368002B00F0A282494A136823F01903F2
:1097B000E1680B431360FDF7EBFB0546444B1B6868
:1097C00013F0040F06D1FDF7E3FB401B0228F5D987
:1097D000032090E2FDF7F6FB41F20303984212D812
:1097E0002269402A07D03A494B6823F47C3343EA84
:1097F00002334B600FE0364A536823F47C3343F462
:109800000033536007E0324A536823F0FE43216976
:1098100043EA01635360236813F0100F00F088805F
:109820002B4A136903F03803926A082B56D0182B81
:1098300050D0E369002B00F0B880254A136843F04C
:1098400080031360FDF7A4FB0546214B1B6813F44E
:10985000807F40F08880FDF79BFB401B0228F4D9F5
:10986000032048E2FDF7AEFB41F20303984212D811
:109870002269402A07D016494B6823F47C3343EA17
:1098800002334B60C7E7124A536823F47C3343F436
:1098900000335360BFE70E4A536823F0FE4321694B
:1098A00043EA01635360B6E7094A136823F00103F2
:1098B0001360FDF76DFB0546054B1B6813F0040FA5
:1098C000A9D0FDF765FB401B0228F5D9032012E261
:1098D0000044025802F00302012AAAD1A14B1B68DE
:1098E00013F4807F03D0E369802B40F00182FDF701
:1098F00069FB41F20303984212D8226A202A07D05A
:1099000098494B6823F0F84343EA82634B600FE0C9
:10991000944A536823F0F84343F08043536007E0D0
:10992000904AD36823F07C53216A43EA0163D360F1
:10993000236813F0080F60D06369002B49D0894A6F
:10994000536F43F001035367FDF722FB0546854B38
:109950005B6F13F0020F50D1FDF71AFB401B02287A
:10996000F5D90320C7E1FDF72DFB41F2030398422F
:1099700012D8226A202A07D07A494B6823F0F8438C
:1099800043EA82634B60D3E7764A536823F0F84397
:1099900043F080435360CBE7724AD36823F07C5393
:1099A000216A43EA0163D360C2E76E4A136823F079
:1099B00080031360FDF7ECFA05466A4B1B6813F44D
:1099C000807FB5D0FDF7E4FA401B0228F5D90320CB
:1099D00091E1644A536F23F001035367FDF7D8FA0E
:1099E0000546604B5B6F13F0020F06D0FDF7D0FA0F
:1099F000401B0228F5D903207DE1236813F0200FD6
:109A000029D0A3699BB1574A136843F4805313606C
:109A1000FDF7BEFA0546534B1B6813F4005F1AD1DD
:109A2000FDF7B6FA401B0228F5D9032063E14D4A41
:109A3000136823F480531360FDF7AAFA0546494BD7
:109A40001B6813F4005F06D0FDF7A2FA401B022842
:109A5000F5D903204FE1236813F0040F21D1636A85
:109A6000002B00F047813F4A126902F03802182AA1
:109A700000F0EE80022B79D03A4A136823F080730D
:109A80001360FDF785FA0446364B1B6813F0007F20
:109A900000F0DC80FDF77CFA001B0228F4D90320DB
:109AA00029E1314A136843F480731360FDF770FABB
:109AB00005462D4B1B6813F4807F06D1FDF768FA2D
:109AC000401B6428F5D9032015E1A368012B0AD0B7
:109AD0000BBB244B1A6F22F001021A671A6F22F097
:109AE00004021A6704E01F4A136F43F0010313676F
:109AF000A36833B3FDF74CFA05461A4B1B6F13F0FE
:109B0000020FACD1FDF744FA401B41F28833984272
:109B1000F3D90320EFE0052B09D0124B1A6F22F086
:109B200001021A671A6F22F004021A67E0E70D4B70
:109B30001A6F42F004021A671A6F42F001021A67A4
:109B4000D6E7FDF725FA0546064B1B6F13F0020F0B
:109B500085D0FDF71DFA401B41F288339842F3D9B6
:109B60000320C8E00044025800480258694A1368BC
:109B700023F080731360FDF70BFA0546654B1B68F5
:109B800013F0007F06D0FDF703FA401B0228F5D939
:109B90000320B0E05F4B996A5F4A0A40A16AE06A1D
:109BA00041EA00110A439A62226B013AC2F30802A9
:109BB000616B0139490289B20A43A16B0139090479
:109BC00001F4FE010A43E16B0139090601F0FE418F
:109BD0000A431A63DA6A22F00102DA625A6B6FF3FF
:109BE000CF02A16C42EAC1025A63DA6A22F00C0287
:109BF000216C0A43DA62DA6A22F00202616C0A43DB
:109C0000DA62DA6A42F48032DA62DA6A42F4003204
:109C1000DA62DA6A42F48022DA62DA6A42F0010237
:109C2000DA621A6842F080721A60FDF7B1F90446F0
:109C3000384B1B6813F0007F06D1FDF7A9F9001B14
:109C40000228F5D9032056E0002054E0002052E01D
:109C5000304A916A106B012B4ED001F00303A26AC7
:109C600093424BD1C1F30511E36A994248D1C0F345
:109C70000802236B013B9A4244D1C0F34622636B36
:109C8000013B9A4240D1C0F30642A36B013B9A428A
:109C90003CD1C0F30660E36B013B984238D11D4BC9
:109CA0005B6BC3F3CC03A26C9A4201D1002022E08B
:109CB000184AD36A23F00103D362FDF769F9054618
:109CC000FDF766F9A842FBD0124A536B6FF3CF033E
:109CD000A16C43EAC1035363D36A43F00103D36227
:109CE000002008E001207047012004E0012002E08C
:109CF000012000E0002038BD0120FCE70120FAE748
:109D00000120F8E70120F6E70120F4E70120F2E75F
:109D10000120F0E7004402580CFCFFFF754B1B6963
:109D200003F03803102B00F0DE80182B0FD0002B2F
:109D300040F0DB806F4B1B6813F0200F00F0D780E2
:109D40006C4B1B68C3F3C1036B48D840704710B419
:109D5000684B9A6A02F003029C6AC4F30510D96A40
:109D600001F001015B6BC3F3CC0301FB03F307EECE
:109D7000903AF8EE677A14F47C7F77D0012A4AD0C3
:109D8000022A76D0002A40F091805A4B1B6813F0CB
:109D9000200F23D057490A68C2F3C102564BD34063
:109DA00007EE103AF8EE476A07EE100AB8EE476A77
:109DB00086EE867A0B6BC3F3080306EE903AF8EE54
:109DC000666A9FED4E6A67EE867A76EEA77AF7EEC0
:109DD000006A77EEA67A27EE277A38E007EE100AB7
:109DE000F8EE476A9FED466A86EE267A414B1B6B7A
:109DF000C3F3080306EE903AF8EE666A9FED3F6AF9
:109E000067EE867A76EEA77AF7EE006A77EEA67AA4
:109E100027EE277A1BE007EE100AF8EE476A9FED5F
:109E2000396A86EE267A334B1B6BC3F3080306EEC2
:109E3000903AF8EE666A9FED316A67EE867A76EEC2
:109E4000A77AF7EE006A77EEA67A27EE277A294BF3
:109E50001B6BC3F34623013307EE903AF8EE677AA3
:109E6000C7EE276AFCEEE67A17EE900A5DF8044B1F
:109E7000704707EE100AF8EE476A9FED236A86EEF8
:109E8000267A1C4B1B6BC3F3080306EE903AF8EEE0
:109E9000666A9FED1A6A67EE867A76EEA77AF7EE23
:109EA000006A77EEA67A27EE277AD0E707EE100A47
:109EB000F8EE476A9FED136A86EE267A0D4B1B6B10
:109EC000C3F3080306EE903AF8EE666A9FED0B6A5C
:109ED00067EE867A76EEA77AF7EE006A77EEA67AD4
:109EE00027EE277AB3E709487047094870470248C8
:109EF000704700BF004402580090D00300000039B2
:109F00000024744C0024744A0024744B0024F40090
:109F100000093D00002800F0328170B50D4604466E
:109F20009B4B1B6803F00F038B420BD2984A1368BC
:109F300023F00F030B431360136803F00F038B42EE
:109F400040F01F81236813F0040F0CD02269914B5D
:109F50009B6903F070039A4205D98E498B6923F0FF
:109F600070031A438A61236813F0080F0CD06269EA
:109F7000884BDB6903F070039A4205D98549CB69A8
:109F800023F070031A43CA61236813F0100F0CD03A
:109F9000A269804BDB6903F4E0639A4205D97D49ED
:109FA000CB6923F4E0631A43CA61236813F0200FDE
:109FB0000CD0E269774B1B6A03F070039A4205D913
:109FC00074490B6A23F070031A430A62236813F082
:109FD000020F0CD0E2686F4B9B6903F00F039A42AB
:109FE00005D96C498B6923F00F031A438A612368F2
:109FF00013F0010F41D0674A936923F47063A1689D
:10A000000B4393616368022B0AD0032B27D0012BEB
:10A010002CD0604A126812F0040F06D10120ADE086
:10A02000126812F4003F00F0AE805A490A6922F02B
:10A03000070213430B61FCF7ABFF0646554B1B6948
:10A0400003F038036268B3EBC20F16D0FCF7A0FF31
:10A05000801B41F288339842F0D903208EE04D4AAC
:10A06000126812F0007FE0D1012087E0494A1268AF
:10A0700012F4807FD9D1012080E0236813F0020F11
:10A080000CD0E268434B9B6903F00F039A4205D260
:10A0900040498B6923F00F031A438A613C4B1B68CC
:10A0A00003F00F03AB420AD9394A136823F00F03B8
:10A0B0002B431360136803F00F03AB4265D1236891
:10A0C00013F0040F0CD02269324B9B6903F070032C
:10A0D0009A4205D22F498B6923F070031A438A6193
:10A0E000236813F0080F0CD062692A4BDB6903F078
:10A0F00070039A4205D22749CB6923F070031A43B3
:10A10000CA61236813F0100F0CD0A269214BDB69E0
:10A1100003F4E0639A4205D21E49CB6923F4E0635D
:10A120001A43CA61236813F0200F0CD0E269194B5F
:10A130001B6A03F070039A4205D216490B6A23F09A
:10A1400070031A430A62FFF7E9FD12498B69C3F3F2
:10A150000323114AD35C03F01F03D8408B6903F03B
:10A160000F03D35C03F01F0320FA03F30B4A1360C1
:10A170000B4B18600B4B1868FCF76AFA70BD012096
:10A1800070470120FAE70120F8E70120F6E700BF59
:10A190000020005200440258FC0605085C0400241C
:10A1A000600400247C04002408B5FFF7B7FD0B4AC7
:10A1B0009369C3F303230A49CB5C03F01F0320FA1E
:10A1C00003F3926902F00F02885C00F01F0023FA8B
:10A1D00000F0044A1060044A136008BD00440258AD
:10A1E000FC0605085C0400246004002408B5FFF7A1
:10A1F000DBFF054BDB69C3F30213044AD35C03F0B6
:10A200001F03D84008BD00BF00440258FC060508E3
:10A2100008B5FFF7C9FF054BDB69C3F30223044A06
:10A22000D35C03F01F03D84008BD00BF00440258B0
:10A23000FC0605083F230360114B1A6902F0070270
:10A2400042609A6902F4706282609A6902F00F02B9
:10A25000C2609A6902F070020261DA6902F070026B
:10A260004261DA6902F4E06282611B6A03F0700302
:10A27000C361044B1B6803F00F030B60704700BF02
:10A280000044025800200052404B9B6A03F0030335
:10A29000032B79D070B505460E463C4A136823F06F
:10A2A00080631360FCF774FE0446384B1B6813F0A0
:10A2B000006F06D0FCF76CFE031B022BF5D90320C0
:10A2C00070BD324B9A6A22F47C32296842EA01322C
:10A2D0009A626A68013AC2F30802A9680139490220
:10A2E00089B20A43E9680139090401F4FE010A430D
:10A2F00029690139090601F0FE410A439A63DA6AC5
:10A3000022F0C00269690A43DA62DA6A22F02002A6
:10A31000A9690A43DA62DA6A22F01002DA62DA6BB9
:10A320006FF3CF02E96942EAC102DA63DA6A42F006
:10A330001002DA62C6B91A46DB6A43F40023D3621C
:10A34000124A136843F080631360FCF721FE044651
:10A350000E4B1B6813F0006F14D1FCF719FE001BA5
:10A360000228F5D90320ABE7012E05D0074AD36AAE
:10A3700043F40013D362E3E7044AD36A43F480133F
:10A38000D362DDE700209BE70120704700440258BC
:10A39000404B9B6A03F00303032B79D070B505464D
:10A3A0000E463C4A136823F080531360FCF7F0FD1F
:10A3B0000446384B1B6813F0005F06D0FCF7E8FD3D
:10A3C000031B022BF5D9032070BD324B9A6A22F091
:10A3D0007C72296842EA01529A626A68013AC2F3C1
:10A3E0000802A9680139490289B20A43E9680139BA
:10A3F000090401F4FE010A4329690139090601F043
:10A40000FE410A431A64DA6A22F4406269690A4327
:10A41000DA62DA6A22F40072A9690A43DA62DA6A55
:10A4200022F48072DA625A6C6FF3CF02E96942EA71
:10A43000C1025A64DA6A42F48072DA62C6B91A4614
:10A44000DB6A43F48003D362124A136843F08053FB
:10A450001360FCF79DFD04460E4B1B6813F0005F74
:10A4600014D1FCF795FD001B0228F5D90320ABE7BA
:10A47000012E05D0074AD36A43F08073D362E3E725
:10A48000044AD36A43F40003D362DDE700209BE76C
:10A490000120704700440258F8B50446036813F0E1
:10A4A000006F30D0836EB3F5001F26D00ED8ABB14D
:10A4B000B3F5801F07D102210830FFF7E5FE0546FE
:10A4C00095B12E4621E0012635461EE0B3F5401F2A
:10A4D00001D1002508E00126354616E0984AD36AE6
:10A4E00043F40033D3620025954A136D23F44013DF
:10A4F000A16E0B431365002607E002212830FFF709
:10A5000047FF0546DCE700263546236813F4807FC5
:10A5100014D0A36D042B31D8DFE803F003222908FF
:10A520000800874AD36A43F40033D3624DBB844AA0
:10A53000136D23F00703A16D0B431365236813F418
:10A54000007F38D0E36D802B4AD01FD833B3402B27
:10A5500019D1002104F10800FFF796FE054622E01C
:10A56000002104F10800FFF78FFE0546DEE7002119
:10A5700004F12800FFF70CFF0546D7E70126354612
:10A58000DCE72E46DAE70126354614E0C02B0AD078
:10A59000B3F5807F07D0012635460CE0684AD36AC0
:10A5A00043F40033D36215BB654A136D23F4E073A3
:10A5B000E16D0B431365236813F4806F3CD0D4F82E
:10A5C000A830B3F5800F2FD016D8F3B1B3F5001F24
:10A5D0000FD1002104F10800FFF756FE054619E0EF
:10A5E000002104F12800FFF7D3FE0546DBE72E46E5
:10A5F000E1E7012635461FE0B3F5C00F0AD0B3F5F9
:10A60000000F07D00126354616E04D4AD36A43F4C1
:10A610000033D3627DB94A4A936D23F46003D4F8C2
:10A62000A8100B43936507E0002104F12800FFF711
:10A63000AFFE0546EEE72E46236813F4006F2BD0DD
:10A64000D4F8AC30B3F1007F53D00DD8ABB1B3F137
:10A65000807F06D1002104F10800FFF715FE0546B2
:10A6600010E00126354617E0B3F1407F0AD0B3F180
:10A67000806F07D0012635460EE0314AD36A43F495
:10A680000033D362002D3BD12D4A936D23F0E0635C
:10A69000D4F8AC100B439365236813F0007F13D0FC
:10A6A000E36C202B36D030D833B1102B2AD1244A7A
:10A6B000D36A43F40033D3629DBB214AD36C23F0A9
:10A6C0003003E16C0B43D364236813F4805F47D0FD
:10A6D000236EB3F5005F00F08D8027D893B3B3F5F8
:10A6E000805F20D1002104F10800FFF7CDFD054671
:10A6F0002DE0002104F12800FFF74AFE0546C1E7DE
:10A700002E46C9E701263546DEE7302BD4D0012698
:10A710003546D9E7022104F10800FFF7B5FD0546EB
:10A72000CAE72E46D0E70126354619E0B3F5405F6B
:10A730000DD0B3F5804F0AD00126354610E000BF9A
:10A7400000440258774AD36A43F40033D362002DA1
:10A7500057D1744A136D23F4E043216E0B43136504
:10A76000236813F4005F17D0636EB3F5003F59D030
:10A770004CD843B1B3F5803F45D1012104F1080025
:10A78000FFF782FD0546002D53D1664A136D23F471
:10A79000E023616E0B431365236813F4804F19D0D7
:10A7A000D4F8B030B3F1005F54D047D843B1B3F11F
:10A7B000805F40D1012104F10800FFF765FD0546E7
:10A7C000002D4ED1574A936D23F0E043D4F8B010DA
:10A7D0000B439365236813F4004F51D0236FB3F1FB
:10A7E000805F40D0B3F1005F55D0002B40D00126F0
:10A7F000354645E0002104F12800FFF7C9FD054674
:10A80000A5E72E46ACE701263546C5E7B3F5802F10
:10A81000B9D0B3F5A02FB6D0B3F5403FB3D00126E1
:10A820003546B9E7012104F12800FFF7B1FD0546DF
:10A83000A9E72E46B0E701263546CBE7B3F1804FB6
:10A84000BED0B3F1A04FBBD0B3F1405FB8D001266A
:10A850003546BFE7012104F12800FFF799FD0546C1
:10A86000AEE72E46B6E72F4AD36A43F40033D362ED
:10A87000C5B92C4A136D23F04053216F0B43136568
:10A88000236813F0807F1CD0A36C032B44D8DFE82F
:10A8900003F0100B3C10012104F10800FFF7F4FC59
:10A8A0000546E5E72E46EBE71E4AD36A43F400333C
:10A8B000D362A5BB1B4AD36C23F00303A16C0B43EB
:10A8C000D364236813F4800F2ED1236813F0010F93
:10A8D00000F0A680E36F282B00F2A080DFE803F0F1
:10A8E0008E9E9E9E9E9E9E9E889E9E9E9E9E9E9EAE
:10A8F000979E9E9E9E9E9E9E8E9E9E9E9E9E9E9E8F
:10A900008E9E9E9E9E9E9E9E8E00022104F10800B9
:10A91000FFF7BAFC0546CCE701263546D1E72E46BF
:10A92000CFE700BF00440258584A136843F48073CD
:10A930001360FCF72DFB0746544B1B6813F4807F14
:10A9400005D1FCF725FBC01B6428F5D90325002D94
:10A950004AD14F4B1B6FD4F8B420534013F4407FBF
:10A960000CD04B4B1A6F22F44072196F41F48031B6
:10A970001967196F21F4803119671A67D4F8B43058
:10A98000B3F5807F15D08DBBD4F8B43003F440729A
:10A99000B2F5407F1ED03E4A136923F47C53136105
:10A9A0003B490B6FD4F8B420C2F30B0213430B677F
:10A9B0008BE7FCF7EDFA0746354B1B6F13F0020FE0
:10A9C000E1D1FCF7E5FAC01B41F288339842F3D994
:10A9D0000325D8E72E48026922F47C522D4901EA6A
:10A9E000131313430361DBE72E466EE72E466CE735
:10A9F000012104F10800FFF747FC0546E5B9244AA8
:10AA0000536D23F03803E16F0B43536508E00121D8
:10AA100004F12800FFF7BCFC0546EFE701263546A8
:10AA2000236813F0020F17D0A36F052B29D8DFE896
:10AA300003F00B05210B0B0B2E46F1E7012104F16E
:10AA40000800FFF721FC0546F5B9114A536D23F0C4
:10AA50000703A16F0B435365236813F0040F2CD039
:10AA6000D4F89430052B00F2DC80DFE803F01B15EE
:10AA7000D31B1B1B012104F12800FFF789FC0546AD
:10AA8000E2E701263546E7E72E46E5E700480258AB
:10AA900000440258CFFFFF00012104F10800FFF736
:10AAA000F3FB0546002D40F0BF80B34A936D23F0C1
:10AAB0000703D4F894100B439365236813F0200F19
:10AAC0001DD0D4F89030B3F1005F00F0C18000F2E7
:10AAD000B0804BB1B3F1805F40F0A880002104F159
:10AAE0000800FFF7D1FB0546002D40F0B880A24AD0
:10AAF000536D23F0E043D4F890100B435365236863
:10AB000013F0400F1DD0D4F89C30B3F5006F00F067
:10AB1000BA8000F2A9804BB1B3F5806F40F0A180FC
:10AB2000002104F10800FFF7AFFB0546002D40F0BF
:10AB3000B180914A936D23F4E053D4F89C100B43F9
:10AB40009365236813F0800F1DD0D4F8A030B3F5BF
:10AB5000804F00F0B38000F2A2804BB1B3F5005FEC
:10AB600040F09A80002104F10800FFF78DFB0546B4
:10AB7000002D40F0AA80804A936D23F46043D4F8FE
:10AB8000A0100B439365236813F0080F0DD0D4F881
:10AB90008430B3F5805F00F09A80774A536D23F4D8
:10ABA0004053D4F884100B435365236813F0100FFF
:10ABB0000DD0D4F89830B3F5807F00F092806E4AC3
:10ABC000936D23F44073D4F898100B439365236876
:10ABD00013F4002F00F09A80D4F8A430B3F5803F2E
:10ABE00000F08980B3F5003F08D0002B40F08A8048
:10ABF000002104F10800FFF747FB0546002D40F057
:10AC000084805D4A936D23F44033D4F8A4100B4341
:10AC100093657BE0012104F12800FFF7B9FB0546AD
:10AC200040E70126354648E72E4646E701263546E9
:10AC300065E7B3F1804F3FF457AFB3F1A04F3FF456
:10AC400053AFB3F1405F3FF44FAF0126354656E7AF
:10AC5000022104F12800FFF79BFB054644E72E463E
:10AC60004DE7012635466CE7B3F5805F3FF45EAFF4
:10AC7000B3F5A05F3FF45AAFB3F5406F3FF456AF62
:10AC8000012635465DE7022104F12800FFF780FB2D
:10AC900005464BE72E4654E70126354673E7B3F5E4
:10ACA000004F3FF465AFB3F5204F3FF461AFB3F50C
:10ACB000C04F3FF45DAF0126354664E7022104F141
:10ACC0002800FFF765FB054652E72E465BE70221A9
:10ACD00004F12800FFF75CFB00283FF45EAF01267B
:10ACE0005BE7022104F12800FFF752FB00283FF444
:10ACF00066AF012663E7022104F12800FFF748FB55
:10AD000005467BE70126354600E02E46236813F40E
:10AD1000802F18D0D4F88830B3F5001F1FD0B3F5BA
:10AD2000401F07D0B3F5801F20D1134AD36A43F4E4
:10AD30000033D362EDB9104A536D23F44013D4F8B5
:10AD400088100B435365236813F4803F2CD0236D88
:10AD5000A3B1B3F5803F1FD00126354624E0012181
:10AD600004F12800FFF714FB0546E3E7012635460A
:10AD7000E9E72E46E7E700BF00440258704AD36A6D
:10AD800043F40033D36275B96D4AD36C23F4803336
:10AD9000216D0B43D36407E0022104F10800FFF7A3
:10ADA00073FA0546EFE72E46236813F0005F11D1D2
:10ADB000236813F4003F28D0D4F88030B3F5807FA7
:10ADC00014D010D9B3F5007F15D0B3F5407F12D061
:10ADD00001261AE0022104F12800FFF7D9FA002821
:10ADE000E6D00126E4E733B101260EE0544AD36AE7
:10ADF00043F40033D362002D69D1514A536D23F4DB
:10AE00004073D4F880100B435365236813F4801FFC
:10AE100006D04B4A136D23F00043616F0B4313655B
:10AE2000236813F0805F07D0454A136923F48043F9
:10AE3000D4F8B8100B431361236813F4001F06D035
:10AE40003F4A136D23F08073E16E0B431365236853
:10AE500013F0804F09D03A4B1A6922F400421A616C
:10AE60001A69D4F8BC100A431A612368002B06DA69
:10AE7000334AD36C23F04053616D0B43D364236892
:10AE800013F4000F07D02E4A536D23F44003D4F877
:10AE90008C100B435365636813F0010F19D163687D
:10AEA00013F0020F1ED1636813F0040F23D16368FF
:10AEB00013F0080F28D1636813F0100F2DD16368C9
:10AEC00013F0200F32D106B101263046F8BD2E46D0
:10AED0009BE7002104F10800FFF7D6F90028DED037
:10AEE0000646DCE7012104F10800FFF7CDF9002850
:10AEF000D9D00646D7E7022104F10800FFF7C4F9CC
:10AF00000028D4D00646D2E7002104F12800FFF73C
:10AF10003FFA0028CFD00646CDE7012104F12800F2
:10AF2000FFF736FA0028CAD00646C8E7022104F126
:10AF30002800FFF72DFA0028C5D00126C5E700BF7D
:10AF40000044025808B5FFF72FF9054B1B6AC3F3FD
:10AF50000213044AD35C03F01F03D84008BD00BFAE
:10AF600000440258FC06050810B4794B9A6A9C6AA2
:10AF7000C4F3053CD96AC1F30011DB6BC3F3CC0306
:10AF800001FB03F314F47C3F00F0DD8002F00302C8
:10AF900007EE903AF8EE677A012A4BD0022A00F0C9
:10AFA0009880002A40F0B280694B1B6813F0200F94
:10AFB00023D067490A68C2F3C102664BD34007EE4B
:10AFC000103AF8EE476A07EE10CAB8EE476A86EE06
:10AFD000867A8B6BC3F3080306EE903AF8EE666A46
:10AFE0009FED5D6A67EE867A76EEA77AF7EE006AE5
:10AFF00077EEA67A27EE277A38E007EE10CAF8EE49
:10B00000476A9FED566A86EE267A514B9B6BC3F3D7
:10B01000080306EE903AF8EE666A9FED4F6A67EE17
:10B02000867A76EEA77AF7EE006A77EEA67A27EEB2
:10B03000277A1BE007EE10CAF8EE476A9FED486AD0
:10B0400086EE267A424B9B6BC3F3080306EE903ADA
:10B05000F8EE666A9FED406A67EE867A76EEA77A2A
:10B06000F7EE006A77EEA67A27EE277A384A936BD6
:10B07000C3F3462307EE903AF8EE677AF7EE006ADC
:10B0800077EEA67A87EE276ABCEEC66A80ED006A84
:10B09000936BC3F3064307EE903AF8EE677A77EEC8
:10B0A000A67A87EE276ABCEEC66A80ED016A936BCA
:10B0B000C3F3066307EE903AF8EE677A77EEA67A66
:10B0C000C7EE276AFCEEE66AC0ED026A5DF8044B43
:10B0D000704707EE10CAF8EE476A9FED226A86EEC7
:10B0E000267A1B4B9B6BC3F3080306EE903AF8EEEF
:10B0F000666A9FED196A67EE867A76EEA77AF7EEB2
:10B10000006A77EEA67A27EE277AAFE707EE10CA35
:10B11000F8EE476A9FED126A86EE267A0C4B9B6B1F
:10B12000C3F3080306EE903AF8EE666A9FED0A6AEA
:10B1300067EE867A76EEA77AF7EE006A77EEA67A61
:10B1400027EE277A92E70023036043608360BDE720
:10B15000004402580090D003000000390024744CD1
:10B160000024744A0024744B10B4794B9A6A9C6A88
:10B17000C4F3055CD96AC1F300215B6CC3F3CC0353
:10B1800001FB03F314F07C7F00F0DD8002F003028A
:10B1900007EE903AF8EE677A012A4BD0022A00F0C7
:10B1A0009880002A40F0B280694B1B6813F0200F92
:10B1B00023D067490A68C2F3C102664BD34007EE49
:10B1C000103AF8EE476A07EE10CAB8EE476A86EE04
:10B1D000867A0B6CC3F3080306EE903AF8EE666AC3
:10B1E0009FED5D6A67EE867A76EEA77AF7EE006AE3
:10B1F00077EEA67A27EE277A38E007EE10CAF8EE47
:10B20000476A9FED566A86EE267A514B1B6CC3F354
:10B21000080306EE903AF8EE666A9FED4F6A67EE15
:10B22000867A76EEA77AF7EE006A77EEA67A27EEB0
:10B23000277A1BE007EE10CAF8EE476A9FED486ACE
:10B2400086EE267A424B1B6CC3F3080306EE903A57
:10B25000F8EE666A9FED406A67EE867A76EEA77A28
:10B26000F7EE006A77EEA67A27EE277A384A136C53
:10B27000C3F3462307EE903AF8EE677AF7EE006ADA
:10B2800077EEA67A87EE276ABCEEC66A80ED006A82
:10B29000136CC3F3064307EE903AF8EE677A77EE45
:10B2A000A67A87EE276ABCEEC66A80ED016A136C47
:10B2B000C3F3066307EE903AF8EE677A77EEA67A64
:10B2C000C7EE276AFCEEE66AC0ED026A5DF8044B41
:10B2D000704707EE10CAF8EE476A9FED226A86EEC5
:10B2E000267A1B4B1B6CC3F3080306EE903AF8EE6C
:10B2F000666A9FED196A67EE867A76EEA77AF7EEB0
:10B30000006A77EEA67A27EE277AAFE707EE10CA33
:10B31000F8EE476A9FED126A86EE267A0C4B1B6C9C
:10B32000C3F3080306EE903AF8EE666A9FED0A6AE8
:10B3300067EE867A76EEA77AF7EE006A77EEA67A5F
:10B3400027EE277A92E70023036043608360BDE71E
:10B35000004402580090D003000000390024744CCF
:10B360000024744A0024744B10B4794B9A6A9C6A86
:10B37000C4F3051CD96A01F001015B6BC3F3CC0374
:10B3800001FB03F314F47C7F00F0DD8002F0030284
:10B3900007EE903AF8EE677A012A4BD0022A00F0C5
:10B3A0009880002A40F0B280694B1B6813F0200F90
:10B3B00023D067490A68C2F3C102664BD34007EE47
:10B3C000103AF8EE476A07EE10CAB8EE476A86EE02
:10B3D000867A0B6BC3F3080306EE903AF8EE666AC2
:10B3E0009FED5D6A67EE867A76EEA77AF7EE006AE1
:10B3F00077EEA67A27EE277A38E007EE10CAF8EE45
:10B40000476A9FED566A86EE267A514B1B6BC3F353
:10B41000080306EE903AF8EE666A9FED4F6A67EE13
:10B42000867A76EEA77AF7EE006A77EEA67A27EEAE
:10B43000277A1BE007EE10CAF8EE476A9FED486ACC
:10B4400086EE267A424B1B6BC3F3080306EE903A56
:10B45000F8EE666A9FED406A67EE867A76EEA77A26
:10B46000F7EE006A77EEA67A27EE277A384A136B52
:10B47000C3F3462307EE903AF8EE677AF7EE006AD8
:10B4800077EEA67A87EE276ABCEEC66A80ED006A80
:10B49000136BC3F3064307EE903AF8EE677A77EE44
:10B4A000A67A87EE276ABCEEC66A80ED016A136B46
:10B4B000C3F3066307EE903AF8EE677A77EEA67A62
:10B4C000C7EE276AFCEEE66AC0ED026A5DF8044B3F
:10B4D000704707EE10CAF8EE476A9FED226A86EEC3
:10B4E000267A1B4B1B6BC3F3080306EE903AF8EE6B
:10B4F000666A9FED196A67EE867A76EEA77AF7EEAE
:10B50000006A77EEA67A27EE277AAFE707EE10CA31
:10B51000F8EE476A9FED116A86EE267A0C4B1B6B9C
:10B52000C3F3080306EE903AF8EE666A9FED0A6AE6
:10B5300067EE867A76EEA77AF7EE006A77EEA67A5D
:10B5400027EE277A92E70023036043608360BDE71C
:10B55000004402580090D003000000390024744CCD
:10B560000024744A0024744B00B58BB0A0F580739E
:10B570000B432DD0A0F500730B437CD0A0F5806366
:10B580000B4300F0D080A0F500630B4300F028814E
:10B59000A0F580530B4300F08781A0F500530B43C7
:10B5A00000F0DF81A0F500230B4300F02882A0F516
:10B5B00080330B4300F06B82A0F580430B4300F017
:10B5C0008D82A0F50040084300F0D68200200CE0F8
:10B5D000934B1B6D03F00703042B00F2F782DFE8A7
:10B5E00003F007111B0325008E480BB05DF804FB28
:10B5F0008B4B186810F00070F7D007A8FFF7B4FE67
:10B600000898F2E7864B186810F00060EDD004A8A7
:10B61000FFF7AAFC0498E8E7814B186810F0005087
:10B62000E3D001A8FFF7A0FD0198DEE77C4AD36CC8
:10B6300003F04053126812F0040F07D033B9784B6F
:10B640001B68C3F3C1037848D840CEE7744A126838
:10B6500012F4807F03D0B3F1805F00F0B982704AAA
:10B66000126812F4003F00F0B582B3F1005F00F001
:10B67000B3820020B9E76A4B1B6D03F4E073802BA3
:10B6800031D015D9C02B00F0A982B3F5807F1ED12F
:10B69000634AD36C03F04053126812F0040F2DD0AC
:10B6A00063BB5F4B1B68C3F3C1035F48D8409CE793
:10B6B0007BB1402B09D15A4B186810F0006094D030
:10B6C00004A8FFF751FC04988FE700208DE70020C5
:10B6D0008BE7534B186810F0007086D007A8FFF76F
:10B6E00043FE089881E74E4B186810F000503FF475
:10B6F0007CAF01A8FFF738FD019876E7484A126849
:10B7000012F4807F03D0B3F1805F00F06982444A75
:10B71000126812F4003F00F06582B3F1005F00F0A0
:10B720006382002061E73E4B9B6D03F46003B3F539
:10B73000800F35D016D9B3F5C00F00F05782B3F59E
:10B74000000F20D1364AD36C03F04053126812F038
:10B75000040F30D07BBB324B1B68C3F3C1033248AC
:10B76000D84042E78BB1B3F5001F0AD12C4B1868C3
:10B7700010F000603FF439AF04A8FFF7F5FB049820
:10B7800033E7002031E700202FE7254B186810F041
:10B7900000703FF42AAF07A8FFF7E6FD089824E7FA
:10B7A0001F4B186810F000503FF41FAF01A8FFF7BF
:10B7B000DBFC019819E71A4A126812F4807F03D063
:10B7C000B3F1805F00F01482154A126812F4003F52
:10B7D00000F01082B3F1005F00F00E82002004E759
:10B7E0000F4B9B6D03F0E063B3F1007F3CD01DD99C
:10B7F000B3F1407F00F00282B3F1806F27D1084A95
:10B80000D36C03F04053126812F0040F37D0002BB2
:10B8100035D1034B1B68C3F3C1030348D840E4E6AA
:10B82000004402580080BB000090D0038BB1B3F1FC
:10B83000807F0AD19A4B186810F000603FF4D5AEB3
:10B8400004A8FFF791FB0498CFE60020CDE6002086
:10B85000CBE6934B186810F000703FF4C6AE07A813
:10B86000FFF782FD0898C0E68D4B186810F0005075
:10B870003FF4BBAE01A8FFF777FC0198B5E6884A14
:10B88000126812F4807F03D0B3F1805F00F0B881BA
:10B89000834A126812F4003F00F0B481B3F1005FF4
:10B8A00000F0B2810020A0E67D4B1B6D03F4E04365
:10B8B000B3F5005F35D016D9B3F5405F00F0A6812F
:10B8C000B3F5804F20D1764AD36C03F04053126811
:10B8D00012F0040F30D07BBB714B1B68C3F3C10364
:10B8E0007048D84081E68BB1B3F5805F0AD16C4BCC
:10B8F000186810F000603FF478AE04A8FFF734FB3E
:10B90000049872E6002070E600206EE6644B18682A
:10B9100010F000703FF469AE07A8FFF725FD089806
:10B9200063E65F4B186810F000503FF45EAE01A86C
:10B93000FFF71AFC019858E6594A126812F4807F02
:10B9400003D0B3F1805F00F06381554A126812F4AE
:10B95000003F00F05F81B3F1005F00F05D810020E7
:10B9600043E64F4B1B6D03F4E023B3F5403F32D069
:10B970000BD8B3F5803F18D0B3F5003F20D013B9F2
:10B98000FEF734FC31E600202FE6B3F5802F2ED0F1
:10B99000B3F5A02F07D1424B186810F400303FF4E4
:10B9A00024AE414821E600201FE63D4B186810F008
:10B9B00000603FF41AAE04A8FFF7D6FA059814E623
:10B9C000374B186810F000503FF40FAE01A8FFF796
:10B9D000CBFB029809E6324B186810F004003FF4E4
:10B9E00004AE1B68C3F3C1032E48D840FDE52C4BC1
:10B9F000186810F480703FF4F8AD2C48F5E5284B3A
:10BA00009B6D03F44033B3F5803F10D0B3F5003F96
:10BA100018D0002B40F00281214B186810F0006014
:10BA20003FF4E3AD04A8FFF79FFA0498DDE51C4B53
:10BA3000186810F000503FF4D8AD01A8FFF794FB50
:10BA40000398D2E5164AD36C03F04053126812F003
:10BA5000040F07D033B9124B1B68C3F3C10311485D
:10BA6000D840C2E50E4A126812F4807F03D0B3F1C9
:10BA7000805F00F0D5800A4A126812F4003F00F09F
:10BA8000D180B3F1005F00F0CF800020ADE5044B22
:10BA9000DB6C13F480330BD0ABB90020A5E500BFFD
:10BAA000004402580090D0030024F40000093D0037
:10BAB0005F4B186810F000703FF497AD07A8FFF7D0
:10BAC00053FC089891E55A4B186810F000603FF459
:10BAD0008CAD04A8FFF748FA069886E5544B9B6D99
:10BAE00003F0E043B3F1405F32D00BD8B3F1805F95
:10BAF00018D0B3F1005F20D013B9FFF723FA74E533
:10BB0000002072E5B3F1804F2ED0B3F1A04F07D1E2
:10BB1000474B186810F400303FF467AD454864E5C2
:10BB2000002062E5424B186810F000603FF45DAD04
:10BB300004A8FFF719FA059857E53D4B186810F06F
:10BB400000503FF452AD01A8FFF70EFB02984CE500
:10BB5000374B186810F004003FF447AD1B68C3F37F
:10BB6000C1033548D84040E5314B186810F4807067
:10BB70003FF43BAD314838E52D4B1B6D03F040538E
:10BB8000B3F1805F0CD0B3F1005F14D0002B4DD126
:10BB9000274B186810F400303FF427AD254824E502
:10BBA000234B186810F000703FF41FAD07A8FFF793
:10BBB000DBFB089819E51E4B186810F000603FF495
:10BBC00014AD04A8FFF7D0F905980EE500200CE5A8
:10BBD0001A480AE5002008E5164806E5184804E575
:10BBE000164802E5002000E51248FEE41448FCE493
:10BBF0001248FAE40020F8E40E48F6E41048F4E4B1
:10BC00000E48F2E40020F0E40A48EEE40C48ECE4CC
:10BC10000A48EAE40020E8E40648E6E40020E4E418
:10BC20000648E2E40020E0E40248DEE40020DCE430
:10BC3000004402580024F4000090D00300093D00A5
:10BC40000080BB0038B5044603680A4ADA60FBF797
:10BC50009FF905462368DB6813F0200F07D1FBF737
:10BC600097F9401BB0F57A7FF4D9032000E000205B
:10BC700038BD00BF5FFF030070B50368DA6812F0DB
:10BC8000400F02D00025284670BD04464FF0FF3219
:10BC9000DA60FBF77DF9064600252368DB6813F0C0
:10BCA000400FF0D1032DEED0FBF772F9831BB3F5F3
:10BCB0007A7FF2D9032584F82150EEE710B50446C7
:10BCC000104BDA6822F08002DA609B6813F0200FD4
:10BCD00006D1FFF7B7FF98B1032084F821000FE0E9
:10BCE000084A936823F020039360FFF7ABFF10B17D
:10BCF000032084F82100034A936843F020039360F3
:10BD000010BD00BF0040005800284BD038B5044695
:10BD100090F8213063B1022384F821302368DA6877
:10BD200012F0100F09D00020012384F8213038BD13
:10BD300080F82030FAF78CFBEDE7CA225A622368BC
:10BD400053225A622046FFF797FF28B12368FF224B
:10BD50005A620028EBD1E7E722689168124B0B404A
:10BD6000936021688A68636820690343A06903437C
:10BD700013438B60A168E368226843EA01431361BF
:10BD80002046FFF79BFF0028E0D12268D36C23F008
:10BD90000303D3642168CB6CE26965692A431343CA
:10BDA000CB64D3E701207047BFFF8FFF002302E081
:10BDB00001330A38C0B20928FAD81B01DBB2184394
:10BDC0007047000090F82030012B5BD070B504461E
:10BDD0000D461646012380F82030022380F82130DA
:10BDE0000368CA225A62036853225A62FFF744FF6B
:10BDF00058BB002E34D123689B6813F0400F01D14B
:10BE00000023EB702878FFF7D1FF06046878FFF76E
:10BE1000CDFF46EA0026A878FFF7C8FF3043EB784D
:10BE200040EA83502268184B0340136022689368ED
:10BE300023F48023936021688B68EA6828690243B1
:10BE400013438B602046FFF739FF2368FF225A62B5
:10BE500010B9012384F82130002384F8203070BD0C
:10BE600023689B6813F0400F01D10023EB702B78FF
:10BE70006878000240EA0340AB781843EB7840EA68
:10BE80008350CFE7022070477F7F7F0090F82030FB
:10BE9000012B49D070B504460E46012380F82030AE
:10BEA000022380F82130F2B1CB784D782D0245EA9B
:10BEB00003458B781D430B7845EA43352368CA2236
:10BEC0005A62236853225A622046FFF7D5FE18B300
:10BED0002368FF225A6210B9012384F8213000231D
:10BEE00084F8203070BD4B7813F0100F03D003F0AE
:10BEF000EF030A334B70F078FFF758FF05047078B2
:10BF0000FFF754FF45EA0025B078FFF74FFF0543E0
:10BF1000337845EA4335D1E72268044B2B40536020
:10BF20002046FFF7CBFED3E7022070473FFFFF001C
:10BF3000F8B590F82030012B00F0BD8004460E4685
:10BF4000012380F82030022380F82130002A55D1C7
:10BF500003689B6813F0400F01D10023CB70307849
:10BF6000FFF724FF05047078FFF720FF45EA00255E
:10BF7000B078FFF71BFF0543F37845EA835596F841
:10BF80002000FFF713FF45EA0065F3691D4373695D
:10BF90001D437768B3691F432368CA225A62236826
:10BFA00053225A62736AB3F5807F41D02268936846
:10BFB00023F4007393602268D368DBB263F42073C8
:10BFC000D3602268936823F400539360FAF7E0FF8C
:10BFD00006462368DA6812F0020F5AD1FAF7D8FF42
:10BFE000801BB0F57A7FF4D92368FF225A620320C0
:10BFF00084F82100002384F820305BE003689B680C
:10C0000013F0400F01D10023CB70337875782D02E7
:10C0100045EA0345B3781D43F37845EA835596F81E
:10C02000203045EA0365F3691D4373691D43B0E79A
:10C030002268936823F4807393602268D368DBB22C
:10C0400063F4C073D3602268936823F480539360D1
:10C05000FAF79EFF06462368DA6812F0010F0FD147
:10C06000FAF796FF801BB0F57A7FF4D92368FF2298
:10C070005A62032084F82100002384F8203019E05C
:10C08000DD6123685F642268936843F48073936082
:10C0900007E01D6223689F642268936843F400737D
:10C0A00093602368FF225A62012384F82130002024
:10C0B00084F82000F8BD0220FCE7030903EB8303AA
:10C0C00000F00F0000EB4300C0B2704770B503688A
:10C0D0009B6A4B6003681B69C3F30E038B600368A4
:10C0E0001B68C3F305400870C3F306264E7003F0C7
:10C0F0007F058D70C3F38053CB705AB90C46FFF7A0
:10C10000DCFF20703046FFF7D8FF60702846FFF74D
:10C11000D4FFA070002070BD70B503685B68C3F3E6
:10C120000740C870C3F304264E7003F03F058D70BE
:10C13000C3F342330B705AB90C46FFF7BEFFE070F1
:10C140003046FFF7BAFF60702846FFF7B6FFA070D1
:10C15000002070BD0368503343F821207047036806
:10C16000503353F8210070477047000090F83D307D
:10C17000DBB2012B3AD1022380F83D300268D3684C
:10C1800043F00103D36003681A4AB3F1804F18BF2C
:10C1900093421DD0A2F57C42934219D002F58062F1
:10C1A000934215D002F58062934211D002F5784295
:10C1B00093420DD0A2F56C42934209D002F594321D
:10C1C000934205D01A6842F001021A6000207047BD
:10C1D0009968094A0A40062A18BFB2F5803F07D07D
:10C1E0001A6842F001021A6000207047012070476F
:10C1F00000207047000001400700010070477047B1
:10C200007047704770B504460368DE681D6915F015
:10C21000020F10D016F0020F0DD06FF002021A615B
:10C220000123037703689B6913F0030F64D0FFF7C2
:10C23000E6FF0023237715F0040F12D016F0040F49
:10C240000FD023686FF004021A610223237723685A
:10C250009B6913F4407F55D02046FFF7D0FF0023A1
:10C26000237715F0080F12D016F0080F0FD02368AF
:10C270006FF008021A61042323772368DB6913F047
:10C28000030F46D02046FFF7BAFF0023237715F0AF
:10C29000100F12D016F0100F0FD023686FF010029D
:10C2A0001A61082323772368DB6913F4407F37D0B2
:10C2B0002046FFF7A4FF0023237715F0010F02D0DB
:10C2C00016F0010F33D115F4025F02D016F0800F83
:10C2D00035D115F4807F02D016F0800F37D115F0DC
:10C2E000400F02D016F0400F39D115F0200F02D0C8
:10C2F00016F0200F3BD170BDFFF780FF2046FFF7FF
:10C300007FFF96E72046FFF779FF2046FFF778FF8B
:10C31000A5E72046FFF772FF2046FFF771FFB4E75D
:10C320002046FFF76BFF2046FFF76AFFC3E723684D
:10C330006FF001021A612046F7F72AFFC3E723686E
:10C340006FF402521A61204600F0D5F8C1E7236865
:10C350006FF480721A61204600F0CEF8BFE72368C0
:10C360006FF040021A612046FFF74BFFBDE72368DC
:10C370006FF020021A61204600F0BCF8BBE7000015
:10C3800030B503683D4A904214BF4FF0000E4FF0A5
:10C39000010EB0F1804F14BF72464EF00102AAB9EF
:10C3A000374CA04214BF00240124364DA8420DD0C2
:10C3B00064B904F1804404F58234A04214BF00241F
:10C3C000012405F50065A84200D01CB123F07003DC
:10C3D0004C68234312BB2A4A904214BF0022012218
:10C3E000284CA0421AD0CAB902F1804202F582322A
:10C3F000904214BF0022012204F50064A0420DD037
:10C4000062B9214A904214BF0022012204F59A34F5
:10C41000A04203D012B91D4A904204D123F4407CBB
:10C42000CB6843EA0C0323F080034A69134303609B
:10C430008A68C2620A688262154A904214BF7346D3
:10C440004EF0010363B9104B984214BF002301233F
:10C4500002F57052904203D013B90C4B984201D1AF
:10C460000B69036301234361036913F0010F03D0D8
:10C47000036923F00103036130BD00BF00000140E8
:10C480000008004000040040004401400048014012
:10C490000004014060B310B5044690F83D3013B37A
:10C4A000022384F83D30214651F8040BFFF768FF62
:10C4B000012384F8483084F83E3084F83F3084F813
:10C4C000403084F8413084F8423084F8433084F8B6
:10C4D000443084F8453084F8463084F8473084F896
:10C4E0003D30002010BD80F83C30FFF73DFED7E71F
:10C4F000012070477047704770470000026852E89B
:10C50000003F23F4907342E800310029F6D102681D
:10C5100002F1080353E8001F0D4B0B40083242E8BC
:10C5200000310029F3D1C36E012B06D02023C0F8BF
:10C530008C300023C36643677047026852E8003FAF
:10C5400023F0100342E800310029F6D1EEE700BFE6
:10C55000FEFFFFEF704708B5026852E8003F23F086
:10C56000400342E800310029F6D12023C0F888308A
:10C5700000238367FFF7EEFF08BD704708B5806BA7
:10C580000023A0F85E30A0F85630FFF7F6FF08BD94
:10C590007047000070B504460268D369106891685E
:10C5A00040F60F0C13EA0C0F0DD113F0200F10D032
:10C5B00010F0200F02D111F0805F0AD0636F93B3A7
:10C5C000204698472FE0884D0D402DD1874E3042B0
:10C5D0002AD1E56E012D00F0C08013F4801F03D036
:10C5E00011F4800F40F0948113F0800F07D010F009
:10C5F000800F40F0948111F4000F40F0908113F00F
:10C60000400F03D010F0400F40F0908113F4000F62
:10C6100003D010F0804F40F08D8113F0807F02D066
:10C620000028C0F28B8170BD13F0010F09D010F407
:10C63000807F06D001261662D4F890203243C4F8D9
:10C64000902013F0020F0BD011F0010F08D02268D8
:10C6500002261662D4F8902042F00402C4F890201A
:10C6600013F0040F0BD011F0010F08D0226804263C
:10C670001662D4F8902042F00202C4F8902013F021
:10C68000080F0BD010F0200F00D13DB12268082513
:10C690001562D4F890202A43C4F8902013F4006F58
:10C6A0000CD010F0806F09D022684FF4006515623D
:10C6B000D4F8902042F02002C4F89020D4F89020C2
:10C6C000002AB0D013F0200F09D010F0200F02D1B3
:10C6D00011F0805F03D0636F0BB120469847D4F808
:10C6E000902023689B6813F0400F02D112F0280FAE
:10C6F0002CD02046FFF702FF23689B6813F0400F01
:10C7000020D0226802F1080353E8003F23F04003E1
:10C71000083242E800310029F3D1D4F880306BB1FF
:10C72000334A1A65D4F88000FBF790FF00283FF4E5
:10C730007AAFD4F88000036D984774E72046FFF77E
:10C740001CFF70E72046FFF718FF6CE72046FFF755
:10C7500014FF0023C4F8903065E713F0100F3FF486
:10C760003CAF10F0100F3FF438AF10231362236872
:10C770009B6813F0400F00F09180D4F8802013687C
:10C780001C481D498B4218BF834237D018318B4259
:10C7900034D018318B4231D018318B422ED0183121
:10C7A0008B422BD018318B4228D018318B4225D0A8
:10C7B00001F556718B4221D018318B421ED01831B1
:10C7C0008B421BD018318B4218D018318B4215D0B8
:10C7D00018318B4212D018318B420FD018318B4256
:10C7E0000CD05B689BB20BE001000010200100043C
:10C7F0007DC5030810000240280002405B689BB220
:10C80000002B3FF410AFB4F85C1099427FF60BAFE9
:10C81000A4F85E30D369B3F5807F32D0226852E845
:10C82000003F23F4807342E800310029F6D12268EA
:10C8300002F1080353E8003F23F00103083242E805
:10C8400000310029F3D1226802F1080353E8003FC8
:10C8500023F04003083242E800310029F3D12023BD
:10C86000C4F88C300023E366226852E8003F23F0CE
:10C87000100342E800310029F6D1D4F88000FBF71C
:10C8800045FD02232367B4F85C10B4F85E309BB218
:10C89000C91A89B22046FFF77BFEC4E6B4F85C10E3
:10C8A000B4F85E309BB2C91A89B2B4F85E309BB25C
:10C8B000002B3FF4B8AE00293FF4B5AE226852E831
:10C8C000003F23F4907342E800300028F6D122683C
:10C8D00002F1080353E8000F1A4B0340083242E804
:10C8E00000300028F3D12023C4F88C300023E36605
:10C8F0006367226852E8003F23F0100342E80030EB
:10C900000028F6D1022323672046FFF741FE8AE67E
:10C910004FF480131362204601F08CF883E6A36F76
:10C92000002B3FF480AE204698477CE62046FFF778
:10C9300012FE78E6204601F07FF874E6204601F00A
:10C940007AF870E6FEFFFFEF08B5B0F86030D0F877
:10C950008C20222A05D00268936943F00803936172
:10C9600008BD0268516ADBB2826D0B401370836DA3
:10C9700001338365B0F85E309BB2013B9BB2A0F8F7
:10C980005E30B0F85E309BB2002BE9D1026852E80D
:10C99000003F23F4907342E800310029F6D1026889
:10C9A00002F1080353E8003F23F00103083242E894
:10C9B00000310029F3D12023C0F88C3000234367D5
:10C9C00003670368164A93420CD05B6813F4000FA8
:10C9D00008D0026852E8003F23F0806342E800314B
:10C9E0000029F6D1C36E012B16D10023C36602685D
:10C9F00052E8003F23F0100342E800310029F6D14D
:10CA00000368DA6912F0100F01D010221A62B0F830
:10CA10005C10FFF7BDFDA3E7F9F7D2FFA0E700BF69
:10CA2000000C005808B5B0F86020D0F88C30222BEC
:10CA300005D00268936943F00803936108BD036859
:10CA40005B6A816D13400B80836D02338365B0F8A0
:10CA50005E309BB2013B9BB2A0F85E30B0F85E3016
:10CA60009BB2002BEAD1026852E8003F23F4907396
:10CA700042E800310029F6D1026802F1080353E8C8
:10CA8000003F23F00103083242E800310029F3D1CE
:10CA90002023C0F88C300023436703670368164ADD
:10CAA00093420CD05B6813F4000F08D0026852E880
:10CAB000003F23F0806342E800310029F6D1C36EC5
:10CAC000012B16D10023C366026852E8003F23F011
:10CAD000100342E800310029F6D10368DA6912F048
:10CAE000100F01D010221A62B0F85C10FFF750FD51
:10CAF000A4E7F9F765FFA1E7000C00582DE9F8431A
:10CB0000B0F860600368DD69D3F80090D3F808805E
:10CB1000D0F88C20222A05D09A6942F008029A6146
:10CB2000BDE8F8830446B0F8687008E0D4F89030A7
:10CB3000002B4CD1B4F85E309BB2002B4ED0002FAE
:10CB400000F0988015F0200F00F094802368596A57
:10CB5000F3B2A26D0B401370A36D0133A365B4F85B
:10CB60005E309BB2013B9BB2A4F85E302368DD6966
:10CB700015F0070FDED015F0010F09D019F4807FF2
:10CB800006D001221A62D4F890301343C4F89030D2
:10CB900015F0020F0BD018F0010F08D02368022205
:10CBA0001A62D4F8903043F00403C4F8903015F0C2
:10CBB000040FBBD018F0010FB8D0236804221A620A
:10CBC000D4F8903043F00203C4F89030AEE720462A
:10CBD000FFF7D3FC0023C4F89030ABE7226852E89B
:10CBE000003F23F4807342E800310029F6D1226827
:10CBF00002F1080353E8001F304B0B40083242E8B3
:10CC000000310029F3D12023C4F88C30002363675E
:10CC1000236723682A4A934203D05B6813F4000F0A
:10CC200006D1E36E012B0DD02046F9F7C9FE86E749
:10CC3000226852E8003F23F0806342E80031002977
:10CC4000F6D1EEE70023E366226852E8003F23F0C6
:10CC5000100342E800310029F6D12368DA6912F0A6
:10CC6000100F01D010221A62B4F85C102046FFF7B2
:10CC70008FFC64E7B4F85E309BB2002B3FF450AFFA
:10CC8000B4F868209A427FF64BAF226802F108039D
:10CC900053E8003F23F08053083242E80031002976
:10CCA000F3D1084B6367226852E8003F43F020034A
:10CCB00042E800310029F6D132E700BFFEFFFFEF66
:10CCC000000C005849C903082DE9F843B0F860602A
:10CCD0000368DD69D3F80090D3F80880D0F88C2081
:10CCE000222A05D09A6942F008029A61BDE8F883C9
:10CCF0000446B0F8687008E0D4F89030002B4BD1AF
:10CD0000B4F85E309BB2002B4DD0002F00F097801E
:10CD100015F0200F00F0938023685B6AA26D33400A
:10CD20001380A36D0233A365B4F85E309BB2013B60
:10CD30009BB2A4F85E302368DD6915F0070FDFD0E1
:10CD400015F0010F09D019F4807F06D001221A6274
:10CD5000D4F890301343C4F8903015F0020F0BD084
:10CD600018F0010F08D0236802221A62D4F890301C
:10CD700043F00403C4F8903015F0040FBCD018F051
:10CD8000010FB9D0236804221A62D4F8903043F01E
:10CD90000203C4F89030AFE72046FFF7EEFB002314
:10CDA000C4F89030ACE7226852E8003F23F4807367
:10CDB00042E800310029F6D1226802F1080353E865
:10CDC000001F304B0B40083242E800310029F3D1FC
:10CDD0002023C4F88C3000236367236723682A4A22
:10CDE000934203D05B6813F4000F06D1E36E012B6E
:10CDF0000DD02046F9F7E4FD87E7226852E8003FAE
:10CE000023F0806342E800310029F6D1EEE70023E9
:10CE1000E366226852E8003F23F0100342E8003145
:10CE20000029F6D12368DA6912F0100F01D0102220
:10CE30001A62B4F85C102046FFF7AAFB65E7B4F865
:10CE40005E309BB2002B3FF451AFB4F868209A4299
:10CE50007FF64CAF226802F1080353E8003F23F04D
:10CE60008053083242E800310029F3D1074B636751
:10CE7000226852E8003F43F0200342E800310029D5
:10CE8000F6D133E7FEFFFFEF000C005825CA030878
:10CE90000268044B9A4204D0536903F07F4319435C
:10CEA00051617047000C00580368114A934219D031
:10CEB000D0F88820202A17D190F88420012A15D094
:10CEC000012280F884202422C0F888205A6842F485
:10CED00000025A602023C0F88830002380F8843094
:10CEE00018467047012070470220704702207047A3
:10CEF000000C005870B586B004468368026913437D
:10CF000042691343C269134301680868884A0240B2
:10CF10001A430A602268536823F44053E1680B43C4
:10CF20005360A1692268834B9A4201D0236A194356
:10CF30009068814B03400B4393602268D36A23F0CF
:10CF40000F03616A0B43D36223687C4A934221D06A
:10CF50007B4A934200F08C807A4A934200F0A28090
:10CF6000794A934200F0B580784A934200F0C88035
:10CF7000774A934200F0F480764A934200F0198198
:10CF8000754A934200F02C816A4A934200F03F8137
:10CF9000802233E0714A526D02F03802282A65D8A7
:10CFA000DFE812F02900640064006400640064009B
:10CFB000640064004D016400640064006400640067
:10CFC000640064002B00640064006400640064007A
:10CFD000640064005E006400640064006400640037
:10CFE0006400640060006400640064006400640025
:10CFF000640064006200012200E008224D498B4277
:10D0000000F02F81E069B0F5004F00F0AF81202AD9
:10D0100000F20682202A00F25382DFE812F00802B2
:10D0200022025102510225025102510251022A02EA
:10D0300051025102510251025102510251022F027A
:10D040005102510251025102510251025102510248
:10D0500051025102510251025102510251023B024E
:10D060001022CBE72022C9E74022C7E78022C5E78C
:10D070003A4A526D02F00702052A11D8DFE812F091
:10D080000600E10008000A000C000E000022B5E7CF
:10D090000822B3E71022B1E72022AFE74022ADE734
:10D0A0008022ABE72D4A526D02F00702052A0ED806
:10D0B000DFE802F003C90507090B00229EE70822FA
:10D0C0009CE710229AE7202298E7402296E78022E8
:10D0D00094E7224A526D02F00702052A0ED8DFE8D3
:10D0E00002F003B40507090B002287E7082285E751
:10D0F000102283E7202281E740227FE780227DE71C
:10D10000164A526D02F00702052A0ED8DFE802F037
:10D11000039F0507090B002270E708226EE7102223
:10D120006CE720226AE7402268E7802266E700BFBA
:10D13000F369FFCF000C0058FFF4FF11001001400D
:10D140000044004000480040004C004000500040B7
:10D150000014014000780040007C00400044025868
:10D160007D4A526D02F03802282A20D8DFE802F00A
:10D17000151F1F1F1F1F1F1F711F1F1F1F1F1F1F77
:10D18000171F1F1F1F1F1F1F191F1F1F1F1F1F1FBD
:10D190001B1F1F1F1F1F1F1F1D0001222EE708221C
:10D1A0002CE710222AE7202228E7402226E78022C7
:10D1B00024E7694A526D02F00702052A0ED8DFE81B
:10D1C00002F0034A0507090B002217E7082215E7BA
:10D1D000102213E7202211E740220FE780220DE7FB
:10D1E0005D4A526D02F00702052A0ED8DFE802F010
:10D1F00003350507090B002200E70822FEE610228E
:10D20000FCE62022FAE64022F8E68022F6E602F565
:10D210000E32926D02F00702052A0ED8DFE802F006
:10D22000031F0507090B0222E8E60822E6E61022A2
:10D23000E4E62022E2E64022E0E68022DEE6042266
:10D24000DCE60422DAE60422D8E60422D6E604224A
:10D25000D4E60422D2E60422D0E60422CEE604225A
:10D26000CCE6202A27D8022AC0F01881023A1E2ACA
:10D2700000F21681DFE812F02600140156001401B6
:10D28000140114015B0014011401140114011401B0
:10D29000140114016000140114011401140114019B
:10D2A00014011401140114011401140114011401D6
:10D2B000140114016C00402A02D14FF4004006E032
:10D2C0000120FEE0FDF73EFE002800F0EB80626AE0
:10D2D000224B33F81220B0FBF2F3656805EB4501F1
:10D2E000994200F2E180B3EB053F00F2DF800026B7
:10D2F00033463146E3F768FA090241EA1061000259
:10D300006B08C0182A46334641F10001E3F75CFA86
:10D31000A0F54072124B9A4200F2CA802368D8608E
:10D320003046CEE003A8FDF71FFE0498CCE7684620
:10D33000FDF71AFF0198C7E7074B1B6813F0200F92
:10D3400008D0054B1B68C3F3C1030648D840BEE7AD
:10D350000548BCE70348BAE7004402580C07050833
:10D36000FFFC0F000090D00300093D00202A15D8D3
:10D37000202A00F29F80DFE802F015369D9D399D3E
:10D380009D9D3E9D9D9D9D9D9D9D439D9D9D9D9D86
:10D390009D9D9D9D9D9D9D9D9D9D4F00402A06D0DC
:10D3A00001208EE0FCF722FF002800F08580626AF1
:10D3B0004B4B33F81230B0FBF3F06268530803EBC9
:10D3C0004003B3FBF2F3A3F110014FF6EF72914269
:10D3D00074D89AB222F00F02C3F3420313432268B7
:10D3E000D36000206DE0FCF713FFDDE703A8FDF735
:10D3F000BBFD0498D8E76846FDF7B6FE0198D3E771
:10D40000384B1B6813F0200F08D0364B1B68C3F352
:10D41000C1033548D840CAE73448C8E73248C6E7B0
:10D42000402A02D14FF4004005E0012049E0FCF71A
:10D43000DDFE00284FD0626A294B33F81230B0FB72
:10D44000F3F0636800EB5300B0FBF3F0A0F11002BF
:10D450004FF6EF739A4240D8236880B2D86000201C
:10D460002FE0FCF7D5FEE4E703A8FDF77DFD049867
:10D47000DFE76846FDF778FE0198DAE7194B1B688D
:10D4800013F0200F08D0174B1B68C3F3C1031648D5
:10D49000D840D0E71548CEE71348CCE7012010E08C
:10D4A00001200EE000200CE001200AE0012008E04D
:10D4B000012006E0012004E0002002E0012000E05D
:10D4C00001200123A4F86A30A4F8683000236367C0
:10D4D000A36706B070BD0020F3E70120F1E700BFAD
:10D4E0000C070508004402580090D00300093D00D5
:10D4F000836A13F0080F06D00268536823F40043D0
:10D50000816B0B435360836A13F0010F06D00268EE
:10D51000536823F40033C16A0B435360836A13F0EA
:10D52000020F06D00268536823F48033016B0B436B
:10D530005360836A13F0040F06D00268536823F423
:10D540008023416B0B435360836A13F0100F06D0A6
:10D550000268936823F48053C16B0B439360836A22
:10D5600013F0200F06D00268936823F40053016C77
:10D570000B439360836A13F0400F0AD0026853682C
:10D5800023F48013416C0B435360436CB3F5801F4D
:10D590000BD0836A13F0800F06D00268536823F41F
:10D5A0000023C16C0B43536070470268536823F437
:10D5B000C003816C0B435360EBE72DE9F84305464C
:10D5C0000E4617469946DDF820802B68DC6936EA5E
:10D5D00004040CBF01240024BC423AD1B8F1FF3F3F
:10D5E000F3D0F9F7D5FCA0EB0900404534D8B8F1E9
:10D5F000000F33D02B681A6812F0040FE5D0B6F193
:10D60000400218BF0122802EDFD0002ADDD0DA6967
:10D6100012F0080F11D1DA6912F4006FD5D04FF46F
:10D6200000621A622846FEF769FF2023C5F8903091
:10D63000002385F8843003200CE008241C6228466F
:10D64000FEF75CFFC5F89040002385F88430012088
:10D6500000E00020BDE8F8830320FBE70320F9E7A2
:10D660002DE9F04182B01E46D0F88830202B5BD1E6
:10D6700004460D469046002A18BF002901D101201A
:10D6800053E00023C0F890302123C0F88830F9F728
:10D690007FFC0746A4F85480A4F85680A368B3F52D
:10D6A000805F02D04FF0000816E0236943B34FF0CB
:10D6B000000811E02023C4F88830032035E038F852
:10D6C000023B2268C3F308039362B4F8562092B277
:10D6D000013A92B2A4F85620B4F856309BB293B1F6
:10D6E00000963B46002280212046FFF766FF002877
:10D6F000E0D1002DE3D015F8012B23689A62E4E70E
:10D70000A8460025E8E700963B4600224021204637
:10D71000FFF753FF18B92023C4F8883005E0202311
:10D72000C4F88830032000E0022002B0BDE8F08198
:10D7300030B583B004460023C0F89030F9F728FCD8
:10D7400005462268126812F0080F10D123681B6882
:10D7500013F0040F28D12023C4F88830C4F88C308B
:10D760000020E066206784F8840003B030BD6FF0CD
:10D770007E430093034600224FF400112046FFF73A
:10D780001CFF0028E2D0226852E8003F23F080030B
:10D7900042E800310029F6D12023C4F88830002364
:10D7A00084F884300320E0E76FF07E4300932B463B
:10D7B00000224FF480012046FFF7FFFE0028CAD068
:10D7C000226852E8003F23F4907342E800310029B8
:10D7D000F6D1226802F1080353E8003F23F0010369
:10D7E000083242E800310029F3D12023C4F88C30FC
:10D7F000002384F884300320B7E778B310B50446DB
:10D80000D0F888300BB32423C4F88830226813681A
:10D8100023F001031360A36AE3B92046FFF76AFB14
:10D82000012811D02268536823F490435360226882
:10D83000936823F02A0393602268136843F001037E
:10D8400013602046FFF774FF10BD80F88430F8F7AE
:10D8500027FED8E72046FFF74BFEDEE701207047A2
:10D8600010B48165A0F85C20A0F85E200023436717
:10D870008368B3F5805F06D0A3B9036973B9FF234A
:10D88000A0F8603014E0036923B940F2FF13A0F858
:10D8900060300DE0FF23A0F8603009E07F23A0F89E
:10D8A000603005E0B3F1805F2ED00023A0F8603037
:10D8B0000023C0F890302223C0F88C30016801F1B9
:10D8C000080353E8003F43F00103083141E8003406
:10D8D000002CF3D1436EB3F1005F1FD08368B3F522
:10D8E000805F43D0294B43670369002B44D0026813
:10D8F00052E8003F43F4907342E800310029F6D12A
:10D9000000205DF8044B704703691BB97F23A0F822
:10D910006030CDE73F23A0F86030C9E7B0F8683049
:10D920009342DBD88368B3F5805F19D0184B436707
:10D93000036943B1026852E8003F43F4807342E850
:10D9400000310029F6D1026802F1080353E8003FD4
:10D9500043F08053083242E800310029F3D1CFE789
:10D960000369002BE2D10B4B4367E1E70369002B0E
:10D97000B8D1094B4367B7E7026852E8003F43F06C
:10D98000200342E800310029F6D1B9E749C903086C
:10D99000FDCA0308C9CC030825CA030838B5D0F866
:10D9A0008C30202B19D1002A18BF002917D0002352
:10D9B000C36603680B4CA3420CD05B6813F4000FE2
:10D9C00008D0046854E8003F43F0806344E8003521
:10D9D000002DF6D1FFF744FF00E0022038BD012002
:10D9E000FCE700BF000C0058436E2BB90123A0F8E0
:10D9F0006A30A0F86830704730B403689A68C2F3A0
:10DA000042629968490F094D6B5C1B01084C615CCF
:10DA100093FBF1F3A0F86A30AB5C1B01A25C93FBB3
:10DA2000F2F3A0F8683030BC704700BF2C0705083F
:10DA30002407050870477047704790F88430012B21
:10DA400018D0012380F884302423C0F8883003687C
:10DA50001A68196821F00101196022F000520023B0
:10DA6000436601680A602022C0F8882080F884306C
:10DA7000184670470220704738B590F88430012B63
:10DA80001DD00446012380F884302423C0F8883058
:10DA900003681D681A6822F001021A600268936820
:10DAA00023F0604319439160FFF79EFF23681D60D8
:10DAB0002023C4F88830002084F8840038BD022078
:10DAC000FCE738B590F88430012B1DD004460123C3
:10DAD00080F884302423C0F8883003681D681A68F1
:10DAE00022F001021A600268936823F06063194310
:10DAF0009160FFF779FF23681D602023C4F8883008
:10DB0000002084F8840038BD0220FCE7842801D07E
:10DB1000033070470020704708B500F0EBFE00208E
:10DB200008BD2DE9F04387B00E464469C4B185694C
:10DB3000B5B14768D0F80080D0F81090B0F908006F
:10DB4000FFF7E4FF02950194009033464A464146B0
:10DB5000384600F061FE0590059807B0BDE8F083F7
:10DB6000446805680769B0F90800FFF7CFFF05AB07
:10DB7000019300903346BAB22946204600F087FE52
:10DB80000128E9D00020E8E708B500B9012001F03C
:10DB90001DF8002008BD00F1080343604FF0FF327C
:10DBA0008260C36003610023036070470023036148
:10DBB000704743684B609A688A6051609960086159
:10DBC000036801330360704730B40D68B5F1FF3F5F
:10DBD00011D000F108031C465B681A68AA42FAD902
:10DBE00063684B6099608C60616008610368013311
:10DBF000036030BC70470469F2E7036941688268DA
:10DC00008A60416851605A68824206D000220261EF
:10DC10001A68013A1A601868704782685A60F5E716
:10DC20000346406A18B11B6B1868C0F107007047C3
:10DC300010B5044601F0BEFDA26BE36B9A4204D01E
:10DC4000002401F0D9FD204610BD0124F9E710B5EC
:10DC5000044601F0AFFDA36B23B9012401F0CCFD14
:10DC6000204610BD0024F9E770B504461546866BC2
:10DC7000026C5AB903681BB100200136A66370BD5F
:10DC8000806801F053F90023A360F6E76DB940689E
:10DC90000AF0FFFD6368226C13446360A26893423C
:10DCA00019D3236863602846E7E7C0680AF0F1FDEE
:10DCB000E368226C51429B1AE3602268934202D2CD
:10DCC000A3680B44E360022D01D00020D5E726B104
:10DCD000013E0020D1E72846CFE70020CDE70346EC
:10DCE000026C6AB110B50846D9681144D9609C68C5
:10DCF000A14201D31968D960D9680AF0CAFD10BDE4
:10DD0000704738B5054601F055FD95F8454064B2B9
:10DD100001E0013C64B2002C0ADD6B6A43B105F1FD
:10DD2000240001F00DF80028F3D001F09DF8F0E791
:10DD3000FF2385F8453001F05FFD01F03BFD95F8CC
:10DD4000444064B201E0013C64B2002C0ADD2B695E
:10DD500043B105F1100000F0F3FF0028F3D001F00B
:10DD600083F8F0E7FF2385F8443001F045FD38BD26
:10DD700038B5E0B10D46044601F01CFD2368E26BA6
:10DD8000216C01FB0230A0600020A0636360013AB7
:10DD900002FB0133E360FF2384F8443084F845300C
:10DDA000FDB9236963B901F027FD012038BD4FF0AB
:10DDB000500383F31188BFF36F8FBFF34F8FFEE7DC
:10DDC00004F1100000F0BCFF0028ECD04FF0E0237D
:10DDD0004FF08052C3F8042DBFF34F8FBFF36F8F06
:10DDE000E1E704F11000FFF7D6FE04F12400FFF78D
:10DDF000D2FED8E738B51D46049C0B4649B92460CD
:10DE0000E063236401212046FFF7B2FF84F84C5001
:10DE100038BD2260F4E740B94FF0500383F3118816
:10DE2000BFF36F8FBFF34F8FFEE710B584B01C4672
:10DE300083B10B1E18BF0123002A08BF43F0010362
:10DE40008BB94FF0500383F31188BFF36F8FBFF38B
:10DE50004F8FFEE74FF0500383F31188BFF36F8FAE
:10DE6000BFF34F8FFEE7B1FA81F35B09002A18BFB9
:10DE700043F0010343B94FF0500383F31188BFF31C
:10DE80006F8FBFF34F8FFEE750230393039B502BFD
:10DE900008D04FF0500383F31188BFF36F8FBFF3A7
:10DEA0004F8FFEE7039B012384F8463000949DF8D2
:10DEB0001830FFF79FFF204604B010BD40B94FF067
:10DEC000500383F31188BFF36F8FBFF34F8FFEE7CB
:10DED000F0B583B00D461446064601FB00F0503005
:10DEE00001F020FE074650B1002380F84630009034
:10DEF000234600F1500229463046FFF77BFF3846A3
:10DF000003B0F0BDF0B585B0019288B10F461D4653
:10DF10000446B1B1022D20D1E36B012B1DD04FF08F
:10DF2000500383F31188BFF36F8FBFF34F8FFEE76A
:10DF30004FF0500383F31188BFF36F8FBFF34F8F00
:10DF4000FEE7036C002BE5D04FF0500383F31188FC
:10DF5000BFF36F8FBFF34F8FFEE700F08BFF0646D6
:10DF600058B9019B002B48D04FF0500383F3118820
:10DF7000BFF36F8FBFF34F8FFEE700263DE02A46C9
:10DF800039462046FFF770FE636A7BB948B14FF00F
:10DF9000E0234FF08052C3F8042DBFF34F8FBFF33F
:10DFA0006F8F01F029FC012005B0F0BD04F12400C1
:10DFB00000F0C6FE0028F4D04FF0E0234FF080526E
:10DFC000C3F8042DBFF34F8FBFF36F8FE9E701F064
:10DFD00013FC0020E8E702A800F0F8FE012619E093
:10DFE000002384F8443021E0002384F8453023E006
:10DFF0002046FFF786FE00F06DFD01F0DBFBA26B13
:10E00000E36B9A42BBD3022DB9D0019B002BDED02B
:10E01000002EE0D001F0F0FB00F0C2FC01F0CAFBE2
:10E0200094F8442052B2B2F1FF3FD9D094F8452081
:10E0300052B2B2F1FF3FD7D001F0DEFB01A902A836
:10E0400000F0D0FED8B92046FFF7F2FD0028CFD06F
:10E05000019904F1100000F03FFE2046FFF751FE49
:10E0600000F038FD0028C8D14FF0E0234FF0805277
:10E07000C3F8042DBFF34F8FBFF36F8FBDE720466A
:10E08000FFF73FFE00F026FD00208DE72DE9F84365
:10E0900090B10F4616461C460546B1B1022C20D160
:10E0A000EB6B012B1DD04FF0500383F31188BFF3AE
:10E0B0006F8FBFF34F8FFEE74FF0500383F311884C
:10E0C000BFF36F8FBFF34F8FFEE7036C002BE5D0DC
:10E0D0004FF0500383F31188BFF36F8FBFF34F8F5F
:10E0E000FEE701F08DFCEFF311884FF0500383F34E
:10E0F0001188BFF36F8FBFF34F8FAA6BEB6B9A4200
:10E1000006D3022C04D0002088F31188BDE8F883E0
:10E1100095F845904FFA89F9AB6B22463946284667
:10E12000FFF7A2FDB9F1FF3F06D009F101035BB291
:10E1300085F845300120E7E76B6A0BB90120E3E77A
:10E1400005F1240000F0FCFD18B126B1012030607B
:10E15000DAE70120D8E70120D6E7F0B585B00192D3
:10E1600090B10F460446C1B100F084FE064600BBE4
:10E17000019B002B5ED04FF0500383F31188BFF357
:10E180006F8FBFF34F8FFEE74FF0500383F311887B
:10E19000BFF36F8FBFF34F8FFEE7036C002BE3D00D
:10E1A0004FF0500383F31188BFF36F8FBFF34F8F8E
:10E1B000FEE700263EE039462046FFF790FD013D90
:10E1C000A563236923B901F017FB012005B0F0BD59
:10E1D00004F1100000F0B4FD0028F4D04FF0E0236B
:10E1E0004FF08052C3F8042DBFF34F8FBFF36F8FF2
:10E1F000E9E701F001FB0020E8E702A800F0E6FDF6
:10E20000012621E0002384F8443029E0002384F82B
:10E2100045302BE02046FFF774FD00F05BFC09E081
:10E220002046FFF76EFD00F055FC2046FFF70FFD7E
:10E2300000283FD101F0BEFAA56B002DBBD1019B98
:10E24000002BD6D0002ED8D001F0D6FA00F0A8FBD3
:10E2500001F0B0FA94F844305BB2B3F1FF3FD1D093
:10E2600094F845305BB2B3F1FF3FCFD001F0C4FA70
:10E2700001A902A800F0B6FD0028D1D12046FFF781
:10E28000E6FC0028C6D0019904F1240000F024FD2A
:10E290002046FFF736FD00F01DFC0028CAD14FF0E4
:10E2A000E0234FF08052C3F8042DBFF34F8FBFF32C
:10E2B0006F8FBFE7002089E770B584B0019158B136
:10E2C0000446036C8BB14FF0500383F31188BFF306
:10E2D0006F8FBFF34F8FFEE74FF0500383F311882A
:10E2E000BFF36F8FBFF34F8FFEE700F0C3FD05460E
:10E2F00050B9019B5BB14FF0500383F31188BFF31A
:10E300006F8FBFF34F8FFEE70026354655E0064678
:10E3100053E0013BA36323683BB123694BB901F090
:10E320006BFA0126304604B070BD00F097FEA06085
:10E33000F3E704F1100000F003FD0028EFD04FF0E8
:10E34000E0234FF08052C3F8042DBFF34F8FBFF38B
:10E350006F8FE4E746B14FF0500383F31188BFF3AA
:10E360006F8FBFF34F8FFEE701F046FADAE702A89E
:10E3700000F02CFD01252AE0002384F8443032E02F
:10E38000002384F8453034E001F014FAA06800F06E
:10E3900081FD064601F030FA3BE02046FFF7B1FC74
:10E3A00000F098FB09E02046FFF7ABFC00F092FB81
:10E3B0002046FFF74CFC002842D101F0FBF9A36B8B
:10E3C000002BA6D1019B002BC4D0002DCFD001F093
:10E3D00013FA00F0E5FA01F0EDF994F844305BB27D
:10E3E000B3F1FF3FC8D094F845305BB2B3F1FF3FC3
:10E3F000C6D001F001FA01A902A800F0F3FC002840
:10E40000D1D12046FFF723FC0028C6D02368002B7B
:10E41000BAD0019904F1240000F05EFC2046FFF719
:10E4200070FC00F057FB0028C7D14FF0E0234FF0FD
:10E430008052C3F8042DBFF34F8FBFF36F8FBCE73B
:10E440000EB900266EE701F0B5F92046FFF7E8FBAC
:10E450000146A06800F0B2FD01F0CEF9F1E700003E
:10E460000023072B0CD8074A52F833200AB1013396
:10E47000F7E7044A42F8331002EBC30250607047DA
:10E48000704700BFE400012470B504460D461646EF
:10E4900001F090F994F844305BB2B3F1FF3F0DD036
:10E4A00094F845305BB2B3F1FF3F0BD001F0A4F913
:10E4B000A36B5BB12046FFF724FC70BD002384F8FA
:10E4C0004430EDE7002384F84530EFE73246294633
:10E4D00004F1240000F018FCECE70000084B1B6876
:10E4E0001B6823B9074B4FF0FF321A607047044B8B
:10E4F0001B68DB68DB685A68024B1A60704700BF14
:10E50000940101242C0101242DE9F04780460D4699
:10E5100017469946089EDDF824A00A9C9200A52182
:10E52000206B09F0A5FF236B6FF040423A4403EBE8
:10E53000820727F00707002D42D04FF0000CBCF1F6
:10E540000F0F09D815F80C3004EB0C0282F83430A8
:10E5500013B10CF1010CF2E7002384F84330062ECE
:10E5600000D90626E662E66400252565201DFFF732
:10E570001DFB04F11800FFF719FB2461C6F1070623
:10E58000A6616462C4F8A05084F8A4504C222946C5
:10E5900004F1540009F06CFF0B4BA36503F1680212
:10E5A000E265D03323664A464146384601F0D8F842
:10E5B0002060BAF1000F01D0CAF80040BDE8F08732
:10E5C000002384F83430CAE728FF052438B5002436
:10E5D00007E004EB840293000E481844FFF7DBFACF
:10E5E0000134062CF5D90C4D2846FFF7D4FA0B4C14
:10E5F0002046FFF7D0FA0A48FFF7CDFA0948FFF79F
:10E60000CAFA0948FFF7C7FA084B1D60084B1C609F
:10E6100038BD00BFC0010124AC01012498010124D0
:10E620007C0101246801012450010124940101248A
:10E630009001012410B5044601F0BCF8224A136889
:10E6400001331360214B1B685BB1214B1B686BB915
:10E650001E4B1B68DA6AE36A9A4207D81B4B1C60A0
:10E6600004E01A4B1C601368012B29D0194A136867
:10E67000013313606364E06A174B1B68984201D949
:10E68000154B186000EB8000211D144B03EB80003C
:10E69000FFF78FFA01F0B0F80D4B1B687BB10B4B05
:10E6A0001B68DA6AE36A9A4209D24FF0E0234FF01E
:10E6B0008052C3F8042DBFF34F8FBFF36F8F10BD8F
:10E6C000FFF784FFD2E700BF4C0101244C02012474
:10E6D000400101243001012444010124C00101242E
:10E6E00010B50446543009F0FBFF94F8A53063B12F
:10E6F000012B11D0022B0ED04FF0500383F3118861
:10E70000BFF36F8FBFF34F8FFEE7206B01F08CFAE2
:10E71000204601F089FA10BD204601F085FAFAE79B
:10E720000F4B1B68D3B110B501F044F80D4BDB68FB
:10E73000DC68201DFFF761FA0B4A1368013B136088
:10E74000074A1368013B136001F056F82046FFF7B3
:10E75000C7FF034B1B68002BE6D110BD704700BFFD
:10E7600064010124680101244C01012408B5FFF76C
:10E77000D7FF074B1B68012BF9D94FF0E0234FF06F
:10E780008052C3F8042DBFF34F8FBFF36F8FEEE7B6
:10E79000C001012470B504460D46194B1E68194B83
:10E7A00018680430FFF729FAB4F1FF3F14BF0023C3
:10E7B0000123002D08BF00236BB93444114B1B68A3
:10E7C0005C60A6420ED9104B18680E4B19680431D4
:10E7D000FFF7FAF970BD0B4B196804310B48FFF7CE
:10E7E000E8F9F7E70A4B1868064B19680431FFF798
:10E7F000EBF9084B1B68A342ECD9064B1C60E9E718
:10E80000480101244C0201249001012450010124FB
:10E81000940101242C01012430B587B00B9C7CB1FC
:10E820000C9DB5B1A8250495049DA82D1AD04FF0D4
:10E83000500383F31188BFF36F8FBFF34F8FFEE751
:10E840004FF0500383F31188BFF36F8FBFF34F8FE7
:10E85000FEE74FF0500383F31188BFF36F8FBFF3D0
:10E860004F8FFEE7049D0C9D2C63022485F8A54084
:10E8700000240394029505AC01940A9C0094FFF7D0
:10E8800043FE0C98FFF7D6FE059807B030BD2DE982
:10E89000F04385B00746884614461E46900001F0B6
:10E8A00041F908B38146A82001F03CF90546A8B11A
:10E8B000C0F83090002380F8A530039302900D9BA0
:10E8C00001930C9B00933346224641463846FFF79E
:10E8D0001BFE2846FFF7AEFE012007E0484601F088
:10E8E000A3F94FF0FF3001E04FF0FF3005B0BDE875
:10E8F000F083000010B588B000240594069407AAA0
:10E9000006A905A8F0F7E2FF059B0293069B019379
:10E9100000942346079A1A491A48FFF77DFF1A4BBD
:10E920001860E8B100F0E8FC01281AD14FF050035C
:10E9300083F31188BFF36F8FBFF34F8F134B1B68A7
:10E940005433134A1360134B4FF0FF321A60124BCB
:10E9500001221A60114B00221A6000F0C5FF03E08B
:10E960000020B0F1FF3F01D008B010BD4FF05003C0
:10E9700083F31188BFF36F8FBFF34F8FFEE700BFA4
:10E98000D8FF04086DE70308280101244C02012484
:10E99000480700242C0101244001012448010124DE
:10E9A000024A136801331360704700BF2401012439
:10E9B000014B1868704700BF48010124F8B53A4B75
:10E9C0001B68002B69D1394B1D6801351D60C5B925
:10E9D000374B1B681B6843B14FF0500383F311881A
:10E9E000BFF36F8FBFF34F8FFEE7314A1168314B92
:10E9F000186810601960304A136801331360FFF71C
:10EA00006DFD2E4B1B68AB423DD900272C4B1B687C
:10EA1000DB6A03EB83039A002A4B9B58012B00D936
:10EA20000127294B1B68002B3CD001273AE0012726
:10EA30001F4B1B681B6843B31D4B1B68DB68DC68FE
:10EA400063689D4226D3261D3046FFF7D6F8A36A99
:10EA50001BB104F11800FFF7D0F8E36A1B4A1268F3
:10EA6000934201D9194A136003EB83039A0031469C
:10EA700014481044FFF79DF8E26A114B1B68DB6AEB
:10EA80009A42D4D2D4E70027D2E70C4B4FF0FF32A2
:10EA90001A60BBE7094A1360B8E70D4A13680133EF
:10EAA000136000273846F8BD2401012448010124E1
:10EAB0009401012490010124340101242C0101243A
:10EAC0004C020124C0010124380101244401012425
:10EAD0003C01012438B5354B1B6843B94FF0500356
:10EAE00083F31188BFF36F8FBFF34F8FFEE700F002
:10EAF00061FE2E4B1A68013A1A601B68002B4FD139
:10EB00002B4B1B680BB900244BE00024294B1B68DE
:10EB10001BB3284BDB68DC6804F11800FFF76DF8C5
:10EB2000251D2846FFF769F8E06A234B1B689842C9
:10EB300001D9214B186000EB800029461F4B03EBE5
:10EB40008000FFF736F8E26A1D4B1B68DB6A9A42C9
:10EB5000DCD31C4B01221A60D8E70CB1FFF7BEFCD6
:10EB6000194B1C6884B9174B1C68D4B14FF0E023D3
:10EB70004FF08052C3F8042DBFF34F8FBFF36F8F58
:10EB800001240EE0013C07D0FFF718FF0028F9D060
:10EB90000C4B01221A60F5E70B4B00221A60E2E7EA
:10EBA000002400F029FE204638BD00BF24010124C6
:10EBB0004C0101247C01012444010124C0010124F1
:10EBC0004C020124380101243C01012410B5A8B1F4
:10EBD0000446104B1B6843B14FF0500383F3118878
:10EBE000BFF36F8FBFF34F8FFEE7FFF7D9FE002112
:10EBF0002046FFF7CFFDFFF76DFF48B94FF0E02348
:10EC00004FF08052C3F8042DBFF34F8FBFF36F8FC7
:10EC100010BD00BF2401012408B5294B1B681BB19E
:10EC2000284B01221A6008BD264B00221A60264B91
:10EC30001A6812681B681B6B9A420AD9234B1B681F
:10EC400003EB83018A0022498A5892B943B1013B00
:10EC5000F6E71D4B186819683431F0F74FFEEDE701
:10EC60004FF0500383F31188BFF36F8FBFF34F8FC3
:10EC7000FEE7084603EB83018A00024451684968B5
:10EC8000516003EB830C4FEA8C020832024491423C
:10EC90000FD003EB830291000D4A0A445268D168F9
:10ECA000094A116009490B6013685433094A13601B
:10ECB000B9E7486862469100054A0A445060E8E7AF
:10ECC00024010124380101244C02012444010124BF
:10ECD000C00101244807002458B110B50C46094A68
:10ECE00011681831FEF770FF01212046FFF752FD31
:10ECF00010BD4FF0500383F31188BFF36F8FBFF344
:10ED00004F8FFEE74C02012438B570B10D46144612
:10ED10000A4A11681831FEF74CFF0CB14FF0FF356D
:10ED200021462846FFF736FD38BD4FF0500383F3E8
:10ED30001188BFF36F8FBFF34F8FFEE74C020124A2
:10ED400038B5C368DC6824B304F118052846FEF71B
:10ED500054FF184B1B682BBB251D2846FEF74DFFA3
:10ED6000E06A154B1B68984201D9134B186000EB01
:10ED700080002946114B03EB8000FEF71AFFE26A80
:10ED80000F4B1B68DB6A9A4211D901200D4B1860AA
:10ED900038BD4FF0500383F31188BFF36F8FBFF37B
:10EDA0004F8FFEE729460848FEF703FFE7E70020FC
:10EDB000EEE700BF2401012444010124C001012425
:10EDC0004C020124380101247C010124034B1B68FF
:10EDD0000360034B1B684360704700BF340101248C
:10EDE00048010124F8B5C8B10C460546F9B100F058
:10EDF000E1FC1B4B19686B68C81A2268B2F1FF3F2F
:10EE000026D0184E36682F68B74201D08B4224D9DD
:10EE1000824215D80023236001241AE04FF05003EA
:10EE200083F31188BFF36F8FBFF34F8FFEE74FF06F
:10EE3000500383F31188BFF36F8FBFF34F8FFEE74B
:10EE40005B1A134423602846FFF7C0FF002400E04C
:10EE5000002400F0D1FC2046F8BD0124F9E700BFF2
:10EE60004801012434010124014B01221A6070473A
:10EE700038010124054B1B6833B1054B1B680BB1EE
:10EE80000020704702207047012070474001012494
:10EE90002401012400283ED038B50446C36A204A24
:10EEA0001268D26A93422ED28269002A05DB1C4A7C
:10EEB0001268D26AC2F107028261616903EB8303BF
:10EEC000184A02EB8303994205D0154B1B68DB6A95
:10EED000E362012038BD251D2846FEF78EFE104B4B
:10EEE0001B68D86AE062104B1B68984201D90E4B30
:10EEF000186000EB800029460A4B03EB8000FEF708
:10EF000058FE0120E6E7C26C054B1B68DB6A9A429B
:10EF100003D30020DEE7002070470120DAE700BFBE
:10EF20004C020124C00101244401012400283BD0EB
:10EF300038B504461E4B1B68834208D04FF050037F
:10EF400083F31188BFF36F8FBFF34F8FFEE7036D1D
:10EF500043B94FF0500383F31188BFF36F8FBFF3B2
:10EF60004F8FFEE7013B0365C16AC26C91421DD021
:10EF70000BB1002038BD051D2846FEF73EFEE06CB3
:10EF8000E062C0F10703A3610A4B1B68984201D9F4
:10EF9000084B186000EB80002946074B03EB80000C
:10EFA000FEF707FE0120E5E7002070470020E1E7BB
:10EFB0004C02012444010124C0010124002846D050
:10EFC00038B50446036D43B94FF0500383F31188FD
:10EFD000BFF36F8FBFF34F8FFEE7C26C8A4200D240
:10EFE0000A46E16A914201D0012B00D038BD184B8E
:10EFF0001B68A34222D0E262A369002B02DBC2F1AC
:10F000000702A261626901EB8101124B03EB8103EC
:10F010009A42EBD1251D2846FEF7EFFDE06A0E4B24
:10F020001B68984201D90C4B186000EB8000294600
:10F03000084B03EB8000FEF7BCFDD7E74FF0500311
:10F0400083F31188BFF36F8FBFF34F8FFEE77047D5
:10F050004C020124C001012444010124054B1B681A
:10F0600023B1044B1A68136D01331365014B186803
:10F07000704700BF4C02012438B505460C4600F02D
:10F0800099FB1C4B1B68D3F8A0302BB9194B1B689C
:10F09000012283F8A420BCB900F0AEFB00F08AFB8B
:10F0A000144B1B68D3F8A0402CB1E5B1114B1B6881
:10F0B0000022C3F8A0200F4B1B68002283F8A42075
:10F0C00000F09AFB204638BD11462046FFF762FB50
:10F0D0004FF0E0234FF08052C3F8042DBFF34F8F61
:10F0E000BFF36F8FD8E7034B1B68621EC3F8A020E5
:10F0F000E1E700BF4C020124F8B5F0B10D4604462B
:10F1000000F07EFCEFF311834FF0500282F3118880
:10F11000BFF36F8FBFF34F8F1E4694F8A430DBB25E
:10F12000022284F8A420D4F8A0200132C4F8A02040
:10F13000012B0BD086F31188F8BD4FF0500383F3F9
:10F140001188BFF36F8FBFF34F8FFEE7A36A43B100
:10F150004FF0500383F31188BFF36F8FBFF34F8FCE
:10F16000FEE7144B1B68FBB9271D3846FEF745FD2B
:10F17000E06A114B1B68984201D90F4B186000EBF5
:10F18000800039460D4B03EB8000FEF712FDE26A6A
:10F190000B4B1B68DB6A9A42CCD90DB101232B6063
:10F1A000084B01221A60C5E704F118010648FEF772
:10F1B00000FDECE72401012444010124C0010124E5
:10F1C0004C020124380101247C010124064B1A68F9
:10F1D00013682BB90123036023B9D36818687047FB
:10F1E0000023F8E7002070475003012408B5416070
:10F1F000006191420CD8D21A83699A4201D301204E
:10F2000008BD011D0B4B1868FEF7DEFC0020F7E778
:10F210009A422CBF00220122994238BF00220AB133
:10F220000120EDE7011D044B1868FEF7CDFC00201E
:10F23000E6E700BF4C0301245003012430B583B03E
:10F2400000F0B8FA114B1B681BB100F0D5FA03B0FF
:10F2500030BD0F4D2846FEF79EFC0E4C2046FEF7B3
:10F260009AFC0D4B1D600D4B1C60002300930C4B52
:10F270000C4A10210A20FEF7CEFD044B186000282E
:10F28000E3D00949FFF7ECF8DFE700BF48030124AA
:10F290006803012454030124500301244C03012476
:10F2A00050020124A0020124E0FF04082DE9F041EE
:10F2B000079F41B94FF0500383F31188BFF36F8F5D
:10F2C000BFF34F8FFEE7064614461D4688468FB1B2
:10F2D000FFF7B4FF3E60C7F81880FD61069B3B62F4
:10F2E000381DFEF763FC2CB197F8283043F0040377
:10F2F00087F82830BDE8F08110B588B0FFF79EFF91
:10F30000124B1B68C3B100240594069407AA06A9F2
:10F3100005A8F0F7E7FA059B0293069B019300947A
:10F320002346079A0A490B48FFF776FA0A4B1860FA
:10F3300010B1012008B010BD4FF0500383F31188C5
:10F34000BFF36F8FBFF34F8FFEE700BF4803012469
:10F35000E8FF040899F60308440301242DE9F0416D
:10F3600082B00446884617461D462C2000F0DAFB82
:10F37000064658B1002380F828300190089B00937E
:10F380002B463A4641462046FFF790FF304602B0F2
:10F39000BDE8F081B8B19C4603461848006858B3F0
:10F3A00000B585B000910192029305291CDCFFF79E
:10F3B00061FD022810D000231A4669460F480068F4
:10F3C000FEF7A0FD15E04FF0500383F31188BFF363
:10F3D0006F8FBFF34F8FFEE70023069A69460748F9
:10F3E0000068FEF78FFD04E0002362466946FEF7E1
:10F3F0004DFE05B05DF804FB002070474803012472
:10F4000070B582B01B4B1B681A6862B3DB681E685C
:10F41000DC68251D2846FEF7F0FB236A2046984746
:10F4200094F8283013F0040FECD0A36933449E42C3
:10F4300007D26360246129460E4B1868FEF7C4FBAF
:10F44000E0E7002100910B4632462046FFF7A2FF7D
:10F450000028D7D14FF0500383F31188BFF36F8F8B
:10F46000BFF34F8FFEE7044A10680249086013603B
:10F4700002B070BD500301244C03012438B5054689
:10F48000FFF796FA0446074B1B68834205D8002312
:10F490002B60044B1C60204638BDFFF7B1FF0123F1
:10F4A0002B60F6E74003012470B582B006460D4696
:10F4B00017490968C968CC68201DFEF79EFB94F8BF
:10F4C00028C01CF0040F08D12CF0010C84F828C0CF
:10F4D000236A2046984702B070BDA16933462A4688
:10F4E00031442046FFF782FE0028F1D00021009130
:10F4F0000B4632462046FFF74DFF0028E8D14FF07B
:10F50000500383F31188BFF36F8FBFF34F8FFEE774
:10F510005003012470B582B006460C46FFF740FA4E
:10F5200001A8FFF7ABFF019B3BBB0546B04228BFDC
:10F53000002C19D024B1134A12681268DAB90124D8
:10F540002246711B104B1868FEF79EFFFFF7C2FAA8
:10F55000A8B94FF0E0234FF08052C3F8042DBFF359
:10F560004F8FBFF36F8F0AE0FFF7B4FA294630469A
:10F57000FFF79AFF03E01C46E2E7FFF7ABFA02B0A1
:10F5800070BD00BF4C0301244803012410B588B0AE
:10F5900002E0049B002B0FDA002204A93D4B1868FF
:10F5A000FEF7DBFD002873D0049B002BF1DA0799EE
:10F5B0000698059B9847ECE7069C636913B1201DEC
:10F5C000FEF71BFB03A8FFF759FF049B092BE3D8A9
:10F5D000DFE803F00505053037500505303794F8AE
:10F5E000283043F0010384F82830059BA1690246C6
:10F5F00019442046FFF7FAFD0028CDD0236A2046A3
:10F60000984794F8283013F0040FC5D0A269002160
:10F6100000910B46059802442046FFF7BBFE0028E8
:10F62000BAD14FF0500383F31188BFF36F8FBFF34C
:10F630004F8FFEE794F8283023F0010384F8283038
:10F64000AAE794F8283043F0010384F8283005999C
:10F65000A16131B10346024601442046FFF7C6FDD1
:10F660009AE74FF0500383F31188BFF36F8FBFF316
:10F670004F8FFEE794F8283013F0020F04D023F0E8
:10F68000010384F8283087E7204600F0CDFA83E7AD
:10F6900008B010BD4803012400B583B001A8FFF7EE
:10F6A00095FD0199FFF736FFFFF770FFF6E768B1A8
:10F6B00010B5044600F07EF894F8283013F0010FDE
:10F6C0000DD1002400F098F8204610BD4FF05003F3
:10F6D00083F31188BFF36F8FBFF34F8FFEE70124D1
:10F6E000F0E7000082B0002301930D4B1B68B3F1DB
:10F6F000FF3F08D04FF0500383F31188BFF36F8FA3
:10F70000BFF34F8FFEE74FF0500383F31188BFF331
:10F710006F8FBFF34F8F019B002BFCD002B070475F
:10F720008004002408480068006880F308884FF0CF
:10F73000000080F3148862B661B6BFF34F8FBFF349
:10F740006F8F00DF00BF000008ED00E0DFF80C0065
:10F75000016841F4700101607047000088ED00E02D
:10F760004FF0807340F8043C21F0010140F8081C80
:10F77000054B40F80C3C40F8202C6FF0020340F899
:10F78000243C4438704700BFE5F603080000000041
:10F79000074B19680868B0E8F04F80F30988BFF399
:10F7A0006F8F4FF0000080F311887047AFF3008037
:10F7B0004C0201244FF0500383F31188BFF36F8F85
:10F7C000BFF34F8F0B4A136801331360012B00D036
:10F7D00070474FF0E023D3F8043D13F0FF0FF7D04C
:10F7E0004FF0500383F31188BFF36F8FBFF34F8F38
:10F7F000FEE700BF80040024094B1B6843B94FF0AB
:10F80000500383F31188BFF36F8FBFF34F8FFEE771
:10F81000013B034A13600BB983F31188704700BFA3
:10F820008004002400000000000000000000000030
:10F83000EFF30980BFF36F8F154B1A681EF0100F9E
:10F8400008BF20ED108A20E9F04F10602DE9090073
:10F850004FF0500080F31188BFF34F8FBFF36F8FCD
:10F86000FFF7DAF94FF0000080F3118809BC19683E
:10F870000868B0E8F04F1EF0100F08BFB0EC108A17
:10F8800080F30988BFF36F8F704700BFAFF300802C
:10F890004C02012408B54FF0500383F31188BFF3E5
:10F8A0006F8FBFF34F8FFFF789F828B14FF0E02338
:10F8B0004FF08052C3F8042D002383F3118808BD54
:10F8C0004FF0E022002313619361054B1B6805494B
:10F8D000A1FB03139B09013B53610723136170478D
:10F8E00060040024D34D62104FF0E023D3F8002DC4
:10F8F0003D4B9A421CD04FF0E023D3F8002D3B4BF8
:10F900009A421ED030B583B0394B1A78D2B20192E8
:10F91000FF221A701B78DBB28DF803309DF803309C
:10F9200003F05003334A1370334B07221A601BE075
:10F930004FF0500383F31188BFF36F8FBFF34F8FE6
:10F94000FEE74FF0500383F31188BFF36F8FBFF3CF
:10F950004F8FFEE7284A1368013B13609DF8033080
:10F960005B00DBB28DF803309DF8033013F0800F9D
:10F97000F0D1214B1B68032B08D04FF0500383F3C9
:10F980001188BFF36F8FBFF34F8FFEE71B021A4A38
:10F99000136003F4E0631360019BDBB2144A13703D
:10F9A0004FF0E024D4F8203D43F47003C4F8203D28
:10F9B000D4F8203D43F07043C4F8203DFFF780FFAA
:10F9C00000250E4B1D60FFF7C1FED4F8343F43F015
:10F9D0004043C4F8343FFFF7A5FEFFF71DF9FFF7DA
:10F9E00081FE284603B030BD71C20F4170C20F4185
:10F9F00000E400E0800301247C030124800400244F
:10FA0000EFF305830F2B0FD9114A9B5CDBB2114A30
:10FA100012789A4208D94FF0500383F31188BFF34C
:10FA20006F8FBFF34F8FFEE74FF0E023D3F80C3D0D
:10FA300003F4E063084A1268934208D94FF0500378
:10FA400083F31188BFF36F8FBFF34F8FFEE77047CB
:10FA5000F0E300E0800301247C030124124A12F049
:10FA6000070F1ED0D11D21F00701C1F53433134417
:10FA70000A460E480260002141601344083B23F00F
:10FA800007030B48036059601960991A51601360AD
:10FA9000084B1960084B1960084B4FF000421A6080
:10FAA00070474FF43433E4E7A40301249C0301249A
:10FAB0009803012490030124940301248403012466
:10FAC000164B1A461B688342FBD3516802EB010CAC
:10FAD000844509D0416800EB010C634509D00360FF
:10FAE000904219D010607047406801445160104640
:10FAF000F0E710B40A4C2468A3420BD05B681944A9
:10FB0000416013681B680360904200D010605DF88C
:10FB1000044B70470460F7E7704700BF9C03012463
:10FB20009803012438B50446FEF73AFF384B1B68AA
:10FB3000B3B1384B1B681C4250D1002C50D004F19B
:10FB4000080214F0070F02D022F007020832002A40
:10FB500055D0314B1B68934253D330490C6804E0B5
:10FB6000FFF77CFFE5E721461C466368934202D21B
:10FB70002368002BF7D1264B1B68A34243D00D68A6
:10FB8000083523680B6063689B1A102B10D9A018E6
:10FB900010F0070F08D04FF0500383F31188BFF324
:10FBA0006F8FBFF34F8FFEE743606260FFF788FF00
:10FBB000626819490B689B1A0B60194909688B42E6
:10FBC00001D217490B60134B1B681343636000237A
:10FBD0002360144A13680133136002E0002500E03B
:10FBE0000025FEF777FF15F0070F0ED04FF05003FA
:10FBF00083F31188BFF36F8FBFF34F8FFEE70025AC
:10FC0000EFE70025EDE70025EBE7284638BD00BF0C
:10FC10009803012484030124940301249C030124F8
:10FC2000900301248C030124002834D038B5044605
:10FC3000A0F1080550F8043C174A1268134208D195
:10FC40004FF0500383F31188BFF36F8FBFF34F8FD3
:10FC5000FEE750F8081C41B14FF0500383F31188C0
:10FC6000BFF36F8FBFF34F8FFEE723EA020340F825
:10FC7000043CFEF795FE54F8041C084A13680B4434
:10FC800013602846FFF71CFF054A13680133136011
:10FC9000FEF720FF38BD704784030124940301243C
:10FCA000880301240020034B1870034B01221A70B3
:10FCB000704700BFA7D30324A6D30324134A138895
:10FCC000013B1BB21380124A02EB8303D3ED007A8F
:10FCD000FDEEE77A17EE903A1BB20E4AB2F9002019
:10FCE000212A0CD0162A0DD00B49180101EB031361
:10FCF00000220A54DA605A609A6001207047C833C3
:10FD00001BB2F1E764331BB2EEE700BFC2FC032471
:10FD100040650424CAFC0324285E0524084B1B7894
:10FD200007EE903A074BB3F90020511C1980064B9F
:10FD300003EB8203F8EE677AC3ED007A0120704787
:10FD4000185E0524C2FC032440650424084B5B783C
:10FD500007EE903A074BB3F90020511C1980064B6F
:10FD600003EB8203F8EE677AC3ED007A0120704757
:10FD7000185E0524C2FC032440650424084B9B78CC
:10FD800007EE903A074BB3F90020511C1980064B3F
:10FD900003EB8203F8EEE77AC3ED007A01207047A7
:10FDA000185E0524C2FC032440650424084BDB785C
:10FDB00007EE903A074BB3F90020511C1980064B0F
:10FDC00003EB8203F8EEE77AC3ED007A0120704777
:10FDD000185E0524C2FC032440650424084B1B79EB
:10FDE00007EE903A074BB3F90020511C1980064BDF
:10FDF00003EB8203F8EEE77AC3ED007A0120704747
:10FE0000185E0524C2FC032440650424094BB3F9A1
:10FE1000083007EE903A084BB3F90020511C1980C6
:10FE2000064B03EB8203F8EEE77AC3ED007A01207C
:10FE3000704700BF185E0524C2FC032440650424FB
:10FE4000084B1B7B07EE903A074BB3F90020511C7F
:10FE50001980064B03EB8203F8EEE77AC3ED007AD4
:10FE600001207047185E0524C2FC03244065042469
:10FE700082B0344BB3F900C00CF1FF3212B21A80D9
:10FE8000314B03EB8203D3ED007AFDEEE77ACDED43
:10FE9000017ABDF90410BDF80430581E80B2B0F5E7
:10FEA000707F11D20139294B5B5C5BB94FF07E51F9
:10FEB000244BA3F800C0244B03EB820319600120FC
:10FEC00002B070470021F3E7A3F2C13080B2B0F571
:10FED000967F0DD8A1F2C1311D4B03EB8103196848
:10FEE000184BA3F800C0184B03EB82031960E6E738
:10FEF000A3F215539BB242F2B8408342DFD80029E7
:10FF000001F00101B8BF4942012908D00D4BA3F807
:10FF100000C00D4B03EB820300221A60CFE71BB237
:10FF2000002B0CDB5B100B4901EB83031968054BBD
:10FF3000A3F800C0044B03EB82031960BFE7013351
:10FF4000F0E700BFC2FC03244065042458FD0324ED
:10FF5000780A0424280F0424094B93F8D43307EEBD
:10FF6000903A084BB3F90020511C1980064B03EB63
:10FF70008203F8EE677AC3ED007A0120704700BF74
:10FF800060330024C2FC0324406504240120704730
:10FF900001207047013880B2B0F5967F0CD200B2D4
:10FFA000064B03EB800383ED000A00F52F70044B32
:10FFB00003EB800383ED000A704700BF780A042436
:10FFC000280F042410B5A0B080220021684608F054
:10FFD0004FFA2E4A1388013B1BB213802C4A02EBC6
:10FFE0008303D3ED007AFDEEE77A17EE903A1AB26A
:10FFF000284B93F8D433022B12D000231BB207EE08
:020000040804EE
:10000000903A224BB3F90020511C1980204B03EB8E
:100010008203F8EEE77AC3ED007A012020B010BD2C
:10002000531E9BB2532B21D81AB202EB4203590044
:10003000194B0B441B7A33B3174C08462044817A82
:10004000C1EB01118B0099B2C37A194489B2007BCC
:10005000C0EB001083009BB202EB4202500004444C
:10006000627B13449BB25B1A9BB2C7E754230B49D4
:10007000684608F0E9F801226946094B1878EFF75D
:10008000FDFB0023BAE70023B8E700BFC2FC03244E
:100090004065042460330024C82F0024F0FF0408C6
:1000A000CD05002408B50A4B1B7863B9094BB3F999
:1000B0000020511C1980084B03EB82034FF07E5245
:1000C0001A60012008BD0549054808F017F8EDE75A
:1000D000B0EA0524C2FC032440650424DC0A0508B8
:1000E0001800050808B5104B1B78012B16D00F4BD4
:1000F000B3F90020013A0E4B03EB8203D3ED007AF3
:10010000FDEEE77A17EE903A9BB23221094A01FBE5
:100110000321094807F0F2FF012008BD07490648FE
:1001200007F0ECFFF8E700BFA5D30324C2FC0324CB
:1001300040650424F06904242C000508A8D5032494
:1001400038B51C4B1B7833B900244FF0C80E4FF064
:10015000640C214629E01849184807F0CFFFF3E75F
:10016000174A0D0102EB0110002383604360C36056
:1001700053554FEA0C1502EB0C1083604360C360CB
:1001800053554FEA0E1502EB0E1083604360C360B7
:100190005355013109B20CF101000FFA80FC0EF148
:1001A00001020FFA82FE631C1CB2632CD8DD012011
:1001B00038BD00BFB0EA0524680A05081800050824
:1001C000285E052408B50C4B1B787BB90B4B1A88AD
:1001D0000B4B1A800B4B1A880B4B1A800B4B1A884F
:1001E0000B4B1A8001200B4B187008BD0A490B48B5
:1001F00007F084FFEAE700BFB0EA05240EFF0524FC
:1002000018FF05240CFF052416FF05240AFF05240A
:1002100014FF0524A4D303240C0A050818000508BC
:1002200008B50D4B1B7893B90C4BB3F9003007EEB2
:10023000903A0B4BB3F90020511C1980094B03EB8A
:100240008203F8EEE77AC3ED007A012008BD064983
:10025000064807F053FFE7E7B0EA052438D7032440
:10026000C2FC032440650424FC09050818000508A5
:1002700008B5064B1B7823B9054B00221A800120D4
:1002800008BD0449044807F039FFF5E7B0EA052442
:1002900038D70324EC0905081800050808B50B4BEE
:1002A0001B780BB900230AE009490A4807F026FF2A
:1002B000F8E7094AD15C094AD15401331BB2084A14
:1002C00012889342F5DB002008BD00BFB0EA052488
:1002D000D40905081800050858FD0324BCDE0324D2
:1002E00012FF052408B5174B1B7833BB164801884D
:1002F000CB1E1BB20380154A02EB830EDEED007AA3
:100300009FED137A67EE877A03F1010C02EB8C0CF8
:100310009CED007ADFED0F6A27EE267A77EE877A7A
:10032000023302EB830292ED007A77EE877ACEED0C
:10033000007A02390180012008BD0749074807F00B
:10034000DDFED3E7B0EA0524C2FC032440650424A3
:100350000000614500007042C40905081800050846
:1003600008B5174B1B7833BB16480188CB1E1BB250
:100370000380154A02EB830EDEED007A03F1010CD7
:1003800002EB8C0C9CED007AF3EE0E6A27EE267AD7
:1003900077EE877A023302EB830292ED007ADFED8B
:1003A0000B6A27EE267A77EE877ACEED007A02394D
:1003B0000180012008BD0649064807F09FFED3E7EB
:1003C000B0EA0524C2FC0324406504240080B6433F
:1003D000B40905081800050808B5164B1B7823BB9F
:1003E000154BB3F90000421E12B21A80134B03EBF7
:1003F0008203D3ED007AFDEEE77A17EE903A1BB256
:10040000591F89B2B1F5F77F0DD80D4931F9133075
:1004100007EE903A094B03EB8203F8EEE77AC3ED5F
:10042000007A054B1880012008BD0649064807F0F0
:1004300065FED5E7B0EA0524C2FC03244065042428
:100440005CF70524A40905081800050808B5154B34
:100450001B780BBB144A1388023B1BB21380134951
:1004600001EB8302D2ED007AFDEEE77A17EE902AD7
:1004700012B2013301EB8301D1ED007AFDEEE77A90
:1004800017EE903A1BB2511FB1F5F77F02D8084919
:1004900021F81230012008BD0649074807F02EFE5A
:1004A000D8E700BFB0EA0524C2FC03244065042459
:1004B0005CF70524940905081800050808B5054BE4
:1004C0001B780BB9012008BD0349044807F016FE4C
:1004D000F8E700BFB0EA0524800905081800050800
:1004E00008B5054B1B780BB9012008BD034904482A
:1004F00007F004FEF8E700BFB0EA05246C09050820
:100500001800050808B5054B1B780BB9012008BD7C
:100510000349044807F0F2FDF8E700BFB0EA0524FC
:10052000580905081800050808B5054B1B780BB9D4
:10053000012008BD0349044807F0E0FDF8E700BFCB
:10054000B0EA0524440905081800050808B5054B5C
:100550001B780BB9012008BD0349044807F0CEFD04
:10056000F8E700BFB0EA05242C09050818000508C3
:1005700008B5054B1B780BB9012008BD0349044899
:1005800007F0BCFDF8E700BFB0EA05241409050830
:100590001800050810B51E4B1B789BBB1D4CB4F909
:1005A0000030991E1C4A02EB8101D1ED007AFDEE6C
:1005B000E77A17EE901A09B207EE901A98B2411C2A
:1005C00009B2218002EB8303F8EEE77AC3ED007AEB
:1005D0008B1E02EB8303D3ED007AFDEEE77A17EE74
:1005E000903A1BB2002BB8BF5B429BB20230208016
:1005F00002EB810207EE903AF8EEE77AC2ED007A5C
:10060000012010BD0549064807F078FDC6E700BF88
:10061000B0EA0524C2FC032440650424000905084F
:100620001800050810B52DED028B82B0364B1B78F3
:10063000B3B9364B1B78C3B1354BB3F90020013A3F
:10064000344B03EB8203D3ED007AFDEEE77ACDED78
:10065000017A9DF8043008EE103A002211462BE092
:100660002D492E4807F04AFDE3E7294BB3F9002056
:10067000511E284B03EB8101D1ED007AFDEEE77AA4
:10068000CDED017A9DF80400023A03EB8203D3ED2D
:10069000007AFDEEE77ACDED017A9DF8043008EEA0
:1006A000103A32211E4B01FB00311E4808F0E9F8D8
:1006B000D3E701210132D2B21A4B9B5C2BB1303B04
:1006C000DBB2092BF5D90029F4D1114CB4F900C0E3
:1006D0001FFA8CF0421C12B22280F8EE487A0D4BC1
:1006E00003EB8C0CCCED007A0230208007EE901AE0
:1006F000F8EE677A03EB8203C3ED007A012002B0C3
:10070000BDEC028B10BD00BFB0EA0524A5D30324C5
:10071000C2FC032440650424580805081800050895
:10072000F0690424A8D50324F0B583B0154B1B78D9
:1007300013BB154FB7F90060731E144D05EB83030F
:10074000D3ED007AFDEEE77ACDED017A9DF8044015
:100750000F4932200F4B00FB043008F092F8731C55
:100760003B8005EB860507EE904AF8EE677AC5ED0B
:10077000007A012003B0F0BD0749084807F0BEFC2D
:10078000D7E700BFB0EA0524C2FC03244065042477
:10079000A8D50324F06904243008050818000508CA
:1007A000F8B5314B1B78B3BB304BB3F900703A1F2F
:1007B0002F4B03EB8202D2ED007AFDEEE77A17EEC3
:1007C000902A95B2FA1E03EB8202D2ED007AFDEE7A
:1007D000E77A17EE902A92B2B91E03EB8101D1EDB0
:1007E000007AFDEEE77A17EE901A8CB2791E03EBD1
:1007F0008103D3ED007AFDEEE77A17EE903A9EB2D0
:10080000013CA4B232211B4B01FB02311A4808F013
:1008100038F800230FE01949194807F06FFCC3E7C7
:10082000611C154A105D134A322404FB0522D05482
:1008300001339BB28CB2B342F2D3B9B24A1C12B2AA
:100840000A48028007EE905AF8EE677A084B03EBED
:100850008707C7ED007A0231018003EB8203C3ED05
:10086000007A0120F8BD00BFB0EA0524C2FC0324D1
:1008700040650424F0690424A8D503242008050851
:1008800018000508F0B583B000242546494B1B78B5
:1008900093BB494BB3F90060331F484A02EB830313
:1008A000D3ED007AFDEEE77ACDED017A9DF8047084
:1008B000F31E02EB830393ED007AFDEEC77ACDEDD4
:1008C000017A9DF80430B11E02EB810191ED007AAE
:1008D000FDEEC77ACDED017A9DF804E0711E02EBC2
:1008E000810292ED007AFDEEC77ACDED017A9DF896
:1008F00004C0013BDBB21BE03149324807F0FEFB8C
:10090000C7E701250132D2B20133DBB22E493220D2
:1009100000FB0C11885C40B12B49322505FB0E1100
:10092000C95C8142EDD00025ECE795B90133DBB21B
:10093000254A322101FB0E22D15C51B1322202FB49
:100940000CF22148825C8A42F0D15C1CE4B20022A5
:10095000DCE7B5B9B1B24A1C12B21748028007EE03
:10096000907AF8EE677A154B03EB8606C6ED007AAF
:100970000231018003EB820300221A60012003B0E0
:10098000F0BDB1B24A1C12B20B48028007EE907A59
:10099000F8EE677A094B03EB8606C6ED007A023162
:1009A000018007EE904AF8EE677A03EB8203C3ED0D
:1009B000007AE3E7B0EA0524C2FC0324406504247E
:1009C0000C08050818000508F069042408B5104B48
:1009D0001B785BB90F4B93F8D433BBB102230C4A9D
:1009E00013740C4A82F8D433012008BD0A490B481D
:1009F00007F084FBEEE70A4A0021D15401331BB211
:100A0000034AD2F8E4229342F5D3E7E70023F7E75D
:100A1000B0EA052460330024E4070508180005083F
:100A20009858042408B5114B1B7863B9104B93F800
:100A3000D433022B17D000230C4A13740C4A82F8CB
:100A4000D433012008BD0B490B4807F057FBEDE7F5
:100A50000A4A0021D15401331BB2044AD2F8E422DD
:100A60009342F5D3E7E70023F7E700BFB0EA052498
:100A700060330024CC0705081800050898580424A2
:100A800008B5174B1B7833BB164BB3F90000421E59
:100A900012B21A80144B03EB8203D3ED007AFDEE01
:100AA000E77A17EE903A1BB2591E89B2B1F5707F02
:100AB0000FD2013B0D490B4493F8D53307EE903A22
:100AC000084B1880084B03EB8203F8EEE77AC3ED7E
:100AD000007A002008BD0649064807F00FFBD3E75F
:100AE000B0EA0524C2FC03244065042460330024DA
:100AF000940705081800050808B5054B1B780BB9C5
:100B0000012008BD0349044807F0F8FAF8E700BFE0
:100B1000B0EA0524800705083400050808B5054B30
:100B20001B780BB9012008BD0349044807F0E6FA19
:100B3000F8E700BFB0EA05246C07050818000508AF
:100B400008B5184B1B781BBB174B1A88023A12B218
:100B50001A80164901EB8203D3ED007AFDEEE77AA5
:100B600017EE903A1BB2013201EB8201D1ED007A0F
:100B7000FDEEE77A17EE902A12B2002B00DD013B62
:100B8000002A0ADD1BB20A4A0121D154012008BD06
:100B90000849094807F0B2FAD6E71BB2044A002117
:100BA000D154F3E7B0EA0524C2FC032440650424D1
:100BB000985804245C0705081800050838B5554BFB
:100BC0001B780BBB544BB3F90000421E11B21980C5
:100BD000524B03EB8103D3ED007AFDEEE77A17EE7B
:100BE000903A1BB24E4A92F8D423022A11D0DFED7C
:100BF0004D7A494B1880494B03EB8103F8EEE77AB5
:100C0000C3ED007A012038BD4749484807F076FA1D
:100C1000D8E7013B9BB2532B64D81BB203EB4302D2
:100C20004FEA420C424A6244127A002A5DD0404A9E
:100C3000624492F80CE0BEF1170F0ED03D4A92F8D4
:100C400000C003EB43025400394A2244927A94458F
:100C500035D82DD0DFED337ACBE7354A6244527B6D
:100C60003B2AEBD1334C94F800C003EB43046500FE
:100C70002F4C2C44A47AA4450DD802D0DFED297A5C
:100C8000B7E72C4C657803EB43035C00284B234407
:100C9000DB7A9D422CD3E6452DD802D0DFED217AB8
:100CA000A7E7244B5B789A4228D2DFED1E7AA0E7B3
:100CB000204A55781E4A2244D27A954221D3E645ED
:100CC00022D802D0DFED177A93E71A4A547803EB63
:100CD00043035A00164B13445B7B9C4217D3DFED52
:100CE000117A86E7DFED0F7A83E7DFED0E7A80E792
:100CF000DFED0C7A7DE7DFED107A7AE7DFED0E7A33
:100D000077E7DFED087A74E7DFED0B7A71E7DFED67
:100D10000A7A6EE7B0EA0524C2FC03244065042485
:100D2000603300240000000048070508180005088B
:100D3000C82F0024185E05240100000008B5054BEB
:100D40001B780BB9012008BD0349044807F0D6F908
:100D5000F8E700BFB0EA05243407050818000508C5
:100D600008B5114B1B7873B9104B1B7883B10F4B2F
:100D700000221A700E4B1B78012B10D00D4B012254
:100D80001A70002008BD0C490C4807F0B7F9EBE7D2
:100D90000B4807F01BFA054B01221A70EAE70948D5
:100DA00007F0ACF9EAE700BFB0EA0524A7D30324B3
:100DB000A5D30324A6D30324C40A050818000508F4
:100DC00044000508A8D50324F8B51A4B1B7863BB6B
:100DD000194FB7F900309A1E184C04EB8202D2ED7D
:100DE000007AFDEEE77A17EE902A12B207EE902A0B
:100DF0009EB2751C2DB23D8004EB8303F8EEE77ABA
:100E0000C3ED007AAB1E04EB830393ED000AB7EE4B
:100E1000C00A0AF095F902363E80B7EEC00B04EB2B
:100E2000850484ED000A0120F8BD0549054807F056
:100E300065F9CDE7B0EA0524C2FC0324406504242B
:100E4000F008050818000508F8B51A4B1B7863BBB5
:100E5000194FB7F900309A1E184C04EB8202D2EDFC
:100E6000007AFDEEE77A17EE902A12B207EE902A8A
:100E70009EB2751C2DB23D8004EB8303F8EEE77A39
:100E8000C3ED007AAB1E04EB830393ED000AB7EECB
:100E9000C00A0AF0A9F902363E80B7EEC00B04EB97
:100EA000850484ED000A0120F8BD0549054807F0D6
:100EB00025F9CDE7B0EA0524C2FC032440650424EB
:100EC000E008050818000508F8B51A4B1B7863BB45
:100ED000194FB7F900309A1E184C04EB8202D2ED7C
:100EE000007AFDEEE77A17EE902A12B207EE902A0A
:100EF0009EB2751C2DB23D8004EB8303F8EEE77AB9
:100F0000C3ED007AAB1E04EB830393ED000AB7EE4A
:100F1000C00A0AF0B5F902363E80B7EEC00B04EB0A
:100F2000850484ED000A0120F8BD0549054807F055
:100F3000E5F8CDE7B0EA0524C2FC032440650424AB
:100F4000D008050818000508F8B51A4B1B7863BBD4
:100F5000194FB7F900309A1E184C04EB8202D2EDFB
:100F6000007AFDEEE77A17EE902A12B207EE902A89
:100F70009EB2751C2DB23D8004EB8303F8EEE77A38
:100F8000C3ED007AAB1E04EB830393ED000AB7EECA
:100F9000C00A09F059FF02363E80B7EEC00B04EBE1
:100FA000850484ED000A0120F8BD0549054807F0D5
:100FB000A5F8CDE7B0EA0524C2FC0324406504246B
:100FC000C008050818000508F8B51A4B1B7863BB64
:100FD000194FB7F900309A1E184C04EB8202D2ED7B
:100FE000007AFDEEE77A17EE902A12B207EE902A09
:100FF0009EB2751C2DB23D8004EB8303F8EEE77AB8
:10100000C3ED007AAB1E04EB830393ED000AB7EE49
:10101000C00A09F0EDFE02363E80B7EEC00B04EBCD
:10102000850484ED000A0120F8BD0549054807F054
:1010300065F8CDE7B0EA0524C2FC0324406504242A
:10104000B008050818000508F8B51A4B1B7863BBF3
:10105000194FB7F900309A1E184C04EB8202D2EDFA
:10106000007AFDEEE77A17EE902A12B207EE902A88
:101070009EB2751C2DB23D8004EB8303F8EEE77A37
:10108000C3ED007AAB1E04EB830393ED000AB7EEC9
:10109000C00A09F059FF02363E80B7EEC00B04EBE0
:1010A000850484ED000A0120F8BD0549054807F0D4
:1010B00025F8CDE7B0EA0524C2FC032440650424EA
:1010C000A008050818000508F8B51A4B1B7863BB83
:1010D000194FB7F900309A1E184C04EB8202D2ED7A
:1010E000007AFDEEE77A17EE902A12B207EE902A08
:1010F0009EB2751C2DB23D8004EB8303F8EEE77AB7
:10110000C3ED007AAB1E04EB830393ED000AB7EE48
:10111000C00A09F0F9FE02363E80B7EEC00B04EBC0
:10112000850484ED000A0120F8BD0549054806F054
:10113000E5FFCDE7B0EA0524C2FC032440650424A2
:101140009008050818000508F8B51A4B1B7863BB12
:10115000194FB7F900309A1E184C04EB8202D2EDF9
:10116000007AFDEEE77A17EE902A12B207EE902A87
:101170009EB2751C2DB23D8004EB8303F8EEE77A36
:10118000C3ED007AAB1E04EB830393ED000AB7EEC8
:10119000C00A09F085FE02363E80B7EEC00B04EBB4
:1011A000850484ED000A0120F8BD0549054806F0D4
:1011B000A5FFCDE7B0EA0524C2FC03244065042462
:1011C0008008050818000508F8B52C4B1B787BBB78
:1011D0002B4B1B788BB32B4BB3F90020013A2A4BD6
:1011E00003EB8203D3ED007AFDEEE77A17EE903A37
:1011F0009CB2244FB7F900309EB2751C2DB23D80D1
:1012000007EE904AF8EE677A1F4C04EB8303C3EDB8
:10121000007A1E48DFF7C4F807EE900A02363E80D7
:10122000F8EE677A04EB8504C4ED007A0120F8BD7E
:101230001749184806F062FFCAE7124BB3F90010CD
:101240004B1E114A02EB8303D3ED007AFDEEE77AE1
:1012500017EE903A9BB2023902EB8102D2ED007A8E
:10126000FDEEE77A17EE902A94B232210A4A01FB8A
:101270000321064807F005FBBBE700BFB0EA0524E1
:10128000A5D30324C2FC032440650424A8D5032469
:101290006C08050818000508F06904242DE9F04FD2
:1012A00083B04FF0000A5E4B1B78002B3FD15D4BA3
:1012B000B3F900B0ABF104025B4B03EB8202D2ED59
:1012C000007AFDEEE77ACDED007A9DF80090ABF163
:1012D000030203EB8202D2ED007AFDEEE77ACDED58
:1012E000007A9DF80070ABF1020203EB8202D2EDAE
:1012F000007AFDEEE77ACDED007A9DF800800BF1E3
:10130000FF3203EB8203D3ED007AFDEEE77ACDEDF9
:10131000007A9DF8003001933220444B00FB0730E7
:10132000DFF73EF8C0B20024254600941FE0404994
:10133000404806F0E3FEBAE74FF0010A0133DBB2A2
:101340000134E4B2394A322101FB0822D65C4EB1A5
:10135000364A322101FB0722125DB242ECD04FF037
:10136000000AEBE7BAF1010F10D00134E4B22F4BC1
:10137000322202FB07331B5D83B3322202FB08F2E9
:101380002A498A5C9A42F0D10023DBE7009B0133B3
:10139000DBB20093019A9A4206D0019B0133009A76
:1013A0009A4203D0B246E0E72546F6E732201F4BCB
:1013B00000FB0830DEF7F4FF201AC0B20138C0B2DB
:1013C000B246D2E75C1C194A322101FB0726765D42
:1013D00001FB0922D6540135EDB2E3B28542F1D9C1
:1013E000124A322101FB09220021D1541FFA8BF14C
:1013F0004A1C12B20B48028007EE909AF8EE677A08
:10140000094B03EB8B0BCBED007A0231018003EB30
:101410008203C3ED007A012003B0BDE8F08F00BF66
:10142000B0EA0524C2FC032440650424F0690424C6
:10143000F80705081800050838B52B4B1B786BBB5F
:101440002A4B1B787BB32A4BB3F90020013A294B76
:1014500003EB8203D3ED007AFDEEE77A17EE903AC4
:101460009CB2234DB5F900305A1C2A8007EE904AF1
:10147000F8EE677A1F4C04EB8303C3ED007A1E4835
:1014800004F0F6FFB5F900305A1C2A80B7EEC00B05
:1014900004EB830484ED000A012038BD1749184885
:1014A00006F02CFECCE7124BB3F900104B1E114A8C
:1014B00002EB8303D3ED007AFDEEE77A17EE903A64
:1014C0009BB2023902EB8102D2ED007AFDEEE77A9F
:1014D00017EE902A94B232210A4A01FB03210648F2
:1014E00007F0CFF9BDE700BFB0EA0524A5D3032478
:1014F000C2FC032440650424A8D50324440805083D
:1015000018000508F06904242DE9F0439BB064221B
:10151000002101A806F0ACFF844B1B7813B9844B63
:10152000002605E08349844806F0E8FDF7E701332B
:101530001C7824B1F82CFAD10136F6B2F7E77C4DCD
:101540000027B84644E0002204F168036B4403F826
:10155000642C6B78413B332B35D8DFE803F04834FB
:10156000341A343434343434343434343434346227
:10157000347C3434343434343434343434344834CF
:10158000341A343434343434343434343434346207
:10159000347C6A4BB3F900309B1B4344684A02EB2E
:1015A0008303D3ED007AFDEEE77ADFF8AC9117EE16
:1015B000903A1AB26349484606F046FE07B24946D9
:1015C00001A806F05DFF3C44E4B2023508F10108D1
:1015D0002B78002B62D0F82BB5D0621C04F1680187
:1015E0000DEB010404F8643C0135D4B2F0E7534B31
:1015F000B3F900309B1B4344514A02EB8303D3ED04
:10160000007ADFF85491B7EEE77A53EC172B4E4986
:10161000484606F019FE07B2494601A806F030FF19
:10162000D1E7464BB3F900309B1B4344444A02EBDD
:101630008303D3ED007ADFF82091B7EEE77A53EC1D
:10164000172B4249484606F0FFFD07B2494601A85C
:1016500006F016FFB7E7394BB3F900309B1B434444
:10166000374A02EB8303D3ED007AFDEEE77A384B7D
:1016700017EE902A03EB8203D3ED007ADFF8D890BF
:10168000B7EEE77A53EC172B3049484606F0DCFDFD
:1016900007B2494601A806F0F3FE94E704F1680298
:1016A0000DEB0204002204F8642C244AB2F9007005
:1016B000BE1B013E224A02EB8602D2ED007AFDEE0D
:1016C000E77A17EE902A14B2194601E00133DBB233
:1016D00003F168026A4412F8642C4AB1272AF5D053
:1016E0001C48322505FB040042540131C9B2EDE724
:1016F000184B322202FB043300225A54B9B24A1C5E
:1017000012B20E48028007EE904AF8EEE77A0C4BD0
:1017100003EB8707C7ED007A0231018003EB8203F8
:10172000C3ED007A01201BB0BDE8F083B0EA0524C8
:10173000A8D50324BC07050818000508C2FC03242B
:1017400040650424580005085C000508640005088D
:1017500018010424F0690424585C042408B53B4BA8
:101760001B78002B4BD13A4BB3F90020911E394B1B
:1017700003EB8101D1ED007AFCEEE77A17EE900AD7
:10178000013A03EB820393ED000A002847D02F4B68
:10179000D3F8F032834239D2431F072B3FD8B5EE3E
:1017A000400AF1EE10FA0CBF01220022F7EE007A97
:1017B000B4EE670AF1EE10FA08BF42F0010272B30C
:1017C000B4EE670AF1EE10FA2BD10121224AD1546E
:1017D0001E4A1A4482F8F412204A1A4482F8D51399
:1017E0001A4A1A4492F8F41292F8B426914224D17B
:1017F0001B4B01221A701B4B05221A600FE00122BD
:1018000019491A4B1878EEF739F8ACE7421E184B15
:1018100003EB820383ED000AD0B204F0EFF901205C
:1018200008BD00210C4AD154084A1A4482F8F41227
:101830000A4A1A4482F8D513D2E7044A134483F8BB
:10184000B416043804F010FCD2E700BFB0EA052457
:10185000C2FC032440650424985804246033002407
:10186000DC000124700400246C000508CD05002470
:10187000D8FC032438B5114B1B68F3B1002400E0F9
:1018800001340F4BB3F90030A34210DD04EB4403E5
:101890009D000A4B1B682B4498680028F0D004F088
:1018A000F7FD064B1B682B4400229A60E8E7034CC7
:1018B000206804F0EDFD0023236038BD1CFF0524E3
:1018C000D0FC0324014B1868704700BF4CF7052477
:1018D00070B5264B1B78002B3DD1254B1E88B41EBE
:1018E00024B21C80234A02EB8403D3ED007AFDEE80
:1018F000E77A17EE903A1BB2611C02EB8102D2ED3F
:10190000007A1D4AB2F90020212A29D0162A2AD0AD
:101910001A461B0119490120C854F5EE407AF1EE30
:1019200010FA03D1B7EE007A77EE877A134D05EB04
:101930000215FDEEE77AC5ED027AFFF7C3FF686096
:101940000020E860013E0A4B1E800A4B03EB840333
:1019500000221A6070BD0A490A4806F0CFFBBCE7B6
:10196000C8331BB2D4E764331BB2D1E7B0EA052415
:10197000C2FC032440650424CAFC0324285E052419
:10198000AC0A05081800050870B582B0584B1D88D0
:10199000AC1E24B21C80574B03EB8402D2ED007ABC
:1019A000FDEEE77ACDED017ABDF90410621C03EB80
:1019B0008203D3ED007ABDF804305A1E92B2622A37
:1019C00036D84D4AB2F90020212A3CD0162A3DD003
:1019D0000E460B01494AD35C002B3AD0022B5FD054
:1019E000FFF770FF07EE900AF8EE677A434B03EBC0
:1019F000061393ED017AB8EEC77A77EEC77A93EDC6
:101A0000037AB8EEC77A77EE877A93ED027AB8EE6A
:101A1000C77AB4EEE77AF1EE10FA5DD9013D344BA6
:101A20001D80344B03EB840300221A60002008E081
:101A3000013D2F4B1D802F4B03EB840300221A60C6
:101A4000002002B070BDC83319B2C1E7643319B2C7
:101A5000BEE70901134601225A54B7EE007AF4EEAC
:101A6000C77AF1EE10FA17D4244B03EB0613FDEE00
:101A7000E77AC3ED027AFFF725FF204B03EB06134D
:101A800058600020D860013D194B1D80194B03EBB5
:101A9000840300221A60D4E703EB06139A60EAE796
:101AA000164B03EB0113DA689B689A420ADB013D8F
:101AB0000F4B1D800F4B03EB84034FF07E521A60D7
:101AC0000120BEE7013D0A4B1D800A4B03EB840356
:101AD00000221A600020B4E7013D054B1D80054B34
:101AE00003EB84034FF07E521A600120A9E700BF88
:101AF000C2FC032440650424CAFC0324285E052498
:101B000010B51D4B1B784BBB1C4A1388013B1BB205
:101B100013801B4A02EB8303D3ED007AFDEEE77AD4
:101B200017EE903A1BB2174AB2F90020212A1AD0B8
:101B3000162A1BD01A0114498A5C012A19D10A46B7
:101B4000190102EB031402235354FFF7BBFE636831
:101B5000C01AE3680344E360012010BD0B490C4840
:101B600006F0CCFAD0E7C8331BB2E3E764331BB20C
:101B7000E0E70020F1E700BFB0EA0524C2FC03243F
:101B800040650424CAFC0324285E0524980A05083D
:101B90001800050810B51A4B1B7823BB194A138887
:101BA000013B1BB21380184A02EB8303D3ED007A8A
:101BB000FDEEE77A17EE903A1CB2144BB3F9003001
:101BC000212B15D0162B16D02301114AD35C022BE2
:101BD00014D1FFF777FE0E4B220103EB0414606073
:101BE0000120985410BD0B490B4806F087FAD5E741
:101BF000C83424B2E8E7643424B2E5E70020F1E712
:101C0000B0EA0524C2FC032440650424CAFC032472
:101C1000285E0524800A05081800050870B5324BB7
:101C20001B7883BB314BB3F900506C1E24B21C806F
:101C30002F4B03EB8403D3ED007AFDEEE77A17EE2A
:101C4000903A1BB22B4AB2F90020212A20D0162A42
:101C500021D01E461B01284AD35CFBB9234B1D80B3
:101C6000234B03EB840300221A60204BB3F90020BE
:101C70001F4B03EB8203D3ED007AFDEEE77A17EEFC
:101C8000903A18B270BD1D491D4806F037FAC9E7F1
:101C9000C8331BB2DDE764331BB2DAE7022B14D082
:101CA000FFF710FE144B03EB06135A68801ADB682B
:101CB00018440E4B1D8007EE900AF8EE677A0C4B25
:101CC00003EB8403C3ED007ACFE70B4B03EB061362
:101CD000D3ED037A054B1D80F8EEE77A044B03EB56
:101CE0008403C3ED007AC0E7B0EA0524C2FC0324F4
:101CF00040650424CAFC0324285E0524540A050810
:101D00001800050870B5184B1B784BB9174BB3F981
:101D10000030212B0BD0162B07D0002400250CE01F
:101D20001349144806F0EAF9F0E76424F6E7C824FA
:101D3000F4E7013424B201352DB2632D11DC230107
:101D40000D4AD35C022BF4D0230102EB04160221CE
:101D5000D154FFF7B7FD7368C01AF3680344F3600A
:101D6000E7E7012070BD00BFB0EA0524CAFC0324E8
:101D70003C0A050818000508285E052470B5164BB6
:101D80001B784BB9154BB3F90030212B0BD0162B18
:101D900007D00024002514E01149124806F0AEF9DE
:101DA000F0E76424F6E7C824F4E7230102EB041605
:101DB0000121D154FFF786FD7060013424B2013552
:101DC0002DB2632D05DC2301074AD35C022BECD036
:101DD000F3E7012070BD00BFB0EA0524CAFC03246C
:101DE000200A050818000508285E052410B5134BC5
:101DF0001C8822461249134806F04BFD224600215A
:101E0000114806F035FB002304E0104A002050542E
:101E100001331BB21946A3420EDA0C4AD25C002AE7
:101E2000F6D0074810F801C00948405C8445ECD062
:101E3000013206484254EBE710BD00BF12FF0524F3
:101E400058FD0324FCE90324FCDA03247CE2032488
:101E5000BCDE0324012000230CE018494FF0000CE5
:101E600001F803C01FE01649CA5C0132CA5400E001
:101E700000200133134A12889A421DDD124AD25CB7
:101E8000002AF6D0114AD15C114AD25C9142F0D0BE
:101E90001049C95C0029EBD0002ADED007494FF079
:101EA000010C01F803C00C49CA540C49C95C002953
:101EB000D9D00649CA54DCE7704700BF98580424BB
:101EC0007CE2032412FF0524FCDA032458FD0324DA
:101ED000FCE903243CE60324BCDE032448FB052480
:101EE00030B5C3B005460024409441944FF480724D
:101EF0002146684606F0BCFA48F20500E5F798FB73
:101F00000DE000238DF8043104EB840348F2050250
:101F10001A44052140A8E5F7B7FB18BB0134B4F516
:101F2000FA7F2ADA194904F2D47301EB83031B68A0
:101F3000174A13608DF80031C3F307228DF8012191
:101F4000C3F307428DF80221C3F307638DF8033111
:101F5000214444F26063CB5C002BD2D001238DF886
:101F60000431D1E72A460B49684606F06DF9012293
:101F70006946094B1878EDF781FCB4F5FA7F02D178
:101F8000002043B030BD4FF0FF30FAE754A20524E3
:101F9000A8EA052498000508CD050024F0B5A5B0F1
:101FA0000024229423948022214602A806F060FA9D
:101FB0000DE03C4A3C4902A806F046F9012202A97C
:101FC0003A4B1878EDF75AFC002364E00134B4F57D
:101FD000FA7FF9DA04EB840348F205021A4405217A
:101FE00022A8E5F75DFC0028E3D19DF88820304B5E
:101FF0001A709DF889205A709DF88A209A709DF871
:102000008B20DA709DF88C202A4B234444F26061C7
:102010005A54012ADAD1264B93ED007A04F2D47295
:10202000244B03EB820383ED007A234D05EB8405FB
:1020300085ED007A214FB7EEC77A8DED007B224601
:10204000394602A806F000F9184E012202A930789C
:10205000EDF714FC95ED007AB7EEC77A8DED007BB5
:102060002246394602A806F0EFF8012202A930788C
:10207000EDF704FCAAE7124A32F8131003F68310B6
:1020800001F2D4710B4A02EB810211680D4A02EB96
:10209000800211600133B3F5FA7FECDB002025B03C
:1020A000F0BD00BFEC0A0508B8000508CD05002406
:1020B000A8EA052454A20524A8020424D400050893
:1020C0008C5C0424280F042400EB012000B270472C
:1020D0000278054B1A7042785A7082789A70C278EA
:1020E000DA7093ED000A7047ACEA052410B5C0B071
:1020F0000446B0F5707F0ED81E4BB3F900300B2BA1
:102100001BD0162B2AD01C4B03221A551B4B012225
:102110001A5540B010BD4FF480720021684606F099
:10212000A7F922461649684606F08EF8012269464C
:10213000144B1878EDF7A2FBDEE70F4B1B5D012B6C
:1021400006D90E4B1B5D1BB90F4B01221A55E0E758
:102150000123094A1355094A1355DAE7064B1B5D5B
:10216000032BD6D0044B02221A55044B01221A55D8
:10217000CFE700BFCAFC0324FCDA0324FCE90324F4
:10218000E8000508CD0500243CD70324064B1B5C62
:102190001BB1064A138801331380054B185CB0FA53
:1021A00080F04009704700BF7CE20324C8FC032490
:1021B00058FD0324134BB3F900300B2B08D0162B1A
:1021C00019D0114B03221A54104B00221A54704795
:1021D0000D4B1B5C012B03D90C4B1B5C012B06D058
:1021E000094B01221A54094B00221A547047084B1C
:1021F00001221A547047044B02221A54034B002246
:102200001A547047CAFC0324FCDA0324FCE90324B3
:102210003CD7032438B504468B1E3C4800EB8303AF
:1022200093ED007A07EE901AF8EEE77A77EEC77A28
:10223000B0EE007A77EEC77AFDEEE77A17EE903AC5
:1022400019B253009BB20B441BB200EB8302D2EDD8
:10225000007AFDEEE77A17EE902A12B2013300EB16
:102260008300D0ED007AFDEEE77A17EE900A05B212
:10227000013A042A2CD8DFE802F003202C3844006D
:10228000234BB3F90020234B03EB8203D3ED007AF9
:10229000FDEEE77A17EE903A3BB1A8B2FFF726FFC2
:1022A000B4B11D4B01225A5512E0A8B2FFF782FFCC
:1022B00074B1194B00225A550AE0154BB3F90020AE
:1022C000144B03EB820393ED000A2846FDF762FEF0
:1022D00038BD0F4BB3F900200E4B03EB82031A6895
:1022E0000E4B03EB85031A60F2E7094AB2F90010BE
:1022F000084A02EB81021168044A02EB8303196069
:10230000E6E72A462046FFF785FFE1E790600424D0
:10231000C2FC03244065042498580424A802042421
:1023200010B5831E354C04EB830393ED007A07EE62
:10233000900AF8EEE77A77EEC77AB0EE007A77EE99
:10234000C77AFDEEE77A17EE903A18B24B009BB2CF
:1023500003441BB204EB8302D2ED007AFDEEE77A70
:1023600017EE902A12B2013304EB830494ED007A45
:10237000FDEEC77A17EE903A19B2531E042B14D80B
:10238000DFE803F00314212E380088B2FFF7FEFEC9
:1023900007EE900A1A4BB3F90020013A194B03EBF0
:1023A0008203F8EEE77AC3ED007A10BD144BB3F95F
:1023B0000020013A144B03EB81031968114B03EB26
:1023C00082031960F1E70E4BB3F90020013A0F4B7D
:1023D00003EB810319680B4B03EB82031960E4E7FD
:1023E000074BB3F90020013A064B03EB820383ED60
:1023F000007ADAE7FFF794FFD7E700BF9060042484
:10240000C2FC032440650424780A0424A80204249E
:102410002DE9F04168B10E4601460025DE4B1D70E6
:10242000DE4B1D70DE4C204606F02BFADD4B1D8086
:102430003DE00122DC49DD4B1878EDF71FFA9FEDF6
:10244000DC0A00F0C1BD14F8013C2D2B0FD0204652
:1024500004F00EF8D34BB3F90020511C1980B7EEED
:10246000C00BD44B03EB820383ED000A10E0601E27
:1024700003F0FEFFCB4BB3F90020511C1980B7EEDF
:10248000C00BCC4B03EB820383ED000A00E0013468
:102490002378C94AD25C12F0040FF8D12E2BF6D063
:1024A0002D2BF4D003E0BF4B00221A800134237897
:1024B000002B00F07F85A3F13002D2B22E2B18BF83
:1024C000092AC0D99A1E8E2A00F2678501A151F807
:1024D00022F000BF592A04089B2F04089B2F0408F0
:1024E0009B2F04089B2F04089B2F04089B2F040894
:1024F0009B2F04089B2F04089B2F04089B2F040884
:102500009B2F04089B2F04089B2F04089B2F040873
:102510009B2F04089B2F04089B2F04089B2F040863
:102520009B2F04089B2F04089B2F04089B2F040853
:102530009B2F04089B2F04089B2F04089B2F040843
:102540009B2F04089B2F04089B2F04089B2F040833
:10255000112704089B2F0408AD2404089B2F0408AE
:102560009B2F0408892804089B2F04089B2F04082C
:102570009B2F0408BD2704083F2704089B2F04084D
:10258000672704089B2F0408E52704089B2F0408ED
:102590009B2F04089B2F04089B2F04089B2F0408E3
:1025A0009B2F04089B2F04089B2F04089B2F0408D3
:1025B0009B2F04089B2F0408A72404080D28040857
:1025C0006D2D04084B2804089B2F04089B2F04083A
:1025D0009B2F04089B2F04089B2F04089B2F0408A3
:1025E0009B2F04089B2F04089B2F04089B2F040893
:1025F0009B2F04089B2F04089B2F04089B2F040883
:102600009B2F04089B2F04089B2F04089B2F040872
:102610009B2F04089B2F04089B2F04089B2F040862
:102620009B2F04089B2F04089B2F04089B2F040852
:102630009B2F04089B2F04089B2F04089B2F040842
:102640009B2F04089B2F04089B2F04089B2F040832
:102650009B2F04089B2F04089B2F04089B2F040822
:102660009B2F04089B2F04089B2F04089B2F040812
:102670009B2F04089B2F04089B2F04089B2F040802
:102680009B2F04089B2F04089B2F04089B2F0408F2
:102690009B2F04089B2F04089B2F04089B2F0408E2
:1026A0009B2F04089B2F04089B2F04089B2F0408D2
:1026B0009B2F04089B2F04089B2F0408E128040883
:1026C0009B2F04089B2F04089B2F0408392904081A
:1026D00077290408B5290408F32904085D2A0408A9
:1026E000652D0408972A0408652D0408DD2A0408CE
:1026F000652D04082D2B0408652D0408552B0408AE
:102700004F2F04089B2F0408052B0408652D04088F
:10271000244BB3F90030013B264A02EB8302D2ED91
:10272000007AF5EE407AF1EE10FA06D14FF07E51C4
:10273000204A02EB83031960B8E60021F8E7194844
:10274000B0F900309A1E1B4901EB8202D2ED007AEB
:102750005F1E01EB870191ED007A77EE877AC2ED7B
:10276000007A0780A2E66378232B7FF49FAE0D48A2
:10277000B0F900309A1E0F4901EB8202D2ED007AC7
:102780005F1E01EB870191ED007A77EEC77AC2ED0B
:10279000007A07808AE600BFA5D50324A5D30324C9
:1027A000B0D30324C2FC032400010508CD05002496
:1027B0000000000040650424810D0508C048B0F900
:1027C00000309A1EBF4901EB8202D2ED007A5F1EF3
:1027D00001EB870191ED007A67EE877AC2ED007A0E
:1027E000078063E6B648B0F900309A1EB54901EBA0
:1027F0008202D2ED006A5F1E01EB870191ED007A43
:10280000C6EE877AC2ED007A07804FE6AC4BB3F98B
:102810000030991EAB4A02EB810090ED007A581E01
:1028200002EB8002D2ED007AB4EEE77AF1EE10FA14
:1028300009D54FF07E50A34A02EB81021060013BA4
:102840009F4A138032E60020F5E79D4BB3F9003034
:10285000991E9C4A02EB810090ED007A581E02EB13
:102860008002D2ED007AB4EEE77AF1EE10FA09DDDB
:102870004FF07E50934A02EB81021060013B904A78
:10288000138013E60020F5E78D4BB3F90030991E55
:102890008C4A02EB8102D2ED007AF5EE407AF1EE3D
:1028A00010FA0DD0581E874A02EB8002D2ED007A52
:1028B000F5EE407AF1EE10FA0FD1DFED837A01E008
:1028C000DFED817A7F4A02EB8102F8EEE77AC2ED12
:1028D000007A013B7A4A1380E8E5DFED7C7AF1E784
:1028E000774BB3F90030991E764A02EB8102D2EDA4
:1028F000007AF5EE407AF1EE10FA0DD1581E714AC9
:1029000002EB8002D2ED007AF5EE407AF1EE10FA99
:102910000FD0DFED6E7A01E0DFED6C7A694A02EBF1
:102920008102F8EEE77AC2ED007A013B644A138037
:10293000BCE5DFED657AF1E7614BB3F90030991E34
:10294000604A02EB810090ED007A581E02EB800293
:10295000D2ED007AB4EEE77AF1EE10FA09DB4FF02F
:102960007E50584A02EB81021060013B544A1380AA
:102970009CE50020F5E7524BB3F90030991E514A0F
:1029800002EB810090ED007A581E02EB8002D2ED3E
:10299000007AB4EEE77AF1EE10FA09D84FF07E50E3
:1029A000484A02EB81021060013B454A13807DE5F5
:1029B0000020F5E7424BB3F90030991E414A02EB83
:1029C000810090ED007A581E02EB8002D2ED007A71
:1029D000B4EE677AF1EE10FA09D14FF07E50394A21
:1029E00002EB81021060013B354A13805EE5002056
:1029F000F5E7334BB3F90030991E324A02EB810000
:102A000090ED007A581E02EB8002D2ED007AB4EE0F
:102A1000677AF1EE10FA09D04FF07E50294A02EBA6
:102A200081021060013B264A13803FE50020F5E754
:102A3000591E274842540133DBB2E25C032AF7D126
:102A4000013B23480022C254224B01221A70DDF7B9
:102A5000A7FC831C1C4429E50123EEE7DFF8608016
:102A6000B8F90030013B174F07EB8303D3ED007A31
:102A7000FDEEE77A17EE903A98B2FFF787FB07EE84
:102A8000900AB8F90030013B07EB8303F8EEE77AD0
:102A9000C3ED007A0AE50A4BB3F90030013B094A5D
:102AA00002EB8302D2ED007AFDEEE77A17EE903A60
:102AB0001BB2094901EB83031B681360F6E400BFF6
:102AC000C2FC032440650424000000000100000053
:102AD000A8D50324A5D30324780A0424B64BB3F95C
:102AE0000030013BB54A02EB8302D2ED007AFDEEE5
:102AF000E77A17EE903A1BB2B14901EB83031B68EA
:102B00001360D3E4AC4BB3F90030013BAB4A02EBAA
:102B10008302D2ED007AFDEEE77A17EE903A1BB20F
:102B2000A84901EB83031B681360BFE4A24BB3F910
:102B30000020013AA14B03EB8203D3ED007AFDEEB6
:102B4000E77A17EE903A19B29F4BB3F90000FFF7FE
:102B5000E7FBABE49D4BB3F900300B2B5ED0162B9B
:102B600000F0AB80944A1388013B1BB21380DFF85E
:102B700058C2BCF900108FB27A1C12B2ACF8002017
:102B8000934C04EB810107EE905AF8EEE77AC1ED21
:102B9000007A90490868904DB5F9001001EB4101A9
:102BA00000EB8101898807EE901A0237ACF80070BB
:102BB00004EB8202F8EE677AC2ED007A7F4A02EBFC
:102BC0008303D3ED007AFDEEE77A17EE903A834A5D
:102BD000128812FA83F3824A128812FA83F31BB224
:102BE0002B80D4ED027AB7EE007A77EE877AC4EDC7
:102BF000027A03EB430300EB83037A4C9968204687
:102C000005F03FFE3B21204605F049FC08B10022BB
:102C100002700025684B1D80724C48E4664F3B886B
:102C2000013B1BB23B80DFF8A0E1BEF900101FFAA8
:102C300081FC0CF1010212B2AEF80020644C04EBEE
:102C4000810107EE905AF8EEE77AC1ED007A61490A
:102C50000868654DB5F9001001EB410100EB8101F9
:102C6000898807EE901A0CF1020CAEF800C004EB54
:102C70008202F8EE677AC2ED007A504A02EB8303D3
:102C8000D3ED007AFDEEE77A17EE903A1BB22B8077
:102C9000D4ED007AB7EE007A77EE877AC4ED007A49
:102CA00003EB430300EB83034E4C9968204605F089
:102CB000E8FD00253D80FFF7FABB3F4F3B88013B15
:102CC0001BB23B80DFF800E1BEF900001FFA80FC78
:102CD0000CF1010109B2AEF800103D4A02EB800090
:102CE00007EE905AF8EEE77AC0ED007A39480468AA
:102CF0003E4DB5F9000000EB400004EB80008088F9
:102D000007EE900A0CF1020CAEF800C002EB810154
:102D1000F8EE677AC1ED007A284901EB8303D3ED21
:102D2000007AFDEEE77A17EE903A2C49098811FAFD
:102D300083F31BB22B8002F2AC42D2ED007AB7EEE5
:102D4000007A77EE877AC2ED007A03EB430304EB57
:102D50008303244C9968204605F093FD00253D80AF
:102D6000FFF7A5BB224A1370FFF7A0BB124A1388D6
:102D7000013B1BB213801E4A1278853A0B2A3FF69C
:102D800095AB01A151F822F0F52D0408AD240408FB
:102D9000972E0408AD240408C72E0408AD240408A7
:102DA000F52E0408AD240408AD240408AD2404085D
:102DB000AD240408212F0408C2FC03244065042428
:102DC000A802042418010424C4FC0324CAFC03241C
:102DD000906004241CFF052414FF0524D6FC032462
:102DE000D4FC0324B0D3032418FF052416FF0524C4
:102DF000A5D50324754A02EB8302D2ED007AFDEEDD
:102E0000E77A17EE902A12B212B35A1E6F4B03EBF9
:102E10008203D3ED007AFDEEE77A17EE903A98B28E
:102E2000FFF764F9002E3FF441AB694BB3F9002082
:102E3000013A664B03EB8203D3ED007AFDEEE77AAD
:102E400017EE903A1BB2634A0121D154FFF72EBB13
:102E50005A1E5E4B03EB8203D3ED007AFDEEE77A58
:102E600017EE903A98B2FFF7A5F9002E3FF41EAB8B
:102E7000574BB3F90020013A544B03EB8203D3EDD7
:102E8000007AFDEEE77A17EE903A1BB2514A002124
:102E9000D154FFF70BBB591E4C4A02EB8101D1ED17
:102EA000007AFDEEE77A17EE901A88B2013002EB55
:102EB000830292ED000A00B2FDF76CF8464B002247
:102EC0001A70FFF7F3BA5A1E404901EB8202D2EDA5
:102ED000007AFDEEE77A17EE902A12B201EB830139
:102EE00009683E4B03EB820319603B4B00221A70CA
:102EF000FFF7DCBA5A1E354B03EB8203D3ED007AA1
:102F0000FDEEE77A17EE903A1AB2354BB3F900109E
:102F10003046FFF77FF9304B00221A70FFF7C6BA30
:102F20005A1E2A4901EB8202D2ED007AFDEEE77AC1
:102F300017EE902A12B201EB83010968294B03EBCB
:102F400082031960244B00221A70FFF7AFBA204A9F
:102F50001388023B1BB21380214FB7F9000081B2E6
:102F600001F1010E0FFA8EFEA7F800E0174A02EBFE
:102F7000830CDCF80080DFF874C00CEB8000C0F834
:102F8000008001330231398002EB830212680CEBBE
:102F90008E031A600235FFF789BA03F16902D2B2D3
:102FA000582A3FF683AA973B0F4A52F82330984796
:102FB000FFF77CBA064A1388013B1BB21380034A11
:102FC00002EB830393ED000ABDE8F0814065042421
:102FD000C2FC032498580424A5D50324A802042481
:102FE000C4FC0324180104248404002490600424F5
:102FF00070B5444B1A880121434805F039FA434C17
:10300000B4F900200021424B186805F031FAB4F9F8
:103010000030002B73DD3F4B1A883F4B1A8023E0B2
:103020000121B01CFFF7F4F93B4BB3F90030394AEA
:10303000B2F900209B1A364A12680121D15433E0BC
:10304000314A135D002D14BF002303F00103135513
:103050003149B1F9003003EB4303304A126802EB07
:103060008303B3F904300B802B4BB3F90030002BF2
:1030700045DB3B212A4805F012FA064608B1002339
:103080000370284B21221A80254D284603F0F3F9BE
:1030900004B200212846FFF7BBF9BDEEC00A10EECE
:1030A000103A1BB2002BBBD11E4B0B221A80002101
:1030B0001D4B19801A48FFF7ABF9BDEEC00A10EEA0
:1030C000103A1DB21EB1B01C03F0D5F904B2164B74
:1030D000B3F90030002BB3D00B4B00221A55B7E7E1
:1030E00001331BB21946074A1288934209DA0F4A84
:1030F000D25C002AF4D0044A00205054F0E70023A8
:10310000F0E770BD12FF05243CE60324D2FC032443
:10311000BCFC03240AFF052414FF05241CFF05241E
:1031200070D60324CAFC0324C8FC03247CE20324D5
:1031300030B5C1B000244FF480722146684605F0D6
:1031400097F9484BB3F90020A24207DD464B1A8895
:10315000464B1A80464B16221A8019E045496846AC
:1031600005F072F801226946434B1878ECF786FBAC
:103170004FF0FF3073E0B0F904203C4B1A803B4B1A
:10318000B3F90030002B33DB3C4B1B78012B62D0B2
:103190002046364BB3F90040002C60DB384D04EB81
:1031A00044022B6803EB820301219868FFF730F992
:1031B000BDEEC00A10EE103A1AB22C4BB3F9003033
:1031C00003EB4303296801EB830031F823304FF60A
:1031D000FF718B42CFD0002BD1D122B1B0F90420A6
:1031E000224B1A80CBE7B0F90620204B1A80C6E7A5
:1031F000244B93ED007AB5EE407AF1EE10FAC3D08D
:10320000214803885A1E12B20280204901EB820233
:10321000D2ED007AFDEEE77A144A17EE905A158047
:10322000023B1BB2038001EB8302D2ED006A07EE82
:10323000903AF8EEE77A77EEE67AFDEEE77A17EE67
:10324000903A038001F2AC41F7EE007A37EE677AEC
:1032500081ED007A98E7094B00221A70204641B0B0
:1032600030BD00BFD4FC03240CFF052416FF052449
:10327000CAFC032410010508CD050024A4D30324AF
:103280001CFF05243C650424C4FC03249060042432
:1032900038B5594B00221A80584BB3F90030584AC0
:1032A0001380584AB2F90020002A39DD002B37DBA1
:1032B000FEF79CFDFFF73CFF534B1880B0F1FF3F3A
:1032C00032D0524B0B221A80514B1A8800215148A0
:1032D00005F0CEF8504C494DB5F9003003EB4303EF
:1032E000226802EB830200219068FFF791F8BDEE9F
:1032F000C00A10EE103A1AB2B5F9003003EB4303DE
:10330000216801EB830031F823304FF6FF718B42C7
:1033100014D0B3B902B3B0F90420384B1A8010E0CE
:1033200000203E4B187038BD01223D493D4B1878B6
:10333000ECF7A4FA394B00221A70C2E7B0F9042066
:103340002A802E4BB3F90030002B0ADBFFF750FE2A
:10335000FEF780FD00233AE0B0F90620274B1A80E3
:10336000EFE7314B93ED007AB5EE407AF1EE10FACB
:10337000ECD021490B885A1E12B20A802A4800EB71
:103380008202D2ED007AFDEEE77A1C4A17EE904AEF
:103390001480023B1BB20B8000EB8302D2ED006A6B
:1033A00007EE903AF8EEE77A77EEE67AFDEEE77A06
:1033B00017EE903A0B80F7EE007A37EE677A80EDE1
:1033C000007AC3E713498A5C72B901331BB21A460B
:1033D0000F4909888B420DDA1449C95C0129F1D1E2
:1033E0001349895C0029EDD1054B1A88034B1A80DB
:1033F000012098E7012096E7C4FC032418FF052468
:10340000CEFC0324D6FC0324CCFC0324CAFC0324F6
:1034100012FF05243CD703241CFF052408FF0524C4
:1034200034010508CD05002490600424FCDA03244F
:103430003CE60324074BB3F90030002B00DA704759
:1034400010B5054C01232370FFF722FF00232370E2
:1034500010BD00BF18FF0524A4D50324094B1B8809
:1034600058184EF66022904207DC0B449BB2054A86
:1034700013805B1A0448184470470020034B1870EF
:10348000704700BF58F70524B873042408FF0524CB
:1034900010B54FF4707422460021154804F0E8FF7F
:1034A00022460021134804F0E3FF2246002112487F
:1034B00004F0DEFF22460021104804F0D9FF224626
:1034C00000210F4804F0D4FF224600210D4804F0EB
:1034D000CFFF0D4BB3F900100C4B1878FFF7BEFF70
:1034E0000B4B186008B1012010BD0020FCE700BFA5
:1034F000FCE903243CE603247CE20324BCDE032431
:10350000FCDA03243CD70324D2FC0324CD05002499
:10351000BCFC03242DE9F04FADF6EC0D83460D46BF
:103520004FF4806200210DF59D6004F0A1FF4FF47F
:10353000966200210EA804F09BFFCD4A9368CD4C03
:103540006360D268A2602A46CB490EA804F07CFED4
:1035500001220EA95846ECF791F9636843BB01229A
:103560002270C34BDA68C34B9A60002A00F0D08403
:10357000C04C00266670C1490EA804F065FE012209
:103580000EA95846ECF77AF9A268BD4BA3FB0232AC
:10359000D208E260BB490EA804F056FE01220EA933
:1035A0005846ECF76BF94FF44423099300F0D5BC6F
:1035B0000021B04B19704FF480620DF59D6004F04E
:1035C00057FF4FF42B2259210DF59D60E4F768F960
:1035D000AD490DF59D60ECF742F8B0F1FF3F00F00A
:1035E00077814FF48064224600210DF59D6004F040
:1035F0003FFFA64A02210DF59D60E4F751F99DF8C1
:10360000E9149DF8E804FEF75FFD0246A04D28800E
:10361000A0490EA804F018FE01220EA95846ECF7A6
:103620002DF9224600210DF59D6004F021FF9A4AF4
:1036300002210DF59D60E4F733F99DF8E9149DF83A
:10364000E804FEF741FD0246944B188094490EA809
:1036500004F0FAFD01220EA95846ECF70FF92246B4
:1036600000210DF59D6004F003FF8E4A02210DF547
:103670009D60E4F715F99DF8E9149DF8E804FEF75C
:1036800023FD82B2884B1A80884B1A8088490EA885
:1036900004F0DAFD01220EA95846ECF7EFF82246B5
:1036A00000210DF59D6004F0E3FE824A02210DF534
:1036B0009D60E4F7F5F89DF8E9149DF8E804FEF73D
:1036C00003FD82B27C4B1A807C4B1A807C490EA889
:1036D00004F0BAFD01220EA95846ECF7CFF8B5F96F
:1036E000003003EB4303990009B25846FFF7B6FEDA
:1036F000744B1860002800F0F180734C4FF0000804
:10370000664BB3F90030434540F303814FF48067C3
:103710003A4600210DF59D6004F0AAFE22460221E2
:103720000DF59D60E4F7BCF804F102099DF8E91479
:103730009DF8E804FEF7C8FC08EB4805AD00614EB3
:10374000336858533A4600210DF59D6004F090FE11
:103750004A4602210DF59D60E4F7A2F804F1040940
:103760009DF8E9149DF8E804FEF7AEFC33682B449D
:1037700058803A4600210DF59D6004F079FE4A46D6
:1037800002210DF59D60E4F78BF804F106099DF820
:10379000E9149DF8E804FEF797FC33682B44988001
:1037A0003A4600210DF59D6004F062FE4A46022172
:1037B0000DF59D60E4F774F804F108099DF8E9142B
:1037C0009DF8E804FEF780FC33682B44D8803A4625
:1037D00000210DF59D6004F04BFE4A4602210DF5D7
:1037E0009D60E4F75DF80A349DF8E9149DF8E8045B
:1037F000FEF76AFC07461FFA80F909F101013368F8
:1038000003EB050A09B25846FFF728FECAF808007C
:1038100033682B449B68002B6CD04FF480620021EE
:103820000DF59D6004F024FE224649460DF59D608D
:10383000E4F736F83C44234E33682B440DF59D6184
:10384000986805F01EF833682B449B680022DA550F
:1038500033682B449A681D490EA804F0F5FC012238
:103860000EA95846ECF70AF808F1010848E700BF2E
:103870007898052454A205245C010508AC040508C9
:10388000E1830F3EC80405087801050859B00A0015
:10389000D0FC0324C80105085BB00A00D6FC032451
:1038A000E00105085DB00A0012FF0524C8050024E8
:1038B000000205085FB00A0010FF0524CA050024B5
:1038C000200205081CFF052461B00A00A0020508BB
:1038D0000122CB495846EBF7D1FF42E6B5F900206B
:1038E000C8490EA804F0B0FC01220EA95846EBF717
:1038F000C5FF36E60EADC44E0FCE0FC50FCE0FC5B9
:1039000096E80F0007C52B7001220EA95846EBF769
:10391000B5FFBE4BB3F9003043450AD04246BC491F
:103920000EA804F091FC01220EA95846EBF7A6FF61
:1039300017E64FF4806200210DF59D6004F098FDBC
:10394000224602210DF59D60E3F7AAFF02349DF89F
:10395000E9149DF8E804FEF7B7FB0246AD4D288058
:10396000AD490EA804F070FC01220EA95846EBF7F1
:1039700085FFB5F90020002A45DDB2F5FA7F01DCAC
:10398000002639E0A5490EA804F05EFC01220EA92C
:103990005846EBF773FFE4E54FF480673A460021A1
:1039A0000DF59D6004F064FD224602210DF59D6039
:1039B000E3F776FF02349DF8E9149DF8E804FEF77A
:1039C00083FB05463A4600210DF59D6004F050FD4D
:1039D0002246A9B20DF59D60E3F762FF2C440DF578
:1039E0009D6332468E490EA804F02EFC01220EA9DA
:1039F0005846EBF743FF0136864BB3F90030B3422C
:103A0000CADC40F0F2804FF480652A4600210DF5B3
:103A10009D6004F02DFD224602210DF59D60E3F727
:103A20003FFFA61C9DF8E9149DF8E804FEF74CFB47
:103A300002467C4B18807C490EA804F005FC01224C
:103A40000EA95846EBF71AFF2A4600210DF59D6096
:103A500004F00EFD324602210DF59D60E3F720FFD4
:103A600004349DF8E9149DF8E804FEF72DFB0246A6
:103A70006E4B18806E490EA804F0E6FB01220EA9D9
:103A80005846EBF7FBFE614BB3F900805F4BB3F98F
:103A90000030664AB2F900201344434540F3D38016
:103AA0004FF480673A4600210DF59D6004F0E0FC7C
:103AB000224602210DF59D60E3F7F2FE04F10209B2
:103AC0009DF8E9149DF8E804FEF7FEFA08EB4805B6
:103AD000AD00584E336858533A4600210DF59D60AD
:103AE00004F0C6FC4A4602210DF59D60E3F7D8FEBE
:103AF00004F104099DF8E9149DF8E804FEF7E4FADE
:103B000033682B4458803A4600210DF59D6004F03F
:103B1000AFFC4A4602210DF59D60E3F7C1FE04F1BA
:103B200006099DF8E9149DF8E804FEF7CDFA33681C
:103B30002B4498803A4600210DF59D6004F098FCD6
:103B40004A4602210DF59D60E3F7AAFE04F108093B
:103B50009DF8E9149DF8E804FEF7B6FA33682B44A3
:103B6000D8803A4600210DF59D6004F081FC4A465C
:103B700002210DF59D60E3F793FE0A349DF8E914E8
:103B80009DF8E804FEF7A0FA07461FFA80F909F14C
:103B90000101336803EB050A09B25846FFF75EFCE2
:103BA000CAF8080033682B449B68002B46D04FF4BA
:103BB000806200210DF59D6004F05AFC22464946C2
:103BC0000DF59D60E3F76CFE3C441A4E33682B44C0
:103BD0000DF59D61986804F054FE33682B449B6892
:103BE0000022DA5508F1010850E7324612490EA8C2
:103BF00004F02AFB01220EA95846EBF73FFEB0E481
:103C0000B00105084002050870020508D6FC03242F
:103C1000AC020508C6FC0324D4020508EC02050822
:103C2000300305080EFF052464030508D4FC0324B3
:103C3000800305081CFF05244C0305080122B74931
:103C40005846EBF71BFEB64BB3F90030B54AB2F954
:103C50000020134443450AD04246B3490EA804F05D
:103C6000F3FA01220EA95846EBF708FE79E44FF467
:103C700080652A4600210DF59D6004F0F9FB22467F
:103C800002210DF59D60E3F70BFEA61C9DF8E914DB
:103C90009DF8E804FEF718FA0246A44B1880A449E0
:103CA0000EA804F0D1FA01220EA95846EBF7E6FD62
:103CB0002A4600210DF59D6004F0DAFB3246022110
:103CC0000DF59D60E3F7ECFD04349DF8E9149DF8D3
:103CD000E804FEF7F9F90246964B188096490EA8BB
:103CE00004F0B2FA01220EA95846EBF7C7FD8C4B3F
:103CF000B3F900708B4BB3F900301F44884BB3F914
:103D00000020884BB3F900301A448A4BB3F90030D5
:103D10001344BB4240F3BD804FF48068424600210B
:103D20000DF59D6004F0A4FB224602210DF59D6077
:103D3000E3F7B6FD04F102099DF8E9149DF8E804E3
:103D4000FEF7C2F907EB4705AD007C4E33685853C8
:103D5000424600210DF59D6004F08AFB4A4602218F
:103D60000DF59D60E3F79CFD04F104099DF8E9144D
:103D70009DF8E804FEF7A8F933682B4458804246C2
:103D800000210DF59D6004F073FB4A4602210DF5FC
:103D90009D60E3F785FD04F106099DF8E9149DF89F
:103DA000E804FEF791F933682B44988042460021DD
:103DB0000DF59D6004F05CFB4A4602210DF59D6007
:103DC000E3F76EFD04F108099DF8E9149DF8E80495
:103DD000FEF77AF933682B44D880424600210DF56E
:103DE0009D6004F045FB4A4602210DF59D60E3F716
:103DF00057FD0A349DF8E9149DF8E804FEF764F9CC
:103E000080461FFA80F909F10101336803EB050AC6
:103E100009B25846FFF722FBCAF8080033682B4462
:103E20009B688BB34FF4806200210DF59D6004F018
:103E30001FFB224649460DF59D60E3F731FD4444E2
:103E40003E4E33682B440DF59D61986804F019FDD2
:103E500033682B449B68002203F80820304BB3F9E9
:103E60000020304BB3F900301A44BA1A0DF59D63A7
:103E7000013233490EA804F0E7F901220EA9584691
:103E8000EBF7FCFC013739E701222E495846EBF7E6
:103E9000F5FC234BB3F90020224BB3F900301A4450
:103EA000244BB3F900301344BB420BD03A462649A9
:103EB0000EA804F0C9F901220EA95846EBF7DEFC62
:103EC000FFF74FBB4FF4806200210DF59D6004F0B9
:103ED000CFFA224602210DF59D60E3F7E1FC9DF843
:103EE000E9149DF8E804FEF7EFF80246174B188036
:103EF00017490EA804F0A8F901220EA95846EBF7BD
:103F0000BDFC012213495846EBF7B8FCFFF729BB6B
:103F100001225A704FF0FF340CE100BF98030508EE
:103F2000D6FC0324D4FC0324BC0305080CFF0524A1
:103F3000E4030508D2FC0324FC0305081CFF052448
:103F40003804050814040508540405080AFF05246C
:103F500084040508980405080136814BDB68B342E8
:103F600040F2E68000250B950C950D954FF480628C
:103F700029460DF59D6004F07BFA099C224621211B
:103F80000DF59D60E3F78CFC2346213309939DF8E2
:103F9000E9349DF8E84404EB0324724B23F81640FF
:103FA000224671490EA804F04FF901220EA9584685
:103FB000EBF764FC9DF8EA246C4B1A706C490EA870
:103FC00004F042F901220EA95846EBF757FC0BAB5F
:103FD000DDF8EB04DDF8EF1403C3BDF8F3241A8019
:103FE0008DF83650671C5E4D05EB07170BA9384658
:103FF00004F047FC3A465F490EA804F025F9012277
:104000000EA95846EBF73AFC0DF2F540FEF760F8C2
:10401000DFF880A18AED000A0DF2F940FEF758F8AA
:10402000DFF8749189ED000A0DF2FD40FEF750F8BB
:10403000DFF8688188ED000A0DF20150FEF748F8BC
:104040004D4F87ED000A0DF20550FEF741F84B4B3E
:1040500083ED000ADAED006AB7EEC00A8DED060BBB
:1040600097ED007AB7EEC77A8DED047B98ED007A74
:10407000B7EEC77A8DED027B99ED007AB7EEC77A7D
:104080008DED007BB7EEE67A53EC172B3C490EA87A
:1040900004F0DAF801220EA95846EBF7EFFBDAF844
:1040A0000020384B03EB84031A6004F6C81305EBB9
:1040B0008303D9F80010196004F6BC3305EB8303C1
:1040C000D8F80010196004F55B6305EB83033968C9
:1040D000196004F6A47305EB8305284B1B682B605D
:1040E000294B5B68012B7FF437AF1D4B04F2D47171
:1040F00003EB81010A601D4908781D1944F26061D3
:10410000685421490D1985F8E807063401EB84014C
:104110000A60144A32F8161006F6831201F2D471BE
:1041200003EB81031968194B03EB8203196013E752
:1041300009D10024144B5B68012B07D020460DF6F3
:10414000EC0DBDE8F08F4FF0FF34F3E70E4B00228B
:104150005A60DEF797FF0E48FDF7C2FEEEE700BF9C
:1041600054A205248C5C0424E00405088C6004241B
:10417000FC0405080C0505087C6004247860042410
:1041800020050508A802042478980524280F042493
:1041900068F5040888600424846004248060042492
:1041A00038B5002304E0424A0021D15401339BB2C8
:1041B0004EF65F229342F6D900243E4B1C80C82560
:1041C0002A4621463C4804F053F92A4621463B48FA
:1041D00004F04EF93A4B1C605C604FF4706221466B
:1041E000384804F045F94FF470752A4621463648A0
:1041F00004F03EF92A462146344804F039F92A46AB
:104200002146334804F034F92A462146314804F067
:104210002FF92A462146304804F02AF92F4B1C601A
:104220002A4621462E4804F023F92E4B1C602E4BC3
:104230001C604FF496652A4621462C4804F018F974
:104240002A4621462A4804F013F94FF4C872214641
:10425000284804F00DF9284B1C60284B1C80284B83
:104260001C80284B1C80284B1C80284B1C80284B12
:104270001C80284B1C80284B1C80284B1C80284B02
:104280001C80284B1C80284B1C80284B1C80284BF2
:104290001C80284B1C80284B1C80284B1C80284BE2
:1042A0001C80284B1C80284B1C80284B1C7038BD60
:1042B000B873042458F7052470D60324A8D5032422
:1042C000A8D30324BCED0324FCE903243CE6032427
:1042D0007CE20324BCDE0324FCDA0324BCFC0324BC
:1042E0003CD7032454F705241CFF052490600424C4
:1042F00040650424180104244CF7052412FF05240A
:1043000010FF0524C0FC0324D6FC0324D4FC0324A2
:10431000D2FC0324D0FC03240EFF05240CFF05244B
:104320000AFF052418FF052416FF052414FF0524A1
:10433000CCFC0324CEFC0324CAFC0324C8FC0324C5
:10434000C6FC0324C4FC0324C2FC0324A5D5032417
:1043500070B586B00446FCEEC07ACDED037A9DF8C8
:104360000C20BDF80C50A0F25B235E2B00F275858B
:10437000DFE813F0E1035F00770090004E016A016F
:104380008601AC00A101B801E801FA01E10346028F
:10439000590238016C029A02C802F602240373051E
:1043A000730573057305730573057305730573054D
:1043B000730573057305730573055C037305D400FA
:1043C000EB00110173057305730573057305730520
:1043D0007305570473056A04730573057305730544
:1043E0007305730573057D048E04730573057305EA
:1043F00073057305730573057305730573057305FD
:1044000073057305730573057305730573057305EC
:104410007305730573059F047305B004C304D604C4
:10442000000504051205230533054A0573057305C8
:104430006105AB1F9BB2362B00F27D83B34B83F833
:10444000DC55B34B03EB800307EE905AF8EE677A26
:10445000C3ED007AAF4B01221A70AF4B05221A60F0
:1044600069E36B1E9BB2FE2B00F26583AB4BDD60F4
:10447000A64B9D61A64B03EB800307EE905AF8EE26
:10448000677AC3ED007AA34B01221A70A24B052272
:104490001A6050E3023DADB240F29E539D4200F2DD
:1044A0004A839A4B039A1A61994B03EB800307EEF8
:1044B000902AF8EE677AC3ED007A0123984A1370C8
:1044C000944A1370944B05221A6034E3039B013B1A
:1044D000032B00F230838D4B039A1A728C4B03EB43
:1044E000800307EE902AF8EE677AC3ED007A894BD5
:1044F00001221A70884B05221A609DF80C20894B06
:1045000003FB02F2884BA3FB0232002300939209C3
:10451000042186480068FAF73DFF0CE36B1E9BB24E
:10452000092B00F208837A4B03EB800307EE905AC5
:10453000F8EE677AC3ED007A744B5D71754B01221A
:104540001A70754B05221A60F5E26B1E9BB2EF2BB9
:1045500000F2F1826E4B03EB800307EE905AF8EE07
:10456000677AC3ED007AEDB2684B9D71694B012209
:104570001A70694B05221A606A4B03FB05F56A4BFA
:10458000A3FB0532002300939209042168480068C8
:10459000FAF700FFCFE2A5F108039BB2F22B00F27D
:1045A000CA825B4B03EB800307EE905AF8EE677A02
:1045B000C3ED007AEDB2554BDD71564B01221A70F6
:1045C000554B05221A60574B03FB05F5564BA3FBD1
:1045D0000532002300939209042156480068FAF737
:1045E000D9FEA8E2EBB2494A82F8D4334B4A13749D
:1045F000474B03EB800307EE905AF8EE677AC3ED62
:10460000007A444B01221A70434B05221A6092E251
:104610006B1E9BB2B3F5707F80F08D823B4BC3F86D
:104620005C513E4BC3F8E452394B03EB800307EE79
:10463000905AF8EE677AC3ED007A364B01221A7071
:10464000354B05221A6076E26B1E9BB2B3F5707F84
:1046500080F071822D4BC3F85851304BC3F8E852AB
:104660002B4B03EB800307EE905AF8EE677AC3ED0D
:10467000007A284B01221A70274B05221A605AE251
:104680006B1E9BB27F2B00F25682204BC3F8605109
:10469000224BC3F8EC521E4B03EB800307EE905AFB
:1046A000F8EE677AC3ED007A1A4B01221A701A4BA2
:1046B00005221A603FE2322D00D932251E4B1D71B2
:1046C000134B03EB840307EE905AF8EE677AC3EDC1
:1046D000007AF1F7D7FA194B01221A70184B05220C
:1046E0001A6028E2094BC3F8DC52094B03EB800344
:1046F00007EE905AF8EE677AC3ED007A054B012277
:104700001A70054B05221A6015E200BF60330024C1
:10471000280F0424DC00012470040024B0EA0524DE
:104720000EE3002440420F00D34D62109C7E002413
:10473000A07E002468850024E8270024D9000124F5
:1047400064040024A84BDD60A84B03EB800307EE54
:10475000905AF8EE677AC3ED007AA54B01221A70E1
:10476000A44B05221A60E6E16B1E062B46D8DFE853
:1047700003F0041C22262F363C009F4B9F4E0FCB8C
:1047800007C626F8023B1B0C3370984B03EB8403DF
:1047900007EE905AF8EE677AC3ED007A984B012243
:1047A0001A70984B05221A60C5E1974A934B07CAC5
:1047B00003C31A70E9E7914B944A1A60E5E7944AFB
:1047C0008E4B07CA03C323F8022B120C1A70DCE7C6
:1047D0008A4B904A92E8030083E80300D5E78E4AAB
:1047E000864B07CA03C31A70CFE7844B8B4A92E803
:1047F000030018609980090C9971C6E7FF25C4E78A
:10480000874BC3F83851794B03EB800307EE905A7E
:10481000F8EE677AC3ED007A794B01221A70794B72
:1048200005221A6087E17E4BC3F83C516F4B03EBC6
:10483000800307EE905AF8EE677AC3ED007A704B6A
:1048400001221A706F4B05221A6074E1FF2D00F2ED
:104850007281744E049605A904A8E7F78EFEEAB2A9
:104860008DF81420614B03EB840307EE905AF8EEA9
:10487000677AC3ED007A002333607360B360F3603E
:1048800033619DF816309DF81710019100939DF843
:1048900015306549304603F0D7FC594B01221A7098
:1048A000584B05221A6046E1FF2D00F244815D4E0F
:1048B000049605A904A8E7F760FEEBB28DF8153061
:1048C0004A4A02EB840207EE905AF8EE677AC2ED8C
:1048D000007A002232607260B260F26032619DF84C
:1048E00016209DF81710019100929DF814204E4952
:1048F000304603F0A9FC424B01221A70414B0522BD
:104900001A6018E1FF2D00F21681464E049605A9A3
:1049100004A8E7F732FEEAB28DF81620334B03EB1A
:10492000840307EE905AF8EE677AC3ED007A00230D
:1049300033607360B360F36033619DF817300193A7
:1049400000929DF815309DF814203749304603F049
:104950007BFC2B4B01221A702A4B05221A60EAE0DD
:10496000FF2D00F2E8802F4E049605A904A8E7F772
:1049700004FEEAB28DF817201C4B03EB840307EE0C
:10498000905AF8EE677AC3ED007A002333607360C3
:10499000B360F36033619DF81630019200939DF887
:1049A00015309DF814202049304603F04DFC144B7F
:1049B00001221A70134B05221A60BCE0002D00F092
:1049C000BA800A4B03EB800307EE905AF8EE677A41
:1049D000C3ED007A124BC3F89853094B01221A70A9
:1049E000084B05221A60A6E0E8270024280F0424BB
:1049F000D900012464040024680505080037002458
:104A0000DC0001247004002478050508777777001E
:104A1000840505089005050898050508A4050508FE
:104A20006033002444360024AC050508039BB3F52D
:104A3000964F00F0A48034D8B3F5965F7DD017D898
:104A4000B3F5966F64D0B3F5166F40F0DC80BE4BC3
:104A500003EB8003DDED037AF8EE677AC3ED007AAD
:104A6000BA4B039AC3F8D422B94B01221A705FE003
:104A7000039BB3F5165F71D0B3F5615F40F0C3805F
:104A8000B14B03EB8003DDED037AF8EE677AC3EDFB
:104A9000007AAE4B039AC3F8D422AD4B01221A70B0
:104AA00046E0039BB3F5E13F00F08B8017D8B3F5E8
:104AB000164F75D0B3F5614F40F0A580A24B03EBC4
:104AC0008003DDED037AF8EE677AC3ED007A9F4B41
:104AD000039AC3F8D4229E4B01221A7028E0039B4C
:104AE000B3F5FA3F7ED0B3F57A3F40F08C80964B19
:104AF00003EB8003DDED037AF8EE677AC3ED007A0D
:104B0000924B039AC3F8D422914B01221A700FE002
:104B10008D4B03EB8003DDED037AF8EE677AC3ED8E
:104B2000007A8A4B039AC3F8D422894B01221A7067
:104B3000884B05221A6006B070BD834B03EB8003DF
:104B4000DDED037AF8EE677AC3ED007A7F4B039AC6
:104B5000C3F8D4227E4B01221A70E9E77A4B03EBAB
:104B60008003DDED037AF8EE677AC3ED007A774BC8
:104B7000039AC3F8D422764B01221A70D8E7724BFD
:104B800003EB8003DDED037AF8EE677AC3ED007A7C
:104B90006E4B039AC3F8D4226D4B01221A70C7E7FB
:104BA000694B03EB8003DDED037AF8EE677AC3ED22
:104BB000007A664B039AC3F8D422654B01221A701F
:104BC000B6E7614B03EB8003DDED037AF8EE677A1D
:104BD000C3ED007A5D4B039AC3F8D4225C4B0122EB
:104BE0001A70A5E7584B03EB8003DDED037AF8EE6E
:104BF000677AC3ED007A554B039AC3F8D422544B1D
:104C000001221A7094E7504B03EB8403524A1A6056
:104C10004E4B4FF41652C3F8D4224D4B01221A705A
:104C200086E7494B03EB800307EE905AF8EE677A6C
:104C3000C3ED007A454BC3F8DC52454B01221A7094
:104C4000444B05221A6076E73F4B03EB800307EEE7
:104C5000905AF8EE677AC3ED007A3C4BC3F8C05324
:104C60003B4B01221A703B4B05221A6063E73B4B1A
:104C700083ED000AB7EEC00A344B83ED500B344B82
:104C800001221A70334B05221A60E7F70DFA52E73A
:104C9000334B83ED000AB7EEC00A2C4B83ED520B69
:104CA0002B4B01221A702B4B05221A60E7F7FCF9F7
:104CB00041E707EE902AF8EE677A2A4BC3ED007AB7
:104CC000224B83F89C23224B01221A70214B052290
:104CD0001A6030E707EE902AF8EE677A224BC3EDB0
:104CE000007A1A4B83F85121194B01221A70194B83
:104CF00005221A60E7F7D8F91DE707EE902AF8EECB
:104D0000677A1A4BC3ED007A104B83F85221104B8F
:104D100001221A700F4B05221A60E7F7C5F90AE75E
:104D200007EE902AF8EE677A114BC3ED007A074B35
:104D300083F85321064B01221A70064B05221A6094
:104D4000E7F7B2F9F7E600BF280F04246033002428
:104D5000DC000124700400240000164678190424A5
:104D60007C190424D8190424E0190424E419042427
:104D7000E8190424B24B83ED000ADCE607EE902A22
:104D8000F8EE677AAF4BC3ED007AEFF7C9F94FF44D
:104D90007A70F8F7F9FECEE607EE902AF8EE677A19
:104DA000A94BC3ED007AA94B83F85021A84B0122EF
:104DB0001A70A84B05221A60BDE607EE902AF8EE9D
:104DC000677AA54BC3ED007AA44B1A73A44B01225A
:104DD0001A70A44B05221A60ADE607EE902AF8EE91
:104DE000677AA14BC3ED007A9C4B5A73DB8902FBB7
:104DF00003F39E4A136000235360994B01221A70FB
:104E0000984B05221A6096E607EE905AF8EE677AFC
:104E1000974BC3ED007A914BDD815B7B05FB03F380
:104E2000924A1360002353608D4B01221A708D4B00
:104E300005221A607FE64AB1844B83F8CC2207EE44
:104E4000902AF8EE677A8B4BC3ED007A804B0122F3
:104E50001A70804B05221A606DE6A0F52F73B3F52A
:104E6000967F23D3A0F2D533B3F5F07FFFF463AE82
:104E7000A0F2CD53B3F5D27F42D27F49A1FB03010B
:104E80008D0821F0030000EB91015B1A7B4901EBD7
:104E9000840107EE902AF8EE677AC1ED007A042BC0
:104EA0000FD8DFE803F009151B212700A0F2BB2073
:104EB00000B2FBF76FF83EE6714B062101FB0533AC
:104EC0001A72704B01221A706F4B05221A6032E67B
:104ED0006B4B062101FB05339A72F2E7684B062102
:104EE00001FB0533DA72ECE7654B062101FB053364
:104EF0001A73E6E7624B062101FB05335A73E0E7BC
:104F0000A0F29971B1F5967F46D2604BA3FB0103E5
:104F10009B0803EB4300A1EB4001584800EB8400E1
:104F200080ED000A05290CD8DFE801F003141A23EC
:104F30002930574A142101FB0323BDEEC00A83ED3B
:104F4000050AF0F79FFE534B01221A70524B0522BF
:104F50001A60F0E54E49142000FB03131A76F0E7BF
:104F60004B4A142101FB0323BDEEC00A83ED070A5F
:104F7000E7E74749142000FB03135A74E1E744496B
:104F8000142000FB031383F82020DAE740491420A3
:104F900000FB03131A74D4E7A0F6C503072B00F235
:104FA0008180D90803F00703344800EB840080EDCA
:104FB000000A072B3FF6BFADDFE803F0040D132016
:104FC000262C3239354B1C2202FB0133BDEEC00AC0
:104FD00083ED010AAFE5314B1C2000FB01331A724F
:104FE000A9E5F7EE007A30EE670A2C4B1C2202FB93
:104FF0000133BDEEC00A83ED030A9CE5274B1C205C
:1050000000FB01335A7096E5244B1C2000FB013352
:105010001A7490E51C2301FB03F32049CA548AE566
:105020001E4B1C2202FB0133039A5A6183E51B4B82
:105030001C2000FB01339A70194B01221A707AE58B
:10504000EC190424F0190424F41904246033002416
:10505000DC00012470040024F81904241017002433
:10506000D8000124D0000124FC190424D8390024DC
:10507000001A04240C1A0424CDCCCCCC280F042410
:10508000C82F0024DA00012468040024ABAAAAAACD
:10509000E8270024D90001246404002428180024EF
:1050A000B4730424A0F6CD031F2B07D8B249CA5409
:1050B000B24B03EB800383ED000A3CE5A0F6ED0361
:1050C000952B5ED80522B3FBF2F202EB82015B1A4C
:1050D000042B16D8DFE803F0031928374600A84B45
:1050E000482101FB023383F86851A44B03EB800392
:1050F00007EE905AF8EE677AC3ED007AA14B0122D1
:105100001A70A14B05221A6015E59D4B482101FB41
:10511000023383ED5D0A994B03EB800383ED000AB4
:10512000984B01221A70ECE7954B482101FB0233A2
:1051300083ED5E0A914B03EB800383ED000A914BF4
:1051400001221A70DDE78E4B482101FB023383ED0B
:105150005B0A8A4B03EB800383ED000A894B012233
:105160001A70CEE7864B482101FB023383ED5C0ABF
:10517000824B03EB800383ED000A824B01221A70FD
:10518000BFE7A0F68313B3F5FA7F41D27F4A32F826
:1051900013307F4A1A4492F8E827032A1DD07D4A2B
:1051A00002EB830282ED000A991D794A02EB81022B
:1051B00082ED000A03F2D473774A02EB830383ED96
:1051C000000A6E4B03EB840383ED000A734B01224C
:1051D0001A70734B05221A60ADE403F6BC316E4AB7
:1051E00002EB8102D2ED007AF4EEC07AF1EE10FA11
:1051F0003FF6A1AC03F6C811674A02EB8102D2ED7B
:10520000007AF4EEC07AF1EE10FAFFF694ACC6E73D
:10521000644A02444F2A6ED80523B2FBF3F303EB32
:105220008301511A04293FF686ACDFE801F0032C14
:105230002C4056005249142000FB03110398C1F87A
:105240002004042A17D8584B5860584B18604B4B11
:1052500003EB8403DDED037AF8EE677AC3ED007AA1
:105260000122484B1A70052347490B6050490A70C8
:10527000504A13605FE4012BE9D14B4B039A9A60CB
:105280004D4B1A60E3E73E4A142101FB032303F56B
:10529000856383ED000A394B03EB840383ED000A39
:1052A000384B01221A70384B05221A6043E4344A05
:1052B000142101FB032303F22C4383ED000A2F4B3F
:1052C00003EB840383ED000A01233C4A13702D4A4B
:1052D00013702D4B05221A602DE4294A142101FB7D
:1052E000032303F5866383ED000A244B03EB840359
:1052F00083ED000A1FE4324A0244812A00F2A180B1
:105300000523B2FBF3F303EB8301521A042A3FF6A1
:1053100012ACDFE802F0031A576E7F0003EB830341
:10532000174A134483F86055144B03EB800307EED0
:10533000905AF8EE677AC3ED007A124B01221A7088
:10534000114B05221A60FFF7F6BB03EB83030C4AEF
:10535000134483F86155094B03EB800307EE905A21
:10536000F8EE677AC3ED007A064B01221A70064BFD
:1053700005221A60FFF7DFBBE8160024280F04247B
:1053800060330024DC000124700400248C5C0424BD
:1053900078980524A802042454A20524DD000124E1
:1053A0007404002402EFFFFF10170024043A0024C5
:1053B000D8000124D0000124003A00240EE3002488
:1053C000B2EEFFFF03EB83033A4A134483F86255BE
:1053D000394B03EB800307EE905AF8EE677AC3ED82
:1053E000007A364B01221A70354B05221A60FFF7FE
:1053F000A2BB03EB83032F4A134483F863552E4B60
:1054000003EB800307EE905AF8EE677AC3ED007A5B
:10541000FFF791BB03EB8303264A134483F86455DB
:10542000254B03EB800307EE905AF8EE677AC3ED45
:10543000007A224B01221A70214B05221A60FFF7D5
:105440007ABB204B0344192B3FF675AB5A0813F077
:1054500001031BD0002B3FF46EAB691E89B24EF6E0
:105460005E2081423FF667AB174921F8125002F6E1
:10547000FC0203EB4203104A02EB830307EE905A4F
:10548000F8EE677AC3ED007AFFF755BB012D7FF484
:1054900052AB0E498D5402F6FC0203EB4203064A5E
:1054A00002EB830307EE905AF8EE677AC3ED007AB9
:1054B000FFF741BB60330024280F0424DC000124E3
:1054C0007004002408EEFFFF4C390024C439002486
:1054D00030B5ADF5037D414BB3F90050AA1E404BEA
:1054E00003EB8203D3ED007AFCEEE77A17EE904AE5
:1054F00023B2002C4CD03B4AD2F8E422A24214D36F
:10550000013D374B03EB8503D3ED007AFDEEE77ADF
:1055100017EE903A23B1013C334B01221A5544E077
:10552000013C314B00221A553FE0A4F2C132B2F5E2
:10553000967F2DD22B4B1B7873B9A4F57070274B37
:10554000B3F90020013A264B03EB820393ED000AE6
:1055500000B2FAF71FFD28E04FF40072002102A804
:1055600002F086FF013D1E4B03EB850393ED007AAD
:10557000B7EEC77A8DED007B22461C4902A802F0E7
:1055800063FE012202A91A4B1878EAF777F9D4E7EB
:10559000A4F2155142F2B742914206D8002B03F013
:1055A0000103B8BF5B42012B03D001200DF5037D41
:1055B00030BD08B200280FDB4010A0F516739BB277
:1055C000B3F57A6FF1D2013D054B03EB850393ED03
:1055D000000AFEF7BDFEE8E70130EDE7C2FC032458
:1055E00040650424B0EA052498580424B805050849
:1055F000CD05002470B5CCB0544A92698DF80420D2
:1056000003248DF80540524AD668B2008DF8062072
:10561000002219E002F52F714E4B53F8213043F36D
:10562000072001A90855601C80B20B54A01C80B251
:1056300043F307650D54E01C80B243F307450D5456
:105640000434A4B20132D2B29642E3D8424A12786C
:10565000002A4ED09DF806200C328DF8062000203E
:105660001CE03A4B1B6907EE903AF8EE677A17EEAA
:10567000903A43F3072101AA1155611C89B2535492
:10568000A11C89B243F307655554E11C89B243F369
:10569000074555540434A4B20130C0B2022828D8BA
:1056A0000128DED002281AD00028E2D12B4B5B68FB
:1056B00007EE903AF8EE677A17EE903AD9E701359F
:1056C0002A787AB1A2F13001C9B20929F7D803EBDF
:1056D000830302EB43039BB2303B9BB2EFE7002313
:1056E0001F4DEDE707EE903AF8EE677A17EE903A25
:1056F000BFE7E1B201A8EFF7FBF8030A01AA1355CF
:10570000631C9BB2D0540234A5B2164E0024C822AA
:105710002146304603F0BDF82A46314601A8E9F794
:1057200071FF6B009BB2214608E0581C0E4A0A44E8
:10573000D4780C4AD4540131C9B283B21729F4D9B0
:10574000084A0021D1544CB070BD00BF6033002422
:10575000E8270024280F0424F80200240817002456
:10576000D633002410BE0024D8BE002484B010B567
:1057700002AC84E80F001B4B1B78D3B91A4B5B6853
:1057800044F61F6293421CD803F5B454640213F02C
:10579000070F12D022464FF4007102A8F1F7B2FAB7
:1057A0001148436801334360104A4FF40071E1F738
:1057B000FDFFBDE8104004B070472046E1F738FF18
:1057C000E8E7094B00225A6001225A804FF4341056
:1057D000E1F72EFF4FF434124FF4007102A8F1F7F5
:1057E00091FADDE750F70524789605240040C900BA
:1057F00010B5ADF57C7D384BD3F838217C92D3F8C9
:105800003C217D92354A91788DF8F81151788DF8C8
:10581000F911D2788DF8FA21314A11788DF8FB11FF
:1058200051788DF8FC1192788DF8FD2102228DF8C7
:10583000FE212C4AD0688DF8FF019B6980934FF0C0
:10584000000C15E00133DBB2072B0AD803EBCC02C6
:10585000254CA25C002AF5D001229A401143C9B21E
:10586000F0E77CAB634419750CF1010C1FFA8CFC5A
:10587000BCF1010F02D800231946E5E7002303F528
:105880002F711A4A02EB810211689A1D7CAC04EB5D
:105890008202116001339BB29842F0D84FF4FA7142
:1058A000134B1868F8F708FD012803D000200DF508
:1058B0007C7D10BD4FF4F87280A9684602F0E9FFC4
:1058C00094E80F00FFF752FF00231A4619460848D4
:1058D0000068F8F717FBE9E760330024A88C002480
:1058E000948C0024E827002458FD0324280F042466
:1058F00028F3002400B5ADF5017D104B1B7853B99A
:10590000FFF776FF01200E4B18700E4B18700DF547
:10591000017D5DF804FB4FF400720021684602F03F
:10592000A7FD094A0949684602F08EFC0122694632
:10593000074B1878E9F7A2FFE2E700BFB0EA0524B9
:1059400010E300240EE30024AC070508D005050889
:10595000CD05002410B4002217E08B4B03EB82032B
:10596000D3ED007AFDEEE77A17EE903A83F001036B
:10597000DBB286498B540132854901EB820107EE87
:10598000903AF8EE677AC1ED007A072AE5DD814B9F
:105990005B7B002B7CD1804A1168804BC3F82014BC
:1059A000D2ED007A7E4AF8EE677AC2EDFE7A7D4942
:1059B000D1ED006A9FED7C6A66EE866A7549C989F9
:1059C00007EE901AF8EEE77A86EEA77A03F2244102
:1059D00081ED007A82EDFF7A03F58561D1ED005A01
:1059E000C7EE256A03F58661C1ED006A02F58161A3
:1059F000C1ED006A6D490868C3F8340491ED007A7E
:105A000002F20C41B8EE477A81ED007A6849D1ED97
:105A1000006A66EE866A86EEA77A03F5876181EDF5
:105A2000007A02F5826181ED007A03F23C41D1ED0A
:105A3000006AC7EE267A03F24443C3ED007A02F20D
:105A40001C42C2ED007A544B1B68524A52689B1AA2
:105A5000642B09D9504B1A684E4B5A60554B0122A2
:105A60001A70554B05221A60504B1B68494A9268C0
:105A70009B1A642B09D94D4B1A68464B9A604D4BC3
:105A800001221A704C4B05221A605DF8044B7047D6
:105A9000414B1968414AC2F82014D3ED007AF8EE60
:105AA000677A3F4BC3EDFE7A444B1968444B1A6842
:105AB0005B688A4273F100012FD2384C04F2244112
:105AC000002008603649C1F8FC0304F586642060B4
:105AD00001F58161086035490C683048C0F83444EC
:105AE000D1ED007AF8EE677A3649C1ED007A364991
:105AF00009688A4273F1000329D2014600F58763E1
:105B000000221A60264B03F58260026001F24441D4
:105B10000A6003F21C431A6095E72C49D1ED007A24
:105B20001E4901F22440C0ED007A1D48C0EDFF7A05
:105B300001F58564D4ED006A87EEA67A01F58661E9
:105B400081ED007A00F5816080ED007AC3E7204B9B
:105B5000D3ED007A114B03F58762C2ED007A104A4B
:105B600002F58261C1ED007A03F23C41D1ED006A99
:105B700087EEA67A03F2444383ED007A02F21C42D8
:105B800082ED007A5FE700BF143A002458FD032439
:105B9000280F042410170024043A00246033002442
:105BA000284F0424EC39002400007A44003A0024F1
:105BB000E8390024D8000124D0000124443900240D
:105BC000D83900243453042440390024E439002413
:105BD000E039002400230AE0064A02EB8302116840
:105BE00003F12D00044A02EB800211600133052B02
:105BF000F2DD7047C8070024280F04247047000016
:105C000010B500240FE0194B134493F86125003AB6
:105C100018BF0122164B33F81410164B53F824000A
:105C2000F2F763FF0134114BD3F81C34A3421BDDA0
:105C300004EB84020D4B134493F86035012BE2D042
:105C4000022BEFD104EB8402084B134493F8612537
:105C5000003A18BF0122064B33F81410054B53F8D5
:105C60002400F2F742FFDDE710BD00BF60330024DF
:105C7000000000242C0000242DE9F84F00240AE045
:105C8000564B00221A5504F6FC02554B03EBC20397
:105C900000221A600134534BD3F81C34002BC0F29D
:105CA0009980B4EB630F80F297804C4B1B5D012B06
:105CB000F0D16500E20002EB44024A4B134493F832
:105CC0006035032BDCD16E1C06EB8602454B13447A
:105CD00093F86035032BD3D1DFF80091022309F844
:105CE000043004F6FC083E4B03EBC8084FF080423A
:105CF000C8F8002005EB85023A4F174497F8632552
:105D000007EE902A04EB8402510041F251120A443A
:105D100003EB8203F8EE677AC3ED007A97F8622509
:105D200097F8643502FB03F32F4A22F8153097F8F1
:105D30006125DFF8C0B0DFF8C0A0B2FA82F25209E4
:105D40003BF815105AF82500F2F7CFFE264A32F834
:105D50001500F7F719FF97F86125003A18BF0122DF
:105D60003BF815105AF82500F2F7BFFE032309F897
:105D700004301E4BC8F800301D4B33F81400F7F701
:105D800003FF042309F804304FF08143C8F80030C2
:105D900097F86125B2FA82F252093BF816105AF8C8
:105DA0002600F2F7A2FE104A32F81500F7F7ECFED3
:105DB00097F86125003A18BF01223BF816105AF8EF
:105DC0002600F2F792FE002309F804300023C8F8F9
:105DD00000305FE7013364E7BDE8F88FC439002481
:105DE000280F042460330024883900240000404038
:105DF0004C390024000000242C0000242DE9F0413F
:105E0000002405E02E4B134493F863350BBB01349B
:105E10002B4BD3F81C34A34250DD04EB8402284BF7
:105E2000134493F86035012BECD0022BEFD104EB37
:105E30008402234B134493F86125B2FA82F252098B
:105E4000204B33F81410204B53F82400F2F74DFE8A
:105E5000DDE713461A4D1544002285F8632541F20B
:105E600051121A44194B03EB820300221A6095F871
:105E7000622595F8643502FB03F3DFF8548028F8B7
:105E8000143095F861250F4F0F4EB2FA82F2520985
:105E900037F8141056F82400F2F727FE38F81400EB
:105EA000F7F772FE95F86125003A18BF012237F81E
:105EB000141056F82400F2F718FEA8E7BDE8F081A8
:105EC00060330024000000242C000024280F042448
:105ED0008839002408B5FBF7CDFC002008BD000080
:105EE00030B51E4A92F800C01D4B83F800C05078B0
:105EF0005870917899701B4DAC78DC7095F801E082
:105F000083F804E0EA789A602D781D73164B07EE4B
:105F1000904AF8EE677AC3ED337A07EE90EAF8EE2E
:105F2000677AC3ED347A02F5FA6207EE902AF8EE4A
:105F3000677AC3ED357A07EE90CAF8EE677AC3ED5B
:105F4000367A07EE900AF8EE677AC3ED377A07EEF5
:105F5000901AF8EE677AC3ED387A30BD948C00243D
:105F6000185E0524A88C0024280F0424374B1A69D6
:105F7000782A18BF3C2A25D0B42A23D0F02A21D071
:105F8000B2F5B47F1ED0B2F5347F1BD000B53049D6
:105F900091F800E04878C0EB001C4FEA8C034FF406
:105FA000616C0CFB0E3389780B44C2EB021C4FEA88
:105FB0008C01B3FBF1FC01FB1C33012B1ED900202B
:105FC0005DF804FB224B1978224BA3FB0223C3F399
:105FD0004713B1FBF3F203FB121313F0FF0F07D1CA
:105FE0001D4B1B78994203D01B4B19700120704741
:105FF0001A4B1B78012BF7D000207047184B1B78E9
:10600000012B03D0174B1B78984209D0144B002268
:106010001A70144B1870104B83F800E00120CFE782
:106020000C4BA3FB02135B09C3EB031399008A42D9
:1060300008D1094B1B789E4506D0074B83F800E03A
:106040000120BDE70020BBE70020B9E76033002452
:10605000185E052489888888C40500240DE300247F
:10606000C3050024C20500244FF0FF307047000034
:1060700010B504464FF4FA71164B1868F8F71CF97E
:10608000012802D00124204610BD012C0AD0022C88
:1060900013D0002400231A4619460E480068F7F76B
:1060A00031FFF0E70C4B99680029F3D04FF42B2215
:1060B000187CE2F7D7FD0446ECE7074BD96809B92D
:1060C0000124E7E74FF44422187DE2F7CBFD0446B4
:1060D000E0E700BF28F300247898052470B5C0B02D
:1060E0004FF480720021684602F0C2F95B4B1878C9
:1060F000FFF7BEFF20B95A4B1878FFF7B9FF38B148
:1061000001225849584B1878E9F7B8FB00256DE093
:10611000564B00221A7000F0EFF841F28831544BD0
:106120001868F8F7C9F8012802D000F0CDF8EDE7BB
:10613000FBF734FF00231A4619464D480068F7F76D
:10614000E1FEF2E74B4B1B78012B57D10023474A66
:106150001370484A137000F0CFF841F28831444B75
:106160001868F8F7A9F8012802D000F0ADF845E06A
:10617000FBF714FF00231A4619463D480068F7F75D
:10618000C1FEF2E74FF480720021684602F070F918
:10619000394B5A783949684602F056F80122694667
:1061A000314B1878E9F76AFB32E0FFF721FB344BFB
:1061B00001221A70334BFF221A7035E04FF48072BF
:1061C0000021684602F054F96D462F4E0FCE0FC5E0
:1061D00096E80F0007C52B7001226946224B1878FC
:1061E000E9F74CFB25460A20F7F7CEFC274B1B7836
:1061F000002B30D01D4B1B78012BA3D04FF4FA702D
:10620000F7F7C2FCFFF76CFE1B4B1B78002BB9D1D4
:10621000FFF7A0FBFFF7DEFCFFF7F0FDFFF72CFD1B
:10622000FFF7A4FE0028C0D1FDF704F9184A117841
:106230005378C3EB0314A4004FF4616303FB0144E0
:1062400093781C44631B0A2BCDD90B4B1B78002B76
:10625000B4D12546C7E7012040B070BDC105002478
:10626000C0050024E4050508CD050024756004245C
:1062700028F3002474600424B0EA0524000605080D
:106280000EE300240DE3002414060508C5050024D0
:10629000185E052408B506E0084B00221A704FF47A
:1062A0007A70F7F771FC064A136801331360054AE8
:1062B0001378591C11703C2BEED8F0E750F70524E9
:1062C0004CF7052451F7052410B588B00DF1040CE6
:1062D000074C0FCCACE80F0094E807008CE80700EF
:1062E000002101A8F7F71DFC024B186008B010BD93
:1062F00034DB040848F70524464B1B78012B00D1FA
:10630000704710B5FDF74CFF4FF4FA71424B186817
:10631000F7F7D2FF012800D010BD00233F4A1370C9
:106320003F4A13703F4A13803F4C01223F49207877
:10633000E9F7A4FA3E4B1A783E4B19782078FDF71E
:10634000E9F800283BD13C4B1A883C4B1A803C4B67
:106350001A883C4B1A803C4B1A883C4B1A80FDF73C
:1063600097F800283CD0F9F7EBFE1E212E4B187849
:10637000FDF774F8364B1860002841D0344B1A688A
:10638000002111801B68334A12889A80324A128891
:10639000DA801981598199810A22DA814FF6FF72D8
:1063A0001A8259829982D982198359839983598093
:1063B0000B460A4618480068F7F7A4FDACE701222F
:1063C00026492078E9F75AFA0021254B1970254B08
:1063D00019700B460A4610480068F7F793FD9BE7D3
:1063E00001222149104B1878E9F748FA00211C4B8B
:1063F00019700B460A4608480068F7F783FD8BE7DB
:1064000001221A49084B1878E9F738FA144B002290
:106410001A70B3E77560042428F3002444FB0524B4
:10642000C605002458F70524CD05002444060508B8
:10643000C0050024C10500240EFF052418FF052413
:106440000CFF052416FF05240AFF052414FF05246C
:1064500054F7052412FF052410FF05245C060508E7
:1064600008FF0524CC050024740605088C060508E1
:10647000002100F0B5BE0A22002100F039BF000063
:10648000024B0146186800F02DB800BF48070024F1
:10649000024B0146186803F01DB800BF48070024EE
:1064A00070B50F4E0C463168054611B902F09AF9E5
:1064B00030602146284602F095F9431C03D14FF085
:1064C000FF34204670BDC41C24F00304A042F8D061
:1064D000211A284602F086F90130F2D1EFE700BF19
:1064E00020FF05242DE9F843CD1C25F003050835D0
:1064F0000C2D38BF0C25002D064601DBA94204D91E
:106500000C2333600020BDE8F883DFF8D48000F06E
:1065100069F8D8F800301C4644BB29463046FFF7DE
:10652000BFFF431C044658D1D8F800402746002F2F
:1065300043D1002C4BD023683946304604EB030985
:1065400002F050F9814542D121686D1A2946304642
:10655000FFF7A6FF01303AD023682B442360D8F818
:1065600000305A6862BBC8F800700FE02268521B06
:1065700020D40B2A17D96119A342256018BF59608E
:10658000636808BFC8F8001062514B60304600F0E5
:106590002FF804F10B00231D20F00700C21A1CBFC6
:1065A0001B1AA350AFE76268A3420CBFC8F80020D3
:1065B0005A60EBE723466468AEE73C467F68B6E77F
:1065C0001A465B68A342FBD100235360DEE70C232D
:1065D0003360304600F00CF894E70560D6E700BF62
:1065E00024FF0524014802F04AB900BF68000624D0
:1065F000014802F045B900BF68000624024B0A4674
:106600000146186800F002B8480700242DE9F0415F
:10661000074614460D4621B9BDE8F0411146FFF783
:1066200061BF2AB902F056FF25462846BDE8F08131
:1066300003F08DFF8442064602D8B4EB500FF4D825
:1066400021463846FFF74EFF804608B94546ECE73D
:10665000B4422246294628BF324602F01AF929469A
:10666000384602F037FFF1E770B504460D4616468E
:1066700045EC104B03F030FE7EB1C5F30A53C3F175
:106680006B03002B09DD1B0503F17F51002001F591
:10669000401141EC170B20EE070B70BD000000000D
:1066A0002DE9F04F2DED0A8B97B088460E9200220F
:1066B000129205904FF0000A4FF0000B0A4611921B
:1066C00011782B294CD039D80D2933D8082933D843
:1066D00000293CD000220892119D2A78302A40F0EF
:1066E000B7806A7802F0DF02582A70D10293089BC3
:1066F000019312AB0093904A059813AB11A902F0D5
:106700009BFF10F00F06044605D0062E2AD1013556
:106710000023119508930E9B002B40F03785089BB2
:106720004BEC10ABCBB1B1EE400B17B0BDEC0A8B0C
:10673000BDE8F08F2029CDD10132C0E72D29C9D184
:1067400001210891511C11915278002AC4D10E9B4D
:10675000CDF84480002B40F017854BEC10ABE4E7FC
:106760000021EEE7129A3AB1352114A803F0ABFEEE
:106770001299059803F084FA731E139A042B06D815
:10678000DFE803F014031D201400DDE914ABE3057A
:1067900048BF4BF0004B2BF000431B0D1B05002B9B
:1067A000B9D102F041F822230360B4E7DDE914A374
:1067B00002F2334223F4801343EA025BE7E7DFF897
:1067C00080B1E4E76FF0004B4FF0FF3ADFE7119B39
:1067D0005A1C11925B78302BF9D0002B9BD00123EF
:1067E0000793119B0A930023069399461D460A229C
:1067F00011980478A4F13003D9B209292AD94F4954
:10680000012201F059FE98B3002022462B4607468C
:106810000146652A01D0452A18D11BB9079B0343BD
:1068200095D00023DDF8448008F10102119298F818
:1068300001202B2A74D02D2A7AD04FF0000EA2F11D
:106840003004092C40F28280CDF8448000249DE081
:106850000023C5E7082DC8BF069900F10100CABF93
:1068600002FB013302FB0939069301351190BFE7A2
:10687000119B5A1C11925A78BDB307462B46A2F1C0
:106880003001092912D90121C3E7119B5A1C119229
:106890005A780130302AF8D0A2F13103082B00F2E7
:1068A0007A84119B0A93074600200346303A00F190
:1068B000010114D00F449C464FF00A0E0CF1010464
:1068C000E61AB14213DC20EAE0701918082903F136
:1068D0000103034419DC0A2101FB09290021119A53
:1068E000501C119052780846C9E72846D2E7BCF1FF
:1068F000080F03DC0EFB09F9A446DFE7102CDEBF0E
:10690000069E0EFB06F60696F6E70F29DFBF0698F1
:106910000A2101FB00220692E0E7002701217DE722
:106920004FF0000E08F10202119298F8022086E75B
:106930004FF0010EF6E700BF400D0508FB0A050801
:106940000000F07F119A541C11945278302AF9D02B
:10695000A2F13104082C3FF679AFA2F1300C119A64
:106960000992119A541C11945278A2F13006092E02
:1069700037D9099EA41B082C44F61F6402DC644529
:10698000A8BF6446BEF1000F00D06442002B4DD179
:10699000079B18437FF4BFAE00297FF4D8AE692A65
:1069A00027D024DC492A24D04E2A7FF4D0AE974940
:1069B00011A803F063F800283FF4C9AE119B1B78BF
:1069C000282B2DD1924914AA11A803F06BF80528A1
:1069D00026D1159BDDF850A043F0FF4B4BF4E00BA4
:1069E00099E60A2404FB0C2CACF1300CB9E76E2AB2
:1069F000DBE7884911A803F041F800283FF4A7AE6F
:106A0000119B8549013B11A8119303F037F810B988
:106A1000119B01331193DFF814B24FF0000A7AE6AC
:106A20007E4801F045FF5BEC10AB74E607EE909AF0
:106A3000E21BB8EE677B002D08BF1D46102B0992A4
:106A40001A46A8BF1022092B5BEC17AB15DCE11B23
:106A500000293FF460AEA4EB070172DD162959DC72
:106A60006F4B099A03EBC20393ED007B4BEC16AB23
:106A700027EE067B5BEC17AB4DE66949DDED066A58
:106A800001EBC20111ED125B0F2BB8EE666BA7EEA6
:106A9000056B5BEC16ABDADD9A1AE11B0A44002A9F
:106AA00040F3948012F00F000AD05D4901EBC00161
:106AB00091ED007B4BEC16AB27EE067B5BEC17AB46
:106AC00032F00F0273D0B2F59A7F47DD00242546DD
:106AD00007942646059ADFF854B1222313604FF03D
:106AE000000A079B002B3FF416AE1299059803F09D
:106AF000C7F80598314603F0C3F80598294603F016
:106B0000BFF80799059803F0BBF80598214603F0F4
:106B1000B7F800E6C3F12501E01B8142BCDB404A27
:106B2000C3F10F0302EBC30191ED007B09994BEC1C
:106B300016ABCB1A02EBC30227EE067B92ED006B7D
:106B400096E71631A8DB364B3C1B03EBC40494EDEF
:106B5000007B4BEC16AB86EE077B8BE700204BEC03
:106B600017AB304E12110146012A23DC08B15BEC51
:106B700017AB2C4A2C4802EBC10292ED007BABF123
:106B8000547B4BEC16AB294A27EE067B17EE901A86
:106B90000A4082425BEC17AB98D8A0F58010824285
:106BA00086BFDFF88CB04FF0FF3A01F1547B002232
:106BB000069276E012F0010F04D096ED006B0120F2
:106BC00027EE067B013152100836CDE7EFD0524256
:106BD00012F00F000AD0124901EBC00191ED007BC9
:106BE0004BEC16AB86EE077B5BEC17AB1211DED0DD
:106BF0001F2A1FDD0024254607942646059A2223D6
:106C00004FF0000A4FF0000B13606AE70A0B05080B
:106C10002C0D0508020B0508EC0B0508E80B050810
:106C2000B80E0508900E05080000A07C0000F07F5B
:106C3000FFFFEF7F12F0100118BF6A2106914BECA5
:106C400017ABAF490020D60704D591ED006B0120AA
:106C500027EE067B521001F10801F4D108B15BEC7C
:106C600017AB069AB2B1CBF30A51C1F16B02002AFD
:106C700058460FDD1F2A55DD342ADEBF4FF0FF32A4
:106C8000C1F14B018A404FF0000ACCBF4FF05C7B52
:106C900002EA000B4BEC17ABB5EE407BF1EE10FABD
:106CA000A8D00A990598CDF800902A4603F050F82C
:106CB000079000283FF40AAF099B3F1B002BB4BF8D
:106CC0003B4600230A93099B9FED89BB23EAE373AC
:106CD00000240D932546079B0598596802F090FF04
:106CE000064600283FF4F6AE079B1A694BEC19AB39
:106CF000023203F10C0192000C3001F0CAFDB0EE3B
:106D0000490B059814AA13A903F056FB129000280A
:106D10003FF4E0AE0598012103F0B0F8054640B914
:106D20000025D7E64FF0FF3101FA02F202EA0A0A23
:106D3000B0E7139F149A002FABBF0A9B0D9BDDF8A1
:106D40003480DDF82890ACBF07EB0309A3EB0708FC
:106D5000069BFF1A1744C2F136036A4A013F974265
:106D600051DAD11B1F29A3EB01034FF001023EDCD6
:106D70008A400C9200220B9209EB03079844069B71
:106D8000B94598444B46A8BF3B464345A8BF434638
:106D9000002BC2BFFF1AA8EB0308A9EB03090A9B4B
:106DA000002B16DD294605981A4603F01FF9054603
:106DB0000028B5D00146129A059803F075F80F9097
:106DC00000283FF487AE1299059802F059FF0F9BF7
:106DD0001293002F1BDC099B002B21DD31460D9AFD
:106DE000059803F003F90646D0B9002672E6C7F10C
:106DF0007F4707F57F0707F57B47E23702FA07F180
:106E00000B910C92B8E700220B920122F9E712993C
:106E100005983A4603F044F912900028DBD159E670
:106E2000B8F1000F07DD31460598424603F038F906
:106E300006460028D9D0B9F1000F08DD294605988B
:106E40004A4603F02DF9054600283FF443AE129957
:106E50000598324603F0ACF9044600283FF43AAEF8
:106E60000023D0F80C80C360294603F085F9002880
:106E70004CDA58EA0A0872D1CBF31303002B6ED117
:106E80002BF000431B0D1B05B3F1D66F67D9636967
:106E900013B92369012B62DD21460122059803F015
:106EA000FFF82946044603F067F9002857DD2BF068
:106EB0000043069A1B0D1B05002A6ED0B3F1D66F56
:106EC0006BD8B3F15C7F7FF699AE9FED0B7B4BECFB
:106ED00016AB0D4B26EE077B17EE902A13405BECAA
:106EE00017AB002B7FF401AE059A22231360FCE55B
:106EF0000000C0FFFFFFDF4100000000000050392C
:106F0000580D050802FCFFFF0000F07FD9465DD157
:106F1000CBF31303B8F1000F2AD0A94A93422AD128
:106F2000069B5246FBB1A74B0BEA0303B3F1D46FA8
:106F30004FF0FF311AD81B0DC3F16B0301FA03F3B5
:106F40009A4218D1A04B994502D101323FF4C2AD0B
:106F50009C4B09EA030303F5801B4FF0000A069BD4
:106F6000002BB2D1C1E54FF0FF33E9E70B46E7E76D
:106F700053EA0A039BD00B9BC3B113EA090FEED06F
:106F8000069A50465946B8F1000F13D0FFF76CFB34
:106F900039EE007B5BEC17ABE1E7A3F580136FEAFA
:106FA000135B6FEA0B5B4FF0FF3AD8E70C9B13EAD9
:106FB0000A0FE4E7FFF758FB39EE400BB5EE400B44
:106FC000F1EE10FA5BEC10ABC9D117E6294620466A
:106FD00003F04AFAB0EE007BB4EEC70BF1EE10FA04
:106FE0005DD8B8F1000F64D1BAF1000F4BD1CBF3EB
:106FF0001303B7EE008B002B60D1B4EEC80BB6EED6
:10700000008BF1EE10FA01D420EE088BB1EE48AB04
:107010006C486E4909EA00078F4253EC1A2B7DD168
:10702000A9F1547B4BEC1CABB0EE4C0B03F054F9C4
:107030006448A0EE0ACB1CEE903A654A03EA0001D0
:1070400091425BEC1CAB3CD919EE902A5E4B9A4204
:1070500004D119EE103A01333FF43CADDFF868B1CA
:107060004FF0FF3A1299059802F00AFE0598314652
:1070700002F006FE0598294602F002FE0598214618
:1070800002F0FEFD27E6BAF1010F03D1BBF1000FBC
:107090003FF4B4ADBFEE00ABB7EE008BB8E7B6EE91
:1070A000008B20EE088BB8F1000FAFD0B0EE48ABEC
:1070B000AEE7B7EE00ABB0EE4A8BA9E7BFEE00AB90
:1070C000A6E703F1547B069BD946002BCAD12BF0CF
:1070D00000431B0D1B059F42C4D151EC180BD9F77F
:1070E0008BFBD9F7F3FACBF3130941EC170B49EA01
:1070F0000A0959EA080938EE478B3CD09FED2A7BF4
:10710000B4EEC78BF1EE10FA3FF5EFAC9FED287BA4
:10711000B4EEC78BF1EE10FAA4DDE6E40699E1B116
:10712000B7F1D46F19D8B4EECB8BF1EE10FA11D8B9
:10713000BCEEC88B18EE103A012B38BF012308EEC5
:10714000103AB8EE488BB8F1000F11D1B1EE487B80
:1071500053EC172B03F1D661CB1BB0EE490B43EC7C
:107160001A2B03F0B9F8AAEE009B5BEC19ABAAE767
:10717000B0EE487BECE79FED107BB4EEC78BF1EEF1
:1071800010FA7FF56FAFB0E4002308930E9A119BBD
:107190001360FFF7C4BA652A3FF4BFAB452A3FF43A
:1071A000BCAB0121FFF7F4BB9535A094FFFFDF3F97
:1071B00035E5AF350000E03F9535A094FFFFCF3FA8
:1071C000FFFF0F000000F07FFFFFEF7F0000E07F78
:1071D000FFFF9F7C014BFFF763BA00BFDC05002473
:1071E0000A4601460248034B0068FFF759BA00BF40
:1071F00048070024DC050024242B2DE9F0478646AF
:10720000904601D8012B06D101F00EFB1623036036
:107210000020BDE8F08734480D462A4615F8014B9A
:10722000065D16F00806F8D12D2C10D12C78012619
:10723000951C33F0100215D1302C0DD12A7802F0B4
:10724000DF02582A08D16C78023510230AE02B2C73
:1072500004BF2C78951CECE7002BF6D1302C14BF22
:107260000A23082306F1004C0CF1FF3C0022BCFB72
:10727000F3F9104603FB19CAA4F13007092F0FD800
:107280003C46A3421BDD571C07D0814514D301D1D6
:10729000A24511DB00FB0340012215F8014BEBE78F
:1072A000A4F14107192F01D8373CEAE7A4F161079F
:1072B000192F04D8573CE4E74FF0FF32EDE7531C99
:1072C00008D12223CEF800306046B8F1000FA0D0DC
:1072D000691E06E006B14042B8F1000F99D0002ABD
:1072E000F6D1C8F8001094E7810D0508FFF784BFB8
:1072F00013460A46014602480068FFF77DBF00BFFB
:1073000048070024F0B52DED028BB0EE408B85B020
:1073100017460D9D0C9E18EE902A25F02005002A98
:10732000B6BF2D220022B1EE408B462D0C461A70BE
:1073300004D0452D00D10134022100E0032103AB2C
:10734000019302AB009322463346B0EE480B01F0A6
:1073500063FB472D14D1FB070AD50219B5EE408B0C
:10736000F1EE10FA08BF03923021039B934219D328
:10737000039B0E9A1B1A136005B0BDEC028BF0BD87
:10738000462D00EB0402E9D10378302B07D1B5EE8E
:10739000408BF1EE10FA1CBFC4F101043460336875
:1073A0001A44DBE75C1C03941970DEE7F7B500298B
:1073B000BABF49422D232B2309290270437029DDCE
:1073C0000DF107031D460A271A46B1FBF7F607FB26
:1073D0001614303402F8014C0C46632C03F1FF33D1
:1073E0003146F1DC3031941E03F8011C411C234668
:1073F000AB420AD30DF109039B1AAC4288BF0023AC
:1074000002330344181A03B0F0BD13F8016B01F8FE
:10741000016FEDE7302330318370C170031DF1E758
:107420002DE9F04F8DB00C46DDF8588016461F460A
:10743000054601F041F9D0F800B05846D8F7B0FF42
:1074400000230A93D8F8003094F818902268059029
:10745000073323F0070303F10801C8F8001093ED88
:10746000000B9FED976BB0EEC07BB4EE467BF1EE68
:1074700010FA84ED120B24DDB5EEC00BF1EE10FA1C
:1074800002D52D2384F843308F49904BB9F1470F33
:107490008CBF8846984622F00402032323612260B1
:1074A0004FF0000A009733460BAA2146284600F009
:1074B000D1F9013040F089804FF0FF300DB0BDE8C8
:1074C000F08FB4EE400BF1EE10FA09D710EE903ABF
:1074D000002BBCBF2D2384F843307D497D4BD5E77D
:1074E0006368591C09F0DF0A39D10623636042F44E
:1074F00080620023226003930AABCDE9019309ABBC
:10750000009361680DF123032846FFF7FBFEBAF1F3
:10751000470F0999804629D1C81C02DB636899424C
:1075200041DDA9F102095FFA89F901394A4604F1FE
:1075300050000991FFF73AFF0A9A1318012A824670
:10754000236102DC2268D20701D5013323619DF853
:107550002330002BA6D02D2384F84330A2E7BAF1C4
:10756000470FC4D1002BC2D10123BFE7B9F1650F8A
:10757000DBD9B9F1660F18D1002963680BDD2161F1
:1075800013B92268D00702D501330B442361A165EA
:107590004FF0000ADBE713B92268D20701D50233A6
:1075A000F4E70123F2E74FF067090A9B994205DBF4
:1075B00023682161D807EAD54B1CE7E70029D4BF2F
:1075C000C1F1020201221344E0E723685A0507D4FF
:1075D0002369424631462846B84701302AD16BE735
:1075E000B9F1650F40F2E08094ED127BB5EE407B7F
:1075F000F1EE10FA33D1384A012331462846B84714
:1076000001303FF459AFDDE90938434502DB236817
:10761000D8070FD5059B5A4631462846B847013052
:107620003FF44AAF4FF0000908F1FF3804F11A0A9D
:10763000C84509DC23689B0700F10781E0680B9BC4
:107640009842B8BF184639E70123524631462846CA
:10765000B84701303FF430AF09F10109E8E7099B71
:10766000002B3BDC1C4A012331462846B847013039
:107670003FF422AFDDE9093959EA030302D1236857
:10768000D907D7D5059B5A4631462846B847013019
:107690003FF412AF4FF0000A04F11A0B099B5B4252
:1076A000534501DC4B4694E701235A4631462846B0
:1076B000B84701303FF400AF0AF1010AEEE700BF1E
:1076C000FFFFFFFFFFFFEF7F010B0508FD0A050825
:1076D000090B0508050B05080D0B0508A36DDDF862
:1076E00028A05345A8BF5346002B994637DC0023FA
:1076F000079329EAE97904F11A02A36D0799069321
:10770000A3EB09038B4231DC099B9A453BDC2368E0
:10771000DA0738D4099BAAEB0309069BAAEB0303FB
:107720009945A8BF9946B9F1000F34DC4FF0000825
:1077300029EAE97904F11A0B099BAAEB0303A3EBED
:10774000090343457FF776AF01235A463146284661
:10775000B84701303FF4B0AE08F10108ECE742460B
:1077600031462846B8470130C1D1A5E6012331464C
:1077700028460692B84701303FF49EAE079B069A12
:1077800001330793B9E7059B5A4631462846B84767
:107790000130BFD190E6069A4B4642443146284616
:1077A000B8470130C2D187E6DDF82890B9F1010F62
:1077B00001DCDB0736D50123424631462846B8476F
:1077C00001303FF479AE059B5A4631462846B8470A
:1077D00001303FF471AE94ED127BB5EE407BF1EEDB
:1077E00010FA09F1FF3918D04B4608F10102314671
:1077F0002846B84701300CD15EE601235A4631468F
:107800002846B84701303FF457AE08F10108C84593
:10781000F3DB534604F15002DCE64FF0000804F1BC
:107820001A0BF4E701234246E1E701234A463146B9
:107830002846B84701303FF43FAE08F10108E3683D
:107840000B995B1A4345F0DCF8E64FF0000804F1B1
:107850001909F4E72DE9F047164698468A680B693E
:10786000DDF820909342B8BF1346336091F843206F
:1078700007460C460AB1013333602368990642BFBC
:10788000336802333360256815F0060506D104F12C
:10789000190AE36832689B1AAB4226DC94F843303D
:1078A0002268003B18BF012392062BD404F1430247
:1078B00041463846C84701301ED02368226903F08C
:1078C0000603042B02BFE5683368ED1AA3680CBFFA
:1078D00025EAE57500259342C4BF9B1AED180026E2
:1078E0001A34B5421AD1002008E00123524641461D
:1078F0003846C847013003D14FF0FF30BDE8F0876C
:107900000135C6E7E1185A1C302081F843002244B3
:1079100094F8451082F843100233C7E7012322464A
:1079200041463846C8470130E6D00136D9E7000065
:107930002DE9FF470F7E0C9E782F914680460C461E
:107940009A4601F1430207D8622F0AD8002F00F0AF
:10795000D180582F00F0B88004F1420684F84270BC
:107960003AE0A7F16303152BF6D801A151F823F0F3
:10797000C9790408DD79040859790408597904089B
:107980005979040859790408DD79040859790408FB
:10799000597904085979040859790408DB7A0408EC
:1079A000077A0408957A0408597904085979040873
:1079B000FD7A040859790408077A040859790408FB
:1079C000597904089D7A040833681A1D1B683260CF
:1079D00004F1420684F8423001239CE033682068B9
:1079E000191D3160060601D51D6803E04506FBD56B
:1079F000B3F90050002D03DA2D236D4284F8433093
:107A000058480A2311E021683368080653F8045BDC
:107A100002D4490648BFADB26F2F5248336014BF3D
:107A20000A230823002184F843106668A660002E0C
:107A300005DB21682E4321F0040121604BD016465E
:107A4000B5FBF3F103FB1157C75D06F8017D2F4627
:107A5000BB420D46F4D9082B0BD12368DF0708D5AC
:107A6000236961689942DEBF302306F8013C06F1C4
:107A7000FF36921B2261CDF800A04B4603AA214697
:107A80004046FFF7E7FE01304AD14FF0FF3004B027
:107A9000BDE8F087236843F020032360324878274D
:107AA00084F84570236831681F0651F8045B02D4DE
:107AB0005F0648BFADB23160D90744BF43F0200331
:107AC00023601DB11023ADE72648E9E7236823F0C2
:107AD00020032360F6E71646BDE733682568616931
:107AE000181D30602E061B6801D5196002E068067B
:107AF000FBD51980002323611646BCE733681A1DA5
:107B000032601E68626800213046D8F7F9FB08B180
:107B1000801B606063682361002384F84330AAE718
:107B20002369324649464046D0470130ADD02368EC
:107B30009B0713D4E068039B9842B8BF1846A6E79A
:107B40000123324649464046D04701309DD0013599
:107B5000E36803995B1AAB42F2DCEBE7002504F122
:107B60001906F5E70F0B0508200B05082DE9F04F66
:107B700087B0914603938B685A1EB2F5AE7F81BFE2
:107B80006FF4AE7503EB050B40F25D138B600B6871
:107B90000A464FF0000543F4F06342F81C3BCDE980
:107BA000045580460C4698BF4FF0000B01921646D4
:107BB000AA462F460295A2685AB1D9F800301B7820
:107BC0004E2B63D8402B3BD8A3F12B01C8B20E2813
:107BD00039D91FB1236823F4807323600AF1FF3A77
:107BE000BAF1010F00F21481019B9E4200F205815F
:107BF000012007B0BDE8F08FA3F161020D2AE8D89B
:107C000001A151F822F000BF517D0408D37B040884
:107C1000D37B0408D37B0408AD7D0408877D04086A
:107C2000D37B0408D37B04085F7D0408D37B04085E
:107C3000D37B0408D37B0408D37B04081B7D040892
:107C4000A3F14102DAE70E29C3D801A050F821F0D0
:107C50000B7D0408D37B04080B7D04089B7D04087E
:107C6000D37B0408AD7C0408F17C0408F17C040893
:107C7000F17C0408F17C0408F17C0408F17C040820
:107C8000F17C0408F17C0408F17C04086E2B09D80F
:107C9000602BB1D8542B7BD0592B9AD1072D98D17A
:107CA00008252FE0742B73D0792BF6E72168C805DF
:107CB0001ED521F0800121600137BBF1000F03D0F8
:107CC00001320BF1FF3BA260A368013BA360236973
:107CD00001332361D9F80430013B002BC9F804308B
:107CE00040F38280D9F800300133C9F8003062E7F0
:107CF0001AEB05017FF46DAF226822F4C072226096
:107D00000D468A4606F8013BDEE7226810067FF53D
:107D100060AF22F080022260F4E7BAF1000F0CD1CC
:107D200077B9226802F4E061B1F5E06F08D122F47E
:107D3000F06222604FF0010AE4E7BAF1020F50D07E
:107D4000012D02D0042D7FF444AF0135EDB2D9E707
:107D5000BAF1010F7FF43DAF4FF0020AD2E775B9D7
:107D6000002F7FF437AF226802F4E061B1F5E06FD5
:107D700040F0FC8022F4F06222600125C2E7032D6E
:107D8000E3D0052DDFE7022D7FF423AF0325B9E70C
:107D9000062D7FF41EAF0725B4E7226891057FF515
:107DA00018AF22F4207222600297ABE7226802F437
:107DB000A061B1F5806F05D050057FF50AAF002FA7
:107DC00000F0D480910558BF029922F4F06258BFA8
:107DD000791A42F4C07258BFCDE904162260002718
:107DE00090E74FF0030A8DE7D4F8803149464046CA
:107DF000984700283FF4DFAEEBE6D4F87C3116F864
:107E0000011D4A46404698472369013B2361EBE642
:107E10006B1E062B24D8022D36D8019B9E427FF67E
:107E2000E7AED4F87C3116F8011D4A464046984723
:107E30002369013B2361F0E7D4F87C311BF8011D75
:107E40004A46404698472369013B23610AF1FF3ABD
:107E50005FFA8AFABAF1020FEED1033DEDB2761B5A
:107E60002368DA0530D55B0511D5019B9E427FF66C
:107E7000BFAED4F87C3116F8011D4A4640469847FB
:107E80002369013B2361F0E7AA46B346DEE716F813
:107E9000011C2369652903F1FF3306F1FF352361D6
:107EA0000CD045290AD0D4F87C314A464046984740
:107EB000236916F8021C013BB51E2361D4F87C31FE
:107EC0004A46404698472E46226812F0100201D0DA
:107ED00000208EE63270236803F4C063B3F5806F30
:107EE00023D1029B9F420AD0DA1B04F26F139E42F9
:107EF00028BF04F5B7761E49304600F0A5F9019970
:107F000000224046FFF766F9039B21681B6811F0C9
:107F1000020F03F1040215D003990A601B6883ED78
:107F2000000BE3680133E360D2E7049B002BE6D04B
:107F300005990A2301314046FFF7D8F9049B059EB5
:107F4000C21AD2E711F0040F03990A60E6D1B4EE29
:107F5000400BF1EE10FA1D6805D7064800F0B0FCA2
:107F600085ED000ADDE7B7EEC00BF9E7002735E63F
:107F7000310B0508E80B0508002310B50446C0E9DD
:107F80000033C0E90433836081814366C281836129
:107F9000194608225C3000F06BFA0D4B63620D4B02
:107FA000A3620D4BE3620D4B23630D4B24629C4295
:107FB00006D003F16802944202D0D0339C4205D12E
:107FC00004F15800BDE8104000F058BC10BD00BFDF
:107FD0008D820408AF820408E78204080B8304083A
:107FE00028FF0524024A0349034800F069B800BF8E
:107FF000D0050024B5AB04084C07002441680C4BA5
:10800000994210B5044601D002F0D4FDA168094B95
:10801000994202D0204602F0CDFDE168064B99421C
:1080200004D02046BDE8104002F0C4BD10BD00BF22
:1080300028FF052490FF0524F8FF052410B50B4BFD
:108040000B4C0C4A1A60204600220421FFF794FFD3
:1080500004F1680001220921FFF78EFF04F1D0002E
:108060000222BDE810401221FFF786BF60000624FF
:1080700028FF0524E57F0408014800F000BC00BF8C
:1080800069000624014800F0FBBB00BF690006241C
:1080900010B50446FFF7F0FF236A1BB1BDE810409E
:1080A000FFF7F0BF044B2362044B1B68002BF5D194
:1080B000FFF7C4FFF2E700BFFD7F0408600006245D
:1080C0002DE9F8430746884614460026D4E9019571
:1080D000B9F1010905D52468002CF7D13046BDE877
:1080E000F883AB89012B07D9B5F90E30013303D0E2
:1080F00029463846C04706436835E9E70FB407B557
:10810000064904AB086853F8042B8168019302F018
:10811000B5FB03B05DF804EB04B0704748070024DA
:10812000036A70B5846805460E460BB9FFF7B0FFC9
:10813000636EDB0705D4A389980502D4A06D00F017
:108140009EFBA389190702D52369002B35D121464F
:10815000284600F01DF980B34FF0FF35636EDA0753
:1081600005D4A3899B0502D4A06D00F089FB2846A5
:1081700070BD002B04DAA2699A4217DC0A2915D0D7
:1081800023685A1C22601970A36816F8011F013B6E
:10819000A3600029EDD1002B11DA22460A212846DE
:1081A00000F0B7F80130D7D00A25D7E72246284695
:1081B00000F0AFF80130E7D1CEE7013EE4E72368F5
:1081C0005A1C22600A221A70EEE70000024B014698
:1081D0001868FFF7A5BF00BF480700240CB430B5EE
:1081E000184B0C1E1D689DB008DA8B232B604FF0D6
:1081F000FF301DB0BDE8304002B070474FF402734D
:10820000ADF814304FF000031B9314BF04F1FF339B
:108210002346049307934FF6FF7302900690ADF840
:108220001630209A21AB02A92846019302F000FAE9
:10823000431CBCBF8B232B60002CDAD0029B002296
:108240001A70D6E7480700240EB410B59DB01FABD6
:10825000029006906FF000410A48079104910A4984
:1082600053F8042B0591002402A9006801931B9484
:1082700002F0DEF9029B1C701DB0BDE8104003B097
:10828000704700BF480700240802FFFF10B50C46E6
:10829000B1F90E1000F094FA0028ABBF636DA3890A
:1082A0001B1823F48053ACBF6365A38110BD2DE977
:1082B000F0411F468B89DB0505460C46164605D561
:1082C000B1F90E100223002200F068FAA389B4F974
:1082D0000E1023F48053A38132463B462846BDE866
:1082E000F04100F08FBA10B50C46B1F90E1000F055
:1082F00055FA431CA38915BF606523F4805343F4EA
:108300008053A38118BFA38110BDB1F90E1000F0F6
:10831000D7B9F8B50E461446054618B1036A0BB92D
:10832000FFF7B6FEA369A360A3891A0701D52369E5
:1083300043B92146284600F02BF818B14FF0FF371B
:108340003846F8BD23682269981A6369F6B28342F9
:10835000374605DC2146284602F02CFC0028EDD1EA
:10836000A368013BA36023685A1C22601E706269E7
:10837000431C9A4204D0A389DB07E1D50A2EDFD142
:108380002146284602F016FC0028D9D0D6E7000086
:1083900038B5294B054618680C4618B1036A0BB965
:1083A000FFF776FEB4F90C30190722D4DA0607D4A9
:1083B00009222A6043F04003A3814FF0FF3033E0ED
:1083C000580712D5616B41B104F14403994202D0C0
:1083D000284601F07FF800236363A38923F0240378
:1083E000A3810023636023692360A38943F008030A
:1083F000A38123694BB9A38903F42073B3F5007FEC
:1084000003D02146284602F035FCB4F90C3013F0B5
:1084100001020AD00022A26062695242A26122696E
:1084200042B913F08000C5D138BD990758BF6269C1
:10843000A260F4E70020F7E748070024884210B55F
:1084400001EB020402D98442234607D8431EA1420D
:1084500008D011F8012B03F8012FF8E70244014678
:108460008A4200D110BD13F8014D02F8014DF7E723
:1084700002440346934200D1704703F8011BF9E719
:1084800010B50246147813460132002CFAD1013B94
:1084900011F8012B03F8012F002AF9D110BDC9B240
:1084A0000346184613F8012B12B18A42F9D17047DE
:1084B000002918BF0020704710B56AB1013984182F
:1084C00010F8012B11F8013F9A4203D1A04201D0CC
:1084D000002AF5D1D01A10BD1046FCE710B50139BD
:1084E000034632B111F8014F03F8014B013A002C59
:1084F000F7D11A440021934200D110BD03F8011BAB
:10850000F9E70A7870B56AB970BD9A4209D10C468C
:10851000054614F8013F002BF6D015F8016F9E4276
:10852000F7D001300378002BEFD11846ECE70000BC
:1085300038B50B4B1D686B6B044653B92420FDF70F
:108540009FFF0246686320B9064B07483D2100F0B3
:10855000BDF9696B2046BDE8384000F007B800BFA0
:1085600048070024360B05084D0B05082DE9F0419E
:108570004D4A0C460023D0E90001D8F7D5F8002A6F
:10858000BCBF02F5A83202F5C0724FF4616100F57C
:108590002F20B2FBF1F301FB13224FF03C01ACBFE3
:1085A00000F66C2000F66B20A360B2FBF1F301FB38
:1085B000132263602260C31C072293FBF2F2C2EB1A
:1085C000C2029B1A394955D50733A361A0F50E3372
:1085D000A3F52C7393FBF1F1354B03FB010048F637
:1085E000AC63B0FBF3F3034440F2B45CB0FBFCF2C9
:1085F0009B1A40F26D172F4AB0FBF2F264269B1AC9
:10860000B3FBF7F2B3FBFCF3B2FBF6F5EB1A034452
:1086100007FB1233992003EB8307023703F1010EA6
:10862000B7FBF0FC00FB0CF002304FF00508B0FB8C
:10863000F8F0AEEB000040F2F95E77458CBF6FF0CA
:108640000907022767444FF4C87C0CFB0121012F66
:1086500098BF0131B3F5997F12D3A3F59973E36104
:10866000A1F26C710023E060C4E90471236220462A
:10867000BDE8F0810028A361A8DB90FBF1F1ABE736
:1086800012F0030F02D106FB15255DB94FF4C87532
:10869000B2FBF5F605FB1622B2FA82F252093B3321
:1086A0001344DCE70122FAE780510100B13A0200ED
:1086B0004FC5FDFFB03A020000487047CC060024C9
:1086C00038B5064D0023044608462B60EEF768FADD
:1086D000431C02D12B6803B1236038BD640006241B
:1086E0002D4B1B68834270B5044653D0C3691BB33E
:1086F000DB6863B10025E369DB685959B1B904351A
:10870000802DF8D1E3692046D96800F0E3FEE369E3
:10871000196811B1204600F0DDFEE3699D685DB186
:10872000294620462D6800F0D5FEF8E70E68204661
:1087300000F0D0FE3146E1E7616911B1204600F05A
:10874000C9FEE16911B1204600F0C4FE216B11B1F0
:10875000204600F0BFFE616B11B1204600F0BAFE6A
:10876000A16B11B1204600F0B5FEA16C11B12046FD
:1087700000F0B0FE616C11B1204600F0ABFEE16A82
:1087800011B1204600F0A6FE236A1BB12046BDE8C9
:108790007040184770BD00BF4807002438B5074D2A
:1087A00004460846114600222A601A46EEF702FAED
:1087B000431C02D12B6803B1236038BD640006243A
:1087C00038B5074D04460846114600222A601A466D
:1087D000EEF7C8F9431C02D12B6803B1236038BD02
:1087E0006400062438B5064D0023044608462B6075
:1087F000EEF7E2F9431C02D12B6803B1236038BDC8
:108800006400062438B5074D044608461146002288
:108810002A601A46EEF7B6F9431C02D12B6803B161
:10882000236038BD64000624014B1868704700BF00
:108830004807002470B50D4D0D4C641BA410002694
:10884000A64209D10B4D0C4C05F0EEF8641BA410A8
:108850000026A64205D170BD55F8043B9847013665
:10886000EEE755F8043B98470136F2E7401F05084C
:10887000401F0508401F0508441F05087047704742
:108880007047034611F8012B03F8012B002AF9D198
:1088900070470A44914200F1FF3300D1704710B590
:1088A00011F8014B03F8014F9142F9D110BD0000BE
:1088B0009FED010B704700BF000000000000F87F33
:1088C0009FED010A704700BF0000C07F1FB514462E
:1088D0001A46094B1B680546D8684CB1074B0091F6
:1088E000CDE9013406492B4602F08CF902F020FA5A
:1088F000044B1C46F3E700BF48070024AD0B0508F6
:10890000BA0B0508E80B05082DE9F74F03690C6958
:10891000A34207467EDB013C01F11408A30000F1ED
:108920001405009305EB8403019358F8243055F89F
:10893000242001339A4208EB8409B2FBF3F62ED3CC
:108940004FF0000AC446AE46D3465CF8043B98B2EA
:1089500006FB00A0020C1B0C06FB0323DEF8002024
:1089600080B292B2121A5A44DEF800004FEA134A5B
:108970009BB2C3EB224303EB104392B242EA0342A1
:10898000E1454EF8042B4FEA234BDED2009BEB5817
:108990002BB9019B043B9D421A462FD33C613846BC
:1089A00001F0EAFB002825DB2946002058F8042BBB
:1089B000D1F800C01FFA82FE1FFA8CF3A3EB0E035E
:1089C0000344120CC2EB234202EB1C429BB243EA6B
:1089D0000243C14541F8043B4FEA2240E6D255F834
:1089E000242005EB840322B9043B9D421A460BD395
:1089F0003C610136304603B0BDE8F08F1268043B9D
:108A0000002ACBD1013CC6E71268043B002AEFD113
:108A1000013CEAE70020EEE72DE9F04F2DED028B57
:108A2000C76991B08DED020B55EC104B1C9E079160
:108A3000814609920D937FB91020FDF721FD024672
:108A4000C9F81C0020B9A04BEF21A048FFF73EFF5A
:108A5000C0E901770760C760D9F81C30196859B1BF
:108A60005A684A60012393408B60484601F008F938
:108A7000D9F81C3000221A602B1EBBBF23F0004324
:108A8000039300230122ACBF33603260904B039EFE
:108A9000B34310D10D9A42F20F731360C6F3130360
:108AA000234300F0E6841D9B8A4F002B00F0E884EE
:108AB000FB1C00F0E3BC9DED028BB5EE408BF1EEAC
:108AC00010FA0AD10D9A012313601D9B13B11D9A50
:108AD000814B1360814F00F0D3BC0EAA0FA948460A
:108AE000B0EE480B01F068FCC6F30A530E9A0190F1
:108AF000002B45D0B0EE487B18EE901AC1F313015D
:108B000041F07F5141F44011A3F2FF33002507EEFD
:108B1000901AB7EE086B9FED665B37EE467B9FEDD4
:108B2000666BA7EE056B9FED665B07EE903AB8EEBD
:108B3000E74BB0EE467BA4EE057BFDEEC76BB5EED2
:108B4000C07BF1EE10FA16EE908A08D5B8EEE66B0F
:108B5000B4EE476BF1EE10FA18BF08F1FF38B8F128
:108B6000160F2BD85E4901EBC80191ED007BB4EEE6
:108B7000C78BF1EE10FA01D508F1FF3800211EE095
:108B80000F9B134403F232412029C1BFC1F14001C0
:108B90008E4003F2124124FA01F1D6BFC1F1200147
:108BA000314304FA01F107EE901AB8EE677B013BFE
:108BB00017EE901A0125A1F1F871A8E70121D21A48
:108BC000531E069345BFC2F1010304930023002303
:108BD0004CBF06930493B8F1000F0C9118DB069B71
:108BE000CDF82880434406930023079A092A45D8E4
:108BF000052AC4BF043A0792079AA2F10202CCBF29
:108C000000240124032A44D8DFE802F03436170B8D
:108C1000049B0022A3EB080304930A92C8F100030B
:108C2000E3E701220892099A08EB020B0BF1010A13
:108C30005246012AB8BF012206E001220892099A91
:108C4000002A29DD93469246D9F81C7000210420A1
:108C500000F11406964226D979604846059300F043
:108C6000CFFF059B074600283ED11E4B024640F22F
:108C7000AF11EAE60022E1E70022D3E70124002257
:108C8000CDE907244FF0FF3B0021DA46122209917B
:108C9000DAE701220892F5E74FF0010BDA465A466F
:108CA000CDF824B0D0E701314000D1E7AFF3008028
:108CB00061436F63A787D23FB3C8608B288AC63FE2
:108CC000FB799F501344D33F360B0508F60B05087C
:108CD0000000F07FF20B05080E0B05080D0B0508D0
:108CE000B80E05084E0C0508D9F81C20BAF10E0F75
:108CF00010606ED8002C6CD0B8F1000F40F3B48037
:108D0000C84A08F00F0102EBC10218F4807F92ED0F
:108D1000007B4FEA281100F09B80C34A92ED086B5C
:108D200088EE066B8DED026B01F00F010322BE4849
:108D3000002940F08F809DED026B86EE077B8DED64
:108D4000027B0C999DED027B002900F0B380B7EE09
:108D5000006BB4EEC67BF1EE10FA40F1AB80BAF1D5
:108D6000000F00F0A780BBF1000F30DDB2EE046B06
:108D700027EE067B8DED027B08F1FF310591013274
:108D80005C469DED026BB1EE0C5B07EE902AB8EEEF
:108D9000E77BA7EE065B15EE902A51EC150BA2F1CE
:108DA0005071002C40F08A80B1EE047B36EE476BA8
:108DB00041EC170BB4EEC76BF1EE10FA00F36A82C8
:108DC000B1EE477BB4EEC76BF1EE10FA23D48DED14
:108DD000028B0F9A002AC0F22981B8F10E0F00F31E
:108DE0002581904B03EBC80393ED006B099B002B8F
:108DF00080F2C880BAF1000F00F3C4800BD1B1EE4D
:108E0000047B26EE076B9DED027BB4EEC76BF1EEA3
:108E100010FAC0F23C8200242546099BDB430593EF
:108E20003E464FF000082146484600F029FF002D3D
:108E300000F0A280B8F1000F05D0A84503D041464C
:108E4000484600F01DFF2946484600F019FF93E010
:108E500002226CE7CC0704D590ED006B013227EEBF
:108E6000067B4910083063E722D0C8F100016D4A43
:108E700001F00F0002EBC00292ED007B28EE077BB1
:108E80008DED027B684809110024022229B9002CCB
:108E90003FF457AF8DED027B53E7CE0705D590ED3C
:108EA000006B0132012427EE067B49100830EDE704
:108EB000022246E7CDF81480544662E7594A02EB95
:108EC000C40212ED024B089A41EC170B3C444AB322
:108ED000B6EE003BB7EE002B3E4683EE045BB2EEEF
:108EE000043B35EE477BFDEEC64B14EE902AB8EE00
:108EF000E45B303236EE456BB4EEC76BF1EE10FA40
:108F000006F8012B38D432EE465BB4EEC75BF1EEC7
:108F100010FA6ED4A6423FF45AAF27EE037B26EE3A
:108F2000036BE0E721463E4627EE047BB2EE043BAE
:108F3000FDEEC64B14EE902A303206F8012BA64205
:108F4000B8EEE45B36EE456B19D1B6EE005B37EE5A
:108F5000054BB4EEC46BF1EE10FA4ADC35EE475B1C
:108F6000B4EEC56BF1EE10FA7FF531AF0E46013964
:108F700016F8013C302BF9D0DDF8148027E026EEFE
:108F8000036BD5E79DED027BB2EE044B3E4687EEC8
:108F9000065BBDEEC55B15EE103A303306F8013BBB
:108FA000F31B9A45B8EEC53BA3EE467B32D137EEB4
:108FB000077BB4EEC67BF1EE10FA18DCB4EE467B0C
:108FC000F1EE10FA03D115EE103ADB070FD4019938
:108FD000484600F055FE00230D9A337008F1010356
:108FE00013601D9B002B00F04B821E6048E2CDF801
:108FF000148033461E4613F8012D392A06D19F42AC
:10900000F8D1059A0132059230223A701A7801326D
:109010001A70B1E727EE047BB5EE407BF1EE10FA53
:10902000B5D1D4E7B80E0508900E050808990029B7
:1090300000F0E9800799012900F3CB80002D00F0B2
:10904000C48002F23342049E1C460593049B1344E1
:109050000493069B012113444846069300F00EFF3B
:10906000059B054666B1069A002A09DDB2420499BD
:10907000A8BF3246891A04910699B61A8A1A06922E
:109080000BB3089A002A00F0C580002C00F0BF80C6
:109090002946224648460B9300F0A8FF019A014654
:1090A0000546484600F000FF01990590484600F04B
:1090B000E7FD0B9B1B1B00F0B08005991A46484644
:1090C00000F094FF01900121484600F0D7FE0A9B72
:1090D0000446002B00F0DA811A460146484600F0AB
:1090E00085FF079B012B044600F3A080029B002B09
:1090F00040F09680039BC3F31302002A40F0928055
:1091000023F00042120D1205002A00F08D80049B0E
:1091100001330493069B0133069301230B930A9BAF
:10912000002B00F0B981226904EB8202106900F083
:1091300059FEC0F12000069B184410F01F0000F0FB
:109140008180C0F12002042A73DD049BC0F11C0061
:1091500003440493069B064403440693049B002B9C
:1091600005DD01991A46484600F09AFF0190069BDA
:10917000002B05DD21461A46484600F091FF0446C3
:109180000C9B002B60D00198214600F0F5FF0028D1
:109190005ADA08F1FF330593019900230A22484661
:1091A00000F090FD089B0190002B00F0778129468C
:1091B00000230A22484600F085FDBBF1000F05465A
:1091C0006EDC079B022B48DC6AE00E9AC2F1360285
:1091D00039E70AF1FF34A34207DBBAF1000FA3EB32
:1091E00004040BDB049E52462FE7E21A0A9B049EFE
:1091F00013440A9352462346002426E7049AA2EB1E
:109200000A06002221E7049E089D1C462AE7019ACF
:10921000059252E701991A4651E7059B019352E7DF
:1092200000237BE7029B79E70B9278E700230B93FF
:1092300079E793D0049B1C3213440493069B164495
:1092400013448AE70246F5E7BAF1000FCDF814801F
:10925000D34621DC079B022B1EDDBBF1000F7FF400
:10926000DCAD21465B460522484600F02BFD014659
:109270000446019800F080FF00287FF7CEAD3E46FF
:10928000312306F8013B059B01330593C9E5CDF871
:10929000148054462546F2E7089B002B00F002811B
:1092A000002E05DD29463246484600F0F9FE054607
:1092B0000B9B002B58D06968484600F0A1FC06467D
:1092C00028B9824B024640F2EF21FFF7BEBB2A6964
:1092D0000232920005F10C010C30FFF7DAFA01229C
:1092E0003146484600F0DCFE7B1C049307EB0B0381
:1092F0000993029B03F00103A84608930546049BCB
:109300000198214603F1FF3BFFF7FEFA4146029028
:1093100000F1300A019800F02FFF2A4606902146FE
:10932000484600F045FFC2680646FAB90146019872
:1093300000F022FF0246314648460A9200F0A0FCA7
:10934000079B0A9A049E42EA0301089B19430FD126
:10935000BAF1390F28D0069B002B02DD029B03F1E6
:10936000310A8BF800A05EE52846BDE70122E2E75E
:10937000069B002B04DB07990B4308990B4320D174
:10938000002AEEDD01990122484600F089FE2146BF
:10939000019000F0F1FE002803DCE2D11AF0010F89
:1093A000DFD0BAF1390FD9D139238BF800303346E9
:1093B0001E46013B16F8012C392A52D001321A7090
:1093C00031E5002A07DDBAF1390FEDD00AF10103CA
:1093D0008BF8003027E5049B099A03F801AC93420F
:1093E00029D0019900230A22484600F06BFCA845C9
:1093F00001904FF000034FF00A024146484607D162
:1094000000F060FC80460546049B0133049376E738
:1094100000F058FC2946804600230A22484600F006
:1094200051FC0546F0E7BBF1000FCCBF5E460126BC
:109430003E444FF0000801990122484600F030FEFA
:109440002146019000F098FE0028B0DC02D11AF00D
:10945000010FACD133461E4613F8012D302AFAD045
:10946000E1E49F42A4D1059B0133059331233B7076
:10947000D9E41D9B164F1BB107F108031D9A136019
:10948000384611B0BDEC028BBDE8F08F079B012B75
:109490007FF72CAE0A9B0B9301204CE6BBF1000F2B
:1094A0007FF7D8AE3E4601982146FFF72DFA00F12E
:1094B000300A06F801ABF21B9345B4DD0199002395
:1094C0000A22484600F0FEFB0190ECE74E0C05082E
:1094D000E90B050838B50546002941D051F8043C90
:1094E0000C1F002BB8BFE418FDF77CF81D4A136869
:1094F00033B9636014602846BDE83840FDF778B89A
:10950000A34208D9206821188B4201BF19685B6803
:1095100009182160EDE71A465B680BB1A342FAD93E
:1095200011685018A0420BD12068014450188342A2
:109530001160E0D118685B68536008441060DAE796
:1095400002D90C232B60D6E7206821188B4204BF78
:1095500019685B68636004BF091821605460CAE73A
:1095600038BD00BF24FF05240369B3EB611F2DE95B
:10957000F0434FEA611200F1140445DD11F01F01C0
:1095800004EB830604EB82050CD100F11007294699
:10959000B14234D39B1A9B00EA1E964238BF002387
:1095A000234415E054F82270C1F12008CF4005F1A2
:1095B000040EA1467645F44615D89A1A9200043A4C
:1095C0000135AE4238BF0022A318A75007B10433BB
:1095D0001A1BA3424FEAA20208BF0023026108BF80
:1095E0004361BDE8F083DCF800C00CFA08FC4CEAEB
:1095F000070749F8047B5EF8047BCF40DAE751F8AF
:1096000004CB47F804CFC3E72346E1E7A0F13003DA
:10961000092B02D82038C0B27047A0F16103052B96
:1096200001D84738F7E7A0F14103052B01D82738C7
:10963000F1E70020704700002DE9F04F85B08A4621
:1096400002930B68019090469C1CA14614F8010BF4
:109650003028FAD0A9EB0303A3F1020BFFF7D6FFE2
:109660000546002868D1A04901224846FEF724FF9C
:109670000746002867D199F801002646FFF7C6FF84
:10968000002862D0234618783028994603F1010358
:10969000F9D0FFF7BBFFB0FA80F56D094FF0010B71
:1096A0004A46164601323078FFF7B0FF0028F8D15D
:1096B0008D4901223046FEF7FFFE00283FD144B914
:1096C000741C2246164601323078FFF79FFF0028AF
:1096D000F8D1A41BA700337803F0DF03502B3ED151
:1096E00073782B2B33D02D2B34D0711C00240878A9
:1096F000FFF78CFF431EDBB2182B30D8A0F110020D
:1097000011F8010FFFF782FF00F1FF3C5FFA8CFCBC
:10971000BCF1180F4FF00A031ED904B1524217448E
:10972000CAF80010EDB1BBF1000F0CBF06250025F3
:10973000284605B0BDE8F08F00252C46B0E7002C88
:10974000C7D12746C7E74E462F460125C3E7002469
:10975000B11CCCE70124FBE703FB0200CEE7314656
:10976000DEE7A6EB0903013B2946072B0ADC01983B
:1097700000F046FA044640B95C4B0246E4215C48DE
:10978000FFF7A4F801315B10EFE700F1140A0023A2
:1097900055469B46B14537D345F804BBA5EB0A05B2
:1097A000AD102561584600F01DFB6D01D8F8006032
:1097B0002D1AB54254DDAD1B2946204600F0A6FE09
:1097C000814678B16B1E591103F01F025AF821101F
:1097D0004FF0010909FA02F20A4203D04B4536DC88
:1097E0004FF0020929462046FFF7BEFE2F44D8F865
:1097F0000830BB4242DA0198214600F041FA0E9A45
:1098000000231360A32593E716F8012D2E2A12D00A
:10981000202B04D145F804BB4FF0000B5B46307899
:109820000393FFF7F3FE039B00F00F0098404BEA11
:10983000000B0433AEE7B145EAD82B49039301226C
:109840003046FEF739FE039B0028E1D1A2E7A91EAE
:10985000204600F05BFE0028C2D04FF00309C1E7AC
:1098600009DA751B214601982A4600F019FC7F1B76
:10987000044600F1140A4FF00009B8E7D8F8045084
:10988000BD426FDDED1BAE4234DCD8F80C30022B4C
:1098900022D0032B24D0012B15D1AE4213D1012E9F
:1098A0000BD1029AD8F80430136001232361CAF85F
:1098B00000300E9B62251C603AE7711E204600F0C6
:1098C00025FE0028EDD10198214600F0D9F90E9A25
:1098D0000023136050252BE70F9B002BF3D1E0E70B
:1098E0000F9B002BDDD1EEE7FB0A05084E0C0508A7
:1098F0005F0C05086F1EB9F1000F30D127B1394652
:10990000204600F003FE81467A1101235AF82220F6
:1099100007F01F07BB4013422946204618BF49F0F5
:109920000209FFF721FED8F80470761B0225B9F171
:10993000000F47D0D8F80C30022B15D0032B17D0CE
:10994000012B09D119F0020F06D0DAF8003049EAEC
:10995000030919F0010F0ED145F0100532E04FF068
:109960000109D1E70125E2E70F9BC3F101030F9342
:109970000F9B002BF0D0D4F810B004F114034FEA81
:109980008B0A03EB8B014FF0000C184653F8042BA5
:10999000B2F1FF3F1BD001320260022D04F114032B
:1099A0003CD1D8F80020013AB24209D1711101220C
:1099B00053F8213006F01F0602FA06F61E423AD18D
:1099C00045F020050E9B1C60029B1F60B0E699428B
:1099D00043F804CCD9D8A3689B4517DB616801988C
:1099E000013100F00DF9814618B91A4B0246842165
:1099F000C5E62269023204F10C0192000C30FEF738
:109A000048FF2146019800F03BF94C4623695A1C57
:109A100004EB8303226101225A61BEE722695A45A1
:109A20000BDD01212046FFF79FFDD8F808300137F4
:109A3000BB42FFF6E0AE0125C2E716F01F06FAD0E2
:109A40005344C6F1200653F8040C00F0CBF9B042A1
:109A5000E7DBF0E74E0C0508C2F10802920070B592
:109A6000C2F120064368046803FA06F52C43D3408C
:109A7000046040F8043F8842F4D370BD30B50368F9
:109A8000013311F8014B14B90360012030BD13F804
:109A9000012BA2F14105192D98BF2032A242F0D02E
:109AA0000020F3E72DE9F04F0B6801685E1102EB2F
:109AB000860613F01F0387B018BF04360025371F32
:109AC00082469046019346F8045CB9463C460295AE
:109AD000AB464A784B1C039342B31046059104925F
:109AE000FFF794FD002851D1049A0599202A18D82F
:109AF000029B9B4513DD4C4506D2072D04DC2A460C
:109B000049462046FFF7A8FF444552D90023A4F157
:109B1000040944F8043CCDF808B04C461D460399AE
:109B2000D7E7292A57D10231CAF80010BBF1000F3C
:109B300051D04C4506D2072D04DC2A464946204622
:109B4000FFF78AFF444536D9A8F10402234653F8AB
:109B5000041B42F8041F9F42F9D23B1B23F003036E
:109B600004330134033EB44288BF0423434400223B
:109B700043F8042B9F42FBD23B681BB9474528D1D1
:109B800001233B60052007B0BDE8F08F0135082DAB
:109B90000BF1010B06DD4445C1D9002344F8043C18
:109BA0000125043C226800F00F0040EA021020600A
:109BB000B5E70825B3E7019B002BDDD0C3F12003F7
:109BC0004FF0FF32DA4056F8043C134046F8043CAC
:109BD000D2E7043FD0E70420D5E782B001B901A95C
:109BE00042B14BB113780B601278101E18BF0120E0
:109BF00002B070471046FBE76FF00100F8E7000085
:109C000070B5C66904460D4676B91020FCF738FCDD
:109C10000246E06120B9184B18486B21FEF756FE4A
:109C2000C0E901660660C660E669F36883B1E3696E
:109C3000DB6853F82500B8B9012101FA05F6721D59
:109C40009200204601F07BF860B1C0E901560EE0B9
:109C500021220421204601F072F8E369F060DB68FC
:109C6000002BE4D1002070BD026843F825200023BA
:109C7000C0E90333F7E700BF360B0508BF0C050842
:109C800070B5C66905460C4676B91020FCF7F8FB9E
:109C90000246E86120B9094B09488F21FEF716FEFC
:109CA000C0E901660660C6603CB1EB696268DB68CA
:109CB00053F82210216043F8224070BD360B05088E
:109CC000BF0C05082DE9F0410D6907460C461E46FC
:109CD00001F1140C0020DCF8003099B202FB0161A4
:109CE0001E0C0B0C02FB063389B2013001EB034161
:109CF00085424CF8041B4FEA1346ECDC0EB3A36814
:109D0000AB4219DC616838460131FFF779FF8046C4
:109D100028B902460C4B0D48BA21FEF7D7FD22693F
:109D2000023204F10C0192000C30FEF7B2FD214624
:109D30003846FFF7A5FF444604EB850301355E6115
:109D400025612046BDE8F0814E0C0508BF0C0508D2
:109D50002DE9F8430C4615461F46092208330646EE
:109D600093FBF2F3002101229A4209DB3046FFF710
:109D700047FF40B90246194B1948D321FEF7A6FD0B
:109D800052000131F0E7089B4361092D4FF00103B8
:109D9000036116DD04F10909C8462C4418F8013B9B
:109DA0000146303B0A223046FFF78CFFA045F5D133
:109DB000A5F108044C442D1B6319BB4204DBBDE82C
:109DC000F8830A340925F6E714F8013B0146303BD5
:109DD0000A223046FFF776FFEEE700BF4E0C05087B
:109DE000BF0C0508B0F5803F034636BF03040020D2
:109DF0001020B3F1807F3CBF1B020830B3F1805FBD
:109E00003CBF1B010430B3F1804F3CBF9B000230CC
:109E1000002B05DB13F0804F00F1010008BF20206C
:109E200070470368024613F007000BD0D90721D40E
:109E3000980749BF5B089B08012013605CBF136053
:109E40000220704799B209B91B0C1020D9B209B988
:109E500008301B0A190704BF1B090430990704BF07
:109E60009B080230D90703D45B0800F1010003D03E
:109E700013607047002070472020704710B50C46D3
:109E80000121FFF7BDFE024628B9054B054840F207
:109E90004511FEF71BFD01234461036110BD00BFA6
:109EA0004E0C0508BF0C05082DE9F04F17460A694E
:109EB0003B699A42A8BF3B468946A4BF0F469946D4
:109EC0003D69D9F810A0BB68796805EB0A06B34272
:109ED00085B0B8BF0131FFF793FE30B90246414B60
:109EE00041484FF4B171FEF7F1FC00F1140404EBAA
:109EF000860E23460022734520D307F1140809F18A
:109F0000140108EB850501EB8A030293EB1B153B5B
:109F100023F0030304331537BD4238BF04230193F4
:109F2000029B03918B420CD8002E03DD5EF8043DAA
:109F3000002B55D0066105B0BDE8F08F43F8042B27
:109F4000D9E7B1F800A0BAF1000F1FD0C446A1466E
:109F500000275CF8042BD9F800301FFA82FB9BB273
:109F60000AFB0B333B44D9F80070120C3F0C0AFB80
:109F7000027202EB13429BB243EA0243654549F881
:109F8000043B4FEA1247E4D8019BE750039BB3F828
:109F900002900431B9F1000F20D023684746A4464F
:109FA0004FF0000AB7F800B0BCF8022009FB0B2202
:109FB00052449BB243EA02434CF8043B57F8043B3B
:109FC0004FEA134ABCF8003009FB0A3303EB124393
:109FD000BD424FEA134AE5D8019AA35004349FE7E3
:109FE000013EA1E74E0C0508BF0C05082DE9F8431A
:109FF000154612F0030207460E4607D0254C013ADB
:10A00000002354F82220FFF75DFE0646AD103DD038
:10A01000FC697CB91020FCF733FA0246F86128B9D4
:10A020001D4B1E4840F2B311FEF750FCC0E901443D
:10A030000460C460D7F81C80D8F808404CB940F2DE
:10A0400071213846FFF71AFF0023C8F808000446BC
:10A0500003604FF00009EB070AD531462246384627
:10A06000FFF722FF314680463846FFF709FE464695
:10A070006D100BD0206838B9224621463846FFF7CC
:10A0800013FF2060C0F800900446E4E73046BDE8C6
:10A09000F88300BF840E0508360B0508BF0C0508C1
:10A0A0002DE9F0470C464968236903EB6218A36861
:10A0B000074691464FEA621A08F10106B3420BDBEC
:10A0C0003846FFF79DFD054648B90246284B29480A
:10A0D0004FF4EF71FEF7FAFB01315B00EEE700236E
:10A0E00000F1140100F110021846534533DB2069DA
:10A0F0002AEAEA7A04F1140319F01F0901EB8A0134
:10A1000003EB800C2BD0C9F1200E8A460022186880
:10A1100000FA09F010434AF8040B53F8042B9C454D
:10A1200022FA0EF2F3D8ACEB0403153B23F0030341
:10A13000043304F11500604588BF0423CA500AB1F6
:10A1400008F10206013E38462E612146FFF798FDD0
:10A150002846BDE8F08742F8040F0133C5E704390B
:10A1600053F8042B41F8042F9C45F9D8EAE700BFC7
:10A170004E0C0508BF0C05080A6903460069801AE1
:10A1800030B50ED11433143103EB820401EB82019C
:10A1900054F8045D51F8042D954203D005D24FF0D8
:10A1A000FF3030BDA342F3D3FBE70120F9E7000005
:10A1B0002DE9F74F89460646114648461446FFF7F3
:10A1C000DBFF051E12D129463046FFF719FD024676
:10A1D00028B93F4B40F237213E48FEF777FB012379
:10A1E000C0E90435104603B0BDE8F08FBCBF4B4654
:10A1F000A1463046D9F80410BABF1C4601250025F7
:10A20000FFF7FEFC024618B9314B40F24521E3E767
:10A21000D9F810702669C56009F1100309F1140519
:10A2200004F1140E00F1140B05EB87080EEB860603
:10A230000193D9464FF0000C019B5EF8040B53F8D4
:10A2400004AF01931FFA8AF3194683B2CB1A000CAC
:10A250006344C0EB1A4000EB23409BB243EA004347
:10A26000764549F8043B4FEA204CE5D8331B153BB3
:10A2700023F0030315340433A64238BF04231D44DE
:10A280005B441E462C4644450ED308F10301491B8E
:10A2900021F00301033DA84538BF00210B4453F8CA
:10A2A000041D91B117619DE754F8041BE646080CA4
:10A2B0001CFA81FC714400EB2C4089B241EA004158
:10A2C00046F8041B4FEA204CDDE7013FE7E700BFFB
:10A2D0004E0C0508BF0C050882B08DED000B019AED
:10A2E0000F4B1340A3F15073002B08DC5B42B3F11A
:10A2F000A07F4FEA235204DA4FF4002313410022D7
:10A3000008E0A2F114031E2BDABF4FF00042DA403E
:10A31000012200231946104641EC100B02B0704791
:10A320000000F07F2DE9F041066900F1140808EB08
:10A330008606371F56F8042C1046FFF753FDC0F170
:10A3400020030A280B601B4915DCC0F10B0C22FA14
:10A350000CF3B84543EA010534BF56F8083C002326
:10A36000153002FA00F023FA0CF303431C4645ECC7
:10A37000104BBDE8F081B8453ABF56F8083CA6F14D
:10A38000080700230B3812D0C0F1200123FA01F492
:10A3900082402243474542F07F558CBF57F8042C3A
:10A3A00000228340CA4045F440151343DEE742EAE9
:10A3B0000105DBE70000F03F2DE9F7430F460121DF
:10A3C00059EC108B1646FFF71BFC044630B90246C9
:10A3D000234B244840F20F31FEF778FAC9F30A55AF
:10A3E000C9F313030DB143F480130193B8F10003D3
:10A3F00023D068460093FFF714FDDDE90012D0B1C9
:10A40000C0F1200302FA03F30B43C24063610192DF
:10A41000019BA361002B0CBF012202222261A5B186
:10A42000A5F2334505443D60C0F13500306020465B
:10A4300003B0BDE8F0836161EAE701A8FFF7F1FC32
:10A44000019B636120300122E8E704EB8203A0F264
:10A45000324038601869FFF7C5FCC0EB4210E5E7F1
:10A460004E0C0508BF0C05082DE9F74F88466946D4
:10A470008146FFF757FF01A9404655EC104BFFF707
:10A4800051FFD8F81030D9F81020D21ADDE9003188
:10A490005B1A03EB421357EC106B002BD6BFC3EBD8
:10A4A00003332A463A46AB46A246CEBF02EB035BD5
:10A4B00002EB035300EE903A4BEC17AB87EE000B28
:10A4C00003B0BDE8F08F013970B54911146901314D
:10A4D00002F1140300EB810103EB8404051FA34286
:10A4E0000CD3A31A113B23F003031132A24288BFFD
:10A4F000002318440023884205D370BD53F8046B31
:10A5000045F8046FEBE740F8043BF4E700F1140270
:10A5100000694B11984210B511DB0ADD11F01F01E3
:10A5200007D052F8234024FA01F000FA01F18C42DE
:10A530000BD102EB8303934203D8002010BD0346E6
:10A54000F7E753F8041D0029F5D00120F6E751F88C
:10A55000043C181F002BBCBF0B58C01870470346A3
:10A56000084641B1FF2A04D98A221A604FF0FF3011
:10A5700070470A70012070472DE9F0478E681F462A
:10A58000BE420B6882460C4690462DD8B1F90C208D
:10A5900012F4906F26D06569096905EB4505A3EBB8
:10A5A000010905EBD5757B1C4B446D109D4238BFEE
:10A5B0001D46530527D52946FBF794FF064660B391
:10A5C00021694A46FEF765F9A38923F4906343F0B5
:10A5D0008003A381266165614E44A5EB09052660D1
:10A5E000A5603E46BE4200D93E46206832464146FE
:10A5F000FDF724FFA3689B1BA360236833442360FB
:10A600000020BDE8F0872A46FCF700F8064600283F
:10A61000E0D121695046FEF75DFF0C23CAF80030F7
:10A62000A38943F04003A3814FF0FF30E9E7000026
:10A630002DE9F04F98468B891B069DB007460D46C5
:10A64000144610D50B6973B94021FBF74BFF286006
:10A65000286130B90C233B604FF0FF301DB0BDE8DE
:10A66000F08F40236B610023099320238DF829305C
:10A67000CDF80C803023DFF89C818DF82A304FF024
:10A68000010923469A4613F8012B0AB1252AF9D16C
:10A69000BAEB040B0BD05B46224629463846FFF73F
:10A6A0006BFF013000F0A780099A5A4409929AF88A
:10A6B0000030002B00F09F8000234FF0FF32CDE9E7
:10A6C00005230AF1010A049307938DF853301A9376
:10A6D0005446052214F8011B4E48D5F711FE049A82
:10A6E000D8B9D00644BF20238DF85330110744BF9A
:10A6F0002B238DF853309AF800302A2B15D0079A67
:10A70000544600204FF00A0C214611F8013B303B23
:10A71000092B4BD9B0B1079214E0A0EB080309FA5A
:10A7200003F313430493A246D2E7039B191D1B684E
:10A730000391002BBBBF5B4242F0020207930793D9
:10A74000B8BF049223782E2B0AD163782A2B32D1FA
:10A75000039B1A1D1B68039243EAE37302340593BB
:10A76000DFF8C0A0217803225046D5F7C9FD38B1E3
:10A77000049BA0EB0A00402282401343013404935F
:10A7800014F8011B24488DF828100622D5F7B8FDCF
:10A79000002836D0214B1BBB039B073323F0070354
:10A7A00008330393099B334409936AE70CFB023295
:10A7B0000C460120A8E700230134059319464FF009
:10A7C0000A0C204610F8012B303A092A03D9002B35
:10A7D000C6D00591C4E70CFB012104460123F0E734
:10A7E00003AB00932A460E4B04A93846FCF718FE2B
:10A7F000421C0646D6D1AB895B063FF52DAF0998C2
:10A800002CE703AB00932A46054B04A93846FDF715
:10A810008FF8EDE7180D0508220D050821740408CE
:10A8200079A504081E0D05089368013B002B10B4A0
:10A83000936008DA9469A34201DB0A2903D15DF829
:10A84000044BFDF766BD1368581C1060197008466C
:10A850005DF8044B7047F8B506460F461446D51808
:10A86000AC4201D1002007E014F8011B3A46304603
:10A87000FFF7DAFF431CF3D1F8BD00002DE9F04FDC
:10A880000D469DB014469846064618B1036A0BB9AA
:10A89000FDF7FEFB6B6ED90705D4AB899A0502D490
:10A8A000A86DFDF7ECFFAB891B0701D52B699BB9A0
:10A8B00029463046FDF76CFD70B16B6EDC0704D5A0
:10A8C0004FF0FF301DB0BDE8F08FAB899805F7D48D
:10A8D000A86DFDF7D5FFF3E70023099320238DF83A
:10A8E0002930CDF80C803023DFF8AC818DF82A3088
:10A8F0004FF0010923469A4613F8012B0AB1252A85
:10A90000F9D1BAEB040B0BD05B4622462946304600
:10A91000FFF7A1FF013000F0A780099A5A4409927D
:10A920009AF80030002B00F09F8000234FF0FF3298
:10A93000CDE905230AF1010A049307938DF85330FA
:10A940001A935446052214F8011B5348D5F7D8FC36
:10A95000049AD8B9D10644BF20238DF85330130789
:10A9600044BF2B238DF853309AF800302A2B15D092
:10A97000079A544600204FF00A0C214611F8013B7B
:10A98000303B092B4BD9B0B1079214E0A0EB080380
:10A9900009FA03F313430493A246D2E7039B191D5C
:10A9A0001B680391002BBBBF5B4242F0020207937E
:10A9B0000793B8BF049223782E2B0AD163782A2BF1
:10A9C00032D1039B1A1D1B68039243EAE3730234DE
:10A9D0000593DFF8D4A0217803225046D5F790FCE8
:10A9E00038B1049BA0EB0A0040228240134301349B
:10A9F000049314F8011B29488DF828100622D5F776
:10AA00007FFC00283FD0264B1BBB039B073323F062
:10AA1000070308330393099B3B4409936AE70CFB44
:10AA200002320C460120A8E70023013405931946A1
:10AA30004FF00A0C204610F8012B303A092A03D9AE
:10AA4000002BC6D00591C4E70CFB0121044601236D
:10AA5000F0E703AB00932A46124B04A93046FCF7FB
:10AA6000DFFC0746781CD6D16B6ED90705D4AB89BD
:10AA70009A0502D4A86DFDF703FFAB895B063FF58D
:10AA80001FAF09981EE703AB00932A46054B04A9A4
:10AA90003046FCF74DFFE4E7180D0508220D0508C8
:10AAA0002174040857A804081E0D0508B1F90C20EC
:10AAB0002DE9F041160705460C4654D44B68002B8F
:10AAC00002DC0B6C002B48DDE66A002E45D000232B
:10AAD00012F480522F68216A2B6030D0626DA389F6
:10AAE000590705D56368D21A636B0BB1236CD21A70
:10AAF0000023E66A216A2846B047431CA38906D191
:10AB000029681D292BD82A4ACA40D60727D50022F2
:10AB10006260D9042269226004D5421C01D12B68ED
:10AB200003B96065616B2F60B9B104F144039942C8
:10AB300002D02846FEF7CEFC002363630DE001231C
:10AB40002846B0470246501CC9D12B68002BC6D0FE
:10AB50001D2B01D0162B1ED12F60002022E043F0C8
:10AB600040031BB21BE00F69002FF6D093070E685D
:10AB700008BF4B690F6018BF0023A6EB07088B6066
:10AB8000B8F1000FE9DD216AA66A43463A46284635
:10AB9000B047002808DCB4F90C3043F04003A3812F
:10ABA0004FF0FF30BDE8F0810744A8EB0008E7E76D
:10ABB0000100402038B50B6905460C4613B9002545
:10ABC000284638BD18B1036A0BB9FDF761FAB4F92C
:10ABD0000C30002BF3D0626ED00704D4990502D458
:10ABE000A06DFDF74CFE28462146FFF75FFF636E20
:10ABF000DA070546E4D4A3899B05E1D4A06DFDF7EF
:10AC00003FFEDDE70EB403B5014603AB054853F83C
:10AC1000042B00680193FFF731FE02B05DF804EBEE
:10AC200003B070474807002470B50C46B1F90E1008
:10AC3000002996B015461E460DDAA38913F0800F41
:10AC40004FF0000114BF40234FF4806300203160B7
:10AC50002B6016B070BD6A4600F048F80028ECDBA7
:10AC6000019901F47041A1F50053594259414FF443
:10AC70008063EBE78B89F7B59D0706460C4607D541
:10AC800004F14703236023610123636103B0F0BD36
:10AC900001AB6A46FFF7C8FF009F054639463046BC
:10ACA000FBF720FC48B9B4F90C309A05EED423F038
:10ACB000030343F00203A381E2E7A389206043F08A
:10ACC0008003A381019BC4E904075BB1B4F90E10B2
:10ACD000304600F01DF828B1A38923F0030343F0A8
:10ACE0000103A381A3891D43A581CFE738B5074D93
:10ACF00000230446084611462B60EBF754FF431C23
:10AD000002D12B6803B1236038BD00BF6400062464
:10AD100038B5064D0023044608462B60EBF748FF84
:10AD2000431C02D12B6803B1236038BD64000624A4
:10AD300008B5062000F040F80120EBF70DFF70B5D4
:10AD4000A1FB025434B92946FBF7CCFB064628B9CF
:10AD5000304670BD0C2202600026F9E72A462146E3
:10AD6000FDF786FBF4E71F2938B505460C4604D9E4
:10AD7000162303604FF0FF3038BDC26B12B152F89A
:10AD800021304BB9284600F031F8224601462846CA
:10AD9000BDE8384000F018B8012B0AD0591C03D187
:10ADA000162303600120E7E7002142F82410204623
:10ADB00098470020E0E70000024B01461868FFF7C3
:10ADC000D2BF00BF4807002438B5074D0023044612
:10ADD000084611462B60EBF7B7FE431C02D12B68E7
:10ADE00003B1236038BD00BF64000624EBF7AABEA0
:10ADF00008B52DED048BB0EE408B00F08DFEB4EE67
:10AE0000488BF1EE10FAB0EE409B15D6B0EE480B31
:10AE100000F0E2F9B7EE007BB4EEC70BF1EE10FAEA
:10AE20000ADDFDF701FDBDEC048B21230360BDE8C5
:10AE300008400448FDF73CBDB0EE490BBDEC048B67
:10AE400008BD00BFE80B050808B52DED048BB0EE7A
:10AE5000408B00F091FFB4EE488BF1EE10FAB0EEAB
:10AE6000409B15D6B0EE480B00F0B6F9B7EE007B6C
:10AE7000B4EEC70BF1EE10FA0ADDFDF7D5FCBDEC20
:10AE8000048B21230360BDE808400448FDF710BD92
:10AE9000B0EE490BBDEC048B08BD00BFE80B050804
:10AEA00008B52DED028BB0EE408B01F075F8B4EED5
:10AEB000488BF1EE10FA0FD6B5EEC08BF1EE10FA1A
:10AEC0000AD8B5EE408BF1EE10FA08D1FDF7ACFCD4
:10AED0009FED090B22230360BDEC028B08BDFDF73B
:10AEE000A3FCBDEC028B21230360BDE808400448AD
:10AEF000FDF7DEBCAFF30080000000000000F0FFB3
:10AF0000E80B05080000000008B52DED048BB0EE3D
:10AF1000408B00F022FCB4EE488BF1EE10FA0CD618
:10AF20009FED079BB4EEC98BF1EE10FA05D5FDF746
:10AF30007BFC89EE090B21230360BDEC048B08BD6B
:10AF4000000000000000000038B5B0EE407B17EEB6
:10AF5000905A734B25F000449C4213D9714B9C428C
:10AF600003D807D110EE103A23B137EE077BB0EECD
:10AF7000470B38BD9FED4E7B9FED4F6B002D36FE8E
:10AF8000077BF4E7684B9C4211D8A3F1DE739C4227
:10AF90000AD8B7EE005B9FED4A6B30EE066BB4EE5D
:10AFA000C56BF1EE10FAE2DC4FF0FF3313E000F076
:10AFB00013F95E4B9C424FD8A3F550239C4241D8D5
:10AFC000B0EE007BBFEE005B0023A0EE075B30EE2F
:10AFD000070B85EE007B9FED3C6B27EE074B24EEC5
:10AFE000045B9FED3B3BA5EE063B9FED3B6BA3EE69
:10AFF000056B9FED3B3BA6EE053B9FED3B6BA3EE48
:10B00000056B9FED3B3B9FED3C2BA6EE053B9FED7B
:10B010003C6BA5EE062B9FED3C6BA2EE056B9FED06
:10B020003C2BA6EE052B9FED3C6B5A1CA2EE056B4C
:10B0300026EE056BA3EE046B27EE066B21D137EEEF
:10B04000467B94E7B7EE007B012330EE475B30EEA2
:10B05000070B85EE007BBEE7354B9C420BD2B7EE6B
:10B06000087BB7EE006B30EE475BA0EE076B022368
:10B0700085EE067BAFE7BFEE006B032386EE007B19
:10B08000A9E72C4A2C4902EBC30201EBC30393ED61
:10B09000005B36EE456B36EE476B92ED007B002D84
:10B0A00037EE467BB8BFB1EE477B60E7AFF3008079
:10B0B000182D4454FB21F9BF182D4454FB21F93FAE
:10B0C0009C7500883CE4377E11DA22E33AAD903F6C
:10B0D000EB0D76244B7BA93F513DD0A0660DB13FCF
:10B0E0006E204CC5CD45B73FFF8300922449C23F37
:10B0F0000D5555555555D53F9AFDDE522DDEADBF48
:10B100002F6C6A2C44B4A2BF6D9A74AFF2B0B3BF77
:10B11000711623FEC671BCBFC4EB98999999C9BF3B
:10B12000FFFF0F440000F07FFFFFDB3FFFFFF23F18
:10B1300000800340A00F0508800F050800000000F4
:10B140001FB5B0EE407B17EE903A214A23F0004342
:10B15000934206D89FED1C1B05B05DF804EB00F090
:10B16000FFBA1C4A934204D930EE400B05B05DF89B
:10B1700004FB684600F080FF00F00300012809D0BE
:10B18000022810D0B0B99DED021B9DED000B00F020
:10B19000E7FAEBE79DED021B9DED000B00F048FB8D
:10B1A000B1EE400BE2E79DED021B9DED000B00F0C0
:10B1B000D7FAF5E79DED021B9DED000B012000F095
:10B1C00037FBD3E7AFF30080000000000000000071
:10B1D000FB21E93FFFFFEF7F51EC100B024621F00E
:10B1E000004343EC102B70471FB5B0EE407B17EEC9
:10B1F000903A214A23F00043934207D89FED1C1B4D
:10B20000002005B05DF804EB00F012BB1B4A93422E
:10B2100004D930EE400B05B05DF804FB684600F041
:10B220002BFF00F0030001280AD002280FD0C0B97C
:10B230009DED021B9DED000B012000F0F9FAEAE7FD
:10B240009DED021B9DED000B00F08AFAE3E79DEDFA
:10B25000021B9DED000B012000F0EAFAB1EE400B5D
:10B26000D9E79DED021B9DED000B00F079FAF5E7A3
:10B270000000000000000000FB21E93FFFFFEF7F1E
:10B280001FB5B0EE407B17EE903A154A23F000430D
:10B29000934207D89FED101B012005B05DF804EB29
:10B2A00000F01EBB0F4A934204D930EE400B05B0AC
:10B2B0005DF804FB684600F0DFFE400000F002008D
:10B2C0009DED021B9DED000BC0F1010000F008FB9D
:10B2D000EDE700BFAFF300800000000000000000B9
:10B2E000FB21E93FFFFFEF7F08B52DED028BB0EEAC
:10B2F000408A01F0E5F8B4EE488AF1EE10FAF0EE7B
:10B30000408A15D6B0EE480A00F046F8F7EE007A0B
:10B31000B4EEE70AF1EE10FA0ADDFDF785FABDECAE
:10B32000028B21230360BDE808400448FDF7C8BA3A
:10B33000B0EE680ABDEC028B08BD00BFE80B050843
:10B3400008B52DED028BB0EE408A01F0AFF9B4EEF6
:10B35000488AF1EE10FAF0EE408A15D6B0EE480AAF
:10B3600000F01AF8F7EE007AB4EEE70AF1EE10FA00
:10B370000ADDFDF759FABDEC028B21230360BDE81D
:10B3800008400448FDF79CBAB0EE680ABDEC028B99
:10B3900008BD00BFE80B050810EE103A23F000438B
:10B3A00000EE103A7047000010EE103A07B5124A4E
:10B3B00023F00043934207D8DFED100A012003B0C9
:10B3C0005DF804EB00F09CBFB3F1FF4F04D330EE07
:10B3D000400A03B05DF804FB684601F04BFA4000F8
:10B3E00000F00200DDED010A9DED000AC0F1010050
:10B3F00000F086FFEDE700BFDA0F493F00000000D4
:10B40000CB0712D421EE005B90ED1A6B90ED187B08
:10B41000A6EE017B90ED166B21EE051BA6EE050B4B
:10B42000A7EE010BB7EEC00B704790ED146B21EE49
:10B43000015B90ED127B90ED0C0BA1EE067B90ED85
:10B440000E6BA1EE060B90ED106B21EE051BA5EE29
:10B45000060BE5E70000000037B510EE104AC4F314
:10B460000A53B3F57D7FB7EEC06AF0EE407A18D28A
:10B4700026EE061BB3F5667F0AD214F0FF4F03D108
:10B48000B7EEC11B8DED011AB0EE670A03B030BDF7
:10B490003B48B0EE460B002103B0BDE83040FFF75B
:10B4A000AFBF40F22E42934224D8354B93ED087B38
:10B4B00026EE077BFDEEC77B03F1700017EE901AB6
:10B4C00001F50001091607EE901A01F0030203EBE3
:10B4D000C202B8EEE75B92ED000B93ED0A7B11F030
:10B4E000020FA5EE476B08BF184626EE061B20EE9E
:10B4F000060BD1E7B3F5FF6F37D22249C4F383605F
:10B5000001EB8002C4F31603C4F3C25551F82010B6
:10B51000106A126943F40003AB40A0FB0350594387
:10B52000E3FB020101F100539D0F03F04043C91AF0
:10B53000D5F7CCF805EBD474114B04F0030203EB00
:10B54000C2029FED0D6B92ED000B41EC170B14F056
:10B55000020F27EE067B03F17000294608BF18464C
:10B5600027EE071B20EE070B96E703B0BDE830403F
:10B5700000F0E4B8AFF30080182D4454FB21193CCF
:10B5800020100508C00F0508CB0712D421EE005B80
:10B5900090ED1A6B90ED187BA6EE017B90ED166B8B
:10B5A00021EE051BA6EE050BA7EE010BB7EEC00BB7
:10B5B000704790ED146B21EE015B90ED127B90EDE6
:10B5C0000C0BA1EE067B90ED0E6BA1EE060B90ED41
:10B5D000106B21EE051BA5EE060BE5E70000000051
:10B5E00038B510EE104AC4F30A53B3F57D7FB7EEB9
:10B5F000C07A1FD227EE077BB3F5667FC0F082804A
:10B6000027EE074B444B93ED145B93ED126B93EDD8
:10B610000C0BA7EE056B93ED0E5BA7EE050B93ED00
:10B62000105B27EE047BA4EE050BA6EE070BB7EE2E
:10B63000C00B38BD40F22E42934229D8364B93EDD1
:10B64000086B27EE066BFDEEC66B03F1700016EE7D
:10B65000901A01F50001091606EE901A01F0030296
:10B6600003EBC202B8EEE65B92ED000B93ED0A6BC2
:10B6700011F0020F81F00101A5EE467B08BF1846CC
:10B6800027EE071BBDE8384020EE070BFFF77CBF15
:10B69000B3F5FF6F32D22149C4F3836001EB80021E
:10B6A000C4F31603C4F3C25551F82010106A12698E
:10B6B00043F40003AB40A0FB03505943E3FB0201FA
:10B6C00001F100539D0F03F04043C91AD4F7FEFF68
:10B6D00005EBD474104B9FED0E6B41EC170B04F08F
:10B6E000030203EBC20292ED000B27EE067B03F18F
:10B6F000700014F0020F85F00101BFE7BDE838408B
:10B7000000F01CB8B7EE000A93E700BFAFF300806B
:10B71000182D4454FB21193C20100508C00F0508C2
:10B7200010B52DED028BB0EE408A0446FDF77CF893
:10B73000B0EE480ABDEC028B046010BDF0EE407A1A
:10B7400030EE407AF4EE677AF1EE10FA87EE070AEF
:10B7500002D62120FFF7E4BF7047B1EEC00B70475F
:10B76000B0EE405B15EE901AB7EE000B21F00041F1
:10B77000B1F1795F04D2FDEEC57B17EE903A43B389
:10B7800025EE056B21EE451B9FED1B7B9FED1C4BB2
:10B79000A6EE074B9FED1C7BA4EE067B9FED1C4B9A
:10B7A000A7EE064B9FED1C7B1F4BA4EE067B9FED87
:10B7B0001C4B9942A7EE064BB6EE007B24EE064BDF
:10B7C00026EE077BA6EE041B04D837EE417B30EE55
:10B7D000470B7047154B994209D80022A1F5001379
:10B7E00043EC162B30EE460B37EE467BEDE7B5EE1D
:10B7F000026BF7E7AFF30080D43888BEE9FAA8BD42
:10B80000C4B1B4BD9EEE213EAD529C804F7E92BE2F
:10B810009015CB19A001FA3E7751C1166CC156BFE5
:10B820004C5555555555A53F3233D33F0000E93FA0
:10B8300010EE903A23F00043B3F1795F04D2FDEEAD
:10B84000C07B17EE903A5BB320EE006B20EE065BF8
:10B850009FED157B9FED164BA6EE074B9FED167BDC
:10B86000A4EE067B9FED164BA7EE064B9FED167BD5
:10B87000A4EE067B30B99FED164BA6EE074BA4EE67
:10B88000050B704727EE457BB6EE004BA1EE047B1F
:10B8900097EE061B9FED107BA5EE071B30EE410BCC
:10B8A000704700BFAFF300807CD5CF5A3AD9E53D51
:10B8B000EB9C2B8AE6E55ABE7DFEB157E31DC73EE1
:10B8C000D561C119A0012ABFA6F810111111813F3D
:10B8D000495555555555C5BF495555555555C53FFC
:10B8E000B0EE407B17EE903A894923F000428A423D
:10B8F00010B533D8FDEEC06B16EE901A002943D177
:10B9000010EE104A431C2343134308D1FFF764FC95
:10B91000B7EE006B86EE007BB0EE470B10BD012842
:10B92000FAD030EE016BBFEE007B53EC162B87EEA6
:10B93000063B0A4643EC152BB7EE006B53EC132B7A
:10B9400035EE404B0A4643EC172B31EE444BA5EE47
:10B95000076BA4EE076BA6EE037BDDE76D498A4219
:10B9600012D99FED4B6B002BB8BFB1EE407B36EE8A
:10B97000476B9FED497BB8BFB1EE411B37EE417B72
:10B980009FED471B37EE067B27EE075B9FED463B9F
:10B9900025EE056B9FED464BA6EE034B9FED463B18
:10B9A000A4EE063B9FED464BA3EE064B9FED463BB8
:10B9B000A4EE063B9FED464B9FED472BA3EE064BB7
:10B9C0009FED473BA6EE023B9FED472BA3EE062BD8
:10B9D0009FED473BA2EE063B9FED472BA3EE062BC8
:10B9E0009FED473B4B49A2EE063B27EE052BB0EE01
:10B9F000446BB0EE414BA3EE056BA6EE024B9FED00
:10BA0000426BA4EE051B8A42A2EE061B37EE013BF9
:10BA10001DD923EE032B9B1706EE900A03F00203B9
:10BA2000C3F10103B8EEE65B06EE903A33EE053B58
:10BA3000B8EEE64B82EE036BB0EE003B36EE416BA8
:10BA400037EE466BA6EE435B24EE057B64E70128E8
:10BA50001AD0B7EE006B51EC130B002041EC140B25
:10BA600034EE477B31EE471BBFEE007B87EE035B76
:10BA700053EC152B024643EC172BA4EE076BA1EEFB
:10BA8000076BA6EE057B47E7B0EE437B44E700BFBC
:10BA9000182D4454FB21E93F075C143326A6813C52
:10BAA0000000000000000000735360DBCB75F3BEA4
:10BAB000A69237A0887E143F0165F2F2D844433F36
:10BAC000280356C9226D6D3F37D60684F464963F2D
:10BAD0007AFE10111111C13FD47ABF74702AFB3E57
:10BAE000E9A7F0320FB8123F68108D1AF726303FE1
:10BAF0001583E0FEC8DB573F93846EE9E326823F5F
:10BB0000FE41B31BBAA1AB3F635555555555D53FC3
:10BB1000FFFF2F3E2794E53F00B52DED108BB0EED3
:10BB2000408B18EE902A904922F000438B4287B058
:10BB300018D910EE101A03F1404303F580130B439C
:10BB40000BD19FED6B0B9FED6C7B002A37FE000B3A
:10BB500007B0BDEC108B5DF804FB30EE408B88EE37
:10BB6000080BF5E781498B423BD8814A93429FED10
:10BB7000640BEDD928EE087B9FED635B9FED646B52
:10BB8000A7EE056B9FED645BA6EE075B9FED646B14
:10BB9000A5EE076B9FED645BA6EE075B9FED646B04
:10BBA0009FED654BA5EE076B26EE076B9FED645B83
:10BBB000A7EE054B9FED645BA4EE075B9FED644B26
:10BBC000A5EE074BB7EE005BA4EE075B9FED627B33
:10BBD00086EE054BA8EE447B38EE477B30EE470BF4
:10BBE000B6E7002A9FED48EBB7EE009BB6EE000BE0
:10BBF0009FED47DB9FED48CB9FED49BB9FED4AABE7
:10BC00009FED4BFB9FED4C3B9FED4F2B9FED501B52
:10BC10002ADA38EE098B28EE000B9FED497BA0EE67
:10BC20000EDBADEE00CBA0EE073BACEE00BBA3EE0F
:10BC3000002BABEE00ABA2EE001BAAEE00FBA1EEC8
:10BC4000009B2FEE008BFFF788FD88EE096B9FEDC0
:10BC5000447BA0EE067B37EE007B9FED250BB0EE1C
:10BC6000006BA7EE460B73E739EE488B28EE008B8E
:10BC7000B0EE480B8DED041B8DED022B8DED003BDE
:10BC8000FFF76BFDB0EE485BA8EE0EDB53EC102B1C
:10BC9000ADEE08CB002243EC172BACEE08BB30EE28
:10BCA000076BA7EE475B9DED003B85EE064BABEEC9
:10BCB00008AB9FED236BAAEE08FB2FEE08FB9DED72
:10BCC000022BA8EE063BB0EE446B9DED041BA3EEE9
:10BCD000082BA2EE081BA1EE089B8FEE095BA0EEDD
:10BCE000056B37EE060B30EE000B31E7AFF300804B
:10BCF000182D4454FB210940000000000000000002
:10BD0000182D4454FB21F93F09F7FD0DE13D023F99
:10BD100088B20175E0EF493F3B8F68B52882A4BF28
:10BD20005544880E55C1C93F7D6FEB0312D6D4BF71
:10BD3000555555555555C53F59018D1B6C06E6BFE8
:10BD400082922EB1C5B8B33FC88A599CE52A0040FB
:10BD50004B2D8A1C273A03C0075C143326A6913C5E
:10BD6000075C143326A691BCFFFFEF3FFFFFDF3FC8
:10BD70000000603C0000000038B510EE905A824B85
:10BD800025F000449C422DED068B19D910EE103A97
:10BD900004F1404404F580141C430CD19FED5C7BFE
:10BDA0009FED5D6B20EE077BA0EE067BB0EE470BB0
:10BDB000BDEC068B38BD30EE407B87EE070BF7E716
:10BDC000724BB7EE009B9C420BD8B4F1795F52D214
:10BDD0009FED537B30EE077BB4EEC97BF1EE10FA9A
:10BDE000E6DCFFF7F9F9B6EE007B39EE408B9FED0C
:10BDF0004E6B28EE078BB0EE480B9FED4D7BA8EE07
:10BE0000076B9FED4D7BA6EE087B9FED4D6B9FED85
:10BE10004EABA7EE086B9FED4E7BA6EE087B9FED29
:10BE20004E6BA7EE08AB2AEE08AB9FED4D7BA8EE5C
:10BE3000067B9FED4D6BA7EE086B9FED4D7BA6EE4D
:10BE4000087BA7EE089BFFF788FC8AEE095BB0EE43
:10BE5000004B4F4B9C423DD9A0EE050B9FED467B1E
:10BE6000A0EE047B9FED2C0B30EE470B002DD8BFCE
:10BE7000B1EE400B9CE79FED2E5B20EE007B9FED2B
:10BE80002A6BA7EE056B9FED2C5BA6EE075B9FED83
:10BE90002C6BA5EE076B9FED2E5BA6EE075B9FED6F
:10BEA0002A6B9FED2D4BA5EE076B26EE076B9FEDE2
:10BEB0002C5BA7EE045B9FED2C4BA5EE074B9FED93
:10BEC0002C5BA4EE075BA5EE079B86EE097BA0EE3C
:10BED000070B6DE753EC102B30EE003B002243ECD8
:10BEE000162B9FED0B7B30EE060BA6EE468B88EEF5
:10BEF000002B9FED230BA2EE447B93EE057BB0EE6F
:10BF0000405BA6EE445B37EE457BADE7AFF30080C8
:10BF1000075C143326A6913C182D4454FB21F93FAD
:10BF20009C7500883CE4377E88B20175E0EF493F9C
:10BF300009F7FD0DE13D023F3B8F68B52882A4BFA4
:10BF40005544880E55C1C93F555555555555C53FA2
:10BF50007D6FEB0312D6D4BF82922EB1C5B8B33F2A
:10BF600059018D1B6C06E6BFC88A599CE52A004022
:10BF70004B2D8A1C273A03C0075C143326A691BCBC
:10BF8000182D4454FB21E93FFFFFEF3FFFFFDF3F48
:10BF90003233EF3F0000000010B510EE903AB3F5D9
:10BFA000801F2DED028B21DA10EE101A23F00042D3
:10BFB0000A4308D19FED226B9FED237B86EE070B92
:10BFC000BDEC028B10BD002B02DA30EE406BF3E7C4
:10BFD0009FED1F7B20EE070B10EE903A6FF03502BD
:10BFE00023498B4204DD30EE000BE9E70022F7E73E
:10BFF0001815A0F2FF301044C3F3130140F2FF34D0
:10C0000000EBD07308EE103AA4EBD07053EC102B79
:10C0100041EA005343EC102B00F092FD9FED0E7BA4
:10C0200020EE070B9FED0E7BB8EEC88BA8EE070B3A
:10C030009FED0D7BA8EE070BC2E700BFAFF30080BA
:10C0400000000000000050C30000000000000000DD
:10C0500000000000000050430EE526157BCBDB3FBF
:10C06000362BF111F3FE593D00609F501344D33F2E
:10C07000FFFFEF7F0000000070B5B0EE407B17EED1
:10C08000905A994B25F000469E4288B0044607D846
:10C090000022002384ED000BC0E9022300201BE0F6
:10C0A000924B9E423BD8A3F51B23002D9FED7E6B48
:10C0B000A3F5F06319DD30EE467B9E420ED09FED76
:10C0C0007C5B37EE456B37EE467B84ED006B37EEDD
:10C0D000457B84ED027B012008B070BD9FED766B3F
:10C0E0009FED775B37EE467BEBE79E4230EE067BBB
:10C0F0000ED09FED6F5B37EE056B37EE467B84ED20
:10C10000006B37EE057B4FF0FF3084ED027BE3E7F9
:10C110009FED696B9FED6A5B37EE067BEBE7744B37
:10C120009E4270D8FFF758F8B6EE007B9FED666B25
:10C13000A0EE067BFDEEC77BB8EEE75B17EE900A3C
:10C14000B1EE454B9FED587BA5EE470B9FED587B1D
:10C150001F2825EE077B30EE476B05DC654B421E42
:10C1600053F82230B34209D116EE903AC3F30A5382
:10C17000C3EB1653102B4FEA265202DC84ED006B02
:10C180001AE09FED4D3BB0EE406BA4EE036B30EE3A
:10C19000467BA4EE037B9FED4A3B95EE037B36EE98
:10C1A000473B13EE903AC3F30A53D31A312B17DCF3
:10C1B000B0EE460B84ED003B94ED006B002D30EEAD
:10C1C000460B30EE470B84ED020B85DAB1EE466B81
:10C1D000B1EE400B84ED006B84ED020B40427BE737
:10C1E0009FED3B7BB0EE460BA4EE070B36EE406BAB
:10C1F000A4EE076B9FED384BB0EE467B95EE047BCB
:10C2000030EE476BBAE73C4B9E4206D930EE407B9E
:10C2100080ED027B80ED007B40E710EE103A321596
:10C22000A2F216421846A6EB025141EC170BBDEEE6
:10C23000C76B9FED2B5BB8EEC66B37EE467B8DED83
:10C24000026B27EE057BBDEEC76B08A8B8EEC66B88
:10C2500037EE467B8DED046B27EE057B8DED067B7F
:10C26000032130ED027BB5EE407BF1EE10FA0B4678
:10C2700001F1FF31F5D0214901910221009102A87D
:10C28000214600F059FD002DBFF626AF94ED007B4E
:10C29000B1EE477B84ED007B94ED027BB1EE477BF2
:10C2A00084ED027B9AE700BF00004054FB21F93F78
:10C2B0003163621A61B4D03D0000601A61B4D03DB0
:10C2C0007370032E8A19A33B83C8C96D305FE43FA6
:10C2D0000000002E8A19A33BC14920259A837B398F
:10C2E0000000000000007041FB21E93F7BD90240C3
:10C2F000FB21394100110508FFFFEF7F8011050880
:10C3000008B510EE103A23F00042B2F1465FF0EEAD
:10C31000407A17D2BDEEC07A17EE101A41BB431C0B
:10C32000134308D1FFF738F8B7EE007AC7EE007A6A
:10C33000B0EE670A08BD0128FAD0BFEE007AC7EE5A
:10C34000007AF5E74C498A4212D3002B9FED4B7AD5
:10C35000B8BFF1EE407A37EE677ADFED497AB8BFC1
:10C36000F1EE600A77EEE07ADFED460A77EE877A43
:10C3700067EEA76ADFED445A9FED446A9FED445A89
:10C380003D4926EEA67A8A42A7EE256ADFED415A9C
:10C39000E6EE075A9FED406AA5EE876ADFED3F5A49
:10C3A000E6EE075A9FED3E6AA5EE876ADFED3D5A3D
:10C3B000E7EE055A9FED3C5AA5EE875ADFED3B5A52
:10C3C000E5EE075A9FED3A5AA5EE875ADFED395A46
:10C3D000E5EE075AB0EE467AA5EEA67A27EEA65A03
:10C3E000B0EE606AA7EE056A9FED337AE6EE260AA4
:10C3F000E5EE070A37EEA06A1DD307EE100AB8EE85
:10C40000C77A26EE065A36EE076A9B17C5EE065A1D
:10C4100003F00203C3F1010306EE903A35EEE06A41
:10C42000F8EEE66A77EEC67AB0EE006AA7EEC67A54
:10C4300066EE877A7CE701281BD0204B16EE102A87
:10C440001A4005EE902A75EEE77AB7EE007A70EEA4
:10C45000E70AFFEE007AC7EE866A16EE902A1340CE
:10C4600007EE903AA5EEA77AA0EEA77AE7EE267A35
:10C470005EE7F0EE467A5BE740A12C3FDA0F493FDA
:10C4800068212233000000005FAE9BB745F4A3385B
:10C490008453D937C8261A3A16696B3BA427B33C94
:10C4A0008988083E7AC09538B937813948DEBE3A66
:10C4B0001F37113CD10D5D3DABAAAA3E00F0FFFF36
:10C4C00008B510EE103A23F00042B2F17E5F2DED78
:10C4D0000C8B09D19FED640ADFED647A002B37FEE7
:10C4E000800ABDEC0C8B08BD04D930EE408A88EE82
:10C4F000080AF6E7B2F17C5F3CD2B2F10C5F40F281
:10C50000AF8060EE007ADFED5A6A9FED5A7A9FEDB8
:10C510005A6AA7EEA67ADFED596AE7EE276A9FED21
:10C52000587AA6EEA77ADFED576AE7EE276A9FED05
:10C53000567AA6EEA77ADFED556AA7EEA66ADFED7A
:10C54000546AE6EE276A9FED536AA6EEA76AF7EEF5
:10C55000006AE6EE276A27EE277ADFED4F7A87EE4C
:10C56000266AE0EE467A70EE677A9FED4C0A30EE6E
:10C57000670AB6E7002BDFED3EDADFED3ECA9FED3E
:10C580003FCADFED3FBA9FED3FBADFED3F8A9FED37
:10C590003FDADFED39AA9FED3EAADFED3E9AB7EE16
:10C5A000009AF6EE007A28DA30EE098A28EE270A99
:10C5B000E0EE2DCAE0EE0DAAACEE80CAAAEE80AA8B
:10C5C000ECEE00BAEAEE009AABEE80BAA9EE809AE1
:10C5D000EBEE008A68EE808A00F0AAFB88EE897A8A
:10C5E000DFED2F7AE0EE077AB0EE007A77EE807A10
:10C5F0009FED2C0AA7EEC70A73E739EE408A28EEB2
:10C60000278AB0EE480A00F093FBE8EE2DCAE8EE68
:10C610000DAAACEE88CAAAEE88AAECEE08BA10EE13
:10C62000103AABEE88BA6FF30B03EAEE089A07EE06
:10C63000903AEBEE088AB0EE486AA7EEE76AA9EEF8
:10C64000889A70EE276A68EE888A86EE267AC8EEA7
:10C65000896AA0EE267A37EE870A30EE000A40E7B4
:10C660009FED110A3DE700BFDB0F494000000000CD
:10C6700008EF1138047F4F3A613330BF461124BDB3
:10C68000A80A4E3E90B0A6BEABAA2A3E2EC69D3D3D
:10C690002D57014039D119C06821A233DA0FC93FA3
:10C6A0006821A2B3DA0F4940DB0FC93F38B510EE5D
:10C6B000105A25F00044B4F17E5F2DED048B0CD1AF
:10C6C000DFED5C7A9FED5C7A60EE277AE0EE077A28
:10C6D000B0EE670ABDEC048B38BD04D970EE407A29
:10C6E00087EEA70AF6E7B4F17C5FF7EE008A0BD27B
:10C6F000B4F1485F52D2DFED517A70EE277AF4EE52
:10C70000E87AF1EE10FAE5DCFEF746FE38EEC08A74
:10C71000F6EE007A28EE278A9FED497ADFED497A16
:10C720009FED499AA8EE277ADFED487AE7EE087A7E
:10C730009FED477AA7EE887ADFED467AE7EE087A32
:10C740009FED457AA7EE889ADFED447AE8EE077A06
:10C750009FED437AA7EE887ADFED427AE7EE087A1A
:10C76000B0EE480AE7EE888A00F0E2FA3E4B29EE86
:10C77000089A9C4289EE286AF0EE006A3DD9A0EE44
:10C78000060ADFED3A7AE0EE267A9FED2B0A30EECC
:10C79000670A002DD8BFB1EE400A9BE760EE007A31
:10C7A000DFED286A9FED267A9FED2B6AA7EEA67A29
:10C7B000DFED266AE7EE276A9FED257AA6EEA77AD7
:10C7C000DFED246AE7EE276A9FED1F7AA6EEA77ACF
:10C7D000DFED226AE7EE866A9FED216AA6EEA76A80
:10C7E000DFED206AE6EE276A27EE277AE6EEA78AD3
:10C7F000C7EE287AA0EE270A6CE710EE103A6FF326
:10C800000B0307EE103AA7EE478A70EE005A30EE9F
:10C81000070ADFED087A88EE005A9FED150AE5EE6B
:10C82000667AD5EE867AB0EE406AA7EE666A77EE53
:10C83000C67AACE72EBD3BB3DB0FC93FCAF24971E4
:10C84000047F4F3A08EF1138ABAA2A3E461124BDA7
:10C85000A80A4E3E90B0A6BE2EC69D3D613330BFA5
:10C860002D57014039D119C09999793F2EBD3B33DD
:10C87000DB0F493FF0B510EE106A884B26F00045FB
:10C880009D4287B0044605D8002380ED000A43602E
:10C89000002022E0824B9D423AD826F00043002E31
:10C8A0009FED807A804A23F00F0318DD934270EEEB
:10C8B000477A09BF9FED7D7ADFED7D6ADFED7D6A06
:10C8C00077EEC77A37EEE67A77EEC77A80ED007AB0
:10C8D00077EEE67AC0ED017A012007B0F0BD934211
:10C8E00070EE077A09BF9FED717ADFED716ADFEDB7
:10C8F000716A77EE877A37EEA67A77EEC77A80ED9F
:10C90000007A77EEA67AC0ED017A4FF0FF30E4E7C7
:10C91000694B9D4273D8FEF73FFD9FED687AF6EEB6
:10C92000007AE0EE077AFDEEE77AB8EEE77A17EEE6
:10C93000900ADFED5C7AA7EE670A1F28DFED5C7ACC
:10C9400067EE277AB1EE476A70EE676A16EE901AC4
:10C9500009DC5B4A471E26F0004352F8272023F0EB
:10C96000FF03934207D1C1F3C752C2EBD552082A45
:10C970004FEAE55314DC216094ED007A30EE470A6B
:10C98000002E30EE670A84ED010AA6DAB1EE477A8E
:10C99000B1EE400A84ED007A84ED010A40429CE742
:10C9A000DFED425AF0EE406AE6EE256A70EE667AF6
:10C9B000E6EE257ADFED3F5AD7EE257A76EEE75A96
:10C9C00015EE902AC2F3C7515B1A192B04DCC4ED93
:10C9D000005AB0EE660ACFE7DFED3A5AB0EE660ACB
:10C9E000A6EE250A76EEC07ADFED376AE6EE257A06
:10C9F000D7EE267A30EE677A84ED007ABCE7B5F19F
:10CA0000FF4F06D370EE407AC0ED017AC0ED007A98
:10CA10003EE7EA15863AA5EBC25307EE903ABDEE23
:10CA2000E77ADFED2A6AB8EEC77A77EEC77A8DED3E
:10CA3000037A67EEA67ABDEEE77AB8EEC77A77EEAC
:10CA4000C77A8DED047A67EEA67AF5EE407AF1EEBC
:10CA500010FACDED057A1ED1B5EE407AF1EE10FA5E
:10CA60000CBF012302231A4901910221009103A85E
:10CA7000214600F0D5FB002EBFF62FAFD4ED007A93
:10CA8000F1EE677AC4ED007AD4ED017AF1EE677ABF
:10CA9000C4ED017A82E70323E5E700BFD80F493FE1
:10CAA000E3CB1640800FC93FD00FC93F0044353754
:10CAB0004344353708A3852E800F494384F9223F2C
:10CAC0008812050800A3852E32318D240000804392
:10CAD0000813050810B52DED028BB0EE408B04460F
:10CAE000FBF7A2FEB0EE480BBDEC028B046010BD5C
:10CAF00082B00028BFEE006BB7EE007B07FE067B1E
:10CB00008DED007B9DED000B9FED037B222080EEE1
:10CB1000070B02B0FFF7DEBF0000000000000000BE
:10CB2000B0EE407BB4EE477BF1EE10FA30EE406B96
:10CB300086EE060B02D62120FFF7CCBF704700001F
:10CB4000F0B410EE900A10EE103A4FF0FF349C4211
:10CB500000F14041724C01F590118C412DED028B9A
:10CB60004FEA10425AD36F4A904208BF002B00F0A0
:10CB7000C780B7EE007B30EE470B6B4B20EE002BEF
:10CB800093ED126B20EE024B93ED107BA6EE007B33
:10CB900093ED146B93ED185BA6EE027B93ED166B91
:10CBA000A5EE006B93ED1A5B93ED1E3BA5EE026BB9
:10CBB00093ED1C5BA3EE005B93ED203BA3EE025BC9
:10CBC00093ED223BA3EE045BA5EE046B93ED0E5BAD
:10CBD000A6EE047BB0EE472B9FED4B7BB0EE406B97
:10CBE000B0EE403BA0EE076BA0EE476B30EE468BFD
:10CBF00026EE061BA1EE053B30EE437B30EE060B26
:10CC0000A1EE057B25EE085BA5EE007BA2EE047B82
:10CC100033EE070BBDEC028BF0BC7047A2F11004A1
:10CC200047F6DF718C4223D9D91840EB0004214329
:10CC300005D1BDEC028B0120F0BCFFF759BF3B4989
:10CC4000884208BF002BE5D0130403D447F6F073E5
:10CC5000934304D1BDEC028BF0BCFFF761BF9FEDA5
:10CC60002C7B20EE077B53EC172BA3F1507013465F
:10CC700000F140422C49BFEE005B02F5D012C2F336
:10CC800046344FEA125C01EB04154FEA0C5C95ED5B
:10CC9000247B1E1EA0EB0C0747EC166B1215A7EEAB
:10CCA000065B07EE902A25EE052BB8EEE76B91EDBB
:10CCB000004B25EE021B95ED267BA4EE067B35EEA0
:10CCC000074B37EE440B91ED027B30EE050BA7EEE0
:10CCD000060B91ED047B91ED086BA7EE020B91ED35
:10CCE000067B91ED0C3BA6EE057B91ED0A6BA3EE66
:10CCF000056BA6EE027BA1EE070B30EE040B89E775
:10CD00009FED050B86E700BF000000000000A0417A
:10CD100000000000000030430000000000000000A0
:10CD2000FF0803000000F03F201605080000F07F18
:10CD3000B1EEC00A704700002DE9F04F2DED068BD3
:10CD4000ADF5137D9B460F46B94BA299A39E53F8B0
:10CD50002190019012F1140FA8BFD31E0BF1FF3ADE
:10CD6000B8BF00236FF017059FEDAB6BA4BF182071
:10CD700093FBF0F303FB0555A3EB0A04154409EB01
:10CD80000A0C1AA806EB840E002262450EDD1AAAD0
:10CD900002EBCB020DF5D47800244C4523DC9FED4B
:10CDA0009E7BDDF804E09446002015E0D44209D4CF
:10CDB0005EF8221007EE901AB8EEE77BA0EC027B3B
:10CDC0000132E2E7B0EE467BF8E7BEEC025B3CEDF9
:10CDD000026B0130A5EE067B5045F6DDA8EC027B28
:10CDE00001340832D9E706AA9FED8D9B9FED8EABEB
:10CDF00002EB890206EB8303039202934C46E300A5
:10CE0000049392AB03EBC40313ED280B6AAA06ABA1
:10CE100002EBC4021E46204600284ADC2846059341
:10CE200000F066FCB0EE408BB4EE000B28EE000B79
:10CE300000F03EFDB2EE007BA0EE478BFDEEC87B1E
:10CE4000002D17EE908A059BB8EEE77B38EE478BF6
:10CE500041DD601E06AAC5F1180C52F8206046FAA2
:10CE60000CF2904402FA0CF2B61A06AA42F82060BC
:10CE7000C5F117021641002E3CDD4FF0000C08F101
:10CE8000010860466FF07F4E644566DC002D03DDCF
:10CE9000012D72D0022D7AD0022E2BD1B7EE000BCD
:10CEA00030EE488B30B3284600F022FC38EE408B41
:10CEB00020E020EE097BBDEEC77B0138B8EEC77BD2
:10CEC000A7EE4A0BBDEEC00BA6EC010A32ED020B39
:10CED00037EE000BA0E705D1621E06A951F82260CB
:10CEE000F615C8E7B6EE007BB4EEC78BF1EE10FA8C
:10CEF00031DA0026B5EE408BF1EE10FA40F09C805E
:10CF0000621E00204A4549DA002862D0013C06AB87
:10CF1000183D53F82430002BF8D0B7EE000B28460C
:10CF200000F0E6FB9FED3E6B621C6AA9D30001EBAB
:10CF3000C2012246002A80F2A9802246002AC0F2BD
:10CF4000C7806AA901EBC2059FED337BDFF8E4C01F
:10CF50000020A11AB1E002268FE753F8042B48B94C
:10CF600022B1C2F1807243F8042C01220CF1010CB1
:10CF7000104689E7AEEB0202F5E7621E06AB53F8F6
:10CF80002230C3F3160306A941F8223084E7621E5B
:10CF900006AB53F82230C3F31503F4E706AB53F89E
:10CFA0002230013A1843ADE7013352F8040D00284E
:10CFB000FAD0049A02F512726A4404EB0B001AA923
:10CFC000661C983A01EBC0002344B34204DA1C46C5
:10CFD00015E7039A0123E8E70299DDF804C051F848
:10CFE0002610049107EE901AB8EEE77B0024A0EC1F
:10CFF000027B9FED097B8646544503DDA2EC027B54
:10D000000136E2E7BCEC025B3EED026B0134A5EEBB
:10D01000067BF1E7AFF30080000000000000000095
:10D02000000000000000703E0000000000007041A1
:10D03000F01E0508B01E05086842B0EE480B00F06F
:10D0400057FB9FED716BB4EEC60BF1EE10FA17DBD8
:10D050009FED6F7B20EE077BBDEEC77B06AAB8EE87
:10D06000C75BA5EE460BBDEEC00B183510EE103AAF
:10D0700042F8243017EE103A013442F824304CE7DD
:10D08000BDEEC00B06AA10EE103AF6E706A850F85F
:10D090002200019007EE900A013AB8EEE77B27EEF6
:10D0A000007B20EE060B21ED027B43E7BCEC025B2C
:10D0B000B5EC026B0130A5EE067B484501DC8842E9
:10D0C000F4DD42A800EBC10181ED007B013A35E7B8
:10D0D000A29A022A0ADC002A29DC42D008F00700C2
:10D0E0000DF5137DBDEC068BBDE8F08FA29A032AE7
:10D0F000F4D142A9A3F108020A44114620460028AF
:10D1000050DC214601295DDC9FED437B42AA13449C
:10D11000012C67DC9DED425B9DED446B002E67D1D9
:10D1200087ED005B87ED026B87ED047BD6E79FED13
:10D130003A6B42AA13442246002A24DA4EB3B1EED7
:10D14000467B87ED007B9DED427B44AA012337EEB1
:10D15000467B9C4220DA0EB1B1EE477B87ED027B25
:10D16000BCE79FED2D7B42AA1344002C05DA0EB1DB
:10D17000B1EE477B87ED007BB0E733ED026B013CFE
:10D1800037EE067BF1E733ED027B013A36EE076BB3
:10D19000D2E7B0EE467BD4E7B2EC026B013337EE58
:10D1A000067BD6E731ED027B91ED025B013837EE6D
:10D1B000056B37EE467B81ED006B37EE057B81ED2D
:10D1C000027B9CE732ED027B92ED025B013937EE88
:10D1D000056B37EE467B82ED006B37EE057B82ED0B
:10D1E000027B8FE733ED026B013C37EE067B8FE766
:10D1F000B1EE455BB1EE466B87ED005BB1EE477B70
:10D2000087ED026B90E700BF000000000000704156
:10D21000000000000000703E000000000000000060
:10D220002DE9F04F2DED048BD9B090460190B64A10
:10D23000669818F1040F52F820A00F4603F1FF3B47
:10D2400026DBB8F1030248BF08F10402D210551CD6
:10D2500067999FEDB17AE800A2EB0B060290A8EB6C
:10D26000C5050AEB0B0C1CAC01EB860E00206045DB
:10D2700010DD1CA901EB83000DF5887900265645C9
:10D2800024DCDDF804E0DFEDA47A8446002416E017
:10D290000022DCE7C6425DBF5EF8201007EE901A60
:10D2A000F8EEE77AF0EE477AE4EC017A0130DEE757
:10D2B000FEEC016A3CED017AE6EE877A01345C45CA
:10D2C000F6DDE9EC017A01360430D8E708A901EB74
:10D2D0008A0104916799DFED8F8A9FED8D9A01EBAA
:10D2E000820203925446A200059258AA02EB8402DD
:10D2F00012ED140A44A908AA01EB840094462646BC
:10D30000002E4CDC2846CDE9062300F06BFAB0EE87
:10D31000408AB4EE000A28EE000A00F041FBF2EE6B
:10D32000007AA0EE678A002DDDE90623FDEEC87ABB
:10D3300017EE909AF8EEE77A38EE678A41DD04F14D
:10D34000FF3C08A9C5F1080E51F82C6046FA0EF012
:10D35000814400FA0EF0361AC5F1070041F82C603E
:10D360000641002E3CDD4FF0000E09F10109704628
:10D37000744568DC002D03DD012D74D0022D7DD0B5
:10D38000022E2DD1B7EE000A30EE488A40B328466F
:10D39000069300F027FA069B38EE408A20E060EE04
:10D3A000287A013EFDEEE77AF8EEE77AA7EEC90AA1
:10D3B000BDEEC00AACEC010A30ED010A37EE800A7E
:10D3C0009EE705D1601E08A951F82060F611C8E754
:10D3D000F6EE007AB4EEE78AF1EE10FA31DA0026C2
:10D3E000B5EE408AF1EE10FA40F09880601E0022FF
:10D3F00050454BDA002A65D0013C08AB083D53F894
:10D400002430002BF8D02846B7EE000A00F0EAF9E5
:10D41000631C44AA9FED3F7A990002EB83022346E6
:10D42000002B80F2A9802346002BC0F2C78044AABB
:10D4300002EB8305DFF8D4C0DFED377A0020E21A73
:10D44000B1E002268FE752F8041B48B921B1C1F5BB
:10D45000807142F8041C01210EF1010E084687E795
:10D46000C1F1FF01F5E704F1FF3C08AA52F82C20B6
:10D4700002F07F0208A941F82C2081E704F1FF3C6B
:10D4800008AA52F82C2002F03F02F3E708A951F84D
:10D49000201001380A43ABE7013250F8046D002E2A
:10D4A000FAD0059901F5B0710DEB0100E6181CA941
:10D4B00004F1010C4C3801EB86062244624504DA83
:10D4C000144610E704980122E7E70399DDF804E029
:10D4D00051F82C10059107EE901AF8EEE77A002427
:10D4E000E6EC017ADFED0C7AB1465C4504DDE0EC58
:10D4F000017A0CF1010CE1E7FEEC016A39ED017AE9
:10D500000134E6EE877AF0E72C1F0508001F0508B6
:10D51000000080430000803B00000000029BB0EE52
:10D52000480AA3EB080000F05DF91FED077AB4EE9E
:10D53000C70AF1EE10FA19DB5FED0A7A60EE277A7E
:10D5400008AAFDEEE77A0835F8EEE77AA7EEC70AF3
:10D55000FDEEE77ABDEEC00A10EE103A42F8243034
:10D5600017EE903A013442F824304CE7BDEEC00A81
:10D5700008AA10EE103AF6E708A850F82300019028
:10D5800007EE900AF8EEE77A013B67EE807A20EE2C
:10D59000070A62ED017A43E7FCEC016AB5EC017A17
:10D5A000E6EE877A0130504501DC9042F4DD58A860
:10D5B00000EB820242ED287A013B35E7669B022BA5
:10D5C00009DC002B27DC40D009F0070059B0BDEC86
:10D5D000048BBDE8F08F669B032BF5D130AA0B1F9F
:10D5E00013441A462046002850DC2246012A5DDCFE
:10D5F00030AB5FED377A0B44012C67DCDDED306A30
:10D600009DED317A002E67D1C7ED006A87ED017A72
:10D61000C7ED027AD8E730AB1FED417A0B442246C2
:10D62000002A24DA4EB3F1EE477AC7ED007ADDED39
:10D63000307A77EEC77A31AA01239C4220DA0EB104
:10D64000F1EE677AC7ED017ABEE730AB5FED4E7A57
:10D650000B44002C05DA0EB1F1EE677AC7ED007AC3
:10D66000B2E733ED017A013C77EE877AF1E773EDAB
:10D67000017A013A37EE277AD2E7F0EE477AD4E71B
:10D68000B2EC017A013377EE877AD6E772ED017A50
:10D69000D2ED016A37EEA67A013877EEC77A82EDCD
:10D6A000007A77EEA67AC2ED017A9CE773ED017AF3
:10D6B000D3ED016A37EEA67A013A77EEC77A83EDA9
:10D6C000007A77EEA67AC3ED017A8FE733ED017A1F
:10D6D000013C77EE877A8FE7F1EE666AB1EE477A22
:10D6E000C7ED006A87ED017AF1EE677A90E700BF37
:10D6F00010EE901AC1F30A538BB910EE103A21F0D4
:10D70000004119430AD09FED2A7B354B20EE070BD1
:10D7100098420BDA9FED287B20EE070B704740F212
:10D72000FF72934207D130EE000B704710EE901A53
:10D73000C1F30A53363B4CF2503290420DDD9FED5F
:10D74000207B10EE903AB0EE476B9FED1F5B002BF5
:10D7500027FE057B27EE060B7047184440F2FE7348
:10D760009842ECDC002808DD53EC102B6FF31E51BF
:10D7700041EA005343EC102B704710F1350F09DAE2
:10D780009FED0D7B10EE903AB0EE476B9FED105B76
:10D79000002BDDE753EC102B36306FF31E5141EABE
:10D7A00000539FED0D7B43EC102BB5E7AFF30080EA
:10D7B000000000000000504359F3F8C21F6EA5019D
:10D7C0009C7500883CE4377E9C7500883CE437FEFD
:10D7D00059F3F8C21F6EA581000000000000903CC4
:10D7E000B03CFFFF10EE103A33F000422AD0B2F105
:10D7F000FF4F02D330EE000A704713F0FF4F22D1E3
:10D80000234BDFED247A984220EE270A16DB10EE38
:10D81000103AC3F3C752193A4CF25031884214DD22
:10D82000DFED1D7ADFED1D6A10EE103AB0EE677A7B
:10D83000002B67FEA67A27EE870A7047DFED187A7D
:10D8400027EE800A7047D20DE6E71044FE28E7DC99
:10D85000002806DD23F0FF4343EAC05300EE103AF0
:10D86000704710F1160F09DADFED0D7ADFED0D6A62
:10D8700010EE103AB0EE677A002BDAE7193023F099
:10D88000FF4343EAC0539FED080A07EE903AD7E7FB
:10D89000B03CFFFF0000004CCAF24971CAF249F1E6
:10D8A0006042A20D6042A28D000000330000000023
:10D8B00010EE903AC3F30A5010EE102AA0F2FF3196
:10D8C000132930B5154633DC002918DA9FED307B7B
:10D8D00030EE070BB5EEC00BF1EE10FA0ADD002BAF
:10D8E00050DA23F000431343002293422A4B08BF2F
:10D8F0004FF000431946104641EC100B1FE027483B
:10D90000084103EA0004144319D09FED217B30EE57
:10D91000070BB5EEC00BF1EE10FAEBDD002BBEBF2E
:10D920004FF480120A419B1823EA00030022E1E72A
:10D93000332905DDB1F5806F01D130EE000B30BD2C
:10D94000A0F213444FF0FF30E0401042F7D09FEDBB
:10D95000107B30EE070BB5EEC00BF1EE10FAC9DD0F
:10D96000002B02DA142903D1013322EA0002C1E7B5
:10D970000124C1F1340104FA01F10A44AA4238BF7A
:10D980001B19F2E700221346B4E700BFAFF3008093
:10D990009C7500883CE4377E0000F0BFFFFF0F005D
:10D9A00010EE103AC3F3C7527F3A162A23F0004113
:10D9B0002BDC002A12DADFED197A30EE270AB5EEF9
:10D9C000C00AF1EE10FA06DD002B24DA0029144B10
:10D9D00008BF4FF0004300EE103A70471149114163
:10D9E0000B42FAD0DFED0D7A30EE270AB5EEC00A11
:10D9F000F1EE10FAEFDD002BBEBF4FF4000040FA4D
:10DA000002F29B1823EA0103E5E7B1F1FF4FE4D3EB
:10DA100030EE000A70470023DDE700BFCAF249710B
:10DA2000000080BFFFFF7F00F8B500BFF8BC08BC56
:10DA30009E467047F8B500BFF8BC08BC9E467047CC
:10DA400024DC04086111020800000000000000004E
:10DA500000140000000000000000000084E704083B
:10DA6000B94802080000000000000000001000009B
:10DA7000000000000000000058EB0408F56F0208E9
:10DA8000000000000000000000180000000000007E
:10DA9000000000004CF00408258702080000000088
:10DAA000000000000018000000000000000000005E
:10DAB00070F50408C9A70208020000000000000079
:10DAC0000018000000000000000000002B5052452C
:10DAD00043563D0000000000000000002B50325073
:10DAE0003D000000000000000000000000000000F9
:10DAF0000000000000000000000000004CF90408D5
:10DB000041E00208020000000000000000140000D4
:10DB1000000000000000000034FF0408613F03081B
:10DB200000000000000000000014000000000000E1
:10DB3000000000003406050895620408000000009B
:10DB40000000000080000000000000000000000055
:10DB500052533233325F3120706F727420726561BC
:10DB60006420717565727920736C617665206973C4
:10DB7000206E6F7420726573706F6E736520696EAE
:10DB80002032303030206D730D0A0000434F4D5F5E
:10DB900052533233325F3120506F7274206E6F7483
:10DBA0002056616C696461746520666F72205175DE
:10DBB00065727920753856616C69646174696F6E3D
:10DBC0003A25640D0A00000052533233325F31208F
:10DBD000706F7274207772697465207175657279DF
:10DBE00020736C617665206973206E6F7420726596
:10DBF00073706F6E736520696E2032303030206D27
:10DC0000730D0A00434F4D5F52533233325F312060
:10DC1000506F7274205772697465205175657279FE
:10DC20000D0A0000434F4D5F504F52545F52533224
:10DC300033325F315461736B0000000045787446E5
:10DC40006C6173685F7570646174655F4550524FB5
:10DC50004D5F47656E6572616C4D6F64656D5F45C4
:10DC6000433230305F70726573656E6365203A20B1
:10DC700025640D0A4C6F72615F4672657175656E41
:10DC800063793A2025750D0A4C6F72615F5370728B
:10DC9000656164696E675F466163746F723A2025DF
:10DCA000750D0A4C6F72615F42616E6477696474CE
:10DCB000683A2025750D0A4C6F72615F436F646589
:10DCC0005F526174653A2025750D0A4C6F72615F71
:10DCD000507265616D626C655F4C656E6774683A21
:10DCE0002025750D0A4C6F72615F54585F506F7735
:10DCF00065723A2025750D0A4C4F74615F4D73674C
:10DD0000496E74657276616C3A2025780D0A0000C0
:10DD1000457874466C6173685F526561645F455015
:10DD2000524F4D5F47656E6572616C3A4550524F78
:10DD30004D5F47656E6572616C2E636865636B62EB
:10DD40007974653A25642C2025640D0A00000000D2
:10DD500053747563742053697A65204368616E67F4
:10DD60006520435243206D69736D61746368203A86
:10DD70002025642C25642C25640D0A0073616D65D3
:10DD80002073697A652062757420435243206D695F
:10DD9000736D61746368203A2025642C25642C25FA
:10DDA000640D0A00312E302E30000000312E302E4E
:10DDB00031320000782E782E7800000078797A00D1
:10DDC0002B353A33300000003230332E38382E31C4
:10DDD00032382E313431000063696D636F6E00009C
:10DDE00063696D636F6E31323334350031323334F1
:10DDF00035363738000000004D6F64656D5F454370
:10DE00003230305F70726573656E6365203A20252D
:10DE1000640D0A4C6F72615F4672657175656E6361
:10DE2000793A2025750D0A4C6F72615F53707265E7
:10DE30006164696E675F466163746F723A2025752D
:10DE40000D0A4C6F72615F42616E64776964746839
:10DE50003A2025750D0A4C6F72615F436F64655FF0
:10DE6000526174653A2025750D0A4C6F72615F50DE
:10DE70007265616D626C655F4C656E6774683A20AF
:10DE800025750D0A4C6F72615F54585F506F77654E
:10DE9000723A2025750D0A4865785F566572736978
:10DEA0006F6E3A2025730D0A000000004578744615
:10DEB0006C6173685F526561645F4550524F4D5F9E
:10DEC00041495F43616C6962726174696F6E3A4582
:10DED00050524F4D5F41495F43616C69627261749A
:10DEE000696F6E2E636865636B627974653A256449
:10DEF0002C2025640D0A00004550524F4D5F4149CA
:10DF00005F43616C6962726174696F6E20537475EE
:10DF100063742053697A65204368616E67652043A6
:10DF20005243206D69736D61746368203A202564E3
:10DF30002C25642C25640D0A000000004550524F2A
:10DF40004D5F41495F43616C6962726174696F6ED4
:10DF50002073616D652073697A6520627574204352
:10DF60005243206D69736D61746368203A202564A3
:10DF70002C25642C25640D0A0000000045787446A9
:10DF80006C6173685F526561645F4550524F4D5FCD
:10DF90005363686564756C653A636865636B627941
:10DFA00074652064656661756C740D0A000000007C
:10DFB000457874466C6173685F526561645F455073
:10DFC000524F4D5F5363686564756C653A205374B6
:10DFD0007563742053697A65204368616E676520B4
:10DFE000435243206D69736D617463683A20256400
:10DFF0002C2025642C2025640D0A000045787446E9
:10E000006C6173685F526561645F4550524F4D5F4C
:10E010005363686564756C653A73697A65207361EA
:10E020006D652062757420435243206D6974636886
:10E030006D617463683A2025642C2025642C2025AA
:10E04000640D0A00457874466C6173685F526561BF
:10E05000645F4550524F4D5F44796E633A63686523
:10E06000636B627974652064656661756C740D0A12
:10E0700000000000457874466C6173685F5265610A
:10E08000645F4550524F4D5F44796E633A2053743C
:10E090007563742053697A65204368616E676520F3
:10E0A000435243206D69736D617463683A2025643F
:10E0B0002C2025642C2025640D0A00004578744628
:10E0C0006C6173685F526561645F4550524F4D5F8C
:10E0D00044796E633A73697A652073616D65206275
:10E0E000757420435243206D697463686D61746375
:10E0F000683A2025642C2025642C2025640D0A0014
:10E100005265626F6F7420436F756E742025640DC5
:10E110000A000000457874466C6173685F5265615F
:10E12000645F4550524F4D5F4D6F646275735F5130
:10E13000756172795F44657461696C2063686563B9
:10E140006B62797465732064656661756C740D0A21
:10E1500000000000457874466C6173685F52656129
:10E16000645F4550524F4D5F4D6F646275735F51F0
:10E17000756172795F44657461696C5F31205374B5
:10E180007563742073697A6520435243206D697307
:10E190006D6174636865643A2025642C2025642CC5
:10E1A0002025640D0A000000457874466C61736890
:10E1B0005F526561645F4550524F4D5F4D6F6462C1
:10E1C00075735F51756172795F44657461696C5FE5
:10E1D000323A2073616D652073697A65204352433A
:10E1E000206D69736D6174636865643A2025642CE1
:10E1F0002025642C2025640D0A0000004578744613
:10E200006C6173685F526561645F4550524F4D5F4A
:10E21000504342504C435F47454E4552414C5F523C
:10E220004547203A20436865636B627974652064D2
:10E23000656661756C740D0A0000000045787446CF
:10E240006C6173685F526561645F4550524F4D5F0A
:10E25000504342504C435F47454E4552414C5F52FC
:10E2600045475F313A2053747563742073697A654A
:10E2700020435243206D69736D6174636865643A2D
:10E280002025642C2025642C2025640D0A00000024
:10E29000457874466C6173685F526561645F455090
:10E2A000524F4D5F504342504C435F47454E45529D
:10E2B000414C5F5245475F323A2073616D65207370
:10E2C000697A6520435243206D69736D6174636898
:10E2D00065643A2025642C2025642C2025640D0AD1
:10E2E00000000000457874466C6173685F52656198
:10E2F000645F4550524F4D5F4672657175656E742F
:10E300003A4550524F4D5F4672657175656E742E79
:10E31000636865636B627974653A25642C202564B3
:10E320000D0A0000457874466C6173685F52656140
:10E33000645F67506C63526563466C617368203A32
:10E3400020436865636B62797465206465666175F6
:10E350006C740D0A00000000457874466C617368A7
:10E360005F526561645F4F54415F44617461203A5C
:10E3700020436865636B62797465206465666175C6
:10E380006C740D0A00000000434D4400434D44539B
:10E390007461746500000000434D44547970650059
:10E3A0005254554944000000485756657273696FCE
:10E3B0006E000000504C4356657273696F6E00002A
:10E3C00052454356657273696F6E00004865785612
:10E3D000657273696F6E0000436C69656E744944C1
:10E3E000000000005265616465724944000000004D
:10E3F00050726F6A656374436F6465005369746536
:10E400004E616D650000000054696D657A6F6E6540
:10E410000000000054696D657A6F6E655F7369670F
:10E420006E00000054696D657A6F6E655F686F7588
:10E430007273000054696D657A6F6E655F6D696E09
:10E4400075746573000000004C61747469747564C0
:10E45000650000004C6F6E676974756465000000AC
:10E46000546F74616C444900546F74616C444F0084
:10E47000546F74616C4149004149000069640000B7
:10E480007479706500000000734C6F770000000025
:10E49000734869676800000043616C5A000000001F
:10E4A00043616C5300000000456E61626C650000C2
:10E4B00050726F746F636F6C000000004D61737475
:10E4C00065720000506F72744944000042617564C7
:10E4D0005261746500000000506F6C6C467265718B
:10E4E0000000000052533233325F310043656C6CE0
:10E4F000496E7465726661636500000041504E00AC
:10E500004D51545442726F6B6572495000000000C7
:10E510004D51545442726F6B6572506F72740000AB
:10E520004D515454436C69656E7449640000000099
:10E530004D515454557365724E616D650000000075
:10E540004D515454505744004D51545450756254D9
:10E550006F706963000000004D515454537562544C
:10E560006F706963000000004D5154544C6976652A
:10E5700046726571000000004D515454436F6E6E39
:10E58000656374696F6E4D6F6465000053697A65E9
:10E5900000000000444400004D4D000059590000A7
:10E5A0004D4E0000535300006C6F6772617465003C
:10E5B000444F4D6F64650000444F56616C756500B3
:10E5C000546F74616C53636800000000546F746191
:10E5D0006C4672616D65000043757272656E7446BB
:10E5E00072616D65000000005363686564756C6559
:10E5F00000000000536368494400000053746172D6
:10E600007448480053746172744D696E00000000D4
:10E6100053746F704848000053746F704D696E00FA
:10E62000546F74616C51756572790000546F746138
:10E630006C506172610000005265747279436F75AD
:10E640006E7400004D6F6462757351756572790068
:10E6500051756572794944004D6173746572506FEC
:10E660007274494400000000536C617665494400AF
:10E670005374617274416464000000004C656E67FD
:10E6800074680000517565727954797065000000F6
:10E690004461746154797065000000004C6F524110
:10E6A0002064426D3A0000004C6F524120436F6D70
:10E6B0003A000000496E204F544100004552524F2D
:10E6C0005200000042617420253A00005056205646
:10E6D0006F3A000056616C76653A2031323334353A
:10E6E000363738005374617475733A0046523120DE
:10E6F0004C2F533A00000000544631206D33203A2D
:10E7000000000000465232204C2F533A0000000017
:10E71000544632206D33203A00000000533120422D
:10E7200061723A005332204261723A0047534D20E1
:10E730005369676E616C3A004C6F5241204E6F64B2
:10E7400065733A0025642F256400000020202050C6
:10E75000524F44554354494F4E20202000000000A2
:10E7600020204B4559204E4F5420505245535320A2
:10E770002000000020204B45592050524553532083
:10E78000000000004449444F5461736B00000000D6
:10E790004F726967696E202564206E6F74207375EF
:10E7A00070706F7274656420696E206A705F667342
:10E7B00065656B20286F6E6C79205345454B5F4330
:10E7C00055522C5345454B5F534554290A000000D0
:10E7D00045514C20666F6C6C6F77656420627920C0
:10E7E000756E657870656374656420627974652000
:10E7F0002530327820253032780A0000456E6420BA
:10E800006F662053747265616D0D0A0065787446F9
:10E810006C6173685772697465206C6573732074DA
:10E8200068616E206120736563746F722073697A0A
:10E83000650D0A00536F757263652066696C65200B
:10E8400073697A6520697320256C640A00000000F2
:10E850004E6F77206D61782066696C652073697AE8
:10E860006520697320256C640A00000045514C2026
:10E870006C656E67746820696E76616C69640A0005
:10E88000506F736974696F6E73206172652C2073A9
:10E890006F757263653D256C642070617463683DBB
:10E8A000256C64206E65773D256C640A00000000CD
:10E8B00066726561642072657475726E6564202588
:10E8C000642C2062757420657870656374656420BB
:10E8D0006368617261637465720A0000424B542080
:10E8E0006C656E67746820696E76616C69640A0095
:10E8F00044454C206C656E67746820696E76616C67
:10E9000069640A002C00000022000000415400004D
:10E910002B4346554E3D312C310000000D0A0000BE
:10E920002B515245534554002B5153434C4B3D31D1
:10E930000000000045300000453100002B434D45EC
:10E94000453D31002B434C43433D31002B43474D64
:10E95000490000002B43474D4D0000002B43475317
:10E960004E0000002B43474D520000002B43524500
:10E97000473D31002B435245473F00002B43475250
:10E9800045473F002B4346554E3D000031000000F7
:10E990002B4350494E3F00002B43535100000000D1
:10E9A0002B434E554D0000002B43495053485554BE
:10E9B000000000002B43474143543D302C31000000
:10E9C0002B43474143543D312C3100002B434741F9
:10E9D00043543F002B43474154543D300000000056
:10E9E0002B43474154543D31000000002B43474125
:10E9F00054543F002B434744434F4E543D000000C6
:10EA00002C224950220000002B43475041444452DD
:10EA10003D3100002B515057524241434B4F464627
:10EA20003D2247534D393030222C2C313700000025
:10EA30002B514D544346473D22726563762F6D6FCF
:10EA4000646522002B514D544F50454E3D0000004F
:10EA50002B514D544F50454E3F0000002B514D540B
:10EA6000434C4F53453D00002B514D54434F4E4EA8
:10EA70003D0000002B514D54434F4E4E3F000000CF
:10EA80002B514D54444953433D0000002B514D54EC
:10EA90005355423D000000002B514D545055424506
:10EAA000583D00002B514750533F00002B51475019
:10EAB000533D31002B514750534C4F433D320000E2
:10EAC0002B51475053474E4D45413D22524D432215
:10EAD000000000002B51475053454E4400000000F9
:10EAE0002B51464C53543D2253443A22000000001F
:10EAF000506572666F726D6564204D6F64656D2040
:10EB00005265626F6F740000537461747573204EA8
:10EB1000572C20474143542C20525353492C205208
:10EB2000436E74204C6174204C6F6E672025642006
:10EB300025642025642025642025662025660D0A8D
:10EB4000000000005475726E696E672047505320B4
:10EB50004F4E0D0A000000004543323030555461DD
:10EB6000736B00004261636B6C6967687454696D14
:10EB700065720000252E2A66200000004D583235AF
:10EB80004C20515049206D6F646520656E61626C48
:10EB900065640D0A000000004661696C65642074BC
:10EBA0006F2072656164204D5832354C2049440D08
:10EBB0000A0000004D5832354C2049443A20253097
:10EBC0003258202530325820253032580D0A0000A6
:10EBD0005761726E696E673A20556E65787065632D
:10EBE000746564204D5832354C20646576696365E0
:10EBF0002049440D0A0000004D5832354C20696E02
:10EC0000697469616C697A6174696F6E20636F6D94
:10EC1000706C6574650D0A0053656E6454696D65AA
:10EC2000722045787069726564210D0A0000000049
:10EC300022646576534E223A2200000044657669CC
:10EC4000636520534E3A2025730D0A0022646174D7
:10EC500061223A2200000000486578204461746116
:10EC60003A2025730D0A000053657474696E67209D
:10EC700073656E642074696D657220746F202564FD
:10EC8000207365630D0A000053656E6454696D65F9
:10EC9000720000004661696C656420746F206372C5
:10ECA000656174652053656E6454696D6572210DEC
:10ECB0000A00000052656164204461746120436F62
:10ECC0006D6D616E642054696D6572004661696C9A
:10ECD000656420746F20637265617465205265619C
:10ECE00064206461746120636F6D6D616E64205493
:10ECF000696D6572210D0A006D6F64656D5F4D5120
:10ED000054545F646973636F6E6E6563743A25640F
:10ED10000D0A000076312F646576696365732F25CF
:10ED2000642F25642F2564006D6F64656D5F6D61D0
:10ED30006B655F6D717474436F6E6E656374696F3C
:10ED40006E204950203A25732C20436C69656E74FF
:10ED500049443A2025730D0A000000004D515454D7
:10ED600020636F6E6E656374206D7367202073651A
:10ED70006E74207375636365737366756C6C79204C
:10ED8000627574206E6F7420636F6E6E656374209D
:10ED9000746F2062726F6B65723A25640D0A000011
:10EDA0004D51545420636F6E6E656374206D7367AC
:10EDB000206E6F742073656E742073756363657362
:10EDC0007366756C6C793A25640D0A004D51545484
:10EDD000206E6F74206765742073656D6170686F55
:10EDE0007265206166746572204C5747534D5F43CE
:10EDF0004D445F4D5154545F514D54434F4E4E5FFF
:10EE00005345540D0A0000004D515454206E6F7448
:10EE1000206F70656E207375636365737366756CC0
:10EE20006C793A25640D0A004D515454206E6F746C
:10EE3000206765742073656D6170686F726520610D
:10EE400066746572204C5747534D5F434D445F4D88
:10EE50005154545F514D544F50454E0D0A0000001F
:10EE60004D515454206E6F74206765742073656D26
:10EE70006170686F7265206166746572204C5747D7
:10EE8000534D5F434D445F4D5154545F514D544376
:10EE900046475F524543565F4D4F44455F53455487
:10EEA0000D0A00004D515454206D6F64656D5F6D07
:10EEB000616B655F6D717474436F6E6E65637469C9
:10EEC0006F6E207265733A25640D0A004D515454DB
:10EED000206D6F64656D5F4D5154545F4368656389
:10EEE0006B207265733A25640D0A00004D5154542D
:10EEF0002073656D6170686F7265206E6F7420722B
:10EF0000656C65617365206166746572204C574756
:10EF1000534D5F434D445F4D5154545F514D5453D5
:10EF200055425F5345540D0A000000004D515454A2
:10EF3000206D6F64656D5F4D5154547375627363DA
:10EF400072696265207265733A25640D0A000000DB
:10EF500076312F646576696365732F526573706FC0
:10EF60006E7365004D515454206D6F64656D5F4D37
:10EF70005154545F7075626C697368202276312F2A
:10EF8000646576696365732F526573706F6E736520
:10EF9000220D0A0076312F646576696365732F6DE3
:10EFA000652F6C6F726100004D515454206D6F6479
:10EFB000656D5F4D5154545F7075626C6973682064
:10EFC0002276312F646576696365732F6D652F6CCA
:10EFD0006F7261220D0A0000666C61675F6D6F647D
:10EFE000656D5F4D5154545F5265636F6E6E65631E
:10EFF000743A25640D0A000076312F646F776E6CC9
:10F00000696E6B2F2573000076312F646F776E6CFD
:10F01000696E6B2F46464646464646464646464637
:10F02000464646460000000076312F4C6F52416440
:10F03000656C74614F54412F2573000076312F4C5D
:10F040006F524164656C74614F5441004D6F64654B
:10F050006D5F4D5154545461736B00004368756E7D
:10F060006B5F6E6F0000000041434B00636C69658D
:10F070006E745F696400000067726F75705F696429
:10F08000000000007274755F696400007665726943
:10F0900066795F4F54415F4352433A2030782530C0
:10F0A00032780D0A0000000073657373696F6E4952
:10F0B0006400000046696C655479706500000000CA
:10F0C00067774944000000004F54417374617475C0
:10F0D00073000000546F74616C4368756E6B0000C0
:10F0E00043757272656E744368756E6B0000000044
:10F0F0004F54416E6F64657300000000667756657B
:10F100007200000041434B2054696D6572204578C0
:10F1100070697265640000004F54412054696D6548
:10F120007220457870697265640D0A0041636B5402
:10F13000696D6572000000004661696C6564207449
:10F140006F206372656174652041434B2074696D63
:10F150006572210A000000006F746154696D657268
:10F16000000000004661696C656420746F20637262
:10F1700065617465204F54412074696D6572210A80
:10F18000000000004154450041545A002B534E3DAD
:10F190003F0000002B5645523D3F00002B48574D85
:10F1A0004F44454C3D3F00002B485749443D3F00EC
:10F1B0002B424155443D3F002B434C4153533D3F6F
:10F1C000000000002B4247573D3F00002B42414EBC
:10F1D000443D3F002B42414E443D00002B4E574DD5
:10F1E0003D3000002B4E574D3D3F00002B5032501C
:10F1F0003D3F00002B5053454E443D002B434144BE
:10F200003D3100002B454E4352593D002B454E43A6
:10F210004B45593D30313032303330343035303673
:10F2200030373038303130323033303430353036BA
:10F2300030373038000000002B4352595049563DBA
:10F240003030313132323333343435353636373786
:10F250003030313132323333343435353636373776
:10F260000000000025753A25753A25753A25753A4E
:10F2700025753A2575000000363535333400000019
:10F2800053656E64696E67205054204556454E5450
:10F290000D0A00004445333100000000444531317F
:10F2A0000000000041433146303930350000000095
:10F2B00025303258000000004D617820726574726C
:10F2C000696573207265616368656420666F72208A
:10F2D000646F776E6C696E6B000000004E6F206D7E
:10F2E00073672066726F6D204E6F64652025732CE6
:10F2F0002073696E636520616E20686F757200000F
:10F300004E6F772C20746F74616C20636F6E6E6526
:10F3100063746564206E6F6465733A2025640D0A1A
:10F32000000000003031313030303636303030437C
:10F33000313800002020202020204D4F444520203F
:10F34000202020200000000045726173696E672054
:10F35000333130302044656C746120736563746FA1
:10F360007220616464726573733A20253078200DD1
:10F370000A000000333130302044656C746120573E
:10F380007269746520616464726573733A20253014
:10F3900078200D0A0000000044656C74612043521F
:10F3A00043206D69736D617463682E205265626FCE
:10F3B0006F74696E672E2E2E2E0D0A0052756E6EBA
:10F3C000696E672076657273696F6E2025640D0A19
:10F3D0000000000046756C6C204F54412066696C3B
:10F3E00065207375636365737366756C6C792063F0
:10F3F0007265617465642066726F6D2044656C741B
:10F40000610D0A005461726765742046696C65205D
:10F4100076657269666965642C206E6F7720636F0C
:10F420007079696E670D0A0046756C6C204F544107
:10F430002046696C652076657269666965642E2070
:10F440005265626F6F74696E672E2E2E2E0D0A0044
:10F45000435243206D69736D617463682061667403
:10F46000657220636F70792E205265626F6F7469C8
:10F470006E672E2E2E2E0D0A00000000436F70794D
:10F480002074617267657420746F20736F75726386
:10F4900065204641494C45442E205265626F6F7489
:10F4A000696E672E2E2E2E0D0A00000054617267C1
:10F4B000657420435243206661696C65642E205256
:10F4C00065626F6F74696E672E2E2E2E0D0A000016
:10F4D0004552524F523A2046756C6C204F54412091
:10F4E00046696C65204E4F54206372656174656493
:10F4F0000D0A00004F5441206E6F7420666F722019
:10F5000063757272656E74205665722C206F72205E
:10F5100046756C6C2066696C65206E6F7420617630
:10F5200061696C61626C6520736B697070696E678C
:10F530000D0A000057726F6E672044656C7461207D
:10F540004F54412073746174650D0A0054696D65F0
:10F5500020746F20706572666F726D2044656C74E4
:10F5600061204F54410000004D2E42494E000000E2
:10F570004C6F72615461736B000000005B25303288
:10F58000642D253032642D253032642000000000C7
:10F590005B253032643A253032643A253032645D7E
:10F5A0000D0A00004E4F54205245414459000000BE
:10F5B0004E4F5420494E53455254454400000000DC
:10F5C00053494D2050494E0053494D2050554B0052
:10F5D0002253443A000000004143314630390000D4
:10F5E000546F74616C206E6F64657320636F6E6E10
:10F5F00065637465643A2025640D0A004F4B0D0A5B
:10F600000000000053454E44204F4B0D0A000000FF
:10F610002B434D45204552524F5200002B434D5332
:10F62000204552524F5200004552524F520D0A008F
:10F630004641494C0D0A000041545F504152414D32
:10F640005F4552524F52000041545F425553595F3B
:10F650004552524F520000002B434752454700008D
:10F660002B4350494E0000002B43474154540000A7
:10F670002B434744434F4E54000000002B43474167
:10F68000435400002B4347504144445200000000C3
:10F690002B514D544F50454E000000002B514D54FE
:10F6A000434C4F53450000002B514D54434F4E4E99
:10F6B000000000002B514D5444495343000000000A
:10F6C0002B514D54535542002B514D54554E530020
:10F6D0002B514D5450554245580000002B514D546C
:10F6E00053544154000000002B514D545245435691
:10F6F000000000002B514D5450494E4700000000BF
:10F700002B51464C535400002B514750534C4F4300
:10F71000000000002B514750530000002B45565469
:10F720003A545850325000002B4556543A525850D3
:10F7300032503A00446F776E6C696E6B2041434BD8
:10F74000205278640D0A00005374617274204F5483
:10F75000412041434B205278642066726F6D200037
:10F760004F54412046696E6973682041434B2052D3
:10F7700078642066726F6D20000000004F544120B5
:10F780004E41434B205278642066726F6D2000001A
:10F7900057696C6C20707573682025646E642063F3
:10F7A00068756E6B20616761696E0D0A000000006C
:10F7B000446F776E6C696E6B2041434B20456E74CD
:10F7C0007279206E6F74206D6174636865640D0AD0
:10F7D00000000000496E76616C6964204352430D5D
:10F7E0000A00000054433A2025642C2049443A2062
:10F7F00025642C2052655665723A2025642C2043DE
:10F8000072633A2025640D0A0000000052786420DB
:10F810006368756E6B4E6F3A2025750D0A00000007
:10F82000496E76616C6964206368756E6B20696EE1
:10F83000204C6F5241204F54412044574E4C440DB0
:10F840000A000000496E76616C6964206368756E19
:10F850006B0D0A004F54412064617461206F757410
:10F86000206F6620626F756E640D0A00496E7661C6
:10F870006C69642073657373696F6E2049442064FA
:10F880007572696E67204C6F5241204F544120447D
:10F89000574E4C440D0A00004368756E6B3A2025A4
:10F8A000752C2053697A653A2025752C20496E64A1
:10F8B00065783A2025750D0A00000000496E7661D2
:10F8C0006C69642043524320696E204C6F52412082
:10F8D0004F54412046696E697368206D73670D0A45
:10F8E0000000000054696D65722063616E2774200A
:10F8F00062652073746F70706564000041434B2033
:10F90000726563656976656420257520257500003C
:10F9100041542B524543563D0000000041542B56A4
:10F9200045523D0041542B534E3D000041542B4E57
:10F93000574D3D0041542B5032503D0053485554D3
:10F94000204F4B0D0A00000041542B0052785269A1
:10F950006E6750726F636573735461736B00000060
:10F96000EFBBBF0022220000752530347800000074
:10F970006E756C6C0000000066616C7365000000C1
:10F98000747275650000000025322E336600000099
:10F99000256500004368756E6B5F53697A650000EA
:10F9A00046696C6553697A65000000004352430064
:10F9B0004F54417075736854696D6500666F725677
:10F9C0006572000044656C746153697A65000000DB
:10F9D00044656C7461435243000000004368756ED7
:10F9E0006B5F446174610000434D44202564204EE8
:10F9F0006F742072656164206F722077726974651C
:10FA000020636F6D6D616E642072656365697665F4
:10FA10006400000041436B206F6620636F6D6D6171
:10FA20006E64202564204E6F742063726561746576
:10FA30002073756363657373200000004E756D62FB
:10FA40006572206F66204149203A2564000000005D
:10FA50004E756D626572206F6620536368656475CC
:10FA60006C65203A25640000526561644672616DE0
:10FA7000654944004E756D626572206F66204D6F5A
:10FA800064627573205175617279203A25640000B3
:10FA9000434D44207374617465202564204E6F7457
:10FAA0002072656164206F722077726974652063CB
:10FAB0006F6D6D616E642072656365697665640063
:10FAC000434D44207374617465202564206E6F7407
:10FAD000206C6973746564200000000044657669D9
:10FAE000636549440000000048575F5665727369BA
:10FAF0006F6E0000546573745265717565737400A0
:10FB000041495F4368616E6E656C000041495F5416
:10FB10007970650041495F506F696E7400000000A4
:10FB200041495F56616C7565000000006375727233
:10FB3000656E745F636D64202564206E6F74204F62
:10FB4000544120616E6420436F6E66696720000037
:10FB500072657175657374007365745F646F5F6B54
:10FB600065795F73746174757300000072657175F7
:10FB70006573745F706172616D65746572730000A6
:10FB8000646F5F6B65795F646174610070696E2D8D
:10FB90006E6F000076616C75650000007365745FC0
:10FBA0007661726961626C6500000000766172695D
:10FBB00061626C655F64617461000000646174611E
:10FBC0002D6E6F007365745F7363686564756C6533
:10FBD000000000007363686564756C655F6E756D29
:10FBE00000000000656E61626C65000073746172F4
:10FBF000745F686F7572000073746172745F6D6911
:10FC00006E7574650000000073746F705F686F75C7
:10FC10007200000073746F705F6D696E75746500BB
:10FC20006765745F7363686564756C6500000000E8
:10FC30006765745F6D6F646500000000616C6C0047
:10FC40007365745F6D6F64650000000070636270BF
:10FC50006C635F6D6F646500736F66745F7265627D
:10FC60006F6F74007265626F6F745F76616C75653B
:10FC700000000000617374726F5F6F666673657475
:10FC8000000000006F66667365745F76616C756571
:10FC900000000000646576534E00000064617461EA
:10FCA000000000007273736900000000736E720040
:10FCB0004672657175656E637900000053460000F9
:10FCC0004368616E6E656C4E6F000000736C6F74FC
:10FCD0004E6F000046575F56657273696F6E000085
:10FCE0004C6F72614465764555490000525332337A
:10FCF000325F434F4D3100002530345825303458A1
:10FD0000253034582530345825303458253034586F
:10FD10000000000053545F49440000007265626FA8
:10FD20006F74436F756E74004241545F4641554C89
:10FD3000540000004241545F434847004241545F31
:10FD400046554C4C000000004241545F555345005D
:10FD5000256425642564256425642564256425645B
:10FD6000256425642564256425642564256425644B
:10FD7000256425642564256425640000444F52658C
:10FD800073756C7400000000256425642564256487
:10FD9000000000004449526573756C740000000057
:10FDA0004C4F5241506879736963616C5F53746161
:10FDB000746500004C4F52415F4A4F494E5F537487
:10FDC000617465004C4F52415F525353490000002B
:10FDD000466C6173685F5374617465004C43445FA3
:10FDE0004932435F53746174650000006C6174694B
:10FDF00074756465000000006C6F6E6769747564EB
:10FE0000650000003447506879736963616C5F5323
:10FE10007461746500000000344753494D5F5374AA
:10FE20006174650034475265675F5374617465009F
:10FE30003447496E7465726E65745F53746174659E
:10FE400000000000344752535349000034474D51DD
:10FE500054545F53746174650000000034474C547F
:10FE6000455F56657273696F6E000000494D4549E4
:10FE700000000000506F7765725F436F6E74726FA1
:10FE80006C000000554152540000000053444341AF
:10FE90005244000041495F43616C5F5661756C6577
:10FEA000000000004A4A4D4844503B000D0A2E2EE7
:10FEB0002E2E2E2E2E2E2E2E2E2E2E2E2E2E2E2E62
:10FEC0002E2E2E2E2E2E535441525420434F444555
:10FED000204558435554494F4E2E2E2E2E2E2E2E51
:10FEE0002E2E2E2E2E2E2E2E2E2E2E2E2E2E2E2E32
:10FEF0002E2E0D0A000000004865785F566572736B
:10FF0000696F6E3A2025730D0A00000043494D4386
:10FF10004F4E20534F465457415245200000000099
:10FF2000202020204C5254553331303020202020C6
:10FF30000000000064656661756C745461736B0049
:10FF4000536574204750532053746174650D0A0043
:10FF50005475726E696E6720475053204F46460DA8
:10FF60000A00000041434B3D4F4B0000457874466A
:10FF70006C6173685F526561645F52756E74696D20
:10FF800065506172610D0A002531642C2531642CA5
:10FF90002531642C253164442C25303264253032DF
:10FFA00064253032642C25303264253032642530AB
:10FFB00032642C00253032642C253032642C2564C8
:10FFC0002C000000253032582C253032582C0000EF
:10FFD00025332E3032662C0049444C450000000089
:10FFE000546D725100000000546D7220537663000E
:10FFF0005363686564756C6528256429206E6F7489
:020000040805ED
:1000000020616C6C6F77206D6F726520746861740D
:100010002025640D0A00000046756E633A257320A2
:1000200065786563757465640A0000000A25730AC3
:100030000000000045786563757465642025730AC7
:1000400000000000212121212020414C41524D205F
:1000500020212121210000002564000025332E32BB
:100060006600000025362E32660000002046756EC0
:100070006320506362506C635F416E616C6F675FB9
:100080006F75747075745F506C6320657865637507
:100090007465640D0A0000004572726F7220746FFF
:1000A00020777269746520696E2066696C65282501
:1000B00073290D0A000000004D5832354C5F52651F
:1000C0006164526177206572726F722061742025BD
:1000D000730D0A00526561642050565B25645D3DD6
:1000E00025332E32660D0A006269744E6F2825642E
:1000F0002920697320696E76616C69640D0A0000BD
:1001000073747231206973206E756C6C0D0A000077
:100110006D6178456D724E6F64652825642920698C
:1001200073206C657373207468616E207A65726FDA
:100130000D0A0000456D657267656E637920737402
:1001400065707320657865637574696F6E206E6F76
:100150007420737461727465640D0A00506C6320BE
:1001600066696C6528256429204C656E677468286B
:10017000256C64290D0A0000506572736F6E6E6500
:100180006C20436F6D707574657220426173656495
:100190002050726F6772616D6D61626C65204C6F8B
:1001A00067696320436F6E74726F6C6C65720000D8
:1001B000504342504C4320686561646572204E6F25
:1001C00074206D6174636800504243504C433A2080
:1001D0004D6178204E6F646573282564290D0A00EF
:1001E000504243504C433A204D617820536571751D
:1001F000656E6365204E6F6465282564290D0A00CD
:10020000504243504C433A204D617820446967691D
:1002100074616C204E6F646573282564290D0A0093
:10022000504243504C433A204D617820416E616CFE
:100230006F67204E6F646573282564290D0A0000DE
:100240004D656D6F727920616C6C6F636174696F5D
:100250006E206661696C656420666F72204D6178FE
:10026000204E6F646573282564290D0A0000000084
:100270004572726F7220617420706C6320646174C7
:10028000612D737472696E6720616C6C6F63617449
:10029000696F6E206661696C65640D0A000000007C
:1002A000535452494E473A25730D0A005043425069
:1002B0004C43204572726F722069282564292C20D6
:1002C0006D61785365714E6F6465282564290D0A48
:1002D000000000004D415820504C432056415249E7
:1002E00041424C45282564290D0A00004572726F71
:1002F000723A204D617820504C4320566172282577
:100300006429206E6F7420616C6C6F7765642C209B
:100310006F6E6C792035303020504C4320766172FE
:100320006961626C6520616C6C6F7765640D0A00B1
:10033000504C4320564152204E414D455F253032AE
:1003400064203A2025730D0A000000006928256406
:10035000292C206D6178506C6356617228256429C0
:100360000D0A0000504243504C433A2073657153CC
:10037000746172744E6F64653D25640D0A0000005F
:10038000504243504C433A206D6178456D724E6F38
:1003900064653D25640D0A00504342504C43204D96
:1003A000656D6F727920616C6C6F636174696F6EDB
:1003B000204572726F720D0A000000006928253016
:1003C0003264292C20286D61785365714E6F646505
:1003D0002B6D6178456D724E6F64652928256429FF
:1003E0000D0A0000456D72205374617274204E6FC7
:1003F00064653A2025640D0A000000005042435015
:100400004C433A206D6178496E744E6F64653D25AA
:10041000640D0A00504342504C43206D656D6F726D
:100420007920616C6C6F636174696F6E20457272C4
:100430006F720D0A00000000496E7465726C6F6384
:100440006B204E6F64652825303264293A2025736D
:100450000D0A000069282564292C20286D61785335
:1004600065714E6F64652B6D6178456D724E6F647A
:10047000652B6D6178496E744E6F6465292825641B
:10048000290D0A00696E7453746172744E6F64654D
:100490003A25640D0A000000504C432046494C4563
:1004A000205245414420454E440D0A0052454349DF
:1004B00050452046494C453A204C656E6774683D6E
:1004C000256C640D0A0000004D41582052454349F7
:1004D0005045205641523A2530326C640D0A0000D6
:1004E0005265636970652056617220496E64657853
:1004F0003A25303268642C200D0A0000506C635F8E
:10050000747970653A25642C200D0A005245435FCA
:10051000564152204E414D453A25732C0D0A00009C
:1005200056617231203D2025332E32662C205661D3
:100530007232203D2025332E32662C2056617233D4
:10054000203D2025332E32662C2056617234203D0A
:100550002025332E32662C2056617235203D202511
:10056000332E32660D0A000061697274656C677023
:1005700072732E636F6D0000696E7465726E6574C0
:100580000000000062736E6C737461746963000034
:1005900062736E6C6E65740062736E6C6C69766506
:1005A000000000006A696F6E6574000025642E25E6
:1005B000642E25642E256400616464723A202564EB
:1005C0002C2056616C75653A2025660D0A000000E6
:1005D00046756E633A257320657865637574656446
:1005E0000D0A0000436F756C64206E6F7420666F97
:1005F000756E6420504C43204C6F676963000000A7
:10060000736572766963652073746174652025640F
:100610000D0A000053746F72652067656E65726124
:100620006C20707572706F736520646174610D0A5F
:1006300000000000706C6354696D65725461736BE7
:100640000000000045787472616374696E67205021
:100650004C432066696C650D0A000000506C6320F5
:1006600046696C65204465636F6465204572726FEE
:10067000720D0A004D656D65726F20416C6C6F6381
:10068000206661696C65640D0A000000416C6C6F46
:1006900063204572726F720D0A00000000000000B6
:1006A0001F0000003B0000005A000000780000001E
:1006B00097000000B5000000D4000000F300000027
:1006C00011010000300100004E0100000405060089
:1006D0000102030030313233343536373839414284
:1006E00043444546000000000102030405060F10C4
:1006F0001F1C1F1E1F1E1F1F1E1F1E1F000000008D
:1007000001020304010203040607080901000200B4
:100710000400060008000A000C0010002000400041
:100720008000000108040204080101010101010325
:1007300007010000506362506C635F53657450564C
:10074000616C756500000000506362506C635F432C
:10075000686B5363686564756C6500005063625034
:100760006C635F536574444F000000005063625037
:100770006C635F53656E64416C61726D00000000D4
:10078000506362506C635F44756D6D7948616E644F
:100790006C657200506362506C635F444F5F4B65E1
:1007A000795F537461747573000000005063625088
:1007B0006C635F53656E64446174610050636250A2
:1007C0006C635F4275696C64536D73005063625073
:1007D0006C635F5365744D616E75616C4D6F6465DC
:1007E00000000000506362506C635F536574417594
:1007F000746F4D6F64650000506362506C635F738B
:100800007472696E6773706C697400005063625033
:100810006C635F737472696E737472696E670000E3
:10082000506362506C635F7374726D6964000000A2
:10083000506362506C635F61737369676E73747247
:10084000696E6700506362506C635F74657874749E
:100850006F76616C00000000506362506C635F490A
:10086000736E756D657269630000000050636250BD
:100870006C635F737472696E676C656E6774680031
:10088000506362506C635F506C634C6F6731300033
:10089000506362506C635F506C63537172740000FC
:1008A000506362506C635F506C634174616E000012
:1008B000506362506C635F506C6341636F73000000
:1008C000506362506C635F506C634173696E650086
:1008D000506362506C635F506C6354616E00000043
:1008E000506362506C635F506C6353696E650000C7
:1008F000506362506C635F506C63436F7300000021
:10090000506362506C635F506C636162736F6C75AF
:1009100074650000506362506C635F506C61795382
:100920006F756E6446696C6500000000506362502C
:100930006C635F4C6F61644D696D696346696C659A
:1009400000000000506362506C635F536574486937
:1009500054696D6572000000506362506C635F55AE
:10096000736572436C724269740000005063625098
:100970006C635F557365725365744269740000005F
:10098000506362506C635F5573657247657442696A
:1009900074000000506362506C635F4F7574506F59
:1009A00072744200506362506C635F496E506F72A4
:1009B00074420000506362506C635F4D616B65442C
:1009C00061746500506362506C635F4D616B655488
:1009D000696D6500506362506C635F436C65617262
:1009E000576169745374617465000000506362500C
:1009F0006C635F5365745472616E73005063625030
:100A00006C635F4765745472616E7300506362502B
:100A10006C635F52657365744379636C65000000B5
:100A2000506362506C635F52656C65617365416CC5
:100A30006C506C6354696D65727300005063625052
:100A40006C635F486F6C64416C6C506C6354696D8F
:100A500065727300506362506C635F476574506CDD
:100A60006354696D65720000506362506C635F4946
:100A70006E6974416C6C506C6354696D657273007F
:100A8000506362506C635F52656C65617365506C56
:100A90006354696D65720000506362506C635F4817
:100AA0006F6C64506C6354696D6572005063625082
:100AB0006C635F5265736574506C6354696D6572E5
:100AC00000000000506362506C635F506C63416CC7
:100AD00061726D446973706C61790000506362509B
:100AE0006C635F436F6E6669726D0000526561648E
:100AF00052656369706546696C65002E00494E4613
:100B000000696E66004E414E006E616E003000302E
:100B10003132333435363738394142434445460063
:100B20003031323334353637383961626364656663
:100B30000065256C64005245454E54206D616C6C17
:100B40006F6320737563636565646564002F627508
:100B5000696C642F676E752D746F6F6C732D666F83
:100B6000722D73746D33325F31332E332E72656C98
:100B7000312E32303234303932362D313731352F53
:100B80007372632F6E65776C69622F6E65776C691F
:100B9000622F6C6962632F74696D652F676D74696C
:100BA0006D652E63004300504F534958002C20665A
:100BB000756E6374696F6E3A200061737365727449
:100BC000696F6E2022257322206661696C65643A24
:100BD0002066696C6520222573222C206C696E6565
:100BE000202564257325730A00496E66696E697451
:100BF00079004E614E002F6275696C642F676E75C7
:100C00002D746F6F6C732D666F722D73746D33322C
:100C10005F31332E332E72656C312E3230323430E8
:100C20003932362D313731352F7372632F6E657738
:100C30006C69622F6E65776C69622F6C6962632FD5
:100C40007374646C69622F64746F612E6300426117
:100C50006C6C6F6320737563636565646564002FF6
:100C60006275696C642F676E752D746F6F6C732D70
:100C7000666F722D73746D33325F31332E332E7283
:100C8000656C312E32303234303932362D313731D5
:100C9000352F7372632F6E65776C69622F6E65777F
:100CA0006C69622F6C6962632F7374646C69622F64
:100CB0006764746F612D6765746865782E63002FB3
:100CC0006275696C642F676E752D746F6F6C732D10
:100CD000666F722D73746D33325F31332E332E7223
:100CE000656C312E32303234303932362D31373175
:100CF000352F7372632F6E65776C69622F6E65771F
:100D00006C69622F6C6962632F7374646C69622F03
:100D10006D707265632E6300232D302B2000686C8C
:100D20004C0065666745464700000000340000003F
:100D3000CEFBFFFFCB03000001000000000000001D
:100D400035000000CEFBFFFFCB03000001000000D8
:100D50000000000000000000BC89D897B2D29C3C83
:100D600033A7A8D523F649393DA7F444FD0FA53292
:100D70009D978CCF08BA5B25436FAC642806681139
:100D8000002020202020202020202828282828205B
:100D90002020202020202020202020202020202053
:100DA00020881010101010101010101010101010BB
:100DB00010040404040404040404041010101010AB
:100DC0001010414141414141010101010101010175
:100DD00001010101010101010101010110101010C7
:100DE0001010424242424242020202020202020247
:100DF000020202020202020202020202101010109B
:100E000020000000000000000000000000000000C2
:100E100000000000000000000000000000000000D2
:100E200000000000000000000000000000000000C2
:100E300000000000000000000000000000000000B2
:100E400000000000000000000000000000000000A2
:100E50000000000000000000000000000000000092
:100E60000000000000000000000000000000000082
:100E70000000000000000000000000000000000072
:100E80000000000005000000190000007D000000C7
:100E90000080E03779C34143176E05B5B5B8934676
:100EA000F5F93FE9034F384D321D30F94877825A42
:100EB0003CBF737FDD4F1575000000000000F03F60
:100EC0000000000000002440000000000000594025
:100ED0000000000000408F40000000000088C34078
:100EE00000000000006AF8400000000080842E41ED
:100EF00000000000D01263410000000084D7974139
:100F00000000000065CDCD41000000205FA002423E
:100F1000000000E876483742000000A2941A6D42B3
:100F2000000040E59C30A2420000901EC4BCD642A6
:100F300000003426F56B0C430080E03779C3414351
:100F400000A0D8855734764300C84E676DC1AB43C7
:100F5000003D9160E458E143408CB5781DAF1544E5
:100F600050EFE2D6E41A4B4492D54D06CFF08044C0
:100F7000F64AE1C7022DB544B49DD9794378EA44D5
:100F8000E2652F227F2B7A3C075C143326A6813C36
:100F9000BDCBF07A8807703C075C143326A6913CE1
:100FA0004FBB610567ACDD3F182D4454FB21E93F81
:100FB0009BF681D20B73EF3F182D4454FB21F93F70
:100FC000A2000000F9A2000083F9A2006E83F9A23A
:100FD0004E6E83F9444E6E8315444E6E2915444E71
:100FE000FC29154427FC29155727FC29D15727FC34
:100FF000F5D1572734F5D157DD34F5D1C0DD34F5BF
:10100000DBC0DD3462DBC0DD9562DBC0999562DB5D
:101010003C999562433C999590433C994190433C5F
:10102000000000000000F03F000000000000F0BFE2
:10103000000000000000F0BF000000000000F03FD2
:1010400083C8C96D305F6441182D4454FB21F93FBA
:10105000000000000000F03F1C620CFDFFFFDFBF3E
:10106000198F06E15355A53F9D359AE887C056BFB5
:10107000C3F87B024393F93E03A695595455C5BF67
:10108000C40B23057610813F24CF7437EB9429BF1E
:10109000000000000000F03F000000000000F0BF72
:1010A000000000000000F0BF000000000000F03F62
:1010B00083C8C96D305F6441182D4454FB21F93F4A
:1010C000000000000000F0BF1C620CFDFFFFDF3FCE
:1010D000198F06E15355A5BF9D359AE887C0563F45
:1010E000C3F87B024393F9BE03A695595455C5BF77
:1010F000C40B23057610813F24CF7437EB9429BFAE
:10110000FB21F93FFB2109407CD91240FB2119400A
:101110007A6A1F407CD92240BBFD2540FB21294033
:101120003A462C407A6A2F405C4731407CD93240A5
:101130009C6B3440BBFD3540DB8F3740FB21394091
:101140001BB43A403A463C405AD83D407A6A3F4048
:101150004C7E40405C4741406C1042407CD942404C
:101160008CA243409C6B4440AC344540BBFD4540A1
:10117000CBC64640DB8F4740EB584840FB214940F7
:1011800083F9A200444E6E00FC291500D1572700B8
:10119000DD34F50062DBC0003C99950041904300CE
:1011A0006351FE00BBDEAB00B761C5003A6E2400A0
:1011B000D24D42004906E00009EA2E001C92D100FF
:1011C000EB1DFE0029B11C00E83EA700F5358200AA
:1011D00044BB2E009CE98400B4267000417E5F0071
:1011E000D6913900538339009CF439008B5F840019
:1011F00028F9BD00F81F3B00DEFF97000F9805009F
:10120000112FEF000A5A8B006D1F6D00CF7E360044
:1012100009CB2700464FB7009E663F002DEA5F00CE
:10122000BA277500E5EBC7003D7BF100F7390700F1
:1012300092528A00FB6BEA001FB15F00085D8D00CF
:10124000300356007BFC4600F0AB6B0020BCCF00A7
:1012500036F49A00E3A91D005E619100081BE600C8
:1012600085996500A0145F008D40680080D8FF005C
:1012700027734D0006063100CA561500C9A8730031
:101280007BE260006B8CC000000FC93F000F49403B
:1012900000CB9640000FC9400053FB4000CB1641E5
:1012A00000ED2F41000F49410031624100537B4165
:1012B000003A8A4100CB9641005CA34100EDAF416A
:1012C000007EBC41000FC94100A0D5410031E24180
:1012D00000C2EE410053FB4100F20342003A0A42D1
:1012E0000083104200CB164200141D42005C2342D2
:1012F00000A5294200ED2F4200363642007E3C42D6
:1013000000C74242000F4942A2000000F90000005D
:10131000830000006E0000004E000000440000004A
:101320001500000029000000FC000000270000005C
:1013300057000000D1000000F5000000340000005C
:10134000DD000000C0000000DB00000062000000C3
:1013500095000000990000003C00000043000000E0
:101360009000000041000000FE000000510000005D
:1013700063000000AB000000DE000000BB000000C6
:10138000C500000061000000B7000000240000005C
:101390006E0000003A000000420000004D00000016
:1013A000D2000000E000000006000000490000003C
:1013B0002E000000EA00000009000000D10000003B
:1013C000920000001C000000FE0000001D00000054
:1013D000EB0000001C000000B1000000290000002C
:1013E000A70000003E000000E800000082000000AE
:1013F00035000000F50000002E000000BB000000DA
:101400004400000084000000E90000009C0000008F
:101410007000000026000000B40000005F00000023
:101420007E00000041000000390000009100000033
:10143000D6000000390000008300000053000000C7
:1014400039000000F40000009C000000840000004F
:101450005F0000008B000000BD000000F9000000EC
:10146000280000003B0000001F000000F800000002
:1014700097000000FF000000DE00000005000000F3
:10148000980000000F000000EF0000002F00000097
:10149000110000008B0000005A0000000A0000004C
:1014A0006D0000001F0000006D000000360000000D
:1014B0007E000000CF00000027000000CB000000ED
:1014C00009000000B70000004F00000046000000C7
:1014D0003F000000660000009E0000005F0000006A
:1014E000EA0000002D000000750000002700000049
:1014F000BA000000C7000000EB000000E50000009B
:10150000F10000007B0000003D000000070000002B
:1015100039000000F70000008A00000052000000BF
:1015200092000000EA0000006B000000FB000000D9
:101530005F000000B10000001F0000008D000000EF
:101540005D000000080000005600000003000000DD
:101550003000000046000000FC0000007B0000009E
:101560006B000000AB000000F0000000CF000000A6
:10157000BC000000200000009A000000F400000001
:10158000360000001D000000A9000000E30000007C
:1015900091000000610000005E000000E600000015
:1015A0001B0000000800000065000000990000001A
:1015B000850000005F00000014000000A000000093
:1015C00068000000400000008D000000FF000000E7
:1015D000D8000000800000004D00000073000000F3
:1015E0002700000031000000060000000600000097
:1015F0001500000056000000CA0000007300000043
:10160000A8000000C900000060000000E200000027
:101610007B000000C00000008C0000006B00000098
:101620000038FAFE422EE63F3067C79357F32E3D4F
:10163000010000000000E0BF5B3051555555D53F1B
:101640009045EBFFFFFFCFBF1101F124B399C93FD4
:101650009FC806E57555C5BF000000000000E0BF4B
:10166000775555555555D53FCBFDFFFFFFFFCFBFF4
:101670000CDD95999999C93FA74567555555C5BF43
:1016800030DE44A32449C23F653D42A4FFFFBFBFF3
:10169000CAD62A288471BC3FFF68B043EB99B9BF12
:1016A00085D0AFF78281B73FCD45D1751352B5BF15
:1016B0009FDEE0C3F034F73F0090E6797FCCD7BFE0
:1016C0001FE92C6A7813F73F00000DC2EE6FD7BFF9
:1016D000A0B5FA0860F2F63F00E05113E313D7BF5C
:1016E0007D8C131FA6D1F63F007828385BB8D6BF93
:1016F000D1B4C50B49B1F63F00788090555DD6BF97
:10170000BA0C2F334791F63F00001876D002D6BFAF
:10171000234222189F71F63F00909086CAA8D5BF39
:10172000D91EA5994F52F63F00500356434FD5BFDF
:10173000C4248FAA5633F63F00406BC337F6D4BF9C
:1017400014DC9D6BB314F63F0050A8FDA79DD4BFD9
:101750004C5CC65264F6F53F00A889399245D4BF67
:101760004F2C91B567D8F53F00B8B039F4EDD3BF31
:10177000DE905BCBBCBAF53F00708F44CE96D3BFF2
:10178000781AD9F2619DF53F00A0BD171E40D3BF66
:10179000875646125680F53F008046EFE2E9D2BFF9
:1017A000D36BE7CE9763F53F00E030381B94D2BF90
:1017B000937FA7E22547F53F0088DA8CC53ED2BF6C
:1017C00083450642FF2AF53F00902729E1E9D1BF72
:1017D000DFBDB2DB220FF53F00F8482B6D95D1BF7E
:1017E000D7DE34478FF3F43F00F8B99A6741D1BF91
:1017F0004028DECF43D8F43F0098EF94D0EDD0BF1F
:10180000C8A378C03EBDF43F0010DB18A59AD0BF36
:101810008A25E0C37FA2F43F00B86352E647D0BFF9
:101820003484D4240588F43F00F0864522EBCFBFF2
:101830000B2D191BCE6DF43F00B017754A47CFBF73
:10184000541839D3D953F43F0030103D44A4CEBFCF
:101850005A84B444273AF43F00B0E9440D02CEBFA5
:10186000FBF81541B520F43F00F07729A260CDBF09
:10187000B1F43EDA8207F43F0090950401C0CCBF7A
:101880008FFE575D8FEEF33F001089562920CCBFA5
:10189000E94C0BA0D9D5F33F0010818D1781CBBF48
:1018A0002BC110C060BDF33F00D0D3CCC9E2CABF8A
:1018B000B8DA752B24A5F33F0090122E4045CABF1D
:1018C00002D09FCD228DF33F00F01D6877A8C9BFDD
:1018D0001C7A84C55B75F33F003048696D0CC9BF45
:1018E000E236AD49CE5DF33F00C045A62071C8BFCA
:1018F00040D44D987946F33F003014B48FD6C7BF1B
:1019000024CBFFCE5C2FF33F0070623CB83CC7BFD6
:10191000490DA1757718F33F0060379B9AA3C6BFA6
:1019200090393E37C801F33F00A0B754310BC6BF12
:1019300041F895BB4EEBF23F003024767D73C5BF76
:10194000D1A919020AD5F23F0030C28F7BDCC4BF97
:101950002AFDB7A8F9BEF23F0000D2512C46C4BF01
:10196000AB1B0C7A1CA9F23F000083BC8AB0C3BF3A
:1019700030B514607293F23F0000496B991BC3BFEE
:10198000F5A15757FA7DF23F0040A4905487C2BF9B
:10199000BF3B1D9BB368F23F00A079F8B9F3C1BF0C
:1019A000BDF58F839D53F23F00A02C25C860C1BFB9
:1019B0003B08C9AAB73EF23F0020F7577FCEC0BF11
:1019C000B640A92B012AF23F00A0FE49DC3CC0BF73
:1019D0003241CC967915F23F00804BBCBD57BFBF5A
:1019E0009BFCD21D2001F23F004040960837BEBF4D
:1019F0000B484D49F4ECF13F0040F93E9817BDBF4C
:101A000069658F52F5D8F13F00A0D84E67F9BBBF8A
:101A10007C7E571123C5F13F00602F2079DCBABFCF
:101A2000E926CB747CB1F13F008028E7C3C0B9BF81
:101A3000B61A2C0C019EF13F00C072B346A6B8BF87
:101A4000BD70B67BB08AF13F0000ACB3018DB7BF6B
:101A5000B6BCEF258A77F13F00003845F174B6BF78
:101A6000DA314C358D64F13F0080876D0E5EB5BF75
:101A7000DD5F2790B951F13F00E0A1DE5C48B4BFC3
:101A80004CD232A40E3FF13F00A06A4DD933B3BF10
:101A9000DAF910728B2CF13F0060C5F87920B2BFE3
:101AA00031B5EC28301AF13F00206298460EB1BFE4
:101AB000AF3484DAFB07F13F0000D26A6CFAAFBFA3
:101AC000B36B4E0FEEF5F03F0040774A8DDAADBFB5
:101AD000CE9F2A5D06E4F03F000085E4ECBCABBF7E
:101AE00021A52C6344D2F03F00C0124089A1A9BFB8
:101AF0001A98E27CA7C0F03F00C002335888A7BF05
:101B0000D136C6832FAFF03F0080D6675E71A5BF88
:101B10003913A098DB9DF03F008065498A5CA3BF24
:101B2000DFE752AFAB8CF03F00401564E349A1BF43
:101B3000FB284E2F9F7BF03F0080EB82C0729EBF40
:101B4000198F358CB56AF03F00805252F1559ABF1B
:101B50002CF9ECA5EE59F03F008081CF623D96BF95
:101B6000902CD1CD4949F03F0000AA8CFB2892BFB0
:101B7000A9ADF0C6C638F03F0000F9207B318CBF1C
:101B8000A93279136528F03F0000AA5D351984BF9A
:101B90004873EA272418F03F0000ECC2031278BF14
:101BA00095B114060408F03F00002479090460BFD1
:101BB0001AFA26F71FE0EF3F00009084F3EF6F3F23
:101BC00074EA61C21CA1EF3F00003D3541DC873F54
:101BD0002E9981B01063EF3F0080C2C4A3CE933F23
:101BE000CDADEE3CF625EF3F00008914C19F9B3F31
:101BF000E7139103C8E9EE3F000011CED8B0A13F32
:101C0000ABB1CB7880AEEE3F00C001D05B8AA53F80
:101C10009B0C9DA21A74EE3F0080D840835CA93FC4
:101C2000B5990A83913AEE3F008057EF6A27AD3F9E
:101C3000569A6009E001EE3F00C098E59875B03F04
:101C400098BB77E501CAED3F00200DE3F553B23FA5
:101C500003917C0BF292ED3F0000388BDD2EB43FF8
:101C6000CE5CFB66AC5CED3F00C057875906B63FC3
:101C70009DDE5EAA2C27ED3F00006A3576DAB73F7D
:101C8000CD2C6B3E6EF2EC3F00601C4E43ABB93F77
:101C90000279A7A26DBEEC3F00600DBBC778BB3FC9
:101CA0006D08376D268BEC3F0020E7321343BD3FB4
:101CB00004585DBD9458EC3F0060DE71310ABF3FAF
:101CC0008C9FBB33B526EC3F0040912B1567C03F7E
:101CD0003FE7ECEE83F5EB3F00B092828547C13FD2
:101CE000C196DB75FDC4EB3F0030CACD6E26C23F06
:101CF000284A860C1E95EB3F0050C5A6D703C33F6C
:101D00002C3EEFC5E265EB3F0010333CC3DFC33F21
:101D10008B88C9674837EB3F00807A6B36BAC43F7F
:101D20004A301D214B09EB3F00F0D1283993C53FC4
:101D30007EEFF285E8DBEA3F00F01824CD6AC63F6B
:101D4000A23D60311DAFEA3F009066ECF840C73F0E
:101D5000A758D33FE682EA3F00F01AF5C015C83F06
:101D60008B7309EF4057EA3F0080F65429E9C83FDA
:101D7000274BAB902A2CEA3F0040F80236BBC93F04
:101D8000D1F29313A001EA3F00002C1CED8BCA3F57
:101D90001B3CDB249FD7E93F00D0015C515BCB3F6C
:101DA00090B1C70525AEE93F00C0BCCC6729CC3F48
:101DB0002FCE97F22E85E93F006048D535F6CC3F0F
:101DC000754BA4EEBA5CE93F00C04634BDC1CD3FBF
:101DD0003848E79DC634E93F00E0CFB8018CCE3FDC
:101DE000E652672F4F0DE93F009017C00955CF3FCE
:101DF0009DD7FF8E52E6E83F00B81F126C0ED03F11
:101E00007C00CC9FCEBFE83F00D0930EB871D03F8E
:101E10000EC3BEDAC099E83F0070869E6BD4D03FF7
:101E2000FB1723AA2774E83F00D04B338736D13FF6
:101E3000089AB3AC004FE83F004823670D98D13FA4
:101E4000553E65E8492AE83F0080CCE0FFF8D13FE5
:101E50006002F4950106E83F006863D75F59D23FFE
:101E600029A3E06325E2E73F00A8140930B9D23F77
:101E7000ADB5DC77B3BEE73F006043107218D33FC7
:101E8000C2259767AA9BE73F0018EC6D2677D33FE2
:101E9000570617F20779E73F0030AFFB4FD5D33F26
:101EA0000C13D6DBCA56E73F00E02FE3EE32D43FF7
:101EB00000000040FB21F93F000000002D44743E6B
:101EC000000000809846F83C0000006051CC783B50
:101ED00000000080831BF0390000004020257A3884
:101EE000000000802282E336000000001DF3693507
:101EF00002000000030000000400000006000000D3
:101F00000000C93F0000F0390000DA370000A233BA
:101F10000000842E0000502B0000C2270000D022B9
:101F20000000C41F0000C61B00004417040000008E
:081F3000070000000900000099
:081F3800A8E3FC7F010000009A
:041F4000C5020208CC
:041F4400A1020208EC
:101F480008001000200040004000400000400080D1
:101F58000010002000400080000100020004004042
:101F680000804000800000010002000100100258BB
:101F780000100258001002580010025800100258B1
:101F880000100258001002580010025800040258AD
:101F9800000402580004025800040258000C0258B9
:101FA800000C0258000C0258000C0258000C025891
:101FB8000008025800080258000802580008025891
:101FC80000000258385A00240010000000000000E9
:101FD800000000000000000000000000383A002463
:101FE80000100000000000000000000000000000D9
:101FF80000000000384A0024001000000000000023
:102008000000000000000000000000005559020810
:102018008559020825590208000000000000000048
:102028000000000076312F646576696365732F328E
:102038002F332F35000000000000000000000000D2
:102048000000000000000000000000000000000088
:102058000000000000000000000000000000000078
:102068000000000000000000000000000000000068
:102078000000000000000000000000000000000058
:1020880000000000000000003132000000000000E5
:102098000000000000000000000000000000000038
:1020A8000000000000000000000000000000000028
:1020B8000000000000000000000000000000000018
:1020C8000000000000000000000000000000000008
:1020D80000000000000000000000000000000000F8
:1020E8000000000000000000000000003132000085
:1020F80000000000000000000000000000000000D8
:1021080000000000000000000000000000000000C7
:1021180000000000000000000000000000000000B7
:1021280000000000000000000000000000000000A7
:102138000000000000000000000000000000000097
:102148000000000000000000000000000000000087
:1021580076312F646576696365732F312F312F319E
:102168000000000000000000000000000000000067
:102178000000000000000000000000000000000057
:102188000000000000000000000000000000000047
:102198000000000000000000000000000000000037
:1021A8000000000000000000000000000000000027
:1021B800000000005C0700003230332E38382E3122
:1021C80032382E31343100000000000000000000D9
:1021D80000000000000000000000000000000000F7
:1021E80000000000000000000000000000000000E7
:1021F80000000000000000000000000000000000D7
:1022080000000000000000000000000000000000C6
:1022180000000000000000000000000001000000B5
:102228000050EB00000020000050C9000000200012
:1022380000E00C0000002000010000000000000089
:102248002E44DD63000000001F1C1F1E1F1E1F1FE1
:102258001E1F1E1F6A696F6E657400000000000073
:102268000000000000000000000000000000000066
:102278000000011111000000816404089164040841
:10228800FD65040850726F64756374696F6E5F54FE
:1022980065737400000000000000000000000000EA
:1022A800000000005C0700003230332E38382E3131
:1022B80032382E31343100000000000000000000E8
:1022C80000000000000001FF0200000025FB0308D9
:1022D80029FC03080B00160021002C0037004200DF
:1022E8004D00580000000000000000000000000041
:1022F80000000000000000000000000000000000D6
:1023080000000000000000000000000000000000C5
:1023180000000000000000000000000000000000B5
:1023280000000000000000000000000000000000A5
:102338000000000000000000000000000000000095
:102348000000000000000000000000000000000085
:102358000000000000000000000000000000000075
:102368000000000000000000000000000000000065
:102378000000000000000000000000000000000055
:102388000000000000000000000000000000000045
:102398000000000000000000000000000090D003D2
:1023A8000090D0030A0000000A0000000A000000A4
:1023B8000A0000000A0000000100000010000000F0
:1023C800AAAAAAAAA5000408E5000408D1180408C6
:1023D80089190408BDFC0308011B0408951B04089F
:1023E80041010408C5010408210204087102040817
:1023F800950504081D1C0408610D04089D020408C5
:10240800051D04087D1D04081DFD03084DFD030876
:102418007DFD0308ADFD0308DDFD03080DFE03087F
:10242800E502040861030408D90304084D040408FC
:10243800BD040408E1040408050504082905040886
:102448004D05040871050408C90D0408490E04085F
:10245800C90E0408490F0408C90F040849100408E4
:10246800D1540408C910040871FE0308491104086E
:10247800F90A04081D0B0408F90A0408BD0B04082E
:10248800F90A0408410B0408F90A040841FE030884
:102498003D0D0408F5580408F90A0408C911040890
:1024A800A1070408850804089D12040829070408E0
:1024B800A5FC0308A5FC030825060408391404082C
:1024C80091FF0308A5FC0308A5FC0308A5FC030865
:1024D800A5FC0308A5FC0308A5FC030809150408C6
:1024E800BD0B040859FF0308CD090408250A040890
:1024F8008DFF03085D170408810A0408C5FF030857
:102508000201FF01FF01010020003200010100006B
:10251800000000000300000028FF0524430000001D
:1025280000000000000000000000000000000000A3
:102538000000000000000000000000004300000050
:102548000000000000000000000000000000000083
:102558000000000000000000000000004300000030
:102568000000000000000000000000000000000063
:102578000000000000000000000000004300000010
:102588000000000000000000000000000000000043
:1025980000000000000000000000000043000000F0
:1025A8000000000000000000000000000000000023
:1025B80000000000000000000000000043000000D0
:1025C8000000000000000000000000000000000003
:1025D80000000000000000000000000043000000B0
:1025E80000000000000000000000000000000000E3
:1025F8000000000000000000000000005FA50408C3
:10260800DB9B040800000000800D0508FB0A050894
:10261800E80B0508E80B0508E80B0508E80B0508B2
:10262800E80B0508E80B0508E80B0508E80B0508A2
:10263800E80B0508FFFFFFFFFFFFFFFFFFFFFFFF9E
:10264800FFFF00000100415343494900000000001A
:102658000000000000000000000000000000000072
:1026680000000000000041534349490000000000F9
:102678000000000000000000000000000000000052
:1026880000000000000000004C07002400000000CB
:1026980028FF052490FF0524F8FF0524000000000A
:1026A8000000000000000000000000000000000022
:1026B8000000000000000000000000000000000012
:1026C8000000000000000000000000000000000002
:0826D8000000000000000000FA
:0400000508036EC9B5
:00000001FF
